/* 自动生成 by img2c
 * 尺寸: 72 x 64
 * 帧数: 119
 * 帧率: 8 fps
 * 格式: vertical_lsb
 * 单帧字节数: 576
 * 总字节数: 68544
 */
#ifndef EEVEE2_H
#define EEVEE2_H

#include <stdint.h>

#define IMG2C_EEVEE2                   1	// 是否编译
#if IMG2C_EEVEE2

#define EEVEE2_WIDTH                  72	// 图像宽度(像素)
#define EEVEE2_HEIGHT                 64	// 图像高度(像素)
#define EEVEE2_FRAME_SIZE            576	// 单帧字节数
#define EEVEE2_FRAME_COUNT           119	// 帧数
#define EEVEE2_TOTAL_SIZE          68544	// 总字节数
#define EEVEE2_FPS                     8	// 播放帧率(fps)
#define EEVEE2_FRAME_MS              125	// 单帧间隔(毫秒)

static const uint8_t Eevee2_data[EEVEE2_FRAME_COUNT][EEVEE2_FRAME_SIZE] = {
  {
    0x9F,0x3F,0xFF,0xFF,0xFF,0xFF,0xFD,0xFD,0xFD,0xFF,0xFF,0xFF,0xFF,0x3F,0xDF,0x9F,
    0x3F,0xFF,0xFF,0xFF,0xFF,0xFD,0xFD,0x7D,0xFF,0xFF,0xFF,0xFF,0x3F,0x9F,0xDF,0x3F,
    0xFF,0xFF,0xFF,0xFF,0xFD,0xFD,0xFD,0xFF,0xFF,0xFF,0xFF,0xFF,0xFF,0xFF,0x3F,0xFF,
    0xFF,0xFF,0xFF,0xFD,0x7D,0x3D,0x3F,0xFF,0xFF,0xFF,0x3F,0xBF,0xDF,0x3F,0xFF,0xFF,
    0xFF,0xFF,0xFD,0xFD,0xFD,0xFE,0xFF,0x00,0xFE,0xFE,0xFF,0xFF,0xFF,0xBF,0x9F,0xDF,
    0x9F,0xBF,0xFF,0xFF,0xFF,0xFE,0xFE,0xFE,0xFE,0xFF,0xFF,0xFF,0xFF,0x1F,0xFF,0xD0,
    0x64,0xC9,0x3B,0x77,0x6E,0xDF,0x9C,0xBE,0x7F,0x3F,0xBF,0xBF,0x9F,0xBF,0xBF,0xBF,
    0xBF,0x9F,0xDF,0xEF,0x6E,0x76,0x36,0xBB,0xD9,0x6D,0xBE,0xE6,0xF3,0xDC,0x3F,0xFF,
    0xFF,0xFF,0xFF,0xFE,0xFC,0xFE,0xFF,0xFF,0xFF,0xFF,0x3F,0xDF,0xDF,0x3F,0xFF,0x00,
    0x5F,0x3F,0xFF,0xFF,0xFF,0xFF,0xFE,0xFE,0xFE,0xFF,0xFF,0xFF,0xFF,0x3F,0xDF,0xDF,
    0x1F,0xFF,0xFF,0xFF,0xFF,0xFE,0xFE,0xFF,0xFF,0xFE,0xFD,0xFF,0x7A,0xE0,0xFC,0x0F,
    0x6F,0x4F,0xF7,0xFF,0xFF,0xFF,0xFF,0x87,0x37,0x07,0x8E,0xFA,0xF2,0xE6,0x8F,0x3F,
    0xFE,0xFF,0xFF,0xFE,0xFE,0xFE,0xFF,0xFF,0xFF,0xFF,0x3F,0x1F,0xDF,0x1F,0xFF,0xFF,
    0xFF,0xFF,0xFE,0xFE,0xFE,0xFF,0xFF,0x00,0xFE,0xFF,0xFF,0xFF,0xFF,0xFF,0x1F,0x6F,
    0x5F,0xBF,0xFF,0xFF,0xFF,0xFF,0xFE,0xFE,0xFF,0xFF,0x7F,0x7F,0x7F,0x3F,0x7F,0x7F,
    0x7F,0x6F,0x01,0xFC,0xFE,0x7A,0x0D,0xFB,0xF2,0xF6,0xF7,0xF7,0xE5,0xF5,0xF3,0xFB,
    0xFB,0xFB,0xF1,0xF7,0xCF,0x9F,0xE7,0xF0,0xFF,0xFF,0xFF,0x1F,0x7F,0x4F,0x1F,0xFF,
    0xFF,0xFF,0xFF,0xFE,0xFE,0xFE,0xFF,0xFF,0xFF,0xFF,0x1F,0x4F,0x5F,0x9F,0xFF,0x00,
    0x6F,0x9F,0xFF,0xFF,0xFF,0xFF,0xFF,0xFE,0xFF,0xFF,0xFF,0xFF,0xFF,0x3F,0x0F,0xF3,
    0xF8,0xFC,0xFE,0xFF,0xFF,0xFF,0xFF,0xFF,0xFF,0xFF,0xFE,0x74,0xA7,0x8C,0xCE,0xDF,
    0xDF,0xCF,0xDF,0xDF,0x9F,0xBF,0xBF,0xBF,0xBF,0xAF,0x9F,0xD8,0x07,0x7F,0xEF,0xF7,
    0xF7,0xFF,0xFF,0xFF,0xFF,0xFE,0xFF,0xFF,0xFF,0xFF,0x9F,0x4F,0x6F,0x0F,0xFF,0xFF,
    0xFF,0xFF,0xFF,0xFF,0xFF,0xFF,0xFF,0x00,0xFF,0xFF,0xFF,0xFF,0xFF,0xDF,0xAF,0x6F,
    0x8F,0xFF,0xFF,0xFF,0xFF,0xE0,0x8F,0x3F,0xFF,0xFF,0xFF,0xFF,0xFF,0xFF,0xFF,0x3F,
    0xC7,0xF9,0xFE,0xFF,0xFF,0xFF,0xFF,0xFF,0xFF,0xFF,0xFF,0xFF,0xFF,0xFF,0xFF,0xFF,
    0xFF,0xFF,0xFF,0xFF,0x80,0x3C,0xFF,0xFF,0xFF,0xFF,0xFF,0x8F,0x6F,0x6F,0x9F,0xFF,
    0xFF,0xFF,0xFF,0xFF,0xFF,0xFF,0xFF,0xFF,0xFF,0xFF,0x8F,0x6F,0x6F,0x8F,0xFF,0x00,
    0xB7,0x8F,0xFF,0xFF,0xFF,0xFF,0xFF,0xFF,0xFF,0xFF,0xFF,0xFF,0xFF,0x8F,0xAF,0xBE,
    0xCE,0xF9,0xF9,0xF7,0x86,0xC0,0xFF,0xFF,0xF0,0xCF,0x9F,0x3F,0xFF,0xFF,0xFF,0xFF,
    0xFF,0xFF,0x7F,0x7F,0x7F,0x8F,0xFF,0xFF,0xFF,0xFF,0x7F,0xFF,0x7F,0x3E,0x80,0xFF,
    0xFF,0xFF,0xFF,0xFF,0xFF,0xFF,0xFF,0xFF,0xFF,0xFF,0xCF,0xA7,0xB7,0x8F,0xFF,0xFF,
    0xFF,0xFF,0xFF,0xFF,0xFF,0xFF,0xFF,0x00,0xFF,0xFF,0xFF,0xFF,0xFF,0xFF,0x87,0xB7,
    0x87,0xDF,0xFF,0xFF,0xFF,0xFF,0xFF,0xFF,0xFF,0xFF,0xFF,0xFF,0xFF,0x87,0xB7,0x87,
    0xCF,0xFF,0xFF,0xFC,0xF9,0xF3,0xF7,0xEF,0xEF,0xE7,0xFC,0xE1,0xB3,0xB0,0xBF,0xE7,
    0xEF,0xE7,0xE0,0xFE,0xFE,0xFF,0xFF,0xFF,0xFF,0xFF,0xFF,0x87,0xB7,0xB7,0xCF,0xFF,
    0xFF,0xFF,0xFF,0xFF,0xFF,0xFF,0xFF,0xFF,0xFF,0xFF,0x8F,0xB7,0xB7,0xCF,0xFF,0x00,
  },
  {
    0x9F,0x3F,0xFF,0xFF,0xFF,0xFF,0xFD,0xFD,0xFD,0xFF,0xFF,0xFF,0xFF,0x3F,0xDF,0x9F,
    0x3F,0xFF,0xFF,0xFF,0xFF,0xFD,0xFD,0x7C,0xFF,0xFF,0xFF,0xFF,0x3F,0x9F,0xDF,0x3F,
    0xFF,0xFF,0xFF,0xFF,0xFC,0xFD,0xFD,0xFF,0xFF,0xFF,0xFF,0x3F,0xFF,0xBF,0x3F,0xFF,
    0xFF,0xFF,0xFF,0xFD,0x7D,0x3D,0x3F,0xFF,0xFF,0xFF,0x3F,0xBF,0xDF,0x3F,0xFF,0xFF,
    0xFF,0xFF,0xFD,0xFD,0xFD,0xFE,0xFF,0x00,0xFC,0xFE,0xFF,0xFF,0xFF,0xBF,0x1F,0xDF,
    0x1F,0xBF,0xFF,0xFF,0xFF,0xFE,0xFE,0xFE,0xFE,0xFF,0xFF,0xFF,0xBF,0x1F,0xFF,0xC0,
    0x64,0xC9,0x3B,0x77,0x6E,0xDE,0x9C,0xBE,0x7F,0x3F,0xBF,0xBF,0x9F,0xBF,0xBF,0xBF,
    0xBF,0x9F,0xDF,0xEF,0x6E,0x76,0x36,0xBB,0xDD,0x6D,0xBE,0xE6,0xF3,0x9C,0x3F,0xFF,
    0xFF,0xFF,0xFF,0xFE,0xFE,0xFE,0xFF,0xFF,0xFF,0xFF,0x3F,0xDF,0x9F,0x3F,0xFF,0x00,
    0x5F,0x1F,0xFF,0xFF,0xFF,0xFF,0xFE,0xFE,0xFE,0xFF,0xFF,0xFF,0xFF,0x1F,0xDF,0xDF,
    0x1F,0xFF,0xFF,0xFF,0xFF,0xFE,0xFE,0xFF,0xFF,0xFE,0xFD,0xFF,0x7A,0xE0,0xFD,0x0F,
    0x6F,0x4F,0xF7,0xFF,0xFF,0xFF,0xFF,0x87,0x37,0x07,0x8E,0xFA,0xF2,0xE6,0x8F,0x3F,
    0xFE,0xFF,0xFF,0xFE,0xFE,0xFE,0xFF,0xFF,0xFF,0xFF,0x3F,0x5F,0xDF,0x1F,0xFF,0xFF,
    0xFF,0xFF,0xFE,0xFE,0xFE,0xFF,0xFF,0x00,0xFE,0xFF,0xFF,0xFF,0xFF,0xFF,0x1F,0x6F,
    0x5F,0xBF,0xFF,0xFF,0xFF,0xFF,0xFE,0xFE,0xFF,0xFF,0x7F,0x7F,0x7F,0x3F,0x7F,0x7F,
    0x7F,0x6F,0x01,0xFC,0xFE,0x7A,0x0D,0xFB,0xF2,0xF6,0xF7,0xF7,0xE5,0xF5,0xF3,0xFB,
    0xFB,0xFB,0xF1,0xF7,0xCF,0x8F,0xE7,0xF8,0xFF,0xFF,0xFF,0x1F,0x5F,0x5F,0x1F,0xFF,
    0xFF,0xFF,0xFF,0xFE,0xFE,0xFE,0xFF,0xFF,0xFF,0xFF,0x1F,0x4F,0x5F,0x1F,0xFF,0x00,
    0x6F,0x9F,0xFF,0xFF,0xFF,0xFF,0xFF,0xFE,0xFF,0xFF,0xFF,0xFF,0xFF,0x3F,0x0F,0xF3,
    0xF8,0xFC,0xFE,0xFF,0xFF,0xFF,0xFF,0xFF,0xFF,0xFF,0xFE,0x74,0xA6,0xCC,0xCE,0xDF,
    0xDF,0xCF,0xDF,0xDF,0x9F,0xBF,0xBF,0xBF,0xBF,0xAF,0x9F,0xD8,0x07,0x7F,0xEF,0xF7,
    0xF7,0xFF,0xFF,0xFF,0xFF,0xFF,0xFF,0xFF,0xFF,0xFF,0x9F,0x0F,0x6F,0x0F,0xFF,0xFF,
    0xFF,0xFF,0xFF,0xFF,0xFF,0xFF,0xFF,0x00,0xFF,0xFF,0xFF,0xFF,0xFF,0xDF,0x8F,0x6F,
    0x8F,0xFF,0xFF,0xFF,0xFF,0xE0,0x8F,0x3F,0xFF,0xFF,0xFF,0xFF,0xFF,0xFF,0xFF,0x3F,
    0xC7,0xF9,0xFE,0xFF,0xFF,0xFF,0xFF,0xFF,0xFF,0xFF,0xFF,0xFF,0xFF,0xFF,0xFF,0xFF,
    0xFF,0xFF,0xFF,0xFF,0x80,0x3C,0xFF,0xFF,0xFF,0xFF,0xFF,0x8F,0x6F,0x6F,0x9F,0xFF,
    0xFF,0xFF,0xFF,0xFF,0xFF,0xFF,0xFF,0xFF,0xFF,0xFF,0x8F,0x6F,0x6F,0x8F,0xFF,0x00,
    0xA7,0x8F,0xFF,0xFF,0xFF,0xFF,0xFF,0xFF,0xFF,0xFF,0xFF,0xFF,0xFF,0x8F,0xAF,0xBE,
    0xCE,0xF9,0xFB,0xF3,0x86,0xC0,0xFF,0xFF,0xF0,0xCF,0x9F,0x3F,0xFF,0xFF,0xFF,0xFF,
    0xFF,0xFF,0x7F,0x7F,0x7F,0x8F,0xFF,0xFF,0xFF,0xFF,0x7F,0xFF,0x7F,0x3E,0x80,0xFF,
    0xFF,0xFF,0xFF,0xFF,0xFF,0xFF,0xFF,0xFF,0xFF,0xFF,0xCF,0xA7,0xB7,0x8F,0xFF,0xFF,
    0xFF,0xFF,0xFF,0xFF,0xFF,0xFF,0xFF,0x00,0xFF,0xFF,0xFF,0xFF,0xFF,0xFF,0x87,0xB7,
    0x87,0xDF,0xFF,0xFF,0xFF,0xFF,0xFF,0xFF,0xFF,0xFF,0xFF,0xFF,0xFF,0x87,0xB7,0x87,
    0xCF,0xFF,0xFF,0xFC,0xF9,0xF3,0xF7,0xEF,0xEF,0xE7,0xFC,0xE1,0xB3,0xB0,0xBF,0xE7,
    0xEF,0xE7,0xE0,0xFE,0xFE,0xFF,0xFF,0xFF,0xFF,0xFF,0xFF,0x87,0xB7,0xB7,0xCF,0xFF,
    0xFF,0xFF,0xFF,0xFF,0xFF,0xFF,0xFF,0xFF,0xFF,0xFF,0x8F,0xB7,0xB7,0xCF,0xFF,0x00,
  },
  {
    0x1F,0xFF,0xFF,0xFF,0xFF,0xFF,0xFF,0xFF,0xFF,0xFF,0xFF,0xFF,0x1F,0x6F,0x6F,0x1F,
    0xFF,0xFF,0xFF,0xFF,0xFF,0xFF,0xFF,0xFF,0xFF,0xFF,0xFF,0xDF,0x6F,0xCF,0x9F,0xFF,
    0xFF,0xFF,0xFF,0xFF,0xFF,0xFF,0xFF,0xFF,0xFF,0xFF,0x1F,0x4F,0x6F,0x1F,0xFF,0xFF,
    0xFF,0xFF,0xFF,0xFF,0xFF,0xFF,0xFF,0xFF,0xFF,0x9F,0x4F,0x6F,0x1F,0xFF,0xFF,0xFF,
    0xFF,0xFF,0xFF,0xFF,0xFF,0xFF,0xFF,0x00,0xFF,0xFF,0xFF,0xFF,0x9F,0x6F,0x6F,0x0F,
    0xFF,0xFF,0xFF,0xFF,0xFF,0xFF,0xFF,0xFF,0xFF,0xFF,0xFF,0xFF,0x0F,0x6F,0x0F,0xFF,
    0xFF,0xFF,0x87,0x38,0xFE,0xF1,0xCF,0x3F,0xFF,0xFF,0x9F,0x0F,0x6F,0x0F,0xFF,0xFF,
    0xFF,0xFF,0xFF,0xFF,0xFF,0xFF,0xFF,0xFF,0xFF,0xDF,0x8F,0xEF,0x4F,0x7F,0x7F,0x7F,
    0x3F,0xFF,0xFF,0xFF,0xFF,0xFF,0xFF,0xFF,0xFF,0x0F,0x6F,0x6F,0x9F,0xFF,0xFF,0x00,
    0x8F,0xFF,0xFF,0xFF,0xFF,0xFF,0xFF,0xFF,0xFF,0xFF,0xFF,0xFF,0x8F,0x6F,0x27,0x8F,
    0xFF,0xFF,0xFF,0xFF,0xFF,0xFF,0xFF,0xFF,0xFF,0xFF,0xFF,0xCC,0x91,0xA7,0x2F,0xD7,
    0xEC,0xF3,0xF7,0xF1,0xFB,0xFB,0xF7,0xF7,0xF7,0x77,0x87,0xE3,0xEB,0xFB,0x5B,0xD9,
    0xDD,0xDD,0x4E,0x6E,0xB6,0xDB,0xE7,0xF8,0xFF,0x8F,0x2F,0x6F,0x8F,0xFF,0xFF,0xFF,
    0xFF,0xFF,0xFF,0xFF,0xFF,0xFF,0xFF,0x00,0xFF,0xFF,0xFF,0xFF,0xCF,0xA7,0xB7,0x87,
    0xFF,0xFF,0xFF,0xFF,0xFF,0xFF,0xE7,0xE3,0xCB,0x9B,0x39,0xF9,0xF9,0xF9,0xF9,0xFB,
    0xFB,0xF3,0xF7,0xEF,0xCF,0x9C,0x78,0xE7,0x43,0xCD,0x8A,0xFF,0x7F,0x9F,0xDF,0x7D,
    0x72,0x67,0xA0,0xBF,0x7F,0x7F,0xFF,0x00,0xFF,0xFF,0x87,0xB7,0xAF,0xDF,0xFF,0xFF,
    0xFF,0xFF,0xFF,0xFF,0xFF,0xFF,0xFF,0xFF,0xFF,0x8F,0xB7,0xA7,0xCF,0xFF,0xFF,0x00,
    0xFF,0xFF,0xFF,0xFF,0xFF,0xFF,0xFF,0xFF,0xFF,0xFF,0xFF,0xFF,0x8F,0xF7,0x1F,0xC7,
    0xF3,0xFD,0xFE,0xFF,0xFF,0xFF,0xFF,0xFF,0xFF,0xFF,0xFF,0xFF,0xF3,0x09,0xE4,0xF6,
    0xFB,0xFB,0x3A,0xC6,0xFE,0xFE,0xFC,0xFE,0xFF,0xFF,0xFF,0x8F,0x7B,0x04,0xF8,0x7E,
    0x87,0xFF,0xFF,0xFF,0xFF,0xFF,0xFF,0xFF,0xFF,0xCF,0xB7,0xB7,0x87,0xFF,0xFF,0xFF,
    0xFF,0xFF,0xFF,0xFF,0xFF,0xFF,0xFF,0x00,0xFF,0xFF,0xFF,0xFF,0xC7,0xD7,0xB7,0xC7,
    0xFF,0xFF,0xFF,0xFF,0xFF,0xFF,0xF0,0xC3,0x3F,0x7F,0xFF,0xFF,0xFF,0xFF,0xFF,0x3F,
    0xCF,0xF7,0xFB,0xFB,0xFD,0xFD,0xFE,0xFD,0xFD,0xFA,0xFB,0xFA,0xE3,0xEF,0xF7,0xE1,
    0xF7,0xF3,0xF8,0x3E,0x8E,0xE0,0xFF,0xFE,0xFF,0xFF,0xC7,0xB7,0xD7,0xEF,0xFF,0xFF,
    0xFF,0xFF,0xFF,0xFF,0xFF,0xFF,0xFF,0xFF,0xFF,0xC7,0xB7,0x97,0xCF,0xFF,0xFF,0x00,
    0xC7,0xFF,0xFF,0xFF,0xFF,0xFF,0xFF,0xFF,0xFF,0xFF,0xFF,0xFF,0xC7,0xDB,0xDB,0xE7,
    0xFF,0xFE,0xFC,0xFD,0xFD,0xFF,0xF8,0x87,0x3F,0xFF,0xFF,0xFF,0xFF,0xFF,0xFF,0xFF,
    0xFF,0xFE,0xFE,0xFD,0x7B,0x0F,0xFF,0xFF,0xFF,0xFF,0xFF,0xFE,0xF9,0xE3,0x0F,0xFF,
    0xFF,0xFF,0xFF,0xFF,0xFF,0xFF,0xFF,0xFF,0xFF,0xE7,0xD3,0xDB,0xC7,0xFF,0xFF,0xFF,
    0xFF,0xFF,0xFF,0xFF,0xFF,0xFF,0xFF,0x00,0xFF,0xFF,0xFF,0xFF,0xE7,0xDB,0xDB,0xC3,
    0xFF,0xFF,0xFF,0xFF,0xFF,0xFF,0xFF,0xFF,0xFF,0xFF,0xFF,0xE7,0xDB,0xDB,0xC3,0xFF,
    0xFF,0xFE,0xFD,0xFB,0xF7,0xF7,0xE7,0xE7,0xE7,0xE7,0xEF,0xE5,0xF3,0xEF,0xED,0xED,
    0xE5,0xED,0xE3,0xFB,0xFB,0xF9,0xFE,0xFF,0xFF,0xFF,0xC3,0xDB,0xCB,0xE7,0xFF,0xFF,
    0xFF,0xFF,0xFF,0xFF,0xFF,0xFF,0xFF,0xFF,0xFF,0xC3,0xDB,0xCB,0xE7,0xFF,0xFF,0x00,
  },
  {
    0xFF,0xFF,0xFF,0xFF,0xFF,0xFF,0xFF,0xFF,0xFF,0xFF,0xFF,0x8F,0x2F,0x6F,0x8F,0xFF,
    0xFF,0xFF,0xFF,0xFF,0xFF,0xFF,0xFF,0xFF,0xFF,0xFF,0x9F,0xEF,0xEF,0x8F,0xFF,0xFF,
    0xFF,0xFF,0xFF,0xFF,0xFF,0xFF,0xFF,0xFF,0xFF,0xDF,0x0F,0x6F,0xAF,0xDF,0xFF,0xFF,
    0xFF,0xFF,0xFF,0xFF,0xFF,0xFF,0xFF,0xFF,0x9F,0x2F,0x77,0xAF,0xDF,0xFF,0xFF,0xFF,
    0xFF,0xFF,0xFF,0xFF,0xFF,0xFF,0xFF,0x00,0xFF,0xFF,0xFF,0xFF,0xA7,0xB7,0xA7,0xCF,
    0xFF,0xFF,0xFF,0xFF,0xFF,0xFF,0xFF,0xFF,0xFF,0xFF,0xFF,0x8F,0xF7,0xBF,0xCF,0xFF,
    0xFF,0xFF,0xFF,0x03,0xF8,0xFC,0xE3,0x8F,0x7F,0xFF,0x8F,0xB7,0xA7,0x8F,0xFF,0xFF,
    0xFF,0xFF,0xFF,0xFF,0xFF,0xFF,0xFF,0xFF,0xFF,0x8F,0xB7,0xB7,0x8F,0xFF,0xFF,0xFF,
    0x7F,0x7F,0xFF,0xFF,0xFF,0xFF,0xFF,0xFF,0x8F,0xB7,0xB7,0x8F,0xFF,0xFF,0xFF,0x00,
    0xFF,0xFF,0xFF,0xFF,0xFF,0xFF,0xFF,0xFF,0xFF,0xFF,0xFF,0xCF,0xB7,0xB7,0x87,0xFF,
    0xFF,0xFF,0xFF,0xBF,0x3F,0xBF,0xBF,0xBF,0x3F,0x7F,0xFF,0xFE,0x90,0xA7,0x5F,0xD7,
    0xEC,0xF1,0xF7,0xF7,0xF3,0xF7,0xF7,0xF7,0xE7,0xF7,0x97,0xE7,0xE7,0xF3,0x9B,0x9B,
    0x9B,0x9B,0x9D,0xDD,0x6D,0xAC,0xDE,0xE6,0xF8,0xAF,0xB7,0x87,0xCF,0xFF,0xFF,0xFF,
    0xFF,0xFF,0xFF,0xFF,0xFF,0xFF,0xFF,0x00,0xFF,0xFF,0xFF,0xFF,0x87,0xB7,0xD7,0xCF,
    0xFF,0xFF,0xFF,0xFF,0xFF,0xFF,0xFF,0xFF,0xFF,0xFF,0xFF,0x47,0x7E,0x81,0xFF,0xFF,
    0xFF,0xFF,0xFE,0xFC,0xFB,0xCF,0x38,0xF7,0x43,0x99,0x8B,0xF5,0xFF,0x3F,0xBF,0x7F,
    0x70,0x66,0xC0,0x3F,0x7F,0xFF,0xFF,0x00,0xFE,0xC6,0xB2,0xBE,0xC7,0xFF,0xFF,0xFF,
    0xFF,0xFF,0xFF,0xFF,0xFF,0xFF,0xFF,0xFF,0xC7,0xB7,0xB7,0xC7,0xFF,0xFF,0xFF,0x00,
    0xFF,0xFF,0xFF,0xFF,0xFF,0xFF,0xFF,0xFF,0xFF,0xFF,0xFF,0xE7,0xDF,0xFF,0x1F,0xC7,
    0xF3,0xF9,0xFC,0xFE,0xFF,0xFF,0xFF,0xFF,0xFF,0xFF,0xFF,0xFF,0xE3,0x19,0xEC,0xF6,
    0xF3,0xFA,0x12,0xCE,0xFE,0xFE,0xFD,0xFE,0xFE,0xFF,0x7F,0xCD,0xF2,0x0C,0xF1,0xFC,
    0x07,0xF7,0xF7,0xFF,0xFF,0xFF,0xFF,0xFF,0xEF,0xDB,0xDB,0xD3,0xEF,0xFF,0xFF,0xFF,
    0xFF,0xFF,0xFF,0xFF,0xFF,0xFF,0xFF,0x00,0xFF,0xFF,0xFF,0xFF,0xC3,0xDB,0xDB,0xE7,
    0xFF,0xFF,0xFF,0xFF,0xFF,0xFF,0xE0,0x8F,0x3F,0xFF,0xFF,0xFF,0xFF,0xFF,0x7F,0x9F,
    0xEF,0xF7,0xFB,0xFB,0xFD,0xFD,0xFE,0xFD,0xF9,0xFE,0xF2,0xFB,0xF3,0xEF,0xF7,0xEB,
    0xEF,0xF3,0xF8,0x3D,0x84,0xE0,0xFF,0xFF,0xFE,0xE3,0xDB,0xDB,0xE7,0xFF,0xFF,0xFF,
    0xFF,0xFF,0xFF,0xFF,0xFF,0xFF,0xFF,0xFF,0xE7,0xDB,0xDB,0xC3,0xFF,0xFF,0xFF,0x00,
    0xFF,0xFF,0xFF,0xFF,0xFF,0xFF,0xFF,0xFF,0xFF,0xFF,0xFF,0xE3,0xCB,0xDF,0xE3,0xFF,
    0xFF,0xFE,0xFD,0xFB,0xFB,0xFB,0xE0,0x9F,0x7F,0xFF,0xFF,0xFF,0xFF,0xFF,0xFF,0xFF,
    0xFF,0xFF,0xFE,0xFD,0x73,0x0F,0xFF,0xFF,0xFF,0xFF,0xFF,0xFC,0xF9,0xE3,0x0F,0xFF,
    0xFF,0xFF,0xFF,0xFF,0xFF,0xFF,0xFF,0xFF,0xF7,0xEB,0xDD,0xCB,0xF7,0xFF,0xFF,0xFF,
    0xFF,0xFF,0xFF,0xFF,0xFF,0xFF,0xFF,0x00,0xFF,0xFF,0xFF,0xFF,0xE1,0xED,0xED,0xF3,
    0xFF,0xFF,0xFF,0xFF,0xFF,0xFF,0xFF,0xFF,0xFF,0xFF,0xFF,0xEB,0xED,0xE9,0xF3,0xFF,
    0xFE,0xFE,0xF9,0xF3,0xF7,0xF7,0xE7,0xE7,0xE7,0xE7,0xEF,0xE5,0xF3,0xEF,0xED,0xED,
    0xE5,0xED,0xE7,0xFB,0xFB,0xFD,0xFE,0xFF,0xFF,0xE3,0xED,0xED,0xE3,0xFF,0xFF,0xFF,
    0xFF,0xFF,0xFF,0xFF,0xFF,0xFF,0xFF,0xFF,0xE3,0xED,0xED,0xE3,0xFF,0xFF,0xFF,0x00,
  },
  {
    0xFF,0xFF,0xFF,0xFF,0xFF,0xFF,0xFF,0xFF,0xFF,0xFF,0xFF,0x8F,0xA7,0xA7,0xCF,0xFF,
    0xFF,0xFF,0xFF,0xFF,0xFF,0xFF,0xFF,0xFF,0xFF,0xFF,0x8F,0xF7,0xE7,0xCF,0xFF,0xFF,
    0xFF,0xFF,0xFF,0xFF,0xFF,0xFF,0xFF,0xFF,0xFF,0x8F,0xAF,0xA7,0x8F,0xFF,0xFF,0xFF,
    0xFF,0xFF,0xFF,0xFF,0xFF,0xFF,0xFF,0xFF,0x8F,0xB7,0xB7,0x8F,0xFF,0xFF,0xFF,0xFF,
    0xFF,0xFF,0xFF,0xFF,0xFF,0xFF,0xFF,0x00,0xFF,0xFF,0xFF,0xCF,0xB7,0xB7,0xC7,0xFF,
    0xFF,0xFF,0xFF,0xFF,0xFF,0xFF,0xFF,0xFF,0xFF,0xFF,0xCF,0xB7,0xB7,0x87,0xFF,0xFF,
    0xFF,0xFF,0xFF,0x03,0xF8,0xFC,0xE3,0x8F,0x7F,0xFF,0x87,0xB7,0x87,0xEF,0xFF,0xFF,
    0xFF,0xFF,0xFF,0xFF,0xFF,0xFF,0xFF,0xFF,0xFF,0x87,0xB7,0x87,0xEF,0xFF,0xFF,0xFF,
    0x7F,0x7F,0xFF,0xFF,0xFF,0xFF,0xFF,0xFF,0xC7,0xB7,0xB7,0xCF,0xFF,0xFF,0xFF,0x00,
    0xFF,0xFF,0xFF,0xFF,0xFF,0xFF,0xFF,0xFF,0xFF,0xFF,0xFF,0xC7,0xD7,0xD7,0xCF,0xFF,
    0xFF,0xFF,0xFF,0xBF,0x3F,0xBF,0xBF,0xBF,0xBF,0x7F,0xFF,0xFE,0x90,0xA7,0x5F,0xD7,
    0xEC,0xF1,0xF7,0xF7,0xF3,0xF7,0xF7,0xF7,0xE7,0xF7,0x97,0xE7,0xE7,0xF3,0x9B,0x9B,
    0x9B,0x9B,0x9D,0xDD,0x6D,0xAC,0xDE,0xE6,0xF8,0xBF,0x97,0xC7,0xFF,0xFF,0xFF,0xFF,
    0xFF,0xFF,0xFF,0xFF,0xFF,0xFF,0xFF,0x00,0xFF,0xFF,0xFF,0xE7,0xDB,0xDB,0xC7,0xFF,
    0xFF,0xFF,0xFF,0xFF,0xFF,0xFF,0xFF,0xFF,0xFF,0xFF,0xFF,0x7F,0x7E,0x81,0xFF,0xFF,
    0xFF,0xFF,0xFE,0xFC,0xFB,0xCF,0x38,0xF7,0x43,0x99,0x8B,0xF5,0xFF,0x3F,0xBF,0x7F,
    0x70,0x66,0xC0,0xBF,0x7F,0xFF,0xFF,0x00,0xFE,0xDA,0xDA,0xDA,0xEF,0xFF,0xFF,0xFF,
    0xFF,0xFF,0xFF,0xFF,0xFF,0xFF,0xFF,0xFF,0xC7,0xDB,0xDB,0xE7,0xFF,0xFF,0xFF,0x00,
    0xFF,0xFF,0xFF,0xFF,0xFF,0xFF,0xFF,0xFF,0xFF,0xFF,0xFF,0xC7,0xDB,0xFB,0x1F,0xCF,
    0xF3,0xF9,0xFC,0xFE,0xFF,0xFF,0xFF,0xFF,0xFF,0xFF,0xFF,0xFF,0xE3,0x19,0xEC,0xF6,
    0xF3,0xFA,0x12,0xCE,0xFE,0xFE,0xFD,0xFE,0xFF,0xFF,0x7F,0xCD,0xF2,0x0C,0xF1,0xFC,
    0x07,0xF3,0xF7,0xFF,0xFF,0xFF,0xFF,0xFF,0xE7,0xDB,0xDB,0xC3,0xFF,0xFF,0xFF,0xFF,
    0xFF,0xFF,0xFF,0xFF,0xFF,0xFF,0xFF,0x00,0xFF,0xFF,0xFF,0xF3,0xCB,0xDB,0xE3,0xFF,
    0xFF,0xFF,0xFF,0xFF,0xFF,0xFF,0xE0,0x8F,0x3F,0xFF,0xFF,0xFF,0xFF,0xFF,0x7F,0x9F,
    0xEF,0xF7,0xF3,0xFB,0xFD,0xFD,0xFE,0xFD,0xF9,0xFA,0xF2,0xFB,0xF3,0xEF,0xF7,0xEB,
    0xEF,0xF3,0xF8,0x3D,0x84,0xE0,0xFF,0xFF,0xF6,0xE3,0xFB,0xEB,0xF7,0xFF,0xFF,0xFF,
    0xFF,0xFF,0xFF,0xFF,0xFF,0xFF,0xFF,0xFF,0xE3,0xDF,0xEB,0xE7,0xFF,0xFF,0xFF,0x00,
    0xFF,0xFF,0xFF,0xFF,0xFF,0xFF,0xFF,0xFF,0xFF,0xFF,0xFF,0xE3,0xED,0xEB,0xF3,0xFF,
    0xFF,0xFE,0xFD,0xFB,0xFB,0xFF,0xE0,0x9F,0x7F,0xFF,0xFF,0xFF,0xFF,0xFF,0xFF,0xFF,
    0xFF,0xFF,0xFE,0xFD,0x73,0x0F,0xFF,0xFF,0xFF,0xFF,0xFF,0xFC,0xF9,0xE3,0x0F,0xFF,
    0xFF,0xFF,0xFF,0xFF,0xFF,0xFF,0xFF,0xFF,0xF3,0xED,0xED,0xE3,0xFF,0xFF,0xFF,0xFF,
    0xFF,0xFF,0xFF,0xFF,0xFF,0xFF,0xFF,0x00,0xFF,0xFF,0xFF,0xF3,0xE1,0xED,0xF5,0xFF,
    0xFF,0xFF,0xFF,0xFF,0xFF,0xFF,0xFF,0xFF,0xFF,0xFF,0xF3,0xED,0xED,0xE1,0xFF,0xFF,
    0xFE,0xFE,0xF9,0xF3,0xF7,0xF7,0xE7,0xE7,0xEF,0xE7,0xEF,0xE5,0xF3,0xEF,0xED,0xED,
    0xE5,0xED,0xE3,0xFB,0xFB,0xFD,0xFE,0xFF,0xFF,0xE1,0xED,0xE5,0xF3,0xFF,0xFF,0xFF,
    0xFF,0xFF,0xFF,0xFF,0xFF,0xFF,0xFF,0xFF,0xF1,0xED,0xED,0xF3,0xFF,0xFF,0xFF,0x00,
  },
  {
    0xFF,0xFF,0xFF,0xFF,0xFF,0xFF,0xFF,0xFF,0xFF,0xFF,0xCF,0x97,0xB7,0xC7,0xFF,0xFF,
    0xFF,0xFF,0xFF,0xFF,0xFF,0xFF,0xFF,0x3F,0x8F,0xE7,0x87,0x7F,0xC7,0xFF,0xFF,0xFF,
    0xFF,0xFF,0xFF,0xFF,0xFF,0xFF,0xFF,0xFF,0xEF,0xC7,0xB7,0xC7,0xFF,0xFF,0xFF,0xFF,
    0xFF,0xFF,0xFF,0xFF,0xFF,0xFF,0xFF,0xEF,0x87,0xB7,0xC7,0xEF,0xFF,0xFF,0xFF,0xFF,
    0xFF,0xFF,0xFF,0xFF,0xFF,0xFF,0xFF,0x00,0xFF,0xFF,0xFF,0xC7,0xDB,0xD7,0xE7,0xFF,
    0xFF,0xFF,0xFF,0xFF,0xFF,0xFF,0xFF,0xFF,0xFF,0xFF,0xC7,0xDB,0xDB,0xE7,0xFF,0xD8,
    0x61,0x9F,0x3F,0x7C,0x13,0x0F,0xBF,0xBF,0xBF,0x97,0xBB,0xF3,0x67,0x7F,0x7F,0x7F,
    0x7F,0x7F,0x7F,0x3F,0xBF,0xBF,0xBF,0xBF,0xB7,0xBB,0xDB,0x57,0x9F,0xDF,0xFF,0xFF,
    0xFF,0xFF,0xFF,0xFF,0xFF,0xFF,0xFF,0xE7,0xD3,0xDB,0xC7,0xFF,0xFF,0xFF,0xFF,0x00,
    0xFF,0xFF,0xFF,0xFF,0xFF,0xFF,0xFF,0xFF,0xFF,0xFF,0xE7,0xDB,0xDB,0xC3,0xFF,0xFF,
    0xFF,0xFF,0xFF,0xFF,0xFF,0xFF,0xFF,0xFF,0xFE,0xF2,0xE1,0x1F,0x6F,0x6F,0xD7,0xFF,
    0xFF,0xFF,0xFF,0x1F,0xEF,0x1F,0x3F,0xFF,0x7B,0x9B,0xF3,0xD3,0xD3,0xD3,0xFB,0xEB,
    0xF5,0xFB,0xFD,0xFE,0xFF,0xFF,0xFF,0xFF,0xC3,0xDB,0xD3,0xE7,0xFF,0xFF,0xFF,0xFF,
    0xFF,0xFF,0xFF,0xFF,0xFF,0xFF,0xFF,0x00,0xFF,0xFF,0xF7,0xC3,0xD9,0xCB,0xE7,0xFF,
    0xFF,0xFF,0xFF,0xFF,0xFF,0xFF,0xFF,0xFF,0xFF,0xFF,0xE3,0xDB,0xCB,0xFF,0x07,0x79,
    0xF1,0xF3,0x66,0x13,0xDA,0xF6,0xF7,0xF5,0xF5,0xEB,0xEB,0xFE,0xFC,0xFC,0x3A,0x0D,
    0xC6,0xE5,0xE5,0xE7,0x03,0xDB,0xBF,0x7F,0xE3,0xDB,0xDB,0xE3,0xFF,0xFF,0xFF,0xFF,
    0xFF,0xFF,0xFF,0xFF,0xFF,0xFF,0xFF,0xE7,0xC9,0xDB,0xE3,0xFF,0xFF,0xFF,0xFF,0x00,
    0xFF,0xFF,0xFF,0xFF,0xFF,0xFF,0xFF,0xFF,0xFF,0xFF,0xE3,0xE9,0xED,0xE3,0xFF,0xFF,
    0xFF,0xFF,0xFF,0xFF,0xFF,0xFF,0xFF,0xFC,0xF9,0xE3,0xD8,0xCF,0x1F,0x7F,0x3F,0x7F,
    0x7F,0xFF,0xFF,0x3F,0x7F,0x1F,0xBF,0x9E,0xDD,0xE5,0xFD,0xC1,0x9E,0x3E,0xBE,0xB6,
    0xCF,0xCF,0xAF,0x5F,0xDF,0xBF,0x3F,0x77,0xE9,0xED,0xE3,0xF7,0xFF,0xFF,0xFF,0xFF,
    0xFF,0xFF,0xFF,0xFF,0xFF,0xFF,0xFF,0x00,0xFF,0xFF,0xFF,0xE1,0xED,0xE1,0xF3,0xFF,
    0xFF,0xFF,0xFF,0xFF,0xFF,0xFF,0xFF,0xFF,0xFF,0xFF,0xE1,0xED,0xED,0xF3,0xFF,0xFF,
    0xFF,0xFF,0x1F,0x87,0xF1,0xFE,0xFF,0xFF,0xFE,0xFE,0xFE,0xFD,0xFC,0xFF,0xFF,0xFF,
    0xFF,0xFF,0xFF,0xFF,0xFF,0xFF,0xFE,0xF9,0xE7,0x1F,0xFF,0xFF,0xFE,0xFD,0xFF,0xFE,
    0xF9,0xC3,0x1F,0xFF,0xFF,0xFF,0xFF,0xF1,0xED,0xED,0xF1,0xFF,0xFF,0xFF,0xFF,0x00,
    0xFF,0xFF,0xFF,0xFF,0xFF,0xFF,0xFF,0xFF,0xFF,0xFF,0xF1,0xF5,0xED,0xF1,0xFF,0xFF,
    0xFF,0xFF,0xFF,0xFF,0xFF,0xFF,0xFF,0xFF,0xFF,0xFF,0xF0,0x67,0x9F,0xFF,0xFF,0xFF,
    0xFF,0x3F,0x9F,0xDF,0xDF,0xEF,0x1F,0x7F,0xFF,0xFF,0xFF,0xFF,0xFF,0xBF,0xDF,0xCF,
    0xF7,0xFC,0xFF,0xFF,0xFF,0xFF,0xFF,0xFF,0xFF,0x3F,0xC0,0xFF,0xFF,0xFF,0xFF,0xFF,
    0xFF,0xFF,0xFF,0xFF,0xFF,0xFF,0xFF,0x00,0xFF,0xFF,0xFF,0xF1,0xF6,0xF4,0xFB,0xFF,
    0xFF,0xFF,0xFF,0xFF,0xFF,0xFF,0xFF,0xFF,0xFF,0xFF,0xF1,0xF6,0xF4,0xF9,0xFF,0xFF,
    0xFF,0xFF,0xF1,0xF4,0xF7,0xF7,0xF7,0xFB,0xF9,0xF6,0xF7,0xF5,0xF1,0xFF,0xFE,0xE0,
    0xEF,0xE7,0xE7,0xF1,0xFE,0xFD,0xF9,0xFB,0xFB,0xFB,0xFB,0xFB,0xFB,0xF9,0xFD,0xFC,
    0xFE,0xFF,0xFF,0xFF,0xFF,0xFF,0xFF,0xF1,0xF6,0xF6,0xF1,0xFF,0xFF,0xFF,0xFF,0x00,
  },
  {
    0xFF,0xFF,0xFF,0xFF,0xFF,0xFF,0xFF,0xFF,0xFF,0xE7,0xC3,0xDB,0xC3,0xFF,0xFF,0xFF,
    0xFF,0xFF,0xFF,0xFF,0xFF,0xFF,0xFF,0x0F,0xF3,0xFB,0xC1,0x1F,0xFF,0xFF,0xFF,0xFF,
    0xFF,0xFF,0xFF,0xFF,0xFF,0xFF,0xFF,0xFF,0xC3,0xDB,0xC3,0xE7,0xFF,0xFF,0xFF,0xFF,
    0xFF,0xFF,0xFF,0xFF,0xFF,0xFF,0xFF,0xC3,0xDB,0xDB,0xE7,0xFF,0xFF,0xFF,0xFF,0xFF,
    0xFF,0xFF,0xFF,0xFF,0xFF,0xFF,0xFF,0x00,0xFF,0xFF,0xE3,0xDB,0xDB,0xE3,0xFF,0xFF,
    0xFF,0xFF,0xFF,0xFF,0xFF,0xFF,0xFF,0xFF,0xFF,0xE3,0xCB,0xDB,0xE3,0xFF,0xFF,0xBC,
    0x41,0x9F,0xBF,0x9C,0x91,0xDF,0xDF,0xCF,0xDB,0xDB,0xB9,0xA3,0x7F,0x7F,0x7F,0x7F,
    0x7F,0x3F,0x3F,0xBF,0xBF,0xBF,0xBF,0xA7,0xBB,0xBB,0xB3,0x1F,0xDF,0xFF,0xFF,0xFF,
    0xFF,0xFF,0xFF,0xFF,0xFF,0xFF,0xF7,0xCB,0xDD,0xE3,0xFF,0xFF,0xFF,0xFF,0xFF,0x00,
    0xFF,0xFF,0xFF,0xFF,0xFF,0xFF,0xFF,0xFF,0xFF,0xF3,0xE1,0xED,0xEB,0xFF,0xFF,0xFF,
    0xFF,0xFF,0xFF,0xFF,0xFF,0xFF,0x7F,0x3D,0x71,0x8E,0x27,0x37,0xCF,0xFF,0xFF,0xFF,
    0xFF,0x17,0x6F,0x6F,0x1F,0xFF,0x3F,0x89,0xEB,0xDB,0xDB,0xD3,0xD3,0xDB,0xEB,0xED,
    0xF5,0xF9,0xFC,0xFF,0xFF,0xFF,0xFF,0xE3,0xED,0xED,0xF3,0xFF,0xFF,0xFF,0xFF,0xFF,
    0xFF,0xFF,0xFF,0xFF,0xFF,0xFF,0xFF,0x00,0xFF,0xFF,0xE1,0xED,0xED,0xF3,0xFF,0xFF,
    0xFF,0xFF,0xFF,0xFF,0xFF,0xFF,0xFF,0xFF,0xFF,0xF3,0xED,0xED,0xFF,0x81,0x3E,0x7D,
    0x06,0x95,0xD9,0xFB,0xFB,0x3A,0xF8,0xE1,0xF3,0xFB,0xFA,0xDA,0xBE,0x7D,0xE6,0x45,
    0x85,0xF5,0xF7,0xEF,0x1F,0xFF,0xFF,0xF3,0xED,0xED,0xF1,0xFF,0xFF,0xFF,0xFF,0xFF,
    0xFF,0xFF,0xFF,0xFF,0xFF,0xFF,0xF3,0xED,0xED,0xE1,0xFF,0xFF,0xFF,0xFF,0xFF,0x00,
    0xFF,0xFF,0xFF,0xFF,0xFF,0xFF,0xFF,0xFF,0xFF,0xFB,0xF5,0xFC,0xF5,0xFB,0xFF,0xFF,
    0xFF,0xFF,0xFF,0xFF,0xFF,0xFF,0xFF,0xF2,0xEE,0xD7,0xC3,0xDF,0x38,0xFF,0x3F,0x7F,
    0x7F,0x5F,0x4F,0xE7,0xE7,0xCF,0xDC,0x98,0xE3,0xFB,0xFB,0xF4,0xE6,0xEF,0xDF,0x9F,
    0x7F,0xFF,0xFF,0xFF,0xFF,0xFF,0xFF,0xF1,0xED,0xF5,0xF3,0xFF,0xFF,0xFF,0xFF,0xFF,
    0xFF,0xFF,0xFF,0xFF,0xFF,0xFF,0xFF,0x00,0xFF,0xFF,0xF1,0xF6,0xF6,0xF1,0xFF,0xFF,
    0xFF,0xFF,0xFF,0xFF,0xFF,0xFF,0xFF,0xFF,0xFF,0xF1,0xF6,0xF6,0xF1,0xFF,0xFF,0xFF,
    0xFF,0xFF,0xFF,0x1F,0xC1,0xFC,0xFE,0xFF,0xFF,0xFF,0xFF,0xFF,0xFF,0xFF,0xFF,0xFF,
    0xFF,0xFF,0xFF,0xFF,0xFF,0xFF,0xFF,0xFF,0xFE,0x00,0xFF,0xFB,0xE3,0xCF,0xBF,0x7F,
    0x7F,0xFF,0xFF,0xFF,0xFF,0xEF,0x1B,0x76,0x76,0xF1,0xFF,0xFF,0xFF,0xFF,0xFF,0x00,
    0xFF,0xFF,0xFF,0x7F,0xFF,0xFF,0xFF,0xFF,0xFF,0xFD,0xF2,0xF6,0xF0,0xFF,0xFF,0xFF,
    0xFF,0xFF,0xFF,0xFF,0xFF,0xFF,0xFF,0xFF,0xFB,0xF3,0x3F,0x80,0xFF,0xFF,0xFF,0xFF,
    0x7F,0x9F,0xDF,0xEF,0xEF,0xF7,0xF7,0x2F,0x9F,0xFF,0xFF,0xFF,0xFF,0x7F,0x8F,0xF7,
    0xF9,0xFE,0xFF,0xFF,0xFF,0xFF,0xFF,0xFF,0xFE,0xFE,0xFE,0xFE,0xFE,0xFE,0xFF,0xFF,
    0x00,0xF9,0xFF,0xFF,0xFF,0xFF,0xFF,0x00,0xFF,0xFF,0xF8,0xF6,0xF3,0xF8,0xFF,0xFF,
    0xFF,0xFF,0x7F,0x7F,0x7F,0xFF,0xFF,0xFF,0xFF,0xF8,0xF2,0xF2,0xF8,0xFF,0xFF,0xFF,
    0xFF,0x7B,0x70,0x77,0xE7,0xF3,0xFB,0xFD,0xFE,0xF7,0xF7,0xF8,0xFF,0xFF,0xFF,0xE0,
    0x6F,0x67,0x6F,0xF3,0xF9,0xFE,0xFD,0xFB,0xFB,0xF7,0xF7,0xF7,0xF7,0xF7,0xF7,0x77,
    0x77,0x73,0x73,0xFB,0xFB,0xF9,0xFD,0xFE,0xF7,0xF9,0xFF,0xFF,0xFF,0xFF,0xFF,0x00,
  },
  {
    0xFF,0xFF,0xFF,0xFF,0xFF,0xFF,0xFF,0xFF,0xFF,0xE3,0xE9,0xE9,0xE3,0xFF,0xFF,0xFF,
    0xFF,0xFF,0xFF,0xFF,0xFF,0xFF,0xFF,0x0F,0xE3,0xFB,0xE1,0x0F,0xFF,0xFF,0xFF,0xFF,
    0xFF,0xFF,0xFF,0xFF,0xFF,0xFF,0xFF,0xE3,0xE9,0xE9,0xE3,0xFF,0xFF,0xFF,0xFF,0xFF,
    0xFF,0xFF,0xFF,0xFF,0xFF,0xFF,0xF3,0xEB,0xE9,0xE3,0xFF,0xFF,0xFF,0xFF,0xFF,0xFF,
    0xFF,0xFF,0xFF,0xFF,0xFF,0xFF,0xFF,0x00,0xFF,0xF3,0xE9,0xED,0xE1,0xFF,0xFF,0xFF,
    0xFF,0xFF,0xFF,0xFF,0xFF,0xFF,0xFF,0xFF,0xF7,0xE1,0xED,0xE1,0xF7,0xFF,0xFF,0xBE,
    0xC0,0x9F,0xBF,0xDC,0xD1,0xDF,0xDF,0xCF,0xD9,0xDD,0xA1,0xB7,0x7F,0x7F,0x7F,0x7F,
    0x7F,0x3F,0x3F,0x3F,0xBF,0xBF,0xBF,0xA3,0xAD,0xA9,0xB3,0x3F,0x9F,0xFF,0xFF,0xFF,
    0xFF,0xFF,0xFF,0xFF,0xFF,0xFF,0xE3,0xED,0xED,0xF3,0xFF,0xFF,0xFF,0xFF,0xFF,0x00,
    0xFF,0xFF,0xFF,0xFF,0xFF,0xFF,0xFF,0xFF,0xFF,0xF1,0xED,0xED,0xF1,0xFF,0xFF,0xFF,
    0xFF,0xFF,0xFF,0xFF,0xFF,0xFF,0x3F,0xBD,0x70,0x8F,0x27,0x37,0xCF,0xFF,0xFF,0xFF,
    0xFF,0x17,0x6F,0x4F,0x1F,0xFF,0x3F,0x89,0xEB,0xDB,0xD3,0xD3,0xD3,0xDB,0xEB,0xE9,
    0xF5,0xFB,0xFC,0xFF,0xFF,0xFF,0xF3,0xE5,0xED,0xE1,0xFF,0xFF,0xFF,0xFF,0xFF,0xFF,
    0xFF,0xFF,0xFF,0xFF,0xFF,0xFF,0xFF,0x00,0xFF,0xFB,0xF5,0xF6,0xF1,0xFF,0xFF,0xFF,
    0xFF,0xFF,0xFF,0xFF,0xFF,0xFF,0xFF,0xFF,0xFB,0xF1,0xE6,0xF5,0xFF,0x81,0x3E,0x7C,
    0x06,0x95,0xF9,0xFB,0xFB,0xFA,0xFA,0xE1,0xF3,0xFB,0xFA,0xFA,0x3C,0xFD,0xF6,0x65,
    0x85,0xF5,0xF7,0xEF,0x0F,0xFF,0xFF,0xF1,0xF4,0xF5,0xF3,0xFF,0xFF,0xFF,0xFF,0xFF,
    0xFF,0xFF,0xFF,0xFF,0xFF,0xFF,0xF1,0xF6,0xE4,0xF1,0xFF,0xFF,0xFF,0xFF,0xFF,0x00,
    0xFF,0xFF,0xFF,0xFF,0xFF,0xFF,0xFF,0xFF,0xFF,0xF1,0xF6,0xF6,0xF9,0xFF,0xFF,0xFF,
    0xFF,0xFF,0xFF,0xFF,0xFF,0xFF,0xFF,0xF0,0xEF,0xC3,0x3F,0xFF,0x3F,0x1F,0x3F,0x7F,
    0xBF,0x1F,0xEF,0xE7,0xC7,0xBE,0xCF,0xF8,0xF7,0xF7,0xFB,0xF0,0xF6,0xEF,0xEF,0xDF,
    0x2F,0xEF,0xDF,0xDF,0x9F,0xBF,0x39,0xF4,0xF6,0xF1,0xFF,0xFF,0xFF,0xFF,0xFF,0xFF,
    0xFF,0xFF,0xFF,0xFF,0xFF,0xFF,0xFF,0x00,0xFF,0xFD,0xF2,0xF6,0xF8,0xFF,0xFF,0xFF,
    0xFF,0xFF,0x7F,0x7F,0xFF,0xFF,0xFF,0xFF,0xFF,0xF0,0xF6,0xF0,0xFF,0xFF,0xFF,0xFF,
    0xFF,0xFF,0xFF,0x1E,0x83,0xFC,0xFF,0xFF,0xFE,0xFE,0xFF,0xFF,0xFF,0xFF,0xFF,0xFF,
    0xFF,0xF3,0xFB,0xFF,0xFF,0xFF,0xFF,0xFF,0xFF,0x10,0xCF,0xFF,0xFF,0xFF,0xFF,0xFC,
    0xE1,0x0F,0x7F,0xFF,0xFF,0xFF,0xF8,0xF6,0xF2,0xF9,0xFF,0xFF,0xFF,0xFF,0xFF,0x00,
    0xFF,0xFF,0x7F,0x7F,0x7F,0xFF,0xFF,0xFF,0xFF,0xF8,0xFB,0xFA,0xF8,0xFF,0xFF,0xFF,
    0xFF,0x7F,0x7F,0x7F,0xFF,0xFF,0xFF,0xFF,0xF8,0xFA,0x3F,0xC0,0xFF,0xFF,0xFF,0xFF,
    0x7F,0x9F,0xDF,0xEF,0xEF,0xF7,0xF7,0x2F,0x9F,0xFF,0xFF,0xFF,0xFF,0x7F,0x8F,0xE7,
    0xFB,0xFE,0xFF,0xFF,0xFF,0xFF,0xFF,0xFF,0xFF,0xFE,0xF0,0xE7,0xCF,0xDF,0x8F,0x3F,
    0xFF,0xFF,0xFF,0xFF,0xFF,0xFF,0xFF,0x00,0xFF,0xFC,0xFA,0xFB,0xF8,0xFF,0xFF,0xFF,
    0xFF,0x7F,0x7F,0x7F,0x7F,0xFF,0xFF,0xFF,0xFD,0xF8,0xFB,0xF8,0xFD,0xFF,0xFF,0xFF,
    0x7F,0x7B,0x70,0x77,0xE7,0xF3,0xFB,0xFD,0xFE,0xFB,0xFB,0xFC,0xFF,0xFF,0xFF,0x60,
    0x6F,0x67,0x6F,0xF3,0xF9,0xFC,0xFB,0xF3,0xF7,0xF7,0xE7,0xE7,0xF7,0xF7,0x77,0x77,
    0x73,0x73,0xFB,0xFB,0xFB,0xFD,0xFC,0xFA,0xFB,0xFC,0xFF,0xFF,0xFF,0xFF,0xFF,0x00,
  },
  {
    0xFF,0xFF,0xFF,0xFF,0xFF,0xFF,0xFF,0xFF,0xF3,0xE1,0xED,0xE1,0xFF,0xFF,0xFF,0xFF,
    0xFF,0xFF,0xFF,0xFF,0xFF,0xFF,0xFF,0x0F,0xE3,0xFB,0xE1,0x01,0xFF,0xFF,0xFF,0xFF,
    0xFF,0xFF,0xFF,0xFF,0xFF,0xFF,0xFF,0xE1,0xED,0xE9,0xF3,0xFF,0xFF,0xFF,0xFF,0xFF,
    0xFF,0xFF,0xFF,0xFF,0xFF,0xFF,0xE1,0xED,0xED,0xF3,0xFF,0xFF,0xFF,0xFF,0xFF,0xFF,
    0xFF,0xFF,0xFF,0xFF,0xFF,0xFF,0xFF,0x00,0xFF,0xF1,0xEC,0xE5,0xF1,0xFF,0xFF,0xFF,
    0xFF,0xFF,0xFF,0xFF,0xFF,0xFF,0xFF,0xFF,0xF1,0xE5,0xE5,0xF1,0xFF,0xFF,0xFF,0xBE,
    0xC0,0x9F,0xBF,0x9E,0xD1,0xDF,0xDF,0xC9,0xDD,0xBC,0xB1,0xBF,0x7F,0x7F,0x7F,0x7F,
    0x7F,0x7F,0x7F,0x3F,0xBF,0xBF,0xBB,0xA1,0xAC,0xB1,0xBF,0x3F,0xBF,0xFF,0xFF,0xFF,
    0xFF,0xFF,0xFF,0xFF,0xFF,0xFB,0xE1,0xFC,0xE1,0xFF,0xFF,0xFF,0xFF,0xFF,0xFF,0x00,
    0xFF,0xFF,0xFF,0xFF,0xFF,0xFF,0xFF,0xFF,0xFF,0xF1,0xF6,0xF5,0xFD,0xFF,0xFF,0xFF,
    0xFF,0xFF,0xFF,0xFF,0xFF,0xFF,0x3F,0xB9,0x70,0x8F,0x37,0x37,0xCF,0xFF,0xFF,0xFF,
    0xFF,0x0F,0x6F,0x4F,0x1F,0xFF,0x3F,0x89,0xEB,0xDB,0xD3,0xD3,0xD3,0xD3,0xDB,0xEB,
    0xE5,0xFB,0xFC,0xFF,0xFF,0xFF,0xF1,0xF4,0xF4,0xF1,0xFF,0xFF,0xFF,0xFF,0xFF,0xFF,
    0xFF,0xFF,0xFF,0xFF,0xFF,0xF1,0xFF,0x00,0xFF,0xF0,0xF6,0xF6,0xF9,0xFF,0xFF,0xFF,
    0xFF,0xFF,0xFF,0xFF,0xFF,0xFF,0xFF,0xFF,0xF9,0xF6,0xF6,0xF9,0xFF,0x80,0x3E,0x7C,
    0x8E,0x95,0xD9,0xFB,0x7B,0xBA,0xFA,0xE1,0xF3,0xFB,0xF8,0xFA,0x3C,0xFD,0xF6,0x65,
    0x15,0xF5,0xF7,0xE7,0x0F,0xFF,0xF9,0xF2,0xF6,0xF0,0xFF,0xFF,0xFF,0xFF,0xFF,0xFF,
    0xFF,0xFF,0xFF,0xFF,0xFF,0xFD,0xF2,0xF6,0xF0,0xFF,0xFF,0xFF,0xFF,0xFF,0xFF,0x00,
    0xFF,0xFF,0x7F,0x7F,0xFF,0xFF,0xFF,0xFF,0xFD,0xFA,0xF2,0xFA,0xFD,0xFF,0xFF,0xFF,
    0xFF,0x7F,0x7F,0xFF,0xFF,0xFF,0xFF,0xFF,0x83,0x7F,0xFF,0x7C,0x9E,0x1F,0xFF,0x3F,
    0x9F,0xCF,0xEF,0xD7,0xDC,0xE7,0xF3,0xF8,0xF3,0xEB,0xFB,0xF9,0xF6,0xF7,0xEB,0xDB,
    0xBB,0x7B,0xFB,0xFB,0xFB,0xFB,0xFA,0xF6,0xE6,0xC9,0x9F,0x3F,0xFF,0xFF,0xFF,0x7F,
    0x7F,0xFF,0xFF,0xFF,0xFF,0xF8,0xFF,0x00,0xFF,0xF8,0xFB,0xFB,0xF8,0xFF,0xFF,0xFF,
    0xFF,0x7F,0x7F,0x7F,0xFF,0xFF,0xFF,0xFF,0xF8,0xFB,0xFB,0xF8,0xFF,0xFF,0xFF,0xFF,
    0x7F,0x7E,0xFE,0x7F,0x03,0xF8,0xFF,0xFE,0xFF,0xFF,0xFF,0xFF,0xFF,0xFF,0xFF,0xFF,
    0xFF,0xFF,0xFF,0xFF,0xFF,0xFF,0xFF,0xFF,0xFF,0x78,0x83,0xFF,0xFF,0xFF,0xFF,0xFF,
    0xFF,0xFF,0xFF,0xFE,0x00,0xFF,0xFA,0xFB,0xF8,0xFF,0xFF,0xFF,0xFF,0xFF,0xFF,0x00,
    0xFF,0x7F,0x7F,0x7F,0x7F,0xFF,0xFF,0xFF,0xFE,0xF8,0xFB,0xF8,0xFF,0xFF,0xFF,0xFF,
    0x7F,0x7F,0x7F,0x7F,0xFF,0xFF,0xFF,0xFF,0xF8,0xFB,0x3F,0xC0,0xFF,0xFF,0xFF,0xFF,
    0x7F,0xBF,0xDF,0xEF,0xEF,0xF7,0xF7,0x27,0x8F,0xFF,0xFF,0xFF,0xFF,0x7F,0x8F,0xE7,
    0xFB,0xFC,0xFF,0xFF,0xFF,0xFF,0xFF,0xFF,0x1F,0xCF,0xF3,0xF8,0xFF,0xFF,0x7F,0x7F,
    0x7F,0xFF,0xFF,0xFF,0xFF,0xFF,0xFF,0x00,0xFF,0xFC,0xFB,0xFD,0xFC,0xFF,0xFF,0xFF,
    0xFF,0x7F,0x3F,0x7F,0x7F,0xFF,0xFF,0xFF,0xFC,0xF9,0xFB,0xFC,0xFF,0xFF,0xFF,0xFF,
    0x7F,0x31,0x34,0x77,0xE7,0xF3,0xF9,0xFD,0xFE,0xFB,0xFC,0xFF,0xFF,0xFF,0xFF,0x60,
    0x2F,0x27,0x6F,0xF3,0xF9,0xFC,0xF3,0xE7,0xEF,0xEF,0xEF,0xEF,0xE7,0xE7,0x77,0x37,
    0x36,0x78,0xF9,0xFB,0xFB,0xFE,0xF9,0xFB,0xFC,0xFF,0xFF,0xFF,0xFF,0xFF,0xFF,0x00,
  },
  {
    0xFF,0xFF,0xFF,0xFF,0xFF,0xFF,0xFF,0xFF,0xF1,0xF5,0xF5,0xF1,0xFF,0xFF,0xFF,0xFF,
    0xFF,0xFF,0xFF,0xFF,0xFF,0xFF,0xFF,0x0D,0xE3,0xFB,0xE1,0x09,0xFF,0xFF,0xFF,0xFF,
    0xFF,0xFF,0xFF,0xFF,0xFF,0xFF,0xF9,0xF5,0xF5,0xF1,0xFF,0xFF,0xFF,0xFF,0xFF,0xFF,
    0xFF,0xFF,0xFF,0xFF,0xFF,0xF9,0xF5,0xF5,0xF1,0xFF,0xFF,0xFF,0xFF,0xFF,0xFF,0xFF,
    0xFF,0xFF,0xFF,0xFF,0xFB,0xF1,0xFF,0x00,0xFF,0xF4,0xF6,0xF0,0xFF,0xFF,0xFF,0xFF,
    0xFF,0xFF,0xFF,0xFF,0xFF,0xFF,0xFF,0xFD,0xF0,0xF6,0xF0,0xFF,0xFF,0xFF,0xFF,0xBE,
    0xC0,0x9F,0xBF,0xDC,0xD1,0xDF,0xDF,0xC9,0xDE,0xB4,0xB9,0xBF,0x7F,0x7F,0x7F,0x7F,
    0x7F,0x7F,0x7F,0x3F,0xBF,0xBF,0xB0,0xB6,0xB4,0xB9,0xBF,0x3F,0xBF,0xFF,0xFF,0xFF,
    0xFF,0xFF,0xFF,0xFF,0xFF,0xF0,0xF6,0xF6,0xF9,0xFF,0xFF,0xFF,0xFF,0xFF,0xFF,0x00,
    0xFF,0xFF,0x7F,0xFF,0xFF,0xFF,0xFF,0xFF,0xF8,0xF6,0xF6,0xF8,0xFF,0xFF,0xFF,0xFF,
    0xFF,0x7F,0x7F,0xFF,0xFF,0xFF,0x3F,0xB9,0x70,0x8F,0x37,0x37,0xCF,0xFF,0xFF,0xFF,
    0xFF,0x0F,0x6F,0x4F,0x1F,0xFF,0x3F,0x89,0xEB,0xDB,0xD3,0xD3,0xD3,0xD3,0xDB,0x6B,
    0x65,0xFB,0xFC,0xFF,0xFF,0xF9,0xF0,0xF6,0xF8,0xFF,0xFF,0xFF,0xFF,0xFF,0x7F,0x7F,
    0xFF,0xFF,0xFF,0xFF,0xFF,0xFF,0xFF,0x00,0xFF,0xFA,0xF3,0xF8,0xFF,0xFF,0xFF,0xFF,
    0xFF,0x7F,0x7F,0xFF,0xFF,0xFF,0xFF,0xFD,0xF8,0xF3,0xF8,0xFF,0xFF,0x80,0x3E,0x7C,
    0x8E,0x95,0xD9,0xFB,0x7B,0xBA,0xFA,0xE1,0xF3,0xFB,0xF8,0xFA,0x3C,0xFD,0xF6,0x65,
    0x15,0xF5,0xF7,0xE7,0x0F,0xFF,0xF8,0xFB,0xFA,0xFD,0xFF,0xFF,0xFF,0xFF,0x7F,0x7F,
    0x7F,0xFF,0xFF,0xFF,0xFF,0xF8,0xFB,0xFA,0xF8,0xFF,0xFF,0xFF,0xFF,0x7F,0xFF,0x00,
    0xFF,0x7F,0x7F,0x7F,0xFF,0xFF,0xFF,0xFF,0xF8,0xFB,0xFB,0xFC,0xFF,0xFF,0xFF,0xFF,
    0x7F,0x7F,0x7F,0xFF,0xFF,0xFF,0xFF,0xFF,0x83,0x7F,0xFF,0x7C,0x9E,0x1F,0xFF,0x3F,
    0x9F,0xCF,0xEF,0xD7,0xDC,0xE7,0xF3,0xF8,0xFF,0xFB,0xFB,0xF9,0xF6,0xF7,0xEB,0xDB,
    0xBB,0x7B,0xFB,0xFB,0xFB,0xFB,0xFA,0xF7,0xEC,0xCF,0x9F,0x3F,0xFF,0xFF,0x7F,0x7F,
    0xFF,0xFF,0xFF,0xFF,0xFD,0xF8,0xFF,0x00,0xFF,0xF9,0xFB,0xFC,0xFF,0xFF,0xFF,0xFF,
    0x7F,0xFF,0x3F,0x7F,0xFF,0xFF,0xFF,0xFC,0xF9,0xFB,0xFC,0xFF,0xFF,0xFF,0xFF,0x7F,
    0x3F,0xFE,0xFE,0x7F,0x03,0xF8,0xFF,0xFE,0xFF,0xFF,0xFF,0xFF,0xFF,0xFF,0xFF,0xFF,
    0xFF,0xFF,0xFF,0xFF,0xFF,0xFF,0xFF,0xFF,0xFF,0x78,0x83,0xFF,0xFF,0xFF,0xFF,0xFF,
    0xFF,0xFF,0xFF,0xFE,0x00,0xFF,0xFB,0xFB,0xFC,0xFF,0xFF,0xFF,0xFF,0x7F,0xFF,0x00,
    0xFF,0x3F,0xBF,0x3F,0xFF,0xFF,0xFF,0xFF,0xFC,0xFD,0xFD,0xFC,0xFF,0xFF,0xFF,0x7F,
    0x3F,0xBF,0x3F,0xFF,0xFF,0xFF,0xFF,0xFC,0xFD,0xFD,0x3F,0xC0,0xFB,0xFF,0xFF,0xFF,
    0x7F,0xBF,0xDF,0xEF,0xEF,0xF7,0xF7,0x27,0x8F,0xFF,0xFF,0xFF,0xFF,0x7F,0x8F,0xE7,
    0xFB,0xFC,0xFF,0xFF,0xFF,0xFF,0xFF,0xFF,0x1F,0xCF,0xF3,0xF8,0xFE,0x7F,0xBF,0xBF,
    0x7F,0xFF,0xFF,0xFF,0xFE,0xFC,0xFF,0x00,0xFF,0xFC,0xFD,0xFC,0xFF,0xFF,0xFF,0xFF,
    0x3F,0xBF,0xBF,0x3F,0xFF,0xFF,0xFF,0xFE,0xFC,0xFD,0xFC,0xFF,0xFF,0xFF,0xFF,0x3F,
    0xBF,0xB1,0x34,0xF7,0xE7,0xF3,0xF9,0xFD,0xFE,0xFD,0xFF,0xFF,0xFF,0xFF,0x7F,0xA0,
    0xAF,0x27,0xEF,0xF3,0xF9,0xFC,0xF3,0xE7,0xEF,0xEF,0xEF,0xEF,0xE7,0x67,0x37,0xB7,
    0x36,0xF8,0xF9,0xFB,0xFB,0xFE,0xFD,0xFD,0xFE,0xFF,0xFF,0xFF,0x7F,0x3F,0xFF,0x00,
  },
  {
    0xFF,0xFF,0xFF,0xFF,0xFF,0xFF,0xFF,0xF9,0xF1,0xF7,0xF1,0xFF,0xFF,0xFF,0xFF,0xFF,
    0xFF,0xFF,0xFF,0xFF,0xFF,0xFF,0xFF,0xF1,0x37,0x9F,0xCF,0x0F,0xFF,0xFF,0xFF,0xFF,
    0xFF,0xFF,0xFF,0xFF,0xFF,0xFF,0xF9,0xF7,0xF1,0xF9,0xFF,0xFF,0xFF,0xFF,0xFF,0xFF,
    0xFF,0xFF,0xFF,0xFF,0xFF,0xF1,0xF7,0xF5,0xF9,0xFF,0xFF,0xFF,0xFF,0xFF,0xFF,0xFF,
    0xFF,0xFF,0xFF,0xFF,0xF9,0xF7,0xFF,0x00,0xFF,0xF6,0xF2,0xF8,0xFF,0xFF,0xFF,0xFF,
    0x7F,0x7F,0x7F,0xFF,0xFF,0xFF,0xFF,0xF8,0xF2,0xF2,0xF8,0xFF,0xFF,0xFF,0x1F,0x00,
    0xFE,0xFF,0xFF,0x00,0xFF,0xFF,0xFD,0xF0,0xFA,0xF8,0xFF,0xFF,0xFF,0xFF,0xFF,0x7F,
    0x7F,0xFF,0xFF,0xFF,0xFF,0xF9,0xF2,0xF6,0xF8,0xFF,0xFF,0xFF,0xFF,0xFF,0x7F,0x7F,
    0xFF,0xFF,0xFF,0xFF,0xFD,0xFA,0xF6,0xF8,0xFF,0xFF,0xFF,0xFF,0xFF,0x7F,0xFF,0x00,
    0xFF,0x7F,0x7F,0xFF,0xFF,0xFF,0xFF,0xFC,0xFA,0xFB,0xF8,0xFF,0xFF,0xFF,0xFF,0x7F,
    0x7F,0x7F,0x7F,0xFF,0xFF,0x8F,0x66,0x39,0xBE,0xFC,0xFE,0xFE,0xFD,0xFC,0x7D,0xFB,
    0xFB,0xF7,0xE7,0xEF,0xEF,0x6F,0xE8,0xEB,0xEA,0xEC,0xCF,0xDF,0xDF,0xDF,0xDF,0xDF,
    0xDF,0x5F,0x9F,0xDF,0xFF,0xF8,0xFB,0xFB,0xFC,0xFF,0xFF,0xFF,0xFF,0x7F,0x7F,0x7F,
    0xFF,0xFF,0xFF,0xFF,0xF8,0xFB,0xFF,0x00,0xFF,0xFB,0xFB,0xFC,0xFF,0xFF,0xFF,0x7F,
    0x7F,0x3F,0x7F,0xFF,0xFF,0xFF,0xFF,0xFC,0xFB,0xFB,0xFC,0xFF,0xFF,0xF3,0x28,0xD9,
    0x9D,0xAF,0xEF,0x6F,0x39,0xB2,0xA3,0xB0,0xD9,0x5F,0x5F,0xEF,0xD1,0xDB,0xBA,0x94,
    0x74,0xF4,0xF4,0xF4,0xF4,0xF6,0x7A,0x7B,0x7C,0x3E,0x3F,0x3F,0x3F,0x3F,0x7F,0x7F,
    0x7F,0xFF,0xFF,0xFF,0xFD,0xF8,0xFB,0xF8,0xFF,0xFF,0xFF,0xFF,0x7F,0x7F,0xFF,0x00,
    0xFF,0xBF,0xBF,0x7F,0xFF,0xFF,0xFF,0xFE,0xFD,0xFF,0xFC,0xFF,0xFF,0xFF,0xFF,0x7F,
    0xBF,0xBF,0x7F,0xFF,0xFF,0x73,0x4C,0xCF,0xFF,0xFF,0xFF,0xFF,0xE1,0xDD,0xBD,0x7D,
    0x7D,0x7E,0x7E,0x7E,0xB8,0x83,0xBF,0x87,0xCF,0xB8,0xAF,0xA3,0x79,0x7C,0xFE,0xFF,
    0xFF,0xFF,0xFF,0xFF,0xFF,0xFF,0xFF,0xFF,0xFE,0xFE,0xFD,0xFB,0xE7,0x8F,0x3F,0xFF,
    0xFF,0xFF,0xFF,0xFF,0xFC,0xFD,0xFF,0x00,0xFF,0xFD,0xFD,0xFE,0xFF,0xFF,0xFF,0x7F,
    0xBF,0xBF,0x3F,0xFF,0xFF,0xFF,0xFF,0xFC,0xFD,0xFD,0xFC,0xFF,0xFD,0xF8,0xF0,0x35,
    0xA4,0xA5,0xED,0xE1,0x4B,0x1B,0xFF,0xFE,0xFF,0xFF,0xFF,0xFF,0xFF,0x7F,0xFF,0xFF,
    0xFF,0xFF,0xFF,0xFF,0xFF,0xFF,0xFE,0xFD,0xFB,0x07,0x7F,0xFF,0xFF,0xFF,0xFF,0x9F,
    0xDF,0xFF,0xFF,0xFF,0xFF,0x1F,0xC0,0xFF,0xFF,0xFF,0xFF,0xFF,0x7F,0xBF,0xFF,0x00,
    0xFF,0x9F,0xBF,0x7F,0xFF,0xFF,0xFF,0xFE,0xFC,0xFD,0xFC,0xFF,0xFF,0xFF,0xFF,0x3F,
    0xBF,0xBF,0x3F,0xFF,0xFF,0xFF,0xFF,0xFC,0xFD,0xFD,0xC7,0x00,0xFE,0xFF,0xFF,0xFF,
    0xFF,0xFF,0x77,0x79,0xFE,0xFF,0xFF,0xFF,0xFF,0xFF,0xFF,0xFF,0xFF,0xFF,0xFF,0x7F,
    0x07,0xF9,0x1B,0x2B,0xBF,0xDF,0xCF,0xEF,0xE7,0xF7,0xF3,0xF9,0x7C,0xBE,0xBF,0x3F,
    0xFF,0xFF,0xFF,0xFF,0xFE,0xFD,0xFF,0x00,0xFF,0xFE,0xFE,0xFE,0xFF,0xFF,0xFF,0xBF,
    0x9F,0xDF,0x1F,0xFF,0xFF,0xFF,0xFF,0xFE,0xFC,0xFC,0xFE,0xFF,0xFF,0xFF,0xFF,0x3F,
    0xDF,0x9F,0xF9,0xF3,0xF2,0xF3,0xFB,0xFB,0xFB,0xFB,0xFB,0xFA,0xF2,0xE6,0xE7,0xE7,
    0xE7,0xF7,0xF7,0xF3,0xFB,0xFD,0xFC,0xFE,0xFF,0xFF,0xFE,0xFF,0xFF,0x3F,0xDF,0x9F,
    0x3F,0xFF,0xFF,0xFF,0xFE,0xFE,0xFE,0xFE,0xFF,0xFF,0xFF,0xFF,0x3F,0xDF,0xFF,0x00,
  },
  {
    0x7F,0x7F,0x7F,0xFF,0xFF,0xFF,0xFF,0xF9,0xFB,0xF9,0xFD,0xFF,0xFF,0xFF,0xFF,0x7F,
    0x7F,0x7F,0xFF,0xFF,0xFF,0xFF,0xF9,0xFB,0xF9,0xFD,0xFF,0xFF,0xFF,0xFF,0xFF,0xFF,
    0x7F,0x3F,0xBF,0xFF,0xFF,0xF9,0xF9,0xFB,0xF9,0xFF,0xFF,0xFF,0xFF,0x7F,0x7F,0x7F,
    0xFF,0xFF,0xFF,0xFF,0xF9,0xF9,0xF9,0xF9,0xFF,0xFF,0xFF,0xFF,0x7F,0x7F,0x7F,0xFF,
    0xFF,0xFF,0xFF,0xFD,0xF9,0xF9,0xFF,0x00,0xFB,0xFB,0xFC,0xFF,0xFF,0xFF,0xFF,0x7F,
    0xFF,0x3F,0x7F,0xFF,0xFF,0xFF,0xFC,0xF9,0xFB,0xF8,0xFF,0xFF,0xFF,0xFF,0x7F,0x3F,
    0x3F,0x7F,0xFF,0xFF,0xDF,0x07,0xF9,0xFE,0xFF,0xFF,0x00,0xFF,0xFF,0x7F,0x3F,0x3F,
    0x7F,0xFF,0xFF,0xFF,0xFF,0xF8,0xFB,0xF8,0xFC,0xFF,0xFF,0xFF,0x7F,0x7F,0x3F,0x7F,
    0xFF,0xFF,0xFF,0xFF,0xF8,0xFB,0xFB,0xFC,0xFF,0xFF,0xFF,0x7F,0x7F,0x3F,0xFF,0x00,
    0xFF,0xBF,0x7F,0xFF,0xFF,0xFF,0xFF,0xFC,0xFB,0xF9,0xFC,0xFF,0xFF,0xFF,0x7F,0x3F,
    0xBF,0x7F,0xFF,0xFF,0xFF,0x7F,0x7C,0x3D,0xDD,0xC4,0xEF,0xEF,0xEF,0xF0,0xEF,0xEF,
    0xE7,0xEF,0xB0,0x3F,0x7F,0xFC,0xF9,0xF9,0xFC,0xFF,0xFF,0xFF,0xFF,0x3F,0xBF,0x3F,
    0xFF,0xFF,0xFF,0xFF,0xFC,0xF9,0xFB,0xFC,0xFF,0xFF,0xFF,0xFF,0x7F,0xBF,0x3F,0x7F,
    0xFF,0xFF,0xFF,0xFE,0xFD,0xFB,0xFF,0x00,0xFD,0xFD,0xFC,0xFF,0xFF,0xFF,0xFF,0x3F,
    0xBF,0xBF,0x7F,0xFF,0xFF,0xFF,0xFE,0xFD,0xFD,0xFC,0x7F,0x1F,0xEF,0xE7,0x9D,0x64,
    0x7F,0xFD,0xB3,0x33,0x8F,0xFF,0xFF,0xFF,0xFF,0xFF,0xF7,0x4F,0x9F,0x1E,0x9E,0x9D,
    0x9D,0x5D,0x7D,0x79,0xBB,0x9A,0xCB,0xE3,0xF2,0x7B,0x3F,0xBF,0x9F,0xDF,0xDF,0xCF,
    0xCF,0xCF,0xDF,0xDF,0x9C,0xBD,0x7D,0xFE,0xFF,0xFF,0xFF,0x7F,0xBF,0xBF,0xFF,0x00,
    0xFF,0x9F,0x3F,0xFF,0xFF,0xFF,0xFF,0xFC,0xFD,0xFD,0xFE,0xFF,0xFF,0xFF,0x7F,0xBF,
    0xDF,0x3F,0xF8,0xF7,0x8F,0x6F,0xB7,0xB9,0xFB,0xFE,0xFE,0xFD,0xFD,0x7D,0xFD,0xFD,
    0xFD,0xFD,0xFE,0xFD,0xF5,0xF7,0x0F,0x5E,0xBE,0x3F,0x7F,0xFF,0x1F,0x87,0xF3,0xF9,
    0xFC,0xFE,0xFF,0xFF,0xFF,0xFF,0xFF,0xFF,0xFF,0xFF,0xFB,0xFB,0x03,0xF9,0xBB,0x38,
    0xC3,0xFF,0xFF,0xFE,0xFD,0xFD,0xFF,0x00,0xFF,0xFC,0xFE,0xFF,0xFF,0xFF,0xFF,0x1F,
    0xDF,0xDF,0x3F,0xFF,0xFF,0xFF,0xFE,0xFC,0xFC,0xFE,0xFF,0xFF,0xFF,0xFA,0x39,0xD7,
    0xFF,0xE7,0x0F,0x63,0xF9,0xFE,0xFC,0xFD,0xFB,0xFB,0xF3,0xF7,0xF3,0xFC,0xFD,0xFE,
    0xFF,0xFD,0xFB,0xF6,0x00,0xFF,0xFF,0xFF,0xFF,0xFF,0xFF,0xFF,0xFF,0xFF,0xFF,0xFF,
    0xFF,0xFF,0xFF,0xFF,0x00,0xFF,0xFE,0xFF,0xFF,0xFF,0xFF,0x3F,0x9F,0xDF,0xFF,0x00,
    0xDF,0xDF,0x1F,0xFF,0xFF,0xFF,0xFF,0xFE,0xFE,0xFE,0xFF,0xFF,0xFF,0xFF,0x3F,0x5F,
    0xDF,0x1F,0xFF,0xFF,0xFF,0xFF,0xFE,0xFE,0xFE,0xFF,0x7F,0x0E,0xF1,0xFB,0xFF,0xFF,
    0xFF,0xFF,0xFF,0x3F,0xFF,0xFF,0xFF,0xFF,0xFF,0x1F,0xFF,0xFF,0xFE,0xFF,0x1F,0x7F,
    0x7F,0x7F,0xFF,0xFF,0xFF,0xFF,0xFF,0x7F,0x3F,0x9F,0xCF,0xF0,0x1C,0xDF,0x5F,0x3F,
    0xFF,0xFF,0xFF,0xFF,0xFE,0xFE,0xFF,0x00,0xFE,0xFE,0xFF,0xFF,0xFF,0xFF,0xFF,0xFF,
    0xFF,0xDF,0x9F,0xFF,0xFF,0xFF,0xFF,0xFE,0xFE,0xFE,0xFF,0xFF,0xFF,0xFF,0x1F,0xDF,
    0xDF,0x9F,0xF8,0xF8,0xF3,0xFF,0xF7,0xF7,0xFB,0xFB,0xF2,0xF7,0xE7,0xE7,0xE7,0xF3,
    0xF8,0xFB,0xF9,0xFD,0xFD,0xFE,0xFE,0xFF,0xFF,0xFE,0xFE,0xFE,0x9E,0xDE,0xDE,0x1F,
    0xFF,0xFF,0xFF,0xFF,0xFF,0xFE,0xFE,0xFF,0xFF,0xFF,0xFF,0x9F,0xDF,0xCF,0xFF,0x00,
  },
  {
    0xBF,0x7F,0x7F,0xFF,0xFF,0xFF,0xFD,0xF9,0xF9,0xF9,0xFF,0xFF,0xFF,0xFF,0x7F,0x3F,
    0x7F,0x7F,0xFF,0xFF,0xFF,0xFD,0xF9,0xF9,0xF9,0xFF,0xFF,0xFF,0xFF,0x7F,0xBF,0xFF,
    0x7F,0x7F,0x3F,0xFF,0xFF,0xF9,0xF9,0xF9,0xFD,0xFF,0xFF,0xFF,0x7F,0x3F,0xBF,0x7F,
    0xFF,0xFF,0xFF,0xFF,0xFD,0xF9,0xF9,0xFD,0xFF,0xFF,0xFF,0xFF,0x7F,0xBF,0x7F,0xFF,
    0xFF,0xFF,0xFF,0xFD,0xF9,0xF9,0xFF,0x00,0xFD,0xFD,0xFC,0xFF,0xFF,0xFF,0xFF,0x3F,
    0xBF,0x3F,0xFF,0xFF,0xFF,0xFF,0xFC,0xF9,0xF9,0xFC,0xFF,0xFF,0xFF,0x7F,0x3F,0xBF,
    0x3F,0xFF,0xFF,0xFF,0xFF,0x06,0xF9,0xFC,0xFF,0xFF,0x00,0xFF,0xFF,0x7F,0xBF,0x3F,
    0x7F,0xFF,0xFF,0xFF,0xFC,0xFD,0xFB,0xFC,0xFF,0xFF,0xFF,0xFF,0x7F,0xBF,0xBF,0x7F,
    0xFF,0xFF,0xFF,0xFE,0xFD,0xFB,0xFC,0xFF,0xFF,0xFF,0xFF,0x7F,0xBF,0x3F,0xFF,0x00,
    0xBF,0xBF,0x7F,0xFF,0xFF,0xFF,0xFE,0xFD,0xFD,0xFC,0xFF,0xFF,0xFF,0xFF,0x3F,0xBF,
    0xBF,0x3F,0xFF,0xFF,0xFF,0xFE,0x7C,0x3D,0x9C,0xD7,0xEF,0xEF,0xEF,0xF8,0xEF,0xEF,
    0xE7,0xCF,0xA0,0x7F,0x7F,0xFC,0xFD,0xFD,0xFE,0xFF,0xFF,0xFF,0x7F,0xBF,0xBF,0x3F,
    0xFF,0xFF,0xFF,0xFF,0xFC,0xFD,0xFD,0xFC,0xFF,0xFF,0xFF,0x7F,0xBF,0xBF,0x3F,0x7F,
    0xFF,0xFF,0xFF,0xFC,0xFD,0xFD,0xFF,0x00,0xFD,0xFC,0xFE,0xFF,0xFF,0xFF,0x7F,0x3F,
    0xDF,0x3F,0xFF,0xFF,0xFF,0xFF,0xFE,0xFD,0xFD,0xFE,0x3F,0x8F,0xE7,0xE7,0x9C,0x66,
    0x7F,0xCD,0xB3,0x33,0xCF,0xFF,0xFF,0xFF,0xFF,0xFF,0xE7,0x4F,0x9E,0x9E,0x9C,0x9D,
    0xBD,0xFD,0x79,0x7B,0xBA,0x9A,0xCB,0xE6,0xF7,0x7F,0x3F,0xBF,0x9F,0xDF,0xDF,0xDF,
    0xCF,0xCF,0x5F,0x5E,0x9C,0xBD,0xFC,0xFF,0xFF,0xFF,0xFF,0x3F,0xBF,0xBF,0xFF,0x00,
    0xDF,0xDF,0x3F,0xFF,0xFF,0xFF,0xFF,0xFC,0xFD,0xFE,0xFF,0xFF,0xFF,0xFF,0x3F,0xDF,
    0xDF,0x3F,0xF8,0xE7,0xEF,0x27,0xB3,0xB8,0xFB,0xFE,0xFE,0xFD,0xFD,0x7D,0xFD,0xFD,
    0xFD,0xFD,0xFE,0xF9,0xFD,0xF7,0x8E,0x1E,0x9E,0xBE,0x7F,0x7F,0x1F,0xCF,0xF3,0xF9,
    0xFC,0xFE,0xFF,0xFF,0xFF,0xFF,0xFF,0xFF,0xFF,0xF8,0xC7,0x3F,0xFF,0xDF,0x1F,0xFF,
    0xFF,0xFF,0xFF,0xFE,0xFC,0xFC,0xFF,0x00,0xFE,0xFE,0xFF,0xFF,0xFF,0xFF,0x3F,0x1F,
    0xDF,0x1F,0xFF,0xFF,0xFF,0xFF,0xFE,0xFE,0xFE,0xFE,0xFF,0xFF,0xFF,0xBB,0x19,0xD7,
    0x7F,0xE7,0x0F,0x7F,0xE1,0xFE,0xFC,0xF9,0xFB,0xF3,0xF7,0xF7,0xF1,0xFC,0xFD,0xFE,
    0xFE,0xFD,0xFB,0x76,0x00,0xFF,0xFF,0xFF,0xFF,0xFF,0xFF,0xFF,0xFF,0xFF,0xFF,0xFF,
    0xFF,0xFF,0xFF,0xF0,0x03,0xFF,0xFE,0xFF,0xFF,0xFF,0xFF,0x1F,0xDF,0xDF,0xFF,0x00,
    0xFF,0x4F,0x1F,0xFF,0xFF,0xFF,0xFF,0xFE,0xFE,0xFE,0xFF,0xFF,0xFF,0xFF,0x1F,0xCF,
    0x5F,0x1F,0xFF,0xFF,0xFF,0xFF,0xFE,0xFE,0xFE,0xFF,0x3F,0x8E,0xF1,0xFB,0xFF,0xFF,
    0xFF,0xFF,0xFF,0x3F,0xFF,0xFF,0xFF,0xFF,0xFF,0x1F,0xFF,0xFF,0xFE,0xDF,0x3F,0x7F,
    0x7F,0xFF,0xFF,0xFF,0xFF,0xFF,0xFF,0x7F,0x3F,0x9F,0xCF,0xF1,0x5C,0xCF,0x1F,0xFF,
    0xFF,0xFF,0xFF,0xFF,0xFE,0xFE,0xFF,0x00,0xFF,0xFE,0xFF,0xFF,0xFF,0xFF,0x9F,0x8F,
    0xEF,0x8F,0xFF,0xFF,0xFF,0xFF,0xFF,0xFE,0xFE,0xFF,0xFF,0xFF,0xFF,0xFF,0x8F,0xEF,
    0x8F,0xDF,0xF8,0xF9,0xF3,0xF7,0xF7,0xF7,0xFB,0xFB,0xF0,0xF7,0xE7,0xEF,0xE7,0xF3,
    0xF8,0xFB,0xF9,0xFD,0xFD,0xFE,0xFE,0xFF,0xFE,0xFE,0xFE,0xFE,0x9C,0xEE,0xEE,0x9E,
    0xFF,0xFF,0xFF,0xFF,0xFF,0xFE,0xFF,0xFF,0xFF,0xFF,0xFF,0x9F,0xEF,0xEF,0xFF,0x00,
  },
  {
    0xBF,0x3F,0xFF,0xFF,0xFF,0xFF,0xFD,0xFD,0xFD,0xFF,0xFF,0xFF,0xFF,0x7F,0xBF,0xBF,
    0x3F,0xFF,0xFF,0xFF,0xFF,0xFD,0xFD,0xFD,0xFF,0xFF,0xFF,0xFF,0x7F,0x3F,0xBF,0xFF,
    0x7F,0x7F,0x3F,0xFF,0xFD,0xFD,0xFD,0xFD,0xFF,0xFF,0xFF,0xFF,0x3F,0xBF,0x3F,0x7F,
    0xFF,0xFF,0xFF,0xFF,0xFD,0xFD,0xFD,0xFF,0xFF,0xFF,0xFF,0x3F,0xBF,0xBF,0x7F,0xFF,
    0xFF,0xFF,0xFF,0xFD,0xFD,0xFD,0xFF,0x00,0xFC,0xFE,0xFF,0xFF,0xFF,0xFF,0x3F,0x9F,
    0xBF,0x7F,0xFF,0xFF,0xFF,0xFE,0xFC,0xFD,0xFE,0xFF,0xFF,0xFF,0xFF,0x3F,0xDF,0xBF,
    0x3F,0xFF,0xFF,0xFF,0xFF,0x07,0xF9,0xFC,0xFE,0xFF,0x00,0xFF,0xFF,0xBF,0xBF,0x3F,
    0xFF,0xFF,0xFF,0xFF,0xFC,0xFD,0xFE,0xFF,0xFF,0xFF,0xFF,0x3F,0xBF,0x9F,0x3F,0xFF,
    0xFF,0xFF,0xFF,0xFE,0xFD,0xFC,0xFE,0xFF,0xFF,0xFF,0x7F,0xBF,0x9F,0x3F,0xFF,0x00,
    0xDF,0x3F,0xFF,0xFF,0xFF,0xFF,0xFE,0xFC,0xFE,0xFF,0xFF,0xFF,0xFF,0x3F,0xDF,0xDF,
    0x3F,0xFF,0xFF,0xFF,0xFF,0x7E,0x7E,0x3E,0x9E,0xD7,0xEF,0xEF,0xEF,0xF8,0xEF,0xEF,
    0xCF,0xCF,0xA0,0x7F,0x7F,0xFE,0xFE,0xFE,0xFF,0xFF,0xFF,0x3F,0x3F,0xDF,0x1F,0x7F,
    0xFF,0xFF,0xFF,0xFE,0xFE,0xFE,0xFE,0xFF,0xFF,0xFF,0xFF,0x1F,0xDF,0xDF,0x3F,0xFF,
    0xFF,0xFF,0xFF,0xFE,0xFE,0xFE,0xFF,0x00,0xFE,0xFE,0xFF,0xFF,0xFF,0xFF,0x1F,0xDF,
    0x5F,0x3F,0xFF,0xFF,0xFF,0xFF,0xFE,0xFE,0xFE,0xFF,0x3F,0x8F,0xE7,0xE7,0x9D,0x64,
    0x7F,0xCF,0xB7,0x37,0xCF,0xFF,0xFF,0xFF,0xFF,0xFF,0xE7,0xDF,0xBE,0xBE,0xBD,0xBD,
    0xBD,0xF9,0xFB,0x7B,0x3A,0xB2,0xD6,0xE7,0xF7,0x7F,0x3F,0xBF,0xDF,0xDF,0x5F,0x9F,
    0xDF,0xCF,0xFF,0xFE,0xFE,0xFE,0xFF,0xFF,0xFF,0xFF,0x3F,0x5F,0xDF,0x1F,0xFF,0x00,
    0x5F,0x1F,0xFF,0xFF,0xFF,0xFF,0xFF,0xFE,0xFE,0xFF,0xFF,0xFF,0xFF,0x9F,0x5F,0x4F,
    0x1F,0xFF,0xF8,0x27,0xAF,0x37,0xBB,0xF8,0xFB,0xFE,0xFE,0xFD,0xFD,0x7D,0xFD,0xFD,
    0xFD,0xFD,0xFE,0xFA,0xFB,0xF6,0xCE,0x1E,0xDE,0xBE,0x7E,0x7F,0x7F,0x8F,0xE3,0xF9,
    0xFC,0xFE,0xFF,0xFF,0xFF,0xFD,0xFE,0xFC,0xF1,0xE7,0x1F,0x7F,0xEF,0x5F,0x3F,0xFF,
    0xFF,0xFF,0xFF,0xFE,0xFE,0xFF,0xFF,0x00,0xFF,0xFF,0xFF,0xFF,0xFF,0xFF,0x0F,0x6F,
    0x4F,0x9F,0xFF,0xFF,0xFF,0xFF,0xFF,0xFF,0xFF,0xFF,0xFF,0xFF,0xF8,0x0D,0x71,0x6F,
    0xBF,0xEF,0x0F,0xEF,0xE1,0xFC,0xFC,0xFB,0xF3,0xF7,0xFF,0xF3,0xF9,0xFC,0xFD,0xFD,
    0xFC,0xFD,0xFB,0x26,0x20,0xFF,0xFF,0xFF,0xFF,0xFF,0xFF,0xFF,0xFF,0xFF,0xFF,0xFF,
    0xFF,0xFF,0xFF,0x00,0x07,0xFF,0xFF,0xFF,0xFF,0xFF,0x9F,0x4F,0x6F,0x0F,0xFF,0x00,
    0x6F,0x8F,0xFF,0xFF,0xFF,0xFF,0xFF,0xFF,0xFF,0xFF,0xFF,0xFF,0xFF,0x9F,0x2F,0x6F,
    0x8F,0xFF,0xFF,0xFF,0xFF,0xFF,0xFF,0xFF,0xFF,0xFF,0x1F,0x8E,0xF1,0xFF,0xFF,0xFF,
    0xFF,0xFF,0x7F,0xBF,0xFF,0xFF,0xFF,0xFF,0xFF,0x1F,0xFF,0xFF,0xFF,0xBF,0x3F,0x7F,
    0xFF,0xFF,0xFF,0xFF,0xFF,0xFF,0xFF,0xFF,0x7F,0x3F,0xDF,0xE0,0x7C,0x0F,0xBF,0xFF,
    0xFF,0xFF,0xFF,0xFF,0xFF,0xFF,0xFF,0x00,0xFF,0xFF,0xFF,0xFF,0xFF,0xFF,0x8F,0xA7,
    0xAF,0xDF,0xFF,0xFF,0xFF,0xFF,0xFF,0xFF,0xFF,0xFF,0xFF,0xFF,0xFF,0x8F,0xBF,0xA7,
    0x8F,0xFF,0xF8,0xF9,0xF3,0xF7,0xF7,0xF7,0xFB,0xFB,0xF0,0xF7,0xA7,0xAF,0xA7,0x93,
    0xF8,0xFB,0xF9,0xFD,0xFD,0xFE,0xFF,0xFF,0xFE,0xFC,0xFD,0x8D,0xAD,0xA5,0x8C,0xFE,
    0xFF,0xFF,0xFF,0xFF,0xFF,0xFF,0xFF,0xFF,0xFF,0xFF,0xDF,0xAF,0xA7,0x8F,0xFF,0x00,
  },
  {
    0x1F,0x7F,0xFF,0xFF,0xFF,0xFF,0xFD,0xFD,0xFE,0xFF,0xFF,0xFF,0xFF,0x1F,0xDF,0x1F,
    0xFF,0xFF,0xFF,0xFF,0xFF,0xFC,0xFD,0xFE,0xFF,0xFF,0xFF,0xFF,0x1F,0xDF,0xDF,0xFF,
    0x7F,0x7F,0x3F,0xFF,0xFC,0xFD,0xFE,0xFF,0xFF,0xFF,0xFF,0x3F,0xDF,0xDF,0x3F,0xFF,
    0xFF,0xFF,0xFF,0xFC,0xFD,0xFC,0xFF,0xFF,0xFF,0xFF,0x3F,0xDF,0xDF,0x3F,0xFF,0xFF,
    0xFF,0xFF,0xFC,0xFD,0xFE,0xFF,0xFF,0x00,0xFE,0xFF,0xFF,0xFF,0xFF,0x1F,0xDF,0xDF,
    0x1F,0xFF,0xFF,0xFF,0xFF,0xFE,0xFE,0xFE,0xFF,0xFF,0xFF,0xFF,0x3F,0x5F,0xDF,0x1F,
    0xFF,0xFF,0xFF,0xFF,0xFE,0x07,0xFB,0xFC,0xFE,0xFF,0x00,0xFF,0xDF,0xDF,0x1F,0xFF,
    0xFF,0xFF,0xFF,0xFE,0xFE,0xFE,0xFF,0xFF,0xFF,0xFF,0x3F,0x5F,0xDF,0x1F,0xFF,0xFF,
    0xFF,0xFF,0xFF,0xFE,0xFE,0xFF,0xFF,0xFF,0xFF,0xFF,0x1F,0xDF,0x5F,0x3F,0xFF,0x00,
    0x1F,0xFF,0xFF,0xFF,0xFF,0xFF,0xFE,0xFE,0xFF,0xFF,0xFF,0xFF,0xFF,0x1F,0x4F,0x5F,
    0xBF,0xFF,0xFF,0xFF,0xFF,0x7E,0x7E,0x3F,0x9F,0xD7,0xEF,0xEF,0xEF,0xF8,0xEF,0xEF,
    0xCF,0xCF,0xA0,0x7F,0x7F,0xFE,0xFF,0xFF,0xFF,0xFF,0xFF,0x1F,0x6F,0x4F,0x1F,0xFF,
    0xFF,0xFF,0xFF,0xFE,0xFE,0xFE,0xFF,0xFF,0xFF,0xFF,0x1F,0x4F,0x4F,0x1F,0xFF,0xFF,
    0xFF,0xFF,0xFF,0xFE,0xFE,0xFF,0xFF,0x00,0xFF,0xFF,0xFF,0xFF,0xFF,0x1F,0x6F,0x6F,
    0x9F,0xFF,0xFF,0xFF,0xFF,0xFF,0xFF,0xFF,0xFF,0xFF,0x3F,0x8F,0xE7,0xE7,0x1D,0x64,
    0x7F,0xCF,0xB7,0x37,0xCF,0xFF,0xFF,0xFF,0xFF,0xFF,0xE7,0xDF,0xBE,0xBE,0xBD,0xBD,
    0xBD,0xF9,0xFB,0x7B,0x3A,0xB3,0xD7,0xE7,0xF7,0x77,0x3F,0xBF,0xDF,0xDF,0x5F,0x9F,
    0xDF,0xCF,0xFF,0xFF,0xFE,0xFF,0xFF,0xFF,0xFF,0xFF,0x0F,0x6F,0x4F,0x9F,0xFF,0x00,
    0x0F,0xFF,0xFF,0xFF,0xFF,0xFF,0xFF,0xFF,0xFF,0xFF,0xFF,0xFF,0xFF,0x0F,0x6F,0x0F,
    0xDF,0xFF,0xF8,0x27,0xA7,0x37,0xBB,0xF8,0xFB,0xFE,0xFE,0xFD,0xFD,0x7D,0xFD,0xFD,
    0xFD,0xFD,0xFE,0xFA,0xFB,0xF6,0xCE,0x1E,0xDE,0xBE,0x7E,0x7F,0x7F,0x8F,0xF3,0xF9,
    0xFC,0xFE,0xFF,0xFF,0xFF,0xFD,0xFE,0xFC,0xF1,0xE7,0x1F,0x7F,0xEF,0x8F,0xFF,0xFF,
    0xFF,0xFF,0xFF,0xFF,0xFF,0xFF,0xFF,0x00,0xFF,0xFF,0xFF,0xFF,0xFF,0x8F,0x2F,0x27,
    0x8F,0xFF,0xFF,0xFF,0xFF,0xFF,0xFF,0xFF,0xFF,0xFF,0xFF,0xFF,0x88,0x2D,0x71,0xAF,
    0xFF,0xEF,0x0F,0xEF,0xE1,0xFC,0xFC,0xFB,0xF3,0xF7,0xFF,0xF3,0xF9,0xFC,0xFD,0xFD,
    0xFC,0xFD,0xFB,0x36,0x20,0xFF,0xFF,0xFF,0xFF,0xFF,0xFF,0xFF,0xFF,0xFF,0xFF,0xFF,
    0xFF,0xFF,0xFF,0x00,0x07,0xFF,0xFF,0xFF,0xFF,0xFF,0x8F,0x67,0xAF,0xDF,0xFF,0x00,
    0x87,0xFF,0xFF,0xFF,0xFF,0xFF,0xFF,0xFF,0xFF,0xFF,0xFF,0xFF,0xFF,0x87,0xB7,0x87,
    0xDF,0xFF,0xFF,0xFF,0xFF,0xFF,0xFF,0xFF,0xFF,0xFF,0x1F,0x8E,0xF3,0xFF,0xFF,0xFF,
    0xFF,0xFF,0x7F,0xBF,0xFF,0xFF,0xFF,0xFF,0xFD,0x19,0xFF,0xFF,0xFF,0xBF,0x3F,0x7F,
    0xFF,0xFF,0xFF,0xFF,0xFF,0xFF,0xFF,0xFF,0x7F,0x3F,0xDF,0xE0,0xBC,0x8F,0xFF,0xFF,
    0xFF,0xFF,0xFF,0xFF,0xFF,0xFF,0xFF,0x00,0xFF,0xFF,0xFF,0xFF,0xFF,0xC7,0xB7,0xB7,
    0xCF,0xFF,0xFF,0xFF,0xFF,0xFF,0xFF,0xFF,0xFF,0xFF,0xFF,0xFF,0xCF,0xB7,0xB7,0x87,
    0xFF,0xFF,0xF8,0xF9,0xF3,0xF7,0xF7,0xF7,0xFB,0xFB,0xF0,0xF7,0xA7,0xAF,0xA7,0xF3,
    0xF8,0xFB,0xF9,0xFD,0xFD,0xFE,0xFF,0xFF,0xFE,0xFC,0xFD,0x85,0xB5,0x85,0xDC,0xFE,
    0xFF,0xFF,0xFF,0xFF,0xFF,0xFF,0xFF,0xFF,0xFF,0xFF,0x87,0xB7,0x97,0xCF,0xFF,0x00,
  },
  {
    0x1F,0xFF,0xFF,0xFF,0xFF,0xFE,0xFE,0xFE,0xFF,0xFF,0xFF,0xFF,0x3F,0x5F,0xDF,0x1F,
    0xFF,0xFF,0xFF,0xFF,0xFE,0xFE,0xFE,0xFF,0xFF,0xFF,0xFF,0xBF,0x1F,0xDF,0x1F,0xFF,
    0xFF,0xFF,0xFF,0xFF,0xFF,0xFF,0xFF,0xFF,0xFF,0xFF,0xFF,0x1F,0xDF,0x1F,0xBF,0xFF,
    0xFF,0xFF,0xFF,0xFF,0xFF,0xFF,0xFF,0xFF,0xFF,0xFF,0x1F,0xDF,0xDF,0x3F,0xFF,0xFF,
    0xFF,0xFF,0xFE,0xFE,0xFE,0xFF,0xFF,0x00,0xFF,0xFF,0xFF,0xFF,0xFF,0x1F,0x6F,0x5F,
    0xBF,0xFF,0xFF,0xFF,0xFF,0xFE,0xFE,0xFF,0xFF,0xFF,0xFF,0xFF,0x1F,0x4F,0x5F,0x9F,
    0xFF,0xFF,0xFF,0xFF,0xFF,0x7E,0xFF,0x7F,0x3F,0x7F,0x3F,0x3F,0xDF,0xCF,0x1F,0xFF,
    0xFF,0xFF,0xFF,0xFE,0xFE,0xFF,0xFF,0xFF,0xFF,0xFF,0x1F,0x4F,0x6F,0x1F,0xFF,0xFF,
    0xFF,0xFF,0xFF,0xFE,0xFE,0xFF,0xFF,0xFF,0xFF,0x9F,0x5F,0x6F,0x1F,0xFF,0xFF,0x00,
    0x1F,0xFF,0xFF,0xFF,0xFF,0xFF,0xFF,0xFF,0xFF,0xFF,0xFF,0xFF,0x9F,0x7F,0x67,0xC3,
    0xDB,0xBB,0xBB,0x3B,0x3B,0x3B,0x39,0x3D,0xBD,0x3D,0xFD,0xFC,0xFE,0xFE,0xFF,0xFF,
    0xFF,0xFE,0xFF,0xFE,0xFC,0xFD,0xF9,0x7B,0xFB,0xFB,0xFB,0xFB,0xFB,0xF3,0x73,0x73,
    0xB3,0xCB,0xE3,0xF3,0xFF,0xFF,0xFF,0xFF,0xFF,0xFF,0x0F,0x6F,0x4F,0x9F,0xFF,0xFF,
    0xFF,0xFF,0xFF,0xFF,0xFF,0xFF,0xFF,0x00,0xFF,0xFF,0xFF,0xFF,0xFF,0x0F,0x6F,0x0F,
    0x9F,0xFF,0xFF,0xFF,0xFF,0xFF,0xFF,0xFF,0xFF,0xFF,0xFF,0xFF,0x9F,0xEF,0x6F,0x3F,
    0xA7,0x98,0xD7,0xF7,0xEF,0xEF,0xCF,0xEF,0xEF,0xEF,0xE7,0xE7,0xE7,0xE7,0xD1,0xBA,
    0x7E,0xFE,0xFE,0xFE,0xFE,0xFE,0xFE,0xFF,0xFF,0xFF,0x9F,0x2F,0x6F,0x8F,0xFF,0xFF,
    0xFF,0xFF,0xFF,0xFF,0xFF,0xFF,0xFF,0xFF,0xFF,0x9F,0x2F,0x6F,0x8F,0xFF,0xFF,0x00,
    0x8F,0xFF,0xFF,0xFF,0xFF,0xFF,0xFF,0xFF,0xFF,0xFF,0xFF,0xFF,0x8F,0xAF,0xA7,0x8F,
    0xFF,0xFF,0xFF,0xFF,0xFB,0xF0,0xF7,0xF2,0xAF,0x7F,0xFF,0x3F,0x8F,0x8F,0x7F,0xFF,
    0x7F,0x7F,0xBF,0x9F,0xDF,0x8F,0xBF,0x5F,0x1F,0xF0,0xF9,0x8F,0xA7,0xAF,0xDF,0xFF,
    0xFF,0xFF,0xFF,0xFF,0xFF,0xFF,0xFF,0xFF,0xFF,0xFF,0x8F,0x27,0xAF,0x8F,0xFF,0xFF,
    0xFF,0xFF,0xFF,0xFF,0xFF,0xFF,0xFF,0x00,0xFF,0xFF,0xFF,0xFF,0xFF,0x87,0xB7,0x87,
    0xCF,0xFF,0xFF,0xFF,0xFF,0xFF,0xFF,0xFF,0xFF,0xFF,0xFF,0xFF,0x8F,0xB7,0xA7,0xEF,
    0x7F,0x01,0xFC,0xFE,0x1F,0xE7,0xFD,0xFE,0xFE,0xFF,0xFF,0xFF,0xFF,0xFF,0xFF,0xFF,
    0xFF,0xFC,0xF9,0xF3,0xCF,0x9F,0x7F,0xFF,0xFF,0xFF,0xCF,0xB7,0xF7,0x4F,0x7F,0x3F,
    0xDF,0xFF,0xFF,0xFF,0xFF,0xFF,0xFF,0xFF,0xFF,0xCF,0x87,0xB7,0x8F,0xFF,0xFF,0x00,
    0x87,0xFF,0xFF,0xFF,0xFF,0xFF,0xFF,0xFF,0xFF,0xFF,0xFF,0xFF,0xCF,0xB7,0xB7,0xC7,
    0xFF,0xFF,0xFF,0xFF,0xFF,0xFF,0xFF,0xFF,0xF0,0xC6,0x9F,0x3F,0xF8,0xA7,0x9F,0xBF,
    0x7F,0xFF,0xFF,0xFF,0xFF,0xFF,0xFF,0xFF,0xFF,0xFF,0xFF,0xFF,0xFF,0xFF,0xFF,0xFE,
    0xFD,0xFD,0xFD,0xFD,0xFE,0x7E,0x9F,0xC0,0xFF,0xFF,0xC7,0xB7,0x97,0xCF,0xFF,0xFF,
    0xFF,0xFF,0xFF,0xFF,0xFF,0xFF,0xFF,0x00,0xFF,0xFF,0xFF,0xFF,0xFF,0xC7,0x93,0xD7,
    0xEF,0xFF,0xFF,0xFF,0xFF,0xFF,0xFF,0xFF,0xFF,0xFF,0xFF,0xFF,0xC7,0x97,0xD7,0xEF,
    0xFF,0xFF,0xFF,0xFC,0xF9,0xFB,0xF3,0xF7,0xF7,0xF0,0xF5,0xE5,0xF3,0xF3,0xFB,0xFB,
    0xFB,0xFB,0xF3,0xF3,0xF3,0xF3,0xFB,0xFB,0xFB,0xF9,0xCD,0xD5,0x96,0xC6,0xFF,0xFF,
    0xFF,0xFF,0xFF,0xFF,0xFF,0xFF,0xFF,0xFF,0xFF,0xE7,0xD7,0xD3,0xC7,0xFF,0xFF,0x00,
  },
  {
    0xFF,0xFF,0xFF,0xFF,0xFF,0xFF,0xFF,0xFF,0xFF,0xFF,0xFF,0xBF,0x0F,0x6F,0x0F,0xFF,
    0xFF,0xFF,0xFF,0xFF,0xFF,0xFF,0xFF,0xFF,0xFF,0xFF,0xFF,0x0F,0x6F,0x0F,0xFF,0x3F,
    0x81,0xFB,0xF9,0xE7,0x0F,0xFF,0xFF,0xFF,0xFF,0xFF,0x0F,0x6F,0x6F,0x9F,0xFF,0xFF,
    0xFF,0xFF,0xFF,0xFF,0xFF,0xFF,0xFF,0xFF,0xFF,0x1F,0x6F,0x6F,0x9F,0xFF,0xFF,0xFF,
    0xFF,0xFF,0xFF,0xFF,0xFF,0xFF,0xFF,0x00,0xFF,0xFF,0xFF,0xFF,0x8F,0x6F,0x2F,0x9F,
    0xFF,0xFF,0xFF,0xFF,0xFF,0xFF,0xFF,0xFF,0xFF,0xFF,0xFF,0x8F,0x6F,0x6F,0x8F,0xFF,
    0xFF,0x7F,0x7F,0x3F,0xDF,0xCF,0xF1,0xE4,0xEF,0xEF,0xFF,0xE7,0xF8,0xCE,0xAF,0xFF,
    0xFF,0xFF,0xFF,0xFF,0xFF,0xFF,0xFF,0xFF,0xFF,0x9F,0x2F,0x6F,0x8F,0xFF,0xFF,0xFF,
    0xFF,0xFF,0xFF,0xFF,0xFF,0xFF,0xFF,0xFF,0xDF,0x0F,0x6F,0x8F,0xDF,0xFF,0xFF,0x00,
    0xFF,0xFF,0xFF,0xFF,0xFF,0xFF,0xFF,0xFF,0xFF,0xFF,0xFF,0xDF,0x8F,0xB7,0xEF,0xBF,
    0x9F,0x4F,0x67,0x77,0xFB,0xFB,0x7D,0x7D,0x7E,0x3E,0xBF,0x3F,0x9F,0xDF,0xE7,0xFB,
    0xFF,0xFF,0x07,0xBB,0x83,0xFF,0x1F,0xE8,0xF5,0xED,0x0F,0xFF,0xEF,0x8F,0xFF,0xFF,
    0xFF,0xFF,0xFF,0xFF,0xFF,0xFF,0xFF,0xFF,0xFF,0x8F,0xA7,0xA7,0x8F,0xFF,0xFF,0xFF,
    0xFF,0xFF,0xFF,0xFF,0xFF,0xFF,0xFF,0x00,0xFF,0xFF,0xFF,0xFF,0x8F,0xB7,0xB7,0xCF,
    0xFF,0xFF,0xFF,0xFF,0xFF,0xFF,0xFF,0xFF,0xFF,0xFF,0xFF,0xCE,0xB6,0xB6,0xFE,0x8E,
    0xBB,0x79,0xFD,0xFE,0x06,0xF4,0xFD,0xFD,0xFD,0xFD,0xFD,0xFB,0xF9,0xF6,0xE6,0xDF,
    0xDF,0x4F,0x30,0xFF,0xFF,0xFF,0xFF,0xFF,0xFF,0xDF,0x87,0xB7,0x8F,0xFF,0xFF,0xFF,
    0xFF,0xFF,0xFF,0xFF,0xFF,0xFF,0xFF,0xFF,0xFF,0x87,0xB7,0x87,0xCF,0xFF,0xFF,0x00,
    0xFF,0xFF,0xFF,0xFF,0xFF,0xFF,0xFF,0xFF,0xFF,0xFF,0xFF,0xCF,0x97,0x97,0xC7,0xFF,
    0xFF,0xFF,0xFF,0xFF,0xFF,0x7F,0x7F,0x7F,0xBF,0xB1,0x33,0x47,0x5F,0x47,0x7F,0xCF,
    0xE7,0xE7,0xCF,0xDF,0xCF,0xDF,0xC7,0xF3,0xEF,0x18,0xFF,0xB6,0xB7,0xCF,0xFF,0xFF,
    0xFF,0xFF,0xFF,0xFF,0xFF,0xFF,0xFF,0xFF,0xFF,0xCF,0xB7,0xB7,0xCF,0xFF,0xFF,0xFF,
    0xFF,0xFF,0xFF,0xFF,0xFF,0xFF,0xFF,0x00,0xFF,0xFF,0xFF,0xFF,0xC7,0xD3,0xD7,0xC7,
    0xFF,0xFF,0xFF,0xFF,0xFF,0xFF,0x3F,0x1F,0xCF,0xF3,0xFB,0xFD,0xEC,0xF6,0xFB,0xFD,
    0xFD,0xFE,0xFE,0xFF,0xC7,0x3D,0xFE,0xFF,0xFF,0xFF,0xFF,0xFF,0xFF,0xFF,0xFF,0xFF,
    0xFF,0xE0,0x07,0xFF,0xFF,0xFF,0xFF,0xFF,0xFF,0xCF,0xC7,0x9B,0xC7,0xFF,0xFF,0xFF,
    0xFF,0xFF,0xFF,0xFF,0xFF,0xFF,0xFF,0xFF,0xFF,0xC7,0x93,0xC7,0xEF,0xFF,0xFF,0x00,
    0xFF,0xFF,0xFF,0xFF,0xFF,0xFF,0xFF,0xFF,0xFF,0xFF,0xFF,0xE7,0xDF,0xF3,0xCC,0x9F,
    0xBF,0x7F,0x7F,0xFF,0xFF,0xFF,0xFF,0xFF,0x7F,0x7F,0x3F,0x9F,0xE7,0xF8,0xFF,0xFF,
    0xFF,0xFF,0xFF,0xFF,0xFF,0xFF,0xFF,0xFF,0x7F,0x3F,0x9C,0xE0,0xFF,0xFF,0xFF,0xFF,
    0xFF,0xFF,0xFF,0xFF,0xFF,0xFF,0xFF,0xFF,0xFF,0xC7,0xDB,0xDB,0xC7,0xFF,0xFF,0xFF,
    0xFF,0xFF,0xFF,0xFF,0xFF,0xFF,0xFF,0x00,0xFF,0xFF,0xFF,0xFF,0xE3,0xDB,0xDB,0xE7,
    0xFF,0xFF,0xFF,0xFF,0xFF,0xFF,0xFF,0xFF,0xFF,0xFF,0xFE,0xE6,0xDC,0xDC,0xE4,0xFE,
    0xFE,0xFF,0xF8,0xF1,0xE7,0xE7,0xEF,0xEF,0xF1,0xF6,0xF6,0xF6,0xF5,0xF5,0xF5,0xF2,
    0xFC,0xFF,0xFF,0xFF,0xFF,0xFF,0xFF,0xFF,0xFF,0xE7,0xCB,0xDB,0xE3,0xFF,0xFF,0xFF,
    0xFF,0xFF,0xFF,0xFF,0xFF,0xFF,0xFF,0xFF,0xFF,0xC3,0xDB,0xC3,0xF7,0xFF,0xFF,0x00,
  },
  {
    0xFF,0xFF,0xFF,0xFF,0xFF,0xFF,0xFF,0xFF,0xFF,0xFF,0xFF,0x8F,0x2F,0x2F,0x8F,0xFF,
    0xFF,0xFF,0xFF,0xFF,0xFF,0xFF,0xFF,0xFF,0xFF,0xFF,0x9F,0x6F,0x6F,0x8F,0xFF,0xFF,
    0xFF,0x3F,0x9F,0xE7,0xF9,0xFD,0x03,0x1F,0xFF,0xDF,0x0F,0x6F,0x8F,0xFF,0xFF,0xFF,
    0xFF,0xFF,0xFF,0xFF,0xFF,0xFF,0xFF,0xFF,0xFF,0x8F,0x6F,0x0F,0xDF,0xFF,0xFF,0xFF,
    0xFF,0xFF,0xFF,0xFF,0xFF,0xFF,0xFF,0x00,0xFF,0xFF,0xFF,0xDF,0x8F,0x2F,0x8F,0xFF,
    0xFF,0xFF,0xFF,0xFF,0xFF,0xFF,0xFF,0xFF,0xFF,0xFF,0xFF,0x8F,0xAF,0x87,0xDF,0x7F,
    0x7F,0x7F,0xBF,0xBF,0xDF,0xEF,0xE7,0xE3,0xE4,0xF6,0xF7,0xFF,0xEF,0xD3,0xA8,0xFE,
    0xFF,0xFF,0xFF,0xFF,0xFF,0xFF,0xFF,0xFF,0xFF,0x8F,0xA7,0xB7,0x8F,0xFF,0xFF,0xFF,
    0xFF,0xFF,0xFF,0xFF,0xFF,0xFF,0xFF,0xFF,0x8F,0xA7,0xB7,0x8F,0xFF,0xFF,0xFF,0x00,
    0xFF,0xFF,0xFF,0xFF,0xFF,0xFF,0xFF,0xFF,0xFF,0xFF,0xFF,0xCF,0xBF,0xBB,0xF3,0xE9,
    0xED,0xDD,0xDD,0x9D,0xBC,0x9E,0xDE,0xDE,0xDF,0xCF,0x2F,0x57,0xEB,0xF7,0xFB,0xFF,
    0xFF,0xCF,0x17,0xBB,0xC3,0xFF,0x1B,0xE8,0xF5,0xE7,0x0F,0xF7,0x87,0xFF,0xFF,0xFF,
    0xFF,0xFF,0xFF,0xFF,0xFF,0xFF,0xFF,0xFF,0xFF,0x87,0xB7,0x87,0xFF,0xFF,0xFF,0xFF,
    0xFF,0xFF,0xFF,0xFF,0xFF,0xFF,0xFF,0x00,0xFF,0xFF,0xFF,0xEF,0x87,0xB7,0x87,0xFF,
    0xFF,0xFF,0xFF,0xFF,0xFF,0xFF,0xFF,0xFF,0xFF,0xFF,0xFF,0x87,0xB7,0x87,0xFF,0xC7,
    0xBA,0xFC,0xFF,0x8E,0xF2,0xFE,0xFC,0xFC,0xFD,0xFD,0xFF,0xFB,0xF9,0xF6,0xE6,0x9F,
    0xEF,0x67,0x30,0x7F,0xFF,0xFF,0xFF,0xFF,0xFF,0xC7,0xB7,0xB7,0xC7,0xFF,0xFF,0xFF,
    0xFF,0xFF,0xFF,0xFF,0xFF,0xFF,0xFF,0xFF,0xCF,0x97,0xB7,0xC7,0xFF,0xFF,0xFF,0x00,
    0xFF,0xFF,0xFF,0xFF,0xFF,0xFF,0xFF,0xFF,0xFF,0xFF,0xFF,0xC7,0xD7,0xD7,0xC7,0xFF,
    0xFF,0x7F,0x7F,0x7F,0xBF,0xBF,0xBF,0xBF,0xBF,0x70,0x73,0xC7,0xEF,0xE7,0xDF,0xEF,
    0xE7,0xF3,0xE7,0xEF,0xDF,0xCF,0xE7,0xF1,0xAF,0x10,0xFF,0x97,0xC7,0xFF,0xFF,0xFF,
    0xFF,0xFF,0xFF,0xFF,0xFF,0xFF,0xFF,0xFF,0xFF,0xC7,0x93,0xC7,0xEF,0xFF,0xFF,0xFF,
    0xFF,0xFF,0xFF,0xFF,0xFF,0xFF,0xFF,0x00,0xFF,0xFF,0xFF,0xEF,0xC3,0xDB,0xC3,0xFF,
    0xFF,0xFF,0x3F,0x8F,0xE7,0xF3,0xF9,0xBC,0xBE,0xDE,0xDF,0xEF,0xF7,0xF3,0xFD,0xFF,
    0x00,0xFC,0x0F,0xFF,0xFF,0xFF,0xFF,0xFF,0xFF,0xFF,0xFF,0xFF,0xFF,0xFF,0xFF,0xFF,
    0xFF,0xE0,0x0F,0xFF,0xFF,0xFF,0xFF,0xFF,0xFF,0xC7,0xDB,0xDB,0xE7,0xFF,0xFF,0xFF,
    0xFF,0xFF,0xFF,0xFF,0xFF,0xFF,0xFF,0xFF,0xE7,0xDB,0xDB,0xC7,0xFF,0xFF,0xFF,0x00,
    0xFF,0xFF,0xFF,0xFF,0xFF,0xFF,0xFF,0xFF,0xFF,0xFF,0xF0,0xCF,0xBF,0x7F,0xFF,0xFF,
    0xFF,0xFF,0xFF,0xFF,0xFF,0xFF,0xFF,0x1F,0x80,0xF7,0x00,0xFF,0xFF,0xFF,0xFF,0xFF,
    0xFF,0xFF,0xFF,0xFF,0xFF,0xFF,0xFF,0xFF,0x7F,0x3F,0x9E,0xE0,0xFF,0xFF,0xFF,0xFF,
    0xFF,0xFF,0xFF,0xFF,0xFF,0xFF,0xFF,0xFF,0xFF,0xC3,0xDB,0xC3,0xEF,0xFF,0xFF,0xFF,
    0xFF,0xFF,0xFF,0xFF,0xFF,0xFF,0xFF,0x00,0xFF,0xFF,0xFF,0xF7,0xE3,0xCB,0xE3,0xFF,
    0xFF,0xFF,0xFF,0xFF,0xFF,0xFF,0xFE,0xFC,0xFD,0xFD,0xF5,0xED,0xCD,0xED,0xFE,0xFF,
    0xFF,0xFF,0xF8,0xF3,0xE7,0xE7,0xEF,0xE7,0xF1,0xF6,0xF6,0xF3,0xF5,0xF5,0xF5,0xFA,
    0xFC,0xFF,0xFF,0xFF,0xFF,0xFF,0xFF,0xFF,0xFF,0xE3,0xD9,0xEB,0xE3,0xFF,0xFF,0xFF,
    0xFF,0xFF,0xFF,0xFF,0xFF,0xFF,0xFF,0xFF,0xE3,0xEB,0xCB,0xE3,0xFF,0xFF,0xFF,0x00,
  },
  {
    0xFF,0xFF,0xFF,0xFF,0xFF,0xFF,0xFF,0xFF,0xFF,0xFF,0xFF,0x87,0xB7,0x8F,0xFF,0xFF,
    0xFF,0xFF,0xFF,0xFF,0xFF,0xFF,0xFF,0xFF,0xFF,0xFF,0x87,0xB7,0xA7,0xCF,0xFF,0xFF,
    0xFF,0x3F,0x9F,0xE3,0xF9,0xFD,0x03,0x1F,0xFF,0x8F,0xB7,0xA7,0xCF,0xFF,0xFF,0xFF,
    0xFF,0xFF,0xFF,0xFF,0xFF,0xFF,0xFF,0xFF,0x8F,0xB7,0xB7,0x8F,0xFF,0xFF,0xFF,0xFF,
    0xFF,0xFF,0xFF,0xFF,0xFF,0xFF,0xFF,0x00,0xFF,0xFF,0xFF,0x87,0xB7,0xB7,0xCF,0xFF,
    0xFF,0xFF,0xFF,0xFF,0xFF,0xFF,0xFF,0xFF,0xFF,0xFF,0xC7,0xB7,0xB7,0xC7,0xFF,0x7F,
    0x7F,0x7F,0xBF,0x9F,0xDF,0xEF,0xE7,0xE3,0xE4,0xF6,0xFF,0xFF,0xEF,0xD3,0xA8,0xFE,
    0xFF,0xFF,0xFF,0xFF,0xFF,0xFF,0xFF,0xFF,0xEF,0x87,0xB7,0x87,0xFF,0xFF,0xFF,0xFF,
    0xFF,0xFF,0xFF,0xFF,0xFF,0xFF,0xFF,0xFF,0x87,0xB7,0x87,0xEF,0xFF,0xFF,0xFF,0x00,
    0xFF,0xFF,0xFF,0xFF,0xFF,0xFF,0xFF,0xFF,0xFF,0xFF,0xEF,0xC7,0xBF,0x9B,0xF3,0xE9,
    0xCD,0xDD,0xDD,0x9D,0xBC,0x9E,0xDE,0xDE,0xDF,0x8F,0x2F,0x57,0xEB,0xF7,0xFB,0xFF,
    0xFF,0xCF,0x17,0xBB,0xC3,0xFF,0x0B,0xE8,0xF5,0xE7,0x1F,0xF7,0xC7,0xFF,0xFF,0xFF,
    0xFF,0xFF,0xFF,0xFF,0xFF,0xFF,0xFF,0xFF,0xC7,0x97,0x93,0xC7,0xFF,0xFF,0xFF,0xFF,
    0xFF,0xFF,0xFF,0xFF,0xFF,0xFF,0xFF,0x00,0xFF,0xFF,0xFF,0xC7,0xDB,0xD3,0xE7,0xFF,
    0xFF,0xFF,0xFF,0xFF,0xFF,0xFF,0xFF,0xFF,0xFF,0xFF,0xC7,0xD7,0xD3,0xC7,0xFF,0xC7,
    0xBA,0xFC,0xFF,0x8E,0xF2,0xFE,0xFC,0xFD,0xFD,0xFD,0xFD,0xF9,0xF9,0xF6,0xE7,0x9F,
    0xEF,0x67,0x30,0x7F,0xFF,0xFF,0xFF,0xFF,0xEF,0xC3,0xDB,0xC7,0xFF,0xFF,0xFF,0xFF,
    0xFF,0xFF,0xFF,0xFF,0xFF,0xFF,0xFF,0xFF,0xC3,0xDB,0xD3,0xE7,0xFF,0xFF,0xFF,0x00,
    0xFF,0xFF,0xFF,0xFF,0xFF,0xFF,0xFF,0xFF,0xFF,0xFF,0xF7,0xC3,0xDB,0xC3,0xE7,0xFF,
    0xFF,0x7F,0x7F,0x7F,0xBF,0xBF,0xBF,0xBF,0xBF,0x70,0x63,0xC7,0xEF,0xE7,0xDF,0xEF,
    0xE7,0xF3,0xE7,0xEF,0xDF,0xCF,0xE7,0xF1,0xAF,0x10,0xFF,0xDB,0xE7,0xFF,0xFF,0xFF,
    0xFF,0xFF,0xFF,0xFF,0xFF,0xFF,0xFF,0xFF,0xE7,0xDB,0xDB,0xE7,0xFF,0xFF,0xFF,0xFF,
    0xFF,0xFF,0xFF,0xFF,0xFF,0xFF,0xFF,0x00,0xFF,0xFF,0xFF,0xE3,0xDB,0xDB,0xE3,0xFF,
    0xFF,0xFF,0x3F,0x8F,0xE7,0xF3,0xF9,0xBC,0xBE,0xDE,0xDF,0xEF,0xF7,0xF3,0xFD,0xFF,
    0x00,0xFE,0x0F,0xFF,0xFF,0xFF,0xFF,0xFF,0xFF,0xFF,0xFF,0xFF,0xFF,0xFF,0xFF,0xFF,
    0xFF,0xE0,0x0F,0xFF,0xFF,0xFF,0xFF,0xFF,0xE7,0xCB,0xDB,0xE3,0xF7,0xFF,0xFF,0xFF,
    0xFF,0xFF,0xFF,0xFF,0xFF,0xFF,0xFF,0xFF,0xE3,0xDB,0xEB,0xF7,0xFF,0xFF,0xFF,0x00,
    0xFF,0xFF,0xFF,0xFF,0xFF,0xFF,0xFF,0xFF,0xFF,0xFF,0xF0,0xCF,0x3F,0x7F,0xFF,0xFF,
    0xFF,0xFF,0xFF,0xFF,0xFF,0xFF,0x7F,0x1F,0x80,0xF7,0x00,0xFF,0xFF,0xFF,0xFF,0xFF,
    0xFF,0xFF,0xFF,0xFF,0xFF,0xFF,0xFF,0xFF,0x7F,0x3F,0x8E,0xE1,0xFF,0xFF,0xFF,0xFF,
    0xFF,0xFF,0xFF,0xFF,0xFF,0xFF,0xFF,0xFF,0xE3,0xEB,0xE9,0xE3,0xFF,0xFF,0xFF,0xFF,
    0xFF,0xFF,0xFF,0xFF,0xFF,0xFF,0xFF,0x00,0xFF,0xFF,0xFF,0xE1,0xED,0xED,0xF3,0xFF,
    0xFF,0xFF,0xFF,0xFF,0xFF,0xFF,0xFE,0xFC,0xFD,0xFD,0xF5,0xED,0xED,0xE5,0xFE,0xFF,
    0xFF,0xFF,0xF8,0xF3,0xE7,0xE7,0xEF,0xEF,0xF0,0xF6,0xF6,0xF1,0xF5,0xF5,0xF5,0xFA,
    0xFC,0xFF,0xFF,0xFF,0xFF,0xFF,0xFF,0xFF,0xF3,0xE1,0xED,0xE1,0xFF,0xFF,0xFF,0xFF,
    0xFF,0xFF,0xFF,0xFF,0xFF,0xFF,0xFF,0xFF,0xE1,0xED,0xE9,0xF3,0xFF,0xFF,0xFF,0x00,
  },
  {
    0xFF,0xFF,0xFF,0xFF,0xFF,0xFF,0xFF,0xFF,0xFF,0xFF,0xC7,0x97,0xD7,0xC7,0xFF,0xFF,
    0xFF,0xFF,0xFF,0xFF,0xFF,0xFF,0xFF,0xFF,0xFF,0xC7,0x97,0xD7,0xC7,0xFF,0xFF,0xFF,
    0xFF,0xFF,0x7F,0x3F,0x9F,0xC7,0xF1,0xF9,0x07,0x1F,0xFB,0xC7,0xFF,0xFF,0xFF,0xFF,
    0xFF,0xFF,0xFF,0xFF,0xFF,0xFF,0xFF,0xFF,0xC7,0xBF,0xD3,0xEF,0xFF,0xFF,0xFF,0xFF,
    0xFF,0xFF,0xFF,0xFF,0xFF,0xFF,0xFF,0x00,0xFF,0xFF,0xE7,0xD3,0xDB,0xC7,0xFF,0xFF,
    0xFF,0xFF,0xFF,0xFF,0xFF,0x9F,0x3F,0xBF,0xBF,0xBF,0xA3,0xBB,0xA3,0xBF,0xBF,0xBF,
    0xBF,0xBF,0x9F,0xDF,0xCF,0xEF,0xE7,0xEF,0xF7,0xF1,0xFC,0xFF,0xEF,0xCF,0xA7,0xF3,
    0xF8,0xFC,0xFF,0xFF,0xFF,0xFF,0xFF,0xFF,0xC3,0xDB,0xDB,0xE7,0xFF,0xFF,0xFF,0xFF,
    0xFF,0xFF,0xFF,0xFF,0xFF,0xFF,0xFF,0xE7,0xDB,0xDB,0xC7,0xFF,0xFF,0xFF,0xFF,0x00,
    0xFF,0xFF,0xFF,0xFF,0xFF,0xFF,0xFF,0xFF,0xFF,0xFF,0xE3,0xDB,0xDB,0xE7,0xFF,0xFC,
    0xF9,0xF3,0xE7,0xEF,0xEB,0xD3,0xD7,0xD7,0x67,0x97,0x33,0x79,0xFF,0xFF,0xFF,0xFF,
    0xFF,0x87,0x93,0x9B,0xC3,0xFF,0x7B,0xC8,0xF6,0xF7,0x0B,0x7B,0xFF,0xFF,0xFF,0xFF,
    0xFF,0xFF,0xFF,0xFF,0xFF,0xFF,0xFF,0xFF,0xC3,0xDB,0xCB,0xE7,0xFF,0xFF,0xFF,0xFF,
    0xFF,0xFF,0xFF,0xFF,0xFF,0xFF,0xFF,0x00,0xFF,0xFF,0xE7,0xCB,0xDB,0xE3,0xFF,0xFF,
    0xFF,0xFF,0xFF,0xFF,0xFF,0xFF,0xFF,0xFF,0xFF,0xF7,0xC3,0xDB,0xE3,0xFF,0xFF,0xC7,
    0x35,0xFC,0x7E,0xE7,0xFA,0xFE,0xFC,0xFD,0xFD,0xFC,0xFE,0xFF,0xF8,0xF6,0xCF,0xEF,
    0xEF,0x27,0xB1,0xFE,0xFF,0xFF,0xFF,0xFF,0xE3,0xDB,0xCB,0xE7,0xFF,0xFF,0xFF,0xFF,
    0xFF,0xFF,0xFF,0xFF,0xFF,0xFF,0xFF,0xE3,0xCB,0xDB,0xE3,0xFF,0xFF,0xFF,0xFF,0x00,
    0xFF,0xFF,0xFF,0xFF,0xFF,0xFF,0xFF,0xFF,0xFF,0xFF,0xE3,0xED,0xE9,0xF3,0x7F,0x7F,
    0x3F,0xBF,0xBF,0xBF,0xBF,0xBF,0x3F,0x7F,0xFD,0xF9,0x34,0x83,0xFF,0xFF,0xFF,0xEF,
    0xE7,0xF3,0xE7,0xEF,0xCF,0xEF,0xE7,0xF1,0xEF,0x07,0xF8,0xE3,0xFF,0xFF,0xFF,0xFF,
    0xFF,0xFF,0xFF,0xFF,0xFF,0xFF,0xFF,0xFF,0xE1,0xED,0xE1,0xF7,0xFF,0xFF,0xFF,0xFF,
    0xFF,0xFF,0xFF,0xFF,0xFF,0xFF,0xFF,0x00,0xFF,0xFF,0xF3,0xED,0xED,0xE1,0xFF,0x1F,
    0xCF,0xE7,0xF3,0x79,0x7C,0x7E,0xFE,0xBF,0xBF,0xDF,0xCF,0xEF,0xF3,0xCF,0x3F,0xFF,
    0xFE,0xF9,0x86,0xFF,0xFF,0xFF,0xFF,0xFF,0xFF,0xFF,0xFF,0xFF,0xFF,0xFF,0xFF,0xFF,
    0xFF,0xF0,0x03,0x7F,0xFF,0xFF,0xFF,0xFF,0xE1,0xED,0xED,0xF3,0xFF,0xFF,0xFF,0xFF,
    0xFF,0xFF,0xFF,0xFF,0xFF,0xFF,0xFF,0xF3,0xED,0xED,0xE3,0xFF,0xFF,0xFF,0xFF,0x00,
    0xFF,0xFF,0xFF,0xFF,0xFF,0xFF,0xF8,0xC0,0x9F,0x7F,0xFF,0xFF,0xFF,0xFF,0xFF,0xFF,
    0xFF,0xFF,0xFF,0xFF,0xFF,0x1F,0x60,0xBF,0xDF,0xF3,0x00,0xFF,0xFF,0xFF,0xFF,0xFF,
    0xFF,0xFF,0xFF,0xFF,0xFF,0xFF,0xFF,0xFF,0xFF,0x7F,0x9F,0xE0,0xFF,0xFF,0xFF,0xFF,
    0xFF,0xFF,0xFF,0xFF,0xFF,0xFF,0xFF,0xFB,0xE1,0xED,0xE1,0xFB,0xFF,0xFF,0xFF,0xFF,
    0xFF,0xFF,0xFF,0xFF,0xFF,0xFF,0xFF,0x00,0xFF,0xFF,0xF9,0xF5,0xF6,0xF1,0xFF,0xFF,
    0xFF,0xFF,0xFE,0xFC,0xFD,0xFD,0xF9,0xF9,0xFB,0xFB,0xF9,0xFD,0xFC,0xFE,0xFF,0xFF,
    0xFF,0xFF,0xF8,0xF3,0xE7,0xE7,0xEF,0xEF,0xF1,0xF6,0xF6,0xF1,0xF5,0xF5,0xF5,0xF2,
    0xF8,0xFF,0xFF,0xFF,0xFF,0xFF,0xFF,0xFF,0xF1,0xF4,0xF4,0xF1,0xFF,0xFF,0xFF,0xFF,
    0xFF,0xFF,0xFF,0xFF,0xFF,0xFF,0xFF,0xF1,0xF4,0xF5,0xF1,0xFF,0xFF,0xFF,0xFF,0x00,
  },
  {
    0xFF,0xFF,0xFF,0xFF,0xFF,0xFF,0xFF,0xFF,0xFF,0xE3,0xCB,0xDB,0xE3,0xFF,0xFF,0xFF,
    0xFF,0xFF,0xFF,0xFF,0xFF,0xFF,0xFF,0xFF,0xE7,0xCB,0xDB,0xC3,0xFF,0xFF,0xFF,0xFF,
    0xFF,0xFF,0xFF,0xFF,0xFF,0xFF,0x0F,0x83,0xEF,0x8D,0x79,0xE7,0xFF,0xFF,0xFF,0xFF,
    0xFF,0xFF,0xFF,0xFF,0xFF,0xFF,0xFF,0xE3,0xDB,0xDB,0xE3,0xFF,0xFF,0xFF,0xFF,0xFF,
    0xFF,0xFF,0xFF,0xFF,0xFF,0xFF,0xFF,0x00,0xFF,0xFF,0xE9,0xED,0xEB,0xF7,0xFF,0xFF,
    0xFF,0xFF,0xFF,0xFF,0xFF,0xFF,0xFF,0xFF,0xFF,0xE3,0xE9,0xEB,0xE3,0xFF,0xFF,0xFF,
    0xFF,0xFF,0xFF,0xFF,0xFF,0xFF,0xFF,0xFF,0xE3,0xE9,0xE9,0xE3,0x7F,0x7F,0x40,0x7F,
    0x7F,0x7F,0x00,0xBF,0xFF,0xFF,0xFF,0xE3,0xE9,0xED,0xE3,0xFF,0xFF,0xFF,0xFF,0xFF,
    0xFF,0xFF,0xFF,0xFF,0xFF,0xFF,0xFF,0xE3,0xED,0xE9,0xF7,0xFF,0xFF,0xFF,0xFF,0x00,
    0xFF,0xFF,0xFF,0xFF,0xFF,0xFF,0xFF,0xFF,0xFF,0xF3,0xED,0xED,0xE3,0xFF,0xFF,0xFB,
    0xE3,0x9B,0x33,0x73,0xB3,0xB7,0x37,0x77,0x73,0x73,0x33,0xBB,0xBB,0xFB,0xFB,0xFB,
    0xFB,0xFD,0x7C,0xBE,0x3E,0xDE,0xFF,0xFF,0xEE,0x9F,0xDC,0x33,0xC7,0xFF,0xFF,0xFF,
    0xFF,0xFF,0xFF,0xFF,0xFF,0xFF,0xFF,0xE3,0xED,0xED,0xF3,0xFF,0xFF,0xFF,0xFF,0xFF,
    0xFF,0xFF,0xFF,0xFF,0xFF,0xFF,0xFF,0x00,0xFF,0xFB,0xE5,0xED,0xE1,0xFF,0xFF,0xFF,
    0xFF,0xFF,0xFF,0xFF,0xFF,0x7F,0xBF,0x9F,0xCF,0xEF,0xF7,0xF6,0xF6,0xF5,0xF5,0xF5,
    0xF5,0xE5,0xED,0x1D,0xBD,0xC9,0xF3,0xEF,0xEF,0xCD,0xD8,0x71,0x79,0x6C,0x5F,0x9F,
    0xDF,0xFF,0x24,0x94,0xF9,0xFF,0xFF,0xF1,0xE5,0xED,0xF1,0xFF,0xFF,0xFF,0xFF,0xFF,
    0xFF,0xFF,0xFF,0xFF,0xFF,0xFF,0xFB,0xE5,0xED,0xE1,0xFB,0xFF,0xFF,0xFF,0xFF,0x00,
    0xFF,0xFF,0xFF,0xFF,0xFF,0xFF,0xFF,0xFF,0xFF,0xF1,0x3D,0xC7,0xF8,0xFE,0xFF,0xFF,
    0xFF,0xFF,0xFF,0xFF,0xFF,0xFF,0xFF,0xFF,0xFF,0xFF,0xFF,0x7F,0xB0,0xCF,0xBF,0x9F,
    0xBF,0xDF,0x9F,0x9F,0xB8,0xC1,0x4F,0x17,0x73,0xF9,0xFC,0x7F,0x0D,0xA1,0xC1,0xFF,
    0xFF,0xFF,0xFF,0xFF,0xFF,0xFF,0xFF,0xF1,0xE4,0xF5,0xF1,0xFF,0xFF,0xFF,0xFF,0xFF,
    0xFF,0xFF,0xFF,0xFF,0xFF,0xFF,0xFF,0x00,0xFF,0xFB,0xF0,0xF6,0xF0,0xFB,0xFF,0xFF,
    0xFF,0xFF,0x80,0x7F,0xFF,0x7F,0x3F,0x9F,0xEF,0xF7,0xF7,0xFB,0xF7,0x0F,0xFF,0x1F,
    0xE7,0xFB,0xFC,0xFE,0xFF,0xFF,0xFF,0xFF,0xFF,0xFF,0xFF,0xFF,0xFF,0xFF,0xFF,0x1F,
    0xFF,0x82,0x38,0xFF,0xFF,0xFF,0xFF,0xF9,0xF4,0xF6,0xF1,0xFF,0xFF,0xFF,0xFF,0xFF,
    0xFF,0xFF,0xFF,0xFF,0xFF,0xFF,0xFB,0xF5,0xF6,0xF1,0xFB,0xFF,0xFF,0xFF,0xFF,0x00,
    0xFF,0xFF,0xFF,0xFF,0xFF,0xFF,0xFF,0xFF,0xFF,0xF9,0xF7,0xF6,0xF8,0xFE,0xFF,0xFF,
    0xFF,0xFF,0xFF,0xFF,0xFF,0xFC,0xFB,0xF8,0xC3,0x1F,0xFF,0xFF,0xFF,0xFF,0xFF,0xFF,
    0xFF,0xFF,0xFF,0xFF,0xFF,0xFF,0xFF,0xFF,0x78,0x87,0xFE,0x61,0x0F,0xFF,0xFF,0xFF,
    0x7F,0x7F,0xFF,0xFF,0xFF,0xFF,0xFF,0xF9,0xF6,0xF6,0xF9,0xFF,0xFF,0xFF,0xFF,0xFF,
    0x7F,0xFF,0xFF,0xFF,0xFF,0xFF,0xFF,0x00,0xFF,0xFF,0xF8,0xF7,0xF0,0xFD,0xFF,0xFF,
    0xFF,0xFF,0x7F,0x7F,0x7F,0xFF,0xFF,0xFF,0xFF,0xF8,0xF6,0xF6,0xF9,0xFF,0xFF,0xFF,
    0xFF,0x7E,0x78,0x73,0xF7,0xE7,0xEF,0xE7,0xEB,0xF7,0xF5,0xF3,0xF3,0xF3,0xF7,0xF1,
    0x7E,0x7D,0x7D,0xFC,0xFF,0xFF,0xFF,0xF8,0xF2,0xF6,0xF8,0xFF,0xFF,0xFF,0xFF,0xFF,
    0xFF,0xFF,0xFF,0xFF,0xFF,0xFF,0xFD,0xFA,0xF6,0xF0,0xFF,0xFF,0xFF,0xFF,0xFF,0x00,
  },
  {
    0xFF,0xFF,0xFF,0xFF,0xFF,0xFF,0xFF,0xFF,0xFF,0xE3,0xED,0xED,0xE3,0xFF,0xFF,0xFF,
    0xFF,0xFF,0xFF,0xFF,0xFF,0xFF,0xFF,0xFF,0xE3,0xED,0xE9,0xE3,0xFF,0xFF,0xFF,0xFF,
    0xFF,0xFF,0xFF,0xFF,0xFF,0xFF,0xFF,0xFB,0x09,0xCD,0x39,0x7F,0xFF,0xFF,0xFF,0xFF,
    0xFF,0xFF,0xFF,0xFF,0xFF,0xFF,0xFF,0xE1,0xED,0xE9,0xF3,0xFF,0xFF,0xFF,0xFF,0xFF,
    0xFF,0xFF,0xFF,0xFF,0xFF,0xFF,0xFF,0x00,0xFF,0xF3,0xED,0xED,0xE1,0xFF,0xFF,0xFF,
    0xFF,0xFF,0xFF,0xFF,0xFF,0xFF,0xFF,0xFF,0xFF,0xE1,0xED,0xE9,0xF3,0xFF,0xFF,0xFF,
    0xFF,0xFF,0xFF,0xFF,0xFF,0xFF,0xFF,0xFF,0xE1,0xED,0xED,0xF3,0xFF,0xFF,0xFF,0xFF,
    0x00,0xFF,0xFF,0x40,0x03,0xFF,0xFF,0xE3,0xED,0xED,0xF3,0xFF,0xFF,0xFF,0xFF,0xFF,
    0xFF,0xFF,0xFF,0xFF,0xFF,0xFF,0xF3,0xED,0xED,0xE1,0xFF,0xFF,0xFF,0xFF,0xFF,0x00,
    0xFF,0xFF,0xFF,0xFF,0xFF,0xFF,0xFF,0xFF,0xFF,0xF1,0xED,0xED,0xF3,0xFF,0xFF,0xFF,
    0xFF,0x9F,0x1F,0x1F,0x9F,0x9F,0x9F,0x9F,0x91,0x95,0xDD,0xD1,0xDF,0xDF,0xCF,0xCF,
    0xEF,0xEF,0xE7,0xF7,0xFB,0x78,0xFD,0xFD,0xFD,0xB9,0x7D,0xBE,0x73,0x8D,0xEF,0xFF,
    0xFF,0xFF,0xFF,0xFF,0xFF,0xFF,0xFF,0xE1,0xED,0xE5,0xF3,0xFF,0xFF,0xFF,0xFF,0xFF,
    0xFF,0xFF,0xFF,0xFF,0xFF,0xFF,0xFF,0x00,0xFF,0xF1,0xF5,0xF4,0xF1,0xFF,0xFF,0xFF,
    0xFF,0xFF,0xFF,0xFF,0xFF,0x3F,0x9F,0xEF,0xF3,0xFB,0xFB,0xFC,0xFD,0xFB,0xFD,0xF5,
    0xF5,0xF5,0xF5,0xF5,0xF5,0xF4,0x7E,0x26,0xEF,0x9F,0xB7,0x61,0x4E,0x49,0x77,0x7F,
    0x5F,0x4F,0xAE,0xB9,0x90,0xDC,0x33,0x8F,0x9E,0x3C,0xF1,0xFF,0xFF,0xFF,0xFF,0xFF,
    0xFF,0xFF,0xFF,0xFF,0xFF,0xFF,0xF3,0xF5,0xEE,0xF1,0xFF,0xFF,0xFF,0xFF,0xFF,0x00,
    0xFF,0xFF,0xFF,0xFF,0xFF,0xFF,0xFF,0xFF,0xFF,0xF1,0xFE,0x17,0x01,0x7E,0x7F,0x3F,
    0xBF,0xBF,0x3F,0xFF,0xFF,0xFF,0xFF,0xFF,0xFF,0xFF,0xFF,0xFF,0x78,0x06,0x3B,0xFF,
    0x7F,0xFF,0x41,0xBB,0xBB,0xBB,0xBD,0x8D,0xC1,0xF1,0xFF,0xFF,0xFF,0xFE,0x02,0xE5,
    0xF3,0xF8,0xFF,0xFF,0xFF,0xFF,0xFF,0xF1,0xF6,0xF4,0xF9,0xFF,0xFF,0xFF,0xFF,0xFF,
    0xFF,0xFF,0xFF,0xFF,0xFF,0xFF,0xFF,0x00,0xFF,0xF9,0xF6,0xF6,0xF8,0xFF,0xFF,0xFF,
    0xFF,0xFF,0x7F,0xFF,0xF8,0xFE,0xFE,0xFF,0xFF,0xE1,0x8C,0x7F,0xFF,0xFF,0xFF,0x3F,
    0xCF,0xF7,0xFB,0xFC,0xFE,0xFF,0xFE,0xFF,0xFE,0xFE,0xFE,0xFE,0xFE,0x7E,0xF2,0xEC,
    0xF6,0x77,0x03,0x73,0xFC,0xFB,0xFC,0xFF,0xF6,0xF6,0xF8,0xFF,0xFF,0xFF,0xFF,0xFF,
    0xFF,0xFF,0xFF,0xFF,0xFF,0xFF,0xF9,0xF6,0xF6,0xF0,0xFF,0xFF,0xFF,0xFF,0xFF,0x00,
    0xFF,0xFF,0xFF,0x7F,0xFF,0xFF,0xFF,0xFF,0xFF,0xF8,0xF6,0xF2,0xF9,0xFF,0xFF,0xFF,
    0xFF,0xFF,0x7F,0xFC,0xFC,0xF1,0xFB,0xF0,0x07,0x7F,0xFF,0xFF,0xFF,0xFF,0xFF,0xFF,
    0xFF,0xFF,0xFF,0xFF,0xFF,0xFF,0xFC,0x03,0xFF,0xFE,0xFF,0xF8,0x03,0x0F,0xFF,0xFF,
    0x7F,0x7F,0xFF,0xFF,0xFF,0xFF,0xFF,0xF8,0xF6,0xF2,0xF9,0xFF,0xFF,0xFF,0xFF,0x7F,
    0x7F,0xFF,0xFF,0xFF,0xFF,0xFF,0xFF,0x00,0xFF,0xF8,0xFA,0xFB,0xF8,0xFF,0xFF,0xFF,
    0xFF,0x7F,0x7F,0x7F,0x7F,0xFF,0xFF,0xFF,0xFD,0xFA,0xF3,0xF8,0xFF,0xFF,0xFF,0xFF,
    0x7F,0x7C,0x7B,0x77,0xE7,0xEF,0xEF,0xE7,0xEF,0xE3,0xFB,0xF3,0xF3,0xF3,0xE5,0xE6,
    0x73,0x7B,0x7D,0xFD,0xFE,0xFF,0xFF,0xF8,0xFB,0xFB,0xFC,0xFF,0xFF,0xFF,0xFF,0x7F,
    0x7F,0x7F,0xFF,0xFF,0xFF,0xFF,0xFC,0xFB,0xF3,0xF8,0xFF,0xFF,0xFF,0xFF,0xFF,0x00,
  },
  {
    0xFF,0xFF,0xFF,0xFF,0xFF,0xFF,0xFF,0xFF,0xF1,0xE5,0xED,0xF1,0xFF,0xFF,0xFF,0xFF,
    0xFF,0xFF,0xFF,0xFF,0xFF,0xFF,0xFF,0xF3,0xE5,0xED,0xF5,0xFB,0xFF,0xFF,0xFF,0xFF,
    0xFF,0xFF,0xFF,0xFF,0xFF,0xFF,0xFF,0xF1,0xFD,0xB5,0xB1,0x7F,0xFF,0xFF,0xFF,0xFF,
    0xFF,0xFF,0xFF,0xFF,0xFF,0xFF,0xF1,0xFF,0xF7,0xF1,0xFF,0xFF,0xFF,0xFF,0xFF,0xFF,
    0xFF,0xFF,0xFF,0xFF,0xFF,0xF1,0xFF,0x00,0xFF,0xF7,0xF7,0xF7,0xF9,0xFF,0xFF,0xFF,
    0xFF,0xFF,0xFF,0xFF,0xFF,0xFF,0xFF,0xFF,0xF1,0xF6,0xF6,0xF9,0xFF,0xFF,0xFF,0xFF,
    0xFF,0xFF,0xFF,0xFF,0xFF,0xFF,0xFF,0xF1,0xF6,0xF6,0xF1,0xFF,0xFF,0xFF,0xFF,0xFF,
    0xFF,0x00,0xF1,0xFE,0xFC,0x01,0x9F,0xFD,0xEE,0xF5,0xFB,0xFF,0xFF,0xFF,0xFF,0xFF,
    0xFF,0xFF,0xFF,0xFF,0xFF,0xFF,0xF1,0xF6,0xF4,0xFB,0xFF,0xFF,0xFF,0xFF,0xFF,0x00,
    0xFF,0xFF,0xFF,0xFF,0xFF,0xFF,0xFF,0xFF,0xF9,0xF6,0xF6,0xF0,0xFF,0xFF,0xFF,0xFF,
    0xFF,0xFF,0xFF,0xFF,0x7F,0x7F,0x7F,0x79,0x76,0x76,0x72,0x7D,0x7F,0x7F,0x7F,0x3F,
    0xBF,0xBF,0xBF,0xBF,0xDF,0xEF,0xF3,0xF7,0xF7,0xF8,0xF3,0xF7,0xF3,0xE8,0x97,0x30,
    0xFF,0x7F,0xFF,0xFF,0xFF,0xFF,0xF8,0xF6,0xF6,0xF0,0xFF,0xFF,0xFF,0xFF,0xFF,0xFF,
    0xFF,0xFF,0xFF,0xFF,0xFF,0xFF,0xFF,0x00,0xFF,0xF0,0xF6,0xF6,0xF9,0xFF,0xFF,0xFF,
    0xFF,0xFF,0x7F,0xFF,0xFF,0x7F,0x0F,0xE7,0xFB,0xFD,0xFE,0xFC,0xFB,0xF6,0xEE,0xEE,
    0xDB,0xD3,0xB7,0xB7,0xB7,0xB7,0xD3,0xDB,0x1B,0xBF,0x7F,0xFF,0x87,0x1B,0x33,0x45,
    0xFF,0xFF,0xBE,0xBD,0xB6,0x66,0x61,0x17,0xFE,0xFF,0xFC,0x31,0xC7,0xFF,0xFF,0xFF,
    0xFF,0xFF,0xFF,0xFF,0xFF,0xFF,0xFB,0xF7,0xF2,0xFD,0xFF,0xFF,0xFF,0xFF,0xFF,0x00,
    0xFF,0x7F,0x7F,0x7F,0xFF,0xFF,0xFF,0xFF,0xFC,0xF2,0xF7,0xFA,0xFF,0xF0,0xF2,0xFB,
    0x3B,0xDB,0xE3,0xFF,0xFF,0xFF,0xFF,0xFF,0xFF,0xFF,0xFF,0xFF,0xFF,0xFF,0x07,0xF9,
    0xBA,0x8F,0xCE,0xCE,0xEE,0xED,0xE5,0xE5,0x0E,0xFE,0xFC,0xFE,0xFF,0xFF,0xFF,0xFA,
    0x66,0x8D,0xE6,0xFF,0xFF,0xFF,0xF8,0xFB,0xF2,0xF8,0xFF,0xFF,0xFF,0xFF,0x7F,0x7F,
    0x7F,0xFF,0xFF,0xFF,0xFF,0xF8,0xFF,0x00,0xFF,0xF8,0xFB,0xFA,0xFC,0xFF,0xFF,0xFF,
    0xFF,0x7F,0x7F,0x7F,0xFF,0xFF,0xFF,0xFC,0xE0,0x9F,0x7F,0xFF,0xFF,0xFF,0xFF,0x7F,
    0x9F,0xE7,0xF3,0xFB,0xFD,0xFE,0xFC,0xFD,0xFE,0xFD,0xFD,0xFD,0xFF,0xFD,0xFD,0xFA,
    0xFB,0xFB,0xF1,0x07,0xFF,0xFF,0xFF,0xE7,0xF8,0xFA,0xFF,0xFF,0xFF,0xFF,0xFF,0x7F,
    0x7F,0xFF,0xFF,0xFF,0xFF,0xFF,0xF8,0xFB,0xFA,0xFC,0xFF,0xFF,0xFF,0xFF,0xFF,0x00,
    0xFF,0x7F,0xBF,0x7F,0xFF,0xFF,0xFF,0xFF,0xFC,0xFB,0xFB,0xF8,0xFF,0xFF,0xFF,0xFF,
    0x7F,0xFE,0x7E,0xFD,0xF1,0xFB,0xF7,0xF0,0x4F,0x3F,0xFF,0xFF,0xFF,0xFF,0xFF,0xFF,
    0xFF,0xFF,0xFF,0xFF,0xFD,0xE3,0x1F,0xFF,0xFF,0xFF,0xFF,0xFE,0xF9,0xE3,0x0F,0xFF,
    0xFF,0xFF,0xFF,0xFF,0xFF,0xFF,0xFC,0xFB,0xFB,0xFC,0xFF,0xFF,0xFF,0xFF,0x7F,0x7F,
    0x7F,0xFF,0xFF,0xFF,0xFF,0xFF,0xFF,0x00,0xFF,0xFC,0xFB,0xFD,0xFC,0xFF,0xFF,0xFF,
    0x7F,0x7F,0xBF,0x7F,0xFF,0xFF,0xFF,0xFF,0xFC,0xFB,0xFB,0xFC,0xFF,0xFF,0xFF,0xFF,
    0x7C,0x38,0x73,0xF7,0xE7,0xEF,0xEF,0xEF,0xEB,0xEB,0xE7,0xF7,0xF7,0xF5,0xE6,0x77,
    0x37,0x33,0x7F,0xF9,0xFD,0xFE,0xFE,0xFB,0xFB,0xF9,0xFF,0xFF,0xFF,0xFF,0x7F,0x3F,
    0x3F,0x7F,0xFF,0xFF,0xFF,0xFF,0xFC,0xFB,0xF9,0xFC,0xFF,0xFF,0xFF,0xFF,0xFF,0x00,
  },
  {
    0xFF,0xFF,0xFF,0xFF,0xFF,0xFF,0xFF,0xFF,0xF1,0xF5,0xF5,0xF9,0xFF,0xFF,0xFF,0xFF,
    0xFF,0xFF,0xFF,0xFF,0xFF,0xFF,0xFF,0xF9,0xF5,0xF5,0xF1,0xFF,0xFF,0xFF,0xFF,0xFF,
    0xFF,0xFF,0xFF,0xFF,0xFF,0xFF,0xF9,0xF1,0xF7,0x11,0xBF,0x7F,0xFF,0xFF,0xFF,0xFF,
    0xFF,0xFF,0xFF,0xFF,0xFF,0xFF,0xF1,0xF7,0xF5,0xF9,0xFF,0xFF,0xFF,0xFF,0xFF,0xFF,
    0xFF,0xFF,0xFF,0xFF,0xFF,0xF1,0xFF,0x00,0xFF,0xF2,0xF6,0xF0,0xFF,0xFF,0xFF,0xFF,
    0xFF,0xFF,0xFF,0xFF,0xFF,0xFF,0xFF,0xFB,0xF2,0xF6,0xF0,0xF9,0xFF,0xFF,0xFF,0xFF,
    0xFF,0xFF,0xFF,0xFF,0xFF,0xFF,0xFF,0xF0,0xF6,0xF2,0xF9,0xFF,0xFF,0xFF,0xFF,0xFF,
    0xFF,0x00,0xC1,0xFE,0xFC,0x03,0x9F,0xFE,0xF6,0xF8,0xFF,0xFF,0xFF,0xFF,0xFF,0xFF,
    0xFF,0xFF,0xFF,0xFF,0xFF,0xF9,0xF2,0xF6,0xF0,0xFF,0xFF,0xFF,0xFF,0xFF,0xFF,0x00,
    0xFF,0x7F,0x7F,0xFF,0xFF,0xFF,0xFF,0xFF,0xF8,0xF2,0xF2,0xF8,0xFF,0xFF,0xFF,0xFF,
    0xFF,0xFF,0xFF,0x7F,0x7F,0xBF,0xBF,0xB8,0xBA,0xB2,0xB8,0xBF,0x3F,0x3F,0x7F,0x7F,
    0x7F,0x3F,0xBF,0xBF,0xDF,0xEF,0xE3,0xF7,0xF7,0xF8,0xF3,0xF7,0xF3,0xF8,0x9F,0x30,
    0xFF,0x7F,0xFF,0xFF,0xFF,0xFF,0xF8,0xF2,0xFA,0xFD,0xFF,0xFF,0xFF,0xFF,0x7F,0xFF,
    0xFF,0xFF,0xFF,0xFF,0xFF,0xF8,0xFF,0x00,0xFF,0xFA,0xFB,0xF8,0xFF,0xFF,0xFF,0xFF,
    0xFF,0x7F,0x7F,0xFF,0xFF,0xFF,0x1F,0x87,0xF3,0xFD,0xFE,0xFC,0xF3,0xF6,0xEE,0xDE,
    0xDE,0xB6,0xB6,0xB7,0xB7,0xB7,0xB7,0xD3,0xDB,0xBF,0xFF,0xFF,0x87,0x13,0x3B,0x05,
    0xFF,0xFF,0x3F,0xDF,0x36,0x66,0x41,0xB7,0xDE,0xFF,0x7E,0x39,0xC3,0xFF,0x7F,0x7F,
    0x7F,0xFF,0xFF,0xFF,0xFF,0xFC,0xFA,0xFB,0xF8,0xFF,0xFF,0xFF,0xFF,0x7F,0xFF,0x00,
    0xFF,0x7F,0x7F,0x7F,0xFF,0xFF,0xFF,0xFF,0xF8,0xFB,0xFB,0xFC,0xFF,0xFF,0x7E,0x18,
    0xCE,0xF6,0xF2,0xF9,0xFF,0xFF,0xFF,0xFF,0xFF,0xFF,0xFF,0xFF,0xFF,0xFF,0x07,0xF1,
    0xB8,0x0E,0xDE,0xCE,0xEE,0xED,0xED,0xE5,0x0E,0xFE,0xFC,0xFE,0xFF,0xFF,0xFF,0xFA,
    0x76,0x48,0x26,0xFF,0xFF,0xFF,0xF8,0xFB,0xFB,0xFC,0xFF,0xFF,0xFF,0xFF,0x7F,0x7F,
    0x7F,0xFF,0xFF,0xFF,0xFF,0xFC,0xFF,0x00,0xFF,0xF9,0xFB,0xF8,0xFF,0xFF,0xFF,0xFF,
    0x7F,0x3F,0x3F,0x7F,0xFF,0xFF,0xFE,0xF0,0xCF,0x3F,0x7F,0xFF,0xFF,0xFF,0xFF,0x7F,
    0x9F,0xE7,0xF3,0xFB,0xFD,0xFE,0xF8,0xFF,0xFC,0xFD,0xFD,0xFB,0xFB,0xFB,0xFD,0xFE,
    0xFB,0xFB,0xF1,0x07,0xFF,0xDF,0xDD,0xE1,0xFA,0xF9,0xFF,0xFF,0xFF,0xFF,0x7F,0x7F,
    0x7F,0x7F,0xFF,0xFF,0xFF,0xFC,0xF8,0xFB,0xF8,0xFF,0xFF,0xFF,0xFF,0x7F,0xFF,0x00,
    0xFF,0x3F,0xBF,0x7F,0xFF,0xFF,0xFF,0xFF,0xFC,0xFB,0xF9,0xFC,0xFF,0xFF,0xFF,0xFF,
    0x3F,0xBF,0x7E,0xFD,0xFB,0xFB,0xF7,0xF0,0x4F,0x3F,0xFF,0xFF,0xFF,0xFF,0xFF,0xFF,
    0xFF,0xFF,0xFF,0xFF,0xFC,0xF3,0x0F,0xFF,0xFF,0xFF,0xFF,0xFE,0xF9,0xF3,0x07,0xFF,
    0xFF,0x7F,0xFF,0xFF,0xFF,0xFF,0xFC,0xFB,0xFD,0xFC,0xFF,0xFF,0xFF,0x7F,0x3F,0xBF,
    0x3F,0xFF,0xFF,0xFF,0xFF,0xFC,0xFF,0x00,0xFF,0xFD,0xFD,0xFC,0xFF,0xFF,0xFF,0xFF,
    0x3F,0xBF,0xBF,0x7F,0xFF,0xFF,0xFF,0xFE,0xFC,0xFD,0xFC,0xFF,0xFF,0xFF,0xFF,0x7F,
    0xBC,0x38,0x73,0xF7,0xE7,0xEF,0xEF,0xEF,0xEB,0xEB,0xE7,0xF7,0xF7,0xF5,0x66,0x37,
    0xB7,0x33,0x7B,0xF9,0xFD,0xFC,0xFE,0xFF,0xFD,0xFC,0xFF,0xFF,0xFF,0xFF,0x7F,0xBF,
    0x3F,0x7F,0xFF,0xFF,0xFF,0xFE,0xFD,0xFD,0xFC,0xFF,0xFF,0xFF,0xFF,0xFF,0xFF,0x00,
  },
  {
    0xFF,0x7F,0x7F,0xFF,0xFF,0xFF,0xFF,0xF9,0xF1,0xF7,0xF9,0xFF,0xFF,0xFF,0xFF,0xFF,
    0x7F,0x7F,0xFF,0xFF,0xFF,0xFF,0xFF,0xF9,0xF7,0xF9,0xF9,0xFF,0xFF,0xFF,0xFF,0xFF,
    0x7F,0xFF,0xFF,0xFF,0xFF,0xFF,0xF9,0xF3,0xF3,0x39,0x3F,0x7F,0xFF,0xFF,0x7F,0x7F,
    0x7F,0xFF,0xFF,0xFF,0xFF,0xF9,0xF1,0xF7,0xF9,0xFF,0xFF,0xFF,0xFF,0xFF,0x7F,0x7F,
    0xFF,0xFF,0xFF,0xFF,0xFD,0xF9,0xFF,0x00,0xFF,0xFB,0xFA,0xFC,0xFF,0xFF,0xFF,0xFF,
    0x7F,0x7F,0x7F,0xFF,0xFF,0xFF,0xFF,0xF8,0xFB,0xFB,0xF8,0xFF,0xFF,0xFF,0xFF,0x7F,
    0x7F,0x7F,0xFF,0xFF,0xFF,0xFF,0xF8,0xFA,0xFA,0xF8,0xFF,0xFF,0xFF,0xFF,0xFF,0xFF,
    0xFF,0x00,0xFF,0xFE,0xF4,0x03,0x9E,0xFF,0xFA,0xFD,0xFF,0xFF,0xFF,0xFF,0x7F,0x7F,
    0x7F,0xFF,0xFF,0xFF,0xFF,0xF8,0xFB,0xFB,0xF8,0xFF,0xFF,0xFF,0xFF,0x7F,0xFF,0x00,
    0xFF,0x7F,0x7F,0xFF,0xFF,0xFF,0xFF,0xFC,0xFA,0xFB,0xF8,0xFF,0xFF,0xFF,0xFF,0x7F,
    0xFF,0xFF,0x7F,0x7F,0xBF,0xBF,0x9F,0x98,0xDB,0xDA,0xDC,0xDF,0xDF,0x5F,0x3F,0x3F,
    0x7F,0x7F,0xBF,0xBF,0x9F,0xEF,0xE3,0xF7,0xF7,0xF4,0xF3,0xF7,0xF3,0xF8,0x9F,0x30,
    0xBF,0x7F,0xFF,0xFF,0xFF,0xFC,0xFB,0xFB,0xF8,0xFF,0xFF,0xFF,0xFF,0x7F,0x7F,0x7F,
    0x7F,0xFF,0xFF,0xFF,0xFF,0xF8,0xFF,0x00,0xFF,0xFB,0xFB,0xFC,0xFF,0xFF,0xFF,0xFF,
    0x7F,0x3F,0x7F,0xFF,0xFF,0xFF,0xFF,0xFE,0x01,0xBE,0xBE,0xB9,0x73,0xEE,0xEE,0xDE,
    0xB6,0xB6,0xB6,0xA6,0xA6,0xA7,0xB7,0xF7,0xFB,0xFF,0xFF,0xFF,0x87,0x13,0x33,0x05,
    0xFF,0xFF,0x3E,0xDE,0x34,0x66,0x41,0xB7,0xDF,0xFF,0x7E,0x19,0xC3,0xFF,0x7F,0x7F,
    0x7F,0xFF,0xFF,0xFF,0xFF,0xFC,0xFB,0xFB,0xFC,0xFF,0xFF,0xFF,0xFF,0x7F,0xFF,0x00,
    0xFF,0xBF,0x3F,0x7F,0xFF,0xFF,0xFF,0xFC,0xF9,0xFB,0xFC,0xFF,0xFF,0x3F,0x0F,0xE7,
    0xF7,0xFB,0xFD,0xFC,0xFE,0xFF,0xFF,0xFF,0xFF,0xFF,0xFF,0xFF,0xFF,0xFF,0x1F,0xE7,
    0x39,0x9E,0xDE,0xCE,0xCE,0xED,0xED,0xED,0x0D,0xFE,0xFD,0xFE,0xFE,0xFF,0xFF,0xFE,
    0x76,0xC8,0x26,0x7F,0xFF,0xFC,0xFD,0xFB,0xFC,0xFF,0xFF,0xFF,0xFF,0x7F,0xBF,0xBF,
    0x7F,0xFF,0xFF,0xFF,0xFE,0xFC,0xFF,0x00,0xFF,0xFD,0xFD,0xFE,0xFF,0xFF,0xFF,0x7F,
    0xBF,0xBF,0x3F,0xFF,0xFF,0xFE,0xF0,0xC7,0x1F,0x3F,0xFF,0xFF,0xFF,0xFF,0xFF,0x3F,
    0xCF,0xE7,0xF3,0xFB,0xFD,0xFE,0xFC,0xFB,0xF8,0xFD,0xFB,0xFB,0xFB,0xFB,0xFD,0xFA,
    0xFB,0xF9,0xF0,0x0F,0xEF,0xDF,0xDB,0xD3,0xCA,0xE8,0xFB,0xFF,0xFF,0x7F,0xBF,0xBF,
    0x3F,0xFF,0xFF,0xFF,0xFF,0xFC,0xFD,0xFD,0xFC,0xFF,0xFF,0xFF,0xFF,0x3F,0xFF,0x00,
    0xFF,0xBF,0xBF,0x7F,0xFF,0xFF,0xFF,0xFE,0xFD,0xFD,0xFC,0xFF,0xFF,0xFF,0xFF,0x3F,
    0xBF,0xBE,0x3E,0xF9,0xF9,0xEB,0xF7,0xF0,0x4F,0xBF,0xFF,0xFF,0xFF,0xFF,0xFF,0xFF,
    0xFF,0xFF,0xFF,0xFF,0xFD,0xF3,0x0F,0xFF,0xFF,0xFF,0xFF,0xFF,0xFC,0xF3,0x07,0xBF,
    0xFF,0x7F,0xFF,0xFF,0xFF,0xFE,0xFD,0xFD,0xFC,0xFF,0xFF,0xFF,0xFF,0x3F,0xBF,0xBF,
    0x3F,0xFF,0xFF,0xFF,0xFE,0xFC,0xFF,0x00,0xFF,0xFD,0xFC,0xFE,0xFF,0xFF,0xFF,0x7F,
    0xBF,0xDF,0x3F,0xFF,0xFF,0xFF,0xFF,0xFE,0xFD,0xFD,0xFE,0xFF,0xFF,0xFF,0xFF,0x3F,
    0x9C,0xB9,0x73,0xF7,0xE7,0xEF,0xEF,0xEF,0xEB,0xEB,0xE7,0xF7,0xF3,0xF5,0x36,0xB7,
    0xB7,0x33,0xFB,0xF9,0xFD,0xFC,0xFE,0xFF,0xFC,0xFF,0xFF,0xFF,0xFF,0x3F,0xBF,0x9F,
    0x3F,0xFF,0xFF,0xFF,0xFF,0xFC,0xFD,0xFD,0xFE,0xFF,0xFF,0xFF,0xFF,0xFF,0xFF,0x00,
  },
  {
    0x7F,0x7F,0x7F,0xFF,0xFF,0xFF,0xFF,0xF9,0xFB,0xF9,0xFD,0xFF,0xFF,0xFF,0xFF,0x7F,
    0x7F,0x7F,0xFF,0xFF,0xFF,0xFF,0xF9,0xF9,0xF9,0xF9,0xFF,0xFF,0xFF,0xFF,0x7F,0x7F,
    0x7F,0xFF,0xFF,0xFF,0xFF,0xFD,0xF9,0xFB,0xF9,0x3D,0x3F,0x7F,0xFF,0xFF,0x7F,0x7F,
    0x7F,0xFF,0xFF,0xFF,0xFD,0xF9,0xFB,0xF9,0xFD,0xFF,0xFF,0xFF,0xFF,0x7F,0x7F,0x7F,
    0xFF,0xFF,0xFF,0xFF,0xF9,0xF9,0xFF,0x00,0xFF,0xFB,0xFC,0xFF,0xFF,0xFF,0xFF,0x7F,
    0x3F,0x7F,0xFF,0xFF,0xFF,0xFF,0xFC,0xF9,0xFB,0xFC,0xFF,0xFF,0xFF,0xFF,0x7F,0x7F,
    0x7F,0x7F,0xFF,0xFF,0xFF,0xFE,0xF8,0xFB,0xF9,0xFC,0xFF,0xFF,0xFF,0xFF,0x7F,0x7F,
    0xFF,0x00,0xFF,0xFE,0xF5,0x03,0xBF,0xFB,0xFC,0xFF,0xFF,0xFF,0xFF,0x7F,0x3F,0x7F,
    0xFF,0xFF,0xFF,0xFF,0xFC,0xF9,0xFB,0xFC,0xFF,0xFF,0xFF,0xFF,0x7F,0x3F,0xFF,0x00,
    0xFF,0xBF,0x7F,0xFF,0xFF,0xFF,0xFF,0xFC,0xFF,0xF9,0xFC,0xFF,0xFF,0xFF,0xFF,0x7F,
    0xBF,0xFF,0x7F,0x7F,0xBF,0xBF,0x9C,0x99,0xD9,0xDC,0xDF,0xDF,0xDF,0x5F,0x3F,0x7F,
    0x7F,0x7F,0xBF,0xBF,0xDF,0xEE,0xE2,0xF7,0xF7,0xF8,0xF3,0xF7,0xF3,0xD8,0x9F,0x30,
    0xBF,0x7F,0xFF,0xFF,0xFF,0xFC,0xF9,0xFD,0xFE,0xFF,0xFF,0xFF,0x7F,0x3F,0xBF,0x7F,
    0xFF,0xFF,0xFF,0xFF,0xFC,0xF9,0xFF,0x00,0xFD,0xFD,0xFC,0xFF,0xFF,0xFF,0xFF,0x3F,
    0xBF,0xBF,0x7F,0xFF,0xFF,0xFF,0xFE,0xEF,0x01,0xBE,0xBE,0xB9,0x77,0xEE,0xEE,0xDE,
    0xB6,0xB6,0xB6,0xA6,0xA6,0xA7,0xB7,0xD7,0x9B,0xBF,0x7F,0xFF,0x87,0x13,0x33,0x05,
    0xFF,0xFF,0x3F,0xFF,0x36,0x66,0x41,0xB7,0xFF,0xFF,0x7E,0x99,0xC7,0x7F,0xBF,0x3F,
    0x7F,0xFF,0xFF,0xFF,0xFE,0xFD,0xFD,0xFC,0xFF,0xFF,0xFF,0xFF,0x3F,0xBF,0xFF,0x00,
    0xBF,0xBF,0x3F,0xFF,0xFF,0xFF,0xFF,0xFC,0xFD,0xFD,0xFE,0xFF,0xFF,0x3F,0x0F,0xE7,
    0xF7,0xFB,0xFD,0xFC,0xFE,0xFF,0xFF,0xFF,0xFF,0xFF,0xFF,0xFF,0xFF,0xFF,0x0F,0xE1,
    0x39,0x8E,0xDE,0xCE,0xCE,0xED,0xED,0xED,0x0D,0xFF,0xFD,0xFE,0xFE,0xFF,0xFF,0xFA,
    0x72,0xC0,0x2E,0xFF,0xFF,0xFC,0xFD,0xFC,0xFE,0xFF,0xFF,0xFF,0x7F,0xBF,0xBF,0x3F,
    0xFF,0xFF,0xFF,0xFF,0xFE,0xFD,0xFF,0x00,0xFD,0xFD,0xFE,0xFF,0xFF,0xFF,0xFF,0x3F,
    0xBF,0xBF,0x3F,0xFF,0xFF,0xFE,0xF0,0xCF,0x1F,0x7F,0xFF,0xFF,0xFF,0xFF,0xFF,0x3F,
    0xCF,0xF7,0xF3,0xFB,0xFD,0xFE,0xFC,0xFB,0xF8,0xFF,0xFB,0xFB,0xFB,0xFB,0xFD,0xFA,
    0xFB,0xF9,0xF0,0x0F,0xEF,0xDF,0xD9,0xD3,0xCA,0xE9,0xFF,0xFF,0xFF,0x3F,0xBF,0xBF,
    0x7F,0xFF,0xFF,0xFF,0xFE,0xFC,0xFD,0xFE,0xFF,0xFF,0xFF,0xFF,0x3F,0x9F,0xFF,0x00,
    0xDF,0xDF,0x3F,0xFF,0xFF,0xFF,0xFF,0xFE,0xFD,0xFC,0xFF,0xFF,0xFF,0xFF,0x7F,0xBF,
    0xDF,0x3E,0xFE,0xF9,0xFB,0xE3,0xF7,0xE0,0x1F,0xBF,0xFF,0xFF,0xFF,0xFF,0xFF,0xFF,
    0xFF,0xFF,0xFF,0xFE,0xFD,0xE3,0x1F,0xFF,0xFF,0xFF,0xFF,0xFE,0xF9,0xF3,0x07,0xFF,
    0xFF,0xFF,0xFF,0xFF,0xFF,0xFE,0xFD,0xFE,0xFF,0xFF,0xFF,0xFF,0x3F,0x9F,0xDF,0x3F,
    0xFF,0xFF,0xFF,0xFF,0xFE,0xFC,0xFF,0x00,0xFF,0xFE,0xFE,0xFF,0xFF,0xFF,0xFF,0x1F,
    0xDF,0xDF,0xBF,0xFF,0xFF,0xFF,0xFF,0xFE,0xFE,0xFE,0xFF,0xFF,0xFF,0xFF,0x3F,0xDF,
    0xDC,0x3B,0xF7,0xF7,0xE7,0xEF,0xEF,0xEB,0xEB,0xEB,0xE7,0xF7,0xF3,0x35,0xB6,0xF7,
    0xF7,0xF3,0xFB,0xF9,0xFD,0xFC,0xFE,0xFF,0xFF,0xFF,0xFF,0xFF,0xFF,0x1F,0xDF,0x9F,
    0xBF,0xFF,0xFF,0xFF,0xFF,0xFE,0xFE,0xFE,0xFF,0xFF,0xFF,0xFF,0x3F,0xDF,0xFF,0x00,
  },
  {
    0xBF,0x7F,0x7F,0xFF,0xFF,0xFF,0xFD,0xF9,0xF9,0xFD,0xFF,0xFF,0xFF,0xFF,0x7F,0x3F,
    0x7F,0x7F,0xFF,0xFF,0xFF,0xFF,0xF9,0xF9,0xF9,0xFD,0xFF,0xFF,0xFF,0x7F,0x7F,0x7F,
    0x7F,0xFF,0xFF,0xFF,0xFF,0xFD,0xF9,0xF9,0xFD,0x3F,0x7F,0xFF,0xFF,0x7F,0xBF,0x7F,
    0x7F,0xFF,0xFF,0xFF,0xFD,0xF9,0xF9,0xF9,0xFF,0xFF,0xFF,0xFF,0x7F,0xBF,0x3F,0x7F,
    0xFF,0xFF,0xFF,0xFD,0xF9,0xF9,0xFF,0x00,0xFB,0xF9,0xFC,0xFF,0xFF,0xFF,0x7F,0x3F,
    0xBF,0x7F,0xFF,0xFF,0xFF,0xFF,0xFC,0xFD,0xFD,0xFC,0xFF,0xFF,0xFF,0xFF,0x3F,0xBF,
    0x3F,0xFF,0xFF,0xFF,0xFF,0xFC,0xF9,0xF9,0xFC,0xFF,0xFF,0xFF,0xFF,0x7F,0xBF,0xBF,
    0xFF,0x00,0xFF,0xFE,0xE5,0x03,0xBF,0xFD,0xFE,0xFF,0xFF,0xFF,0x7F,0x3F,0xBF,0x7F,
    0xFF,0xFF,0xFF,0xFF,0xFC,0xFD,0xFD,0xFC,0xFF,0xFF,0xFF,0xFF,0x3F,0xBF,0xFF,0x00,
    0xFF,0xBF,0x7F,0xFF,0xFF,0xFF,0xFE,0xFD,0xFD,0xFC,0xFF,0xFF,0xFF,0xFF,0x7F,0xBF,
    0xBF,0xFF,0x7F,0x7F,0xBF,0xBE,0x9C,0x9D,0x9C,0xDE,0xDF,0xDF,0xDF,0x3F,0x3F,0x7F,
    0x7F,0x7F,0xBF,0xBF,0xDF,0xEC,0xE3,0xF7,0xF7,0xF8,0xF3,0xF7,0xF3,0xD8,0x9F,0x31,
    0xBF,0x7F,0xFF,0xFF,0xFC,0xFD,0xFD,0xFC,0xFF,0xFF,0xFF,0xFF,0x3F,0xBF,0xBF,0x7F,
    0xFF,0xFF,0xFF,0xFE,0xFC,0xFD,0xFF,0x00,0xFD,0xFD,0xFE,0xFF,0xFF,0xFF,0x7F,0xBF,
    0xBF,0x3F,0xFF,0xFF,0xFF,0xFF,0xFE,0xEF,0x01,0xBE,0xBC,0xB9,0x77,0xEC,0xCE,0xDE,
    0xB6,0xB6,0xA6,0xA6,0xA6,0xA7,0xB7,0xD7,0x9B,0xBF,0x7F,0xFF,0x87,0x1B,0x33,0x05,
    0xFF,0xFF,0x3E,0xFD,0x36,0x64,0x41,0xB7,0xFF,0xFF,0x7E,0x91,0xE7,0xFF,0xBF,0x3F,
    0xFF,0xFF,0xFF,0xFF,0xFC,0xFD,0xFD,0xFE,0xFF,0xFF,0xFF,0x7F,0x3F,0xBF,0xFF,0x00,
    0xFF,0xBF,0x3F,0xFF,0xFF,0xFF,0xFE,0xFC,0xFD,0xFE,0xFF,0xFF,0xFF,0x3F,0x0F,0xE7,
    0xF7,0xFB,0xFD,0xFC,0xFE,0xFF,0xFF,0xFF,0xFF,0xFF,0xFF,0xFF,0xFF,0x7F,0x0F,0xE1,
    0x39,0xCE,0xDE,0xCE,0xCF,0xED,0xED,0x6D,0x1D,0xFF,0xFD,0xFE,0xFE,0xFF,0xFF,0xFA,
    0x62,0xC4,0x2E,0xFF,0xFF,0xFC,0xFD,0xFE,0xFF,0xFF,0xFF,0xFF,0x3F,0x9F,0x9F,0x3F,
    0xFF,0xFF,0xFF,0xFF,0xFC,0xFD,0xFF,0x00,0xFF,0xFE,0xFE,0xFF,0xFF,0xFF,0x3F,0x9F,
    0xDF,0x1F,0xFF,0xFF,0xFF,0xFC,0xF0,0xCF,0x1F,0x7F,0xFF,0xFF,0xFF,0xFF,0xFF,0x3F,
    0xCF,0xF7,0xF3,0xF9,0xFD,0xFE,0xFC,0xFB,0xF8,0xFB,0xFB,0xFB,0xFB,0xFB,0xFD,0xFA,
    0xFB,0xF9,0xE2,0x0F,0xFF,0xDF,0xD9,0xD3,0xCA,0xE9,0xFF,0xFF,0x3F,0xDF,0xDF,0x1F,
    0xFF,0xFF,0xFF,0xFF,0xFE,0xFC,0xFE,0xFE,0xFF,0xFF,0xFF,0x7F,0x9F,0xDF,0xFF,0x00,
    0xFF,0x5F,0x3F,0xFF,0xFF,0xFF,0xFF,0xFE,0xFE,0xFE,0xFF,0xFF,0xFF,0xFF,0x3F,0xDF,
    0xDF,0x3E,0xFE,0xF9,0xFB,0xE3,0xF7,0xE0,0x1F,0xFF,0xFF,0xFF,0xFF,0xFF,0xFF,0xFF,
    0xFF,0xFF,0xFF,0xFE,0xFD,0xE3,0x1F,0xFF,0xFF,0xFF,0xFF,0xFE,0xF9,0xF3,0x0F,0xFF,
    0xFF,0xFF,0xFF,0xFF,0xFF,0xFE,0xFE,0xFE,0xFF,0xFF,0xFF,0xFF,0x3F,0xDF,0xDF,0x3F,
    0xFF,0xFF,0xFF,0xFF,0xFE,0xFE,0xFF,0x00,0xFE,0xFE,0xFF,0xFF,0xFF,0xFF,0xBF,0xDF,
    0xCF,0x9F,0xFF,0xFF,0xFF,0xFF,0xFF,0xFE,0xFE,0xFF,0xFF,0xFF,0xFF,0xBF,0x9F,0xDF,
    0xDC,0xBB,0xF3,0xE7,0xEF,0xEF,0xEF,0xEB,0xEB,0xEB,0xE7,0xF7,0xF3,0xF5,0xF6,0xF7,
    0xF7,0xF3,0xFB,0xF9,0xFD,0xFC,0xFE,0xFF,0xFF,0xFF,0xFF,0xFF,0xBF,0xDF,0xCF,0x1F,
    0xFF,0xFF,0xFF,0xFF,0xFF,0xFE,0xFE,0xFF,0xFF,0xFF,0xFF,0xBF,0xDF,0xDF,0xFF,0x00,
  },
  {
    0xBF,0x7F,0xFF,0xFF,0xFF,0xFF,0xFD,0xFD,0xFD,0xFF,0xFF,0xFF,0xFF,0x7F,0xBF,0xBF,
    0x3F,0xFF,0xFF,0xFF,0xFF,0xFD,0xFD,0xFD,0xFD,0xFF,0xFF,0xFF,0x7F,0x3F,0xBF,0x3F,
    0xFF,0xFF,0xFF,0xFF,0xFD,0xFD,0xFD,0xFD,0xFF,0x3F,0x8F,0xF1,0x78,0x87,0x7F,0xFF,
    0xFF,0xFF,0xFF,0xFF,0xFD,0xFD,0xFD,0xFF,0xFF,0xFF,0xFF,0x7F,0xBF,0xBF,0x3F,0xFF,
    0xFF,0xFF,0xFF,0xFD,0xFD,0xFD,0xFF,0x00,0xFC,0xFE,0xFF,0xFF,0xFF,0xFF,0x3F,0xBF,
    0x3F,0xFF,0xFF,0xFF,0xFF,0xFE,0xFD,0xFD,0x9E,0x1F,0x3F,0xBF,0xBF,0xBF,0xBF,0xBF,
    0xBF,0xBF,0xBF,0xBF,0xBE,0xBC,0xBD,0xBC,0xBF,0xBF,0x9F,0xDF,0xDF,0xCF,0xDF,0xC7,
    0xF1,0xDE,0xBF,0xCF,0x60,0x98,0xF7,0xFF,0xFF,0xFF,0xFF,0x7F,0xBF,0xBF,0x3F,0xFF,
    0xFF,0xFF,0xFF,0xFE,0xFD,0xFD,0xFE,0xFF,0xFF,0xFF,0xFF,0x3F,0xBF,0xBF,0xFF,0x00,
    0x9F,0x3F,0xFF,0xFF,0xFF,0xFF,0xFE,0xFD,0xFC,0xFF,0xFF,0xFF,0xFF,0x3F,0xBF,0x9F,
    0x3F,0xFF,0xFE,0xFE,0xFD,0xFA,0xFA,0xFC,0xF5,0xF5,0xF5,0xF5,0xFD,0xE5,0x17,0xFF,
    0x87,0x13,0x33,0xC7,0xFB,0xFF,0xFF,0xFF,0x8B,0x37,0x27,0x8F,0xF0,0xF1,0xBF,0x7F,
    0xFF,0xFF,0xFF,0xFE,0xFC,0xFD,0xFE,0xFF,0xFF,0xFF,0xFF,0x3F,0x9F,0x9F,0x3F,0xFF,
    0xFF,0xFF,0xFF,0xFE,0xFD,0xFC,0xFF,0x00,0xFE,0xFE,0xFF,0xFF,0xFF,0xFF,0x1F,0xDF,
    0x1F,0x3F,0xFF,0xFF,0xFF,0xFE,0xFE,0xFE,0xFE,0xFF,0x3F,0x3F,0x7F,0x3F,0x3F,0x5F,
    0xFF,0x5F,0x27,0xFF,0x83,0x91,0xBE,0xDF,0xE1,0xF9,0xFB,0xF9,0xFA,0xF2,0xFA,0xFB,
    0xFB,0xFB,0xF9,0xF2,0x0F,0xED,0xE6,0xF3,0x23,0x87,0xFF,0x3F,0x9F,0xDF,0x1F,0xFF,
    0xFF,0xFF,0xFF,0xFE,0xFE,0xFE,0xFE,0xFF,0xFF,0xFF,0xFF,0x1F,0xDF,0xDF,0xFF,0x00,
    0x5F,0x1F,0xFF,0xFF,0xFF,0xFF,0xFE,0xFE,0xFE,0xFF,0xFF,0xFF,0xFF,0x3F,0xDF,0xDF,
    0x7F,0x3F,0xCF,0xE0,0xFF,0xFF,0xFF,0xFF,0xFE,0xF9,0xC3,0xBD,0x79,0x87,0xDF,0xBF,
    0x8F,0xFF,0xDF,0xDF,0xCF,0x0F,0xFF,0xFF,0x1F,0xBF,0xDF,0xC7,0x1C,0x7D,0xF9,0xFD,
    0xFE,0xFF,0xFF,0xFF,0xFE,0xFE,0xFE,0xFF,0xFF,0xFF,0xFF,0x1F,0xDF,0xDF,0x1F,0xFF,
    0xFF,0xFF,0xFF,0xFE,0xFE,0xFE,0xFF,0x00,0xFE,0xFF,0xFF,0xFF,0xFF,0xBF,0x1F,0xDF,
    0x5F,0xFF,0xFF,0xFF,0xFF,0xFF,0x07,0xF1,0xFE,0xFF,0xFF,0xFF,0xFF,0xFF,0xFF,0xFF,
    0xFF,0xFF,0x0F,0xF1,0xFE,0xFF,0xFF,0xFF,0xFF,0xFF,0xFF,0xFF,0xFF,0xFF,0xFE,0xFD,
    0xFE,0xFF,0xFF,0xFF,0xFF,0xC0,0x1F,0x7F,0xFF,0xFF,0xFF,0xBF,0x5F,0xCF,0x1F,0xFF,
    0xFF,0xFF,0xFF,0xFF,0xFE,0xFE,0xFF,0xFF,0xFF,0xFF,0xFF,0x1F,0xCF,0x1F,0xFF,0x00,
    0x4F,0x1F,0xFF,0xFF,0xFF,0xFF,0xFF,0xFE,0xFE,0xFF,0xFF,0xFF,0xFF,0x9F,0x5E,0x79,
    0x37,0xEF,0xDF,0xBF,0x7F,0xFF,0xFF,0xFF,0xFF,0xFF,0xE0,0x1F,0xFF,0xFF,0xFF,0xFF,
    0xFF,0xFF,0xFF,0xFF,0xFF,0xFF,0x7F,0x7F,0xFF,0xFF,0xFF,0xFF,0xFF,0x7F,0x3F,0xC0,
    0xFF,0xFF,0xFF,0xFF,0xFF,0xFE,0xFF,0xFF,0xFF,0xFF,0xFF,0x1F,0x6F,0x6F,0x1F,0xFF,
    0xFF,0xFF,0xFF,0xFF,0xFE,0xFF,0xFF,0x00,0xFF,0xFF,0xFF,0xFF,0xFF,0xFF,0x8F,0xEF,
    0x8F,0x9F,0xFF,0xFF,0xFF,0xFF,0xFF,0xFF,0xFF,0xFF,0xFF,0xFE,0xFE,0x8E,0xED,0xED,
    0x9D,0xFD,0xFD,0xFC,0xF3,0xEF,0xEF,0xEF,0xE7,0xF1,0xFD,0xFD,0x9C,0xEE,0xEF,0x8F,
    0xF8,0xF3,0xF7,0xE7,0xE6,0xE0,0xF3,0xFF,0xFF,0xFF,0xFF,0x9F,0xEF,0xEF,0x8F,0xFF,
    0xFF,0xFF,0xFF,0xFF,0xFF,0xFF,0xFF,0xFF,0xFF,0xFF,0xFF,0x8F,0xEF,0xCF,0xFF,0x00,
  },
  {
    0x3F,0xFF,0xFF,0xFF,0xFF,0xFE,0xFD,0xFC,0xFF,0xFF,0xFF,0xFF,0x7F,0x9F,0xDF,0x7F,
    0xFF,0xFF,0xFF,0xFF,0xFE,0xFD,0xFD,0xFF,0xFF,0xFF,0xFF,0xFF,0x3F,0xDF,0x9F,0x3F,
    0xFF,0xFF,0xFF,0xFF,0xFD,0xFD,0xFE,0xFF,0x7F,0x1F,0xC7,0xF9,0xFF,0x21,0xCF,0xFF,
    0xFF,0xFF,0xFF,0xFC,0xFD,0xFE,0xFF,0xFF,0xFF,0xFF,0x3F,0xDF,0xDF,0x3F,0xFF,0xFF,
    0xFF,0xFF,0xFE,0xFD,0xFD,0xFE,0xFF,0x00,0xFE,0xFF,0xFF,0xFF,0xFF,0x3F,0xDF,0xDF,
    0x3F,0xFF,0xFF,0xFF,0xFF,0xFE,0xFF,0xFF,0xF8,0xE2,0xCE,0xDD,0x9D,0xDD,0xBD,0xBB,
    0xBB,0xBB,0xBB,0xB3,0xB6,0xF6,0xF6,0xF7,0xF7,0xF7,0x77,0xFB,0xF9,0xF3,0xF7,0xF9,
    0xE2,0xEB,0xAF,0x63,0xD0,0xFE,0xFF,0xFF,0xFF,0xFF,0x3F,0x9F,0xDF,0x1F,0xFF,0xFF,
    0xFF,0xFF,0xFE,0xFE,0xFE,0xFE,0xFF,0xFF,0xFF,0xFF,0x1F,0xDF,0xDF,0x3F,0xFF,0x00,
    0x1F,0xFF,0xFF,0xFF,0xFF,0xFF,0xFE,0xFE,0xFF,0xFF,0xFF,0xFF,0x3F,0x5F,0xDF,0x1F,
    0xFF,0xFF,0xFF,0xFF,0xFF,0xFF,0xFF,0xFF,0xFF,0x80,0x3F,0xFE,0xFC,0xFF,0xA1,0x64,
    0x66,0x70,0x5F,0xDF,0xDF,0x7F,0x72,0x4D,0x4D,0xA3,0xFD,0x7C,0xFE,0x5F,0x3F,0xFF,
    0xFF,0xFF,0xFF,0xFE,0xFE,0xFE,0xFF,0xFF,0xFF,0xFF,0x1F,0xDF,0xDF,0x1F,0xFF,0xFF,
    0xFF,0xFF,0xFE,0xFE,0xFE,0xFF,0xFF,0x00,0xFF,0xFF,0xFF,0xFF,0xFF,0x1F,0x4F,0x5F,
    0x1F,0xFF,0xFF,0xFF,0xFF,0xFE,0xFE,0xFF,0xFF,0xFF,0xFF,0xFF,0x1F,0x6F,0x7F,0x8F,
    0x17,0x7B,0xFC,0xF1,0x73,0xF9,0xFC,0xFF,0xFF,0xFF,0xFE,0xFC,0xFE,0xFE,0xFF,0xFE,
    0xFF,0xFF,0xEF,0x07,0xCE,0xEE,0xE7,0xC7,0x0F,0xFF,0xFF,0x5F,0x6F,0x1F,0xBF,0xFF,
    0xFF,0xFF,0xFF,0xFE,0xFE,0xFF,0xFF,0xFF,0xFF,0xFF,0x1F,0xFF,0x5F,0x1F,0xFF,0x00,
    0x0F,0xFF,0xFF,0xFF,0xFF,0xFF,0xFE,0xFF,0xFF,0xFF,0xFF,0xFF,0x9F,0x4F,0x6F,0x0F,
    0xFF,0xFF,0x3F,0x8D,0xF1,0xFB,0xF3,0xF7,0xCF,0x9F,0x7C,0xFF,0x00,0xF9,0xF3,0xE7,
    0xEF,0xE7,0xEF,0xEF,0xF7,0xC3,0xBF,0xCF,0xEF,0xEF,0xF3,0xE0,0x9B,0x7B,0xFB,0xFC,
    0xFF,0xFF,0xFF,0xFF,0xFE,0xFF,0xFF,0xFF,0xFF,0xFF,0x9F,0x6F,0x6F,0x1F,0xFF,0xFF,
    0xFF,0xFF,0xFF,0xFE,0xFF,0xFF,0xFF,0x00,0xFF,0xFF,0xFF,0xFF,0xFF,0x0F,0x6F,0x6F,
    0x9F,0xFF,0xFF,0xFF,0xFF,0xFF,0x1F,0x87,0xF1,0xFC,0xFF,0xFF,0xFF,0xFF,0xFF,0xFF,
    0xFF,0xFF,0xFF,0x10,0xF6,0xFF,0xFF,0xFF,0xFF,0xFF,0xFF,0xFF,0xFF,0xFF,0xFF,0xFF,
    0xFF,0xFF,0xFF,0xFF,0xFF,0x70,0x87,0x1F,0xFF,0xFF,0x9F,0x2F,0x6F,0x0F,0xDF,0xFF,
    0xFF,0xFF,0xFF,0xFF,0xFF,0xFF,0xFF,0xFF,0xFF,0xFF,0x8F,0x6F,0x2F,0x9F,0xFF,0x00,
    0x8F,0xFF,0xFF,0xFF,0xFF,0xFF,0xFF,0xFF,0xFF,0xFF,0xFF,0xFF,0xDF,0x2F,0x78,0xE3,
    0xDF,0xBF,0x3F,0x7F,0xFF,0xFF,0xFF,0xFF,0xFF,0xFF,0xFF,0xE0,0xFF,0xFF,0xFF,0xFF,
    0xFF,0xFF,0xFF,0xFF,0xFF,0x7F,0xFF,0xBF,0x7F,0xFF,0xFF,0xFF,0xFF,0xFF,0x7F,0x80,
    0xF0,0xFF,0xFF,0xFF,0xFF,0xFF,0xFF,0xFF,0xFF,0xFF,0x9F,0x2F,0x6F,0x8F,0xFF,0xFF,
    0xFF,0xFF,0xFF,0xFF,0xFF,0xFF,0xFF,0x00,0xFF,0xFF,0xFF,0xFF,0xFF,0x8F,0xB7,0xA7,
    0xCF,0xFF,0xFF,0xFF,0xFF,0xFF,0xFF,0xFF,0xFF,0xFF,0xFF,0xFF,0x8E,0xBE,0xBA,0x8D,
    0xF9,0xFB,0xFB,0xFB,0xF8,0xF7,0xE7,0xEF,0xE7,0xF9,0xFD,0x9A,0xAA,0xBD,0x8C,0xFE,
    0xFF,0xF8,0xF3,0xE7,0xEF,0xF7,0xF8,0xFF,0xFF,0xFF,0xCF,0xAF,0xB7,0x8F,0xDF,0xFF,
    0xFF,0xFF,0xFF,0xFF,0xFF,0xFF,0xFF,0xFF,0xFF,0xFF,0x8F,0xB7,0xAF,0xCF,0xFF,0x00,
  },
  {
    0xFF,0xFF,0xFF,0xFF,0xFF,0xFE,0xFE,0xFE,0xFF,0xFF,0xFF,0xFF,0x1F,0xDF,0xDF,0x7F,
    0xFF,0xFF,0xFF,0xFF,0xFE,0xFE,0xFE,0xFF,0xFF,0xFF,0xFF,0x3F,0xDF,0xDF,0x1F,0xFF,
    0xFF,0xFF,0xFF,0xFE,0xFE,0xFE,0xFF,0xFF,0x7F,0x1F,0xE7,0xF9,0xFF,0x01,0xCF,0xFF,
    0xFF,0xFF,0xFF,0xFF,0xFF,0xFF,0xFF,0xFF,0xFF,0xFF,0x1F,0xDF,0x1F,0xFF,0xFF,0xFF,
    0xFF,0xFF,0xFF,0xFF,0xFF,0xFF,0xFF,0x00,0xFF,0xFF,0xFF,0xFF,0x1F,0x5F,0xCF,0x1F,
    0xFF,0xFF,0xFF,0xFF,0xFF,0xFE,0xFF,0xFF,0xF8,0xE6,0xCE,0x9D,0x9D,0x9D,0xBD,0xBB,
    0xBB,0xBB,0xBB,0xB7,0xF6,0xF6,0xF7,0xF7,0xF7,0xF7,0x77,0xFB,0xF9,0xF3,0xF7,0xF9,
    0xE2,0xEF,0xAF,0x63,0xD0,0xFE,0xFF,0xFF,0xFF,0xFF,0x1F,0x4F,0x5F,0x1F,0xFF,0xFF,
    0xFF,0xFF,0xFE,0xFE,0xFE,0xFF,0xFF,0xFF,0xFF,0x1F,0x5F,0x4F,0x1F,0xFF,0xFF,0x00,
    0xFF,0xFF,0xFF,0xFF,0xFF,0xFE,0xFE,0xFF,0xFF,0xFF,0xFF,0xFF,0x1F,0x6F,0x4F,0x9F,
    0xFF,0xFF,0xFF,0xFF,0xFF,0xFF,0xFF,0xFF,0xFF,0x00,0x7F,0xFE,0xFC,0xFF,0xA1,0x64,
    0x66,0x70,0x5F,0xDF,0xDF,0x7F,0xF2,0x4D,0x4D,0xA3,0xFD,0x7C,0x7E,0x1F,0xFF,0xFF,
    0xFF,0xFF,0xFF,0xFE,0xFE,0xFF,0xFF,0xFF,0xFF,0xBF,0x1F,0x6F,0x0F,0xBF,0xFF,0xFF,
    0xFF,0xFF,0xFE,0xFF,0xFF,0xFF,0xFF,0x00,0xFF,0xFF,0xFF,0xFF,0x9F,0x6F,0x6F,0x0F,
    0xFF,0xFF,0xFF,0xFF,0xFF,0xFF,0xFF,0xFF,0xFF,0xFF,0xFF,0xDF,0x0F,0x6F,0x7F,0x8F,
    0x57,0x7B,0xFC,0xF1,0x73,0xF9,0xFC,0xFF,0xFF,0xFF,0xFE,0xFC,0xFE,0xFE,0xFE,0xFE,
    0xFF,0xF7,0xEF,0x17,0xDF,0xEF,0xE7,0x47,0x0F,0xFF,0x9F,0x6F,0x6F,0x9F,0xFF,0xFF,
    0xFF,0xFF,0xFF,0xFF,0xFF,0xFF,0xFF,0xFF,0xFF,0x9F,0x6F,0x6F,0x0F,0xFF,0xFF,0x00,
    0x8F,0xFF,0xFF,0xFF,0xFF,0xFF,0xFF,0xFF,0xFF,0xFF,0xFF,0xFF,0x8F,0x6F,0x6F,0x9F,
    0xFF,0xFF,0x3F,0x8D,0xD1,0xFB,0xF3,0xE7,0x8F,0xBF,0x7F,0xFF,0x00,0xFB,0xF3,0xE7,
    0xEF,0xE7,0xEF,0xEF,0xE7,0xC7,0xBF,0xCF,0xEF,0xEF,0xF3,0xE8,0x1B,0x7B,0xFB,0xFC,
    0xFF,0xFF,0xFF,0xFF,0xFF,0xFF,0xFF,0xFF,0xFF,0xDF,0x2F,0x6F,0x0F,0xBF,0xFF,0xFF,
    0xFF,0xFF,0xFF,0xFF,0xFF,0xFF,0xFF,0x00,0xFF,0xFF,0xFF,0xFF,0x8F,0xAF,0x2F,0x8F,
    0xFF,0xFF,0xFF,0xFF,0xFF,0xFF,0x1F,0x87,0xF1,0xFC,0xFE,0xFF,0xFF,0xFF,0xFF,0xFF,
    0xFF,0xFF,0xFF,0x10,0xFF,0xFF,0xFF,0xFF,0xFF,0xFF,0xFF,0xFF,0xFF,0xFF,0xFF,0xFF,
    0xFF,0xFF,0xFF,0xFF,0xFF,0x70,0x87,0x3F,0xFF,0xFF,0x8F,0x27,0xAF,0x8F,0xFF,0xFF,
    0xFF,0xFF,0xFF,0xFF,0xFF,0xFF,0xFF,0xFF,0xFF,0x8F,0xA7,0x2F,0x8F,0xFF,0xFF,0x00,
    0xFF,0xFF,0xFF,0xFF,0xFF,0xFF,0xFF,0xFF,0xFF,0xFF,0xFF,0xFF,0x8F,0xBF,0xB8,0xE7,
    0xDF,0xBF,0x7F,0x7F,0xFF,0xFF,0xFF,0xFF,0xFF,0xFF,0xFF,0xC0,0xFF,0xFF,0xFF,0xFF,
    0xFF,0xFF,0xFF,0xFF,0xFF,0x7F,0xFF,0x3F,0x7F,0xFF,0xFF,0xFF,0xFF,0xFF,0x7F,0x80,
    0xF8,0xFF,0xFF,0xFF,0xFF,0xFF,0xFF,0xFF,0xFF,0xFF,0xA7,0xB7,0x87,0xDF,0xFF,0xFF,
    0xFF,0xFF,0xFF,0xFF,0xFF,0xFF,0xFF,0x00,0xFF,0xFF,0xFF,0xFF,0xCF,0xB7,0xB7,0xC7,
    0xFF,0xFF,0xFF,0xFF,0xFF,0xFF,0xFF,0xFF,0xFF,0xFF,0xFF,0xDE,0x86,0xBE,0x8A,0xED,
    0xF9,0xFB,0xFB,0xFB,0xF8,0xF7,0xE7,0xEF,0xE7,0xF9,0xFD,0x8A,0xBA,0x9D,0xEC,0xFE,
    0xFF,0xF8,0xE3,0xE5,0xEE,0xF7,0xF8,0xFF,0xFF,0xFF,0x87,0xB7,0xB7,0xCF,0xFF,0xFF,
    0xFF,0xFF,0xFF,0xFF,0xFF,0xFF,0xFF,0xFF,0xFF,0xCF,0xB7,0xB7,0xC7,0xFF,0xFF,0x00,
  },
  {
    0xFF,0xFF,0xFF,0xFF,0xFF,0xFF,0xFF,0xFF,0xFF,0xFF,0xFF,0x9F,0x6F,0x6F,0xDF,0x7F,
    0xFF,0xFF,0xFF,0xFF,0xFF,0xFF,0xFF,0xFF,0xFF,0xFF,0x9F,0x6F,0x6F,0x0F,0xFF,0xFF,
    0xFF,0xFF,0xFF,0xFF,0xFF,0xFF,0xFF,0xFF,0xFF,0x1F,0xC7,0xF1,0xFD,0x39,0x87,0xFF,
    0xFF,0xFF,0xFF,0xFF,0xFF,0xFF,0xFF,0xFF,0xFF,0x1F,0x6F,0x6F,0x9F,0xFF,0xFF,0xFF,
    0xFF,0xFF,0xFF,0xFF,0xFF,0xFF,0xFF,0x00,0xFF,0xFF,0xFF,0xFF,0x2F,0x6F,0x2F,0xBF,
    0xFF,0xFF,0xFF,0xFF,0xFF,0xFF,0xFF,0xFF,0xF8,0xE6,0xCC,0x9D,0xDD,0x9D,0xBD,0x3B,
    0xBB,0xBB,0x33,0xB7,0xF7,0xF7,0xF7,0xF7,0xF7,0xF7,0x77,0xFB,0xF9,0xF7,0xF7,0xF3,
    0xE4,0xEF,0xAF,0x67,0xD1,0xFC,0xFF,0xFF,0xFF,0x9F,0x6F,0x6F,0x8F,0xFF,0xFF,0xFF,
    0xFF,0xFF,0xFF,0xFF,0xFF,0xFF,0xFF,0xFF,0xBF,0x2F,0x6F,0x2F,0xDF,0xFF,0xFF,0x00,
    0xFF,0xFF,0xFF,0xFF,0xFF,0xFF,0xFF,0xFF,0xFF,0xFF,0xFF,0x8F,0x6F,0x67,0x8F,0xFF,
    0xFF,0xFF,0xFF,0xFF,0xFF,0xFF,0xFF,0xFF,0xFB,0x00,0x7F,0xFE,0xFE,0xFF,0xA1,0x64,
    0x66,0x71,0x5E,0xDF,0xDF,0xFF,0xE2,0xCD,0x4D,0xA3,0xFD,0x78,0xAE,0xDF,0xFF,0xFF,
    0xFF,0xFF,0xFF,0xFF,0xFF,0xFF,0xFF,0xFF,0xFF,0x8F,0x6F,0x2F,0x8F,0xFF,0xFF,0xFF,
    0xFF,0xFF,0xFF,0xFF,0xFF,0xFF,0xFF,0x00,0xFF,0xFF,0xFF,0xDF,0xA7,0xB7,0xAF,0xDF,
    0xFF,0xFF,0xFF,0xFF,0xFF,0xFF,0xFF,0xFF,0xFF,0xFF,0xFF,0xAF,0xB7,0xA7,0xFF,0x9F,
    0xDF,0x6F,0xFC,0xF1,0x33,0xF9,0xFC,0xFF,0xFF,0xFF,0xFE,0xFC,0xFE,0xFE,0xFE,0xFE,
    0xFF,0xF4,0x07,0x57,0xDF,0xEF,0xEF,0x4F,0x0F,0xFF,0xA7,0xB7,0x8F,0xFF,0xFF,0xFF,
    0xFF,0xFF,0xFF,0xFF,0xFF,0xFF,0xFF,0xFF,0xCF,0xA7,0xB7,0xA7,0xDF,0xFF,0xFF,0x00,
    0xFF,0xFF,0xFF,0xFF,0xFF,0xFF,0xFF,0xFF,0xFF,0xFF,0xFF,0xCF,0xB7,0xB7,0x8F,0xFF,
    0xFF,0xFF,0xFF,0x7F,0x89,0xC3,0xF7,0xE7,0x5F,0x3F,0xFC,0xFF,0x00,0xFD,0xFB,0xFB,
    0xF7,0xC3,0xDF,0xCF,0xF7,0xE3,0xDF,0xE7,0xF7,0xFB,0xFC,0xE3,0x1F,0x73,0xF9,0xFC,
    0xFF,0xFF,0xFF,0xFF,0xFF,0xFF,0xFF,0xFF,0xFF,0x8F,0xB7,0xB7,0xCF,0xFF,0xFF,0xFF,
    0xFF,0xFF,0xFF,0xFF,0xFF,0xFF,0xFF,0x00,0xFF,0xFF,0xFF,0xEF,0x97,0xB7,0x87,0xEF,
    0xFF,0xFF,0xFF,0xFF,0xFF,0xFF,0x3F,0x8F,0xF3,0xF9,0xFE,0xFF,0xFF,0xFF,0xFF,0xFF,
    0xFF,0xFF,0xFE,0x7D,0x80,0xFF,0xFF,0xFF,0xFF,0xFF,0xFF,0xFF,0xFF,0xFF,0xFF,0xFF,
    0xFF,0xFF,0xFF,0xFF,0xFF,0xF8,0x87,0x1F,0xFF,0xEF,0x97,0xB7,0xC7,0xFF,0xFF,0xFF,
    0xFF,0xFF,0xFF,0xFF,0xFF,0xFF,0xFF,0xFF,0xFF,0x97,0xB7,0x97,0xFF,0xFF,0xFF,0x00,
    0xFF,0xFF,0xFF,0xFF,0xFF,0xFF,0xFF,0xFF,0xFF,0xFF,0xFF,0xC7,0xD7,0xBF,0xF8,0xE7,
    0xDF,0x3F,0x7F,0xFF,0xFF,0xFF,0xFF,0xFF,0xFF,0xFF,0xFF,0x80,0x3F,0xFF,0xFF,0xFF,
    0xFF,0xFF,0xFF,0xFF,0xFF,0x7F,0xFF,0x3F,0x7F,0xFF,0xFF,0xFF,0xFF,0xFF,0x7F,0x80,
    0xF0,0xFF,0xFF,0xFF,0xFF,0xFF,0xFF,0xFF,0xFF,0xC7,0xDB,0x93,0xC7,0xFF,0xFF,0xFF,
    0xFF,0xFF,0xFF,0xFF,0xFF,0xFF,0xFF,0x00,0xFF,0xFF,0xFF,0xFF,0xC3,0xBB,0xC3,0xE7,
    0xFF,0xFF,0xFF,0xFF,0xFF,0xFF,0xFF,0xFF,0xFF,0xFF,0xFF,0xC6,0xDE,0xDE,0xEA,0xF9,
    0xF9,0xF9,0xF9,0xFB,0xF8,0xF7,0xE7,0xEF,0xE7,0xF9,0xCD,0xDA,0xDA,0xCD,0xFC,0xFE,
    0xFF,0xF8,0xE3,0xE5,0xEE,0xF7,0xF8,0xFF,0xFF,0xE7,0xDB,0xDB,0xC7,0xFF,0xFF,0xFF,
    0xFF,0xFF,0xFF,0xFF,0xFF,0xFF,0xFF,0xFF,0xEF,0xD3,0xFB,0xD7,0xEF,0xFF,0xFF,0x00,
  },
  {
    0xFF,0xFF,0xFF,0xFF,0xFF,0xFF,0xFF,0xFF,0xFF,0xFF,0xFF,0x8F,0x6F,0x6F,0xCF,0x7F,
    0xFF,0xFF,0xFF,0xFF,0xFF,0xFF,0xFF,0xFF,0xFF,0xFF,0x8F,0x6F,0x6F,0x8F,0xFF,0xFF,
    0xFF,0xFF,0xFF,0xFF,0xFF,0xFF,0xFF,0xFF,0xFF,0x1F,0xC7,0xF1,0xFD,0x39,0x83,0xFF,
    0xFF,0xFF,0xFF,0xFF,0xFF,0xFF,0xFF,0xFF,0xDF,0x4F,0x6F,0x6F,0xDF,0xFF,0xFF,0xFF,
    0xFF,0xFF,0xFF,0xFF,0xFF,0xFF,0xFF,0x00,0xFF,0xFF,0xFF,0x8F,0x6F,0x6F,0xAF,0xFF,
    0xFF,0xFF,0xFF,0xFF,0xFF,0xFF,0xFF,0xFF,0xF8,0xE6,0xCE,0x9D,0x9D,0x9D,0xBD,0x3B,
    0xBB,0xBB,0x33,0xB7,0xF7,0xF7,0xF7,0xF7,0xF7,0xF7,0xF7,0xFB,0xF9,0xF7,0xF7,0xFB,
    0xE4,0xEF,0xAF,0x67,0xD1,0xFC,0xFF,0xFF,0xFF,0x8F,0x77,0x77,0x8F,0xFF,0xFF,0xFF,
    0xFF,0xFF,0xFF,0xFF,0xFF,0xFF,0xFF,0xFF,0x8F,0x77,0x77,0x8F,0xFF,0xFF,0xFF,0x00,
    0xFF,0xFF,0xFF,0xFF,0xFF,0xFF,0xFF,0xFF,0xFF,0xFF,0xFF,0x8F,0xB7,0xB7,0x8F,0xFF,
    0xFF,0xFF,0xFF,0xFF,0xFF,0xFF,0xFF,0xFF,0xFF,0x00,0x3F,0xFE,0xFC,0xFF,0xA1,0x64,
    0x66,0x70,0x5E,0xDF,0xDF,0xFF,0xF2,0xCD,0x4D,0xA3,0xFD,0xFC,0xFE,0xFF,0xFF,0xFF,
    0xFF,0xFF,0xFF,0xFF,0xFF,0xFF,0xFF,0xFF,0xFF,0xF7,0xF7,0xB7,0xCF,0xFF,0xFF,0xFF,
    0xFF,0xFF,0xFF,0xFF,0xFF,0xFF,0xFF,0x00,0xFF,0xFF,0xFF,0xCF,0xB7,0xB7,0x87,0xFF,
    0xFF,0xFF,0xFF,0xFF,0xFF,0xFF,0xFF,0xFF,0xFF,0xFF,0xCF,0xB7,0xB7,0xB7,0xFF,0x9F,
    0xDF,0x6F,0xFC,0xF1,0x33,0xF9,0xFC,0xFD,0xFF,0xFF,0xFE,0xFC,0xFC,0xFE,0xFE,0xFE,
    0xFF,0xF4,0x07,0x17,0xDF,0xEF,0xEF,0xCF,0x0F,0xFF,0xB7,0xB7,0xCF,0xFF,0xFF,0xFF,
    0xFF,0xFF,0xFF,0xFF,0xFF,0xFF,0xFF,0xFF,0xCF,0xB7,0xB7,0x87,0xFF,0xFF,0xFF,0x00,
    0xFF,0xFF,0xFF,0xFF,0xFF,0xFF,0xFF,0xFF,0xFF,0xFF,0xFF,0xC7,0xBF,0xB7,0xCF,0xFF,
    0xFF,0xFF,0xFF,0x7F,0x89,0xC3,0xF3,0xE7,0x5F,0x3F,0x7C,0xFF,0x00,0xFD,0xF9,0xFB,
    0xFB,0xC3,0xDF,0xEF,0xF7,0xE3,0xDF,0xEF,0xF7,0xFB,0xFC,0xF3,0x1F,0x73,0xF9,0xFC,
    0xFF,0xFF,0xFF,0xFF,0xFF,0xFF,0xFF,0xFF,0xEF,0x9F,0xBB,0x97,0xCF,0xFF,0xFF,0xFF,
    0xFF,0xFF,0xFF,0xFF,0xFF,0xFF,0xFF,0x00,0xFF,0xFF,0xFF,0xC7,0x9B,0xDB,0xD7,0xFF,
    0xFF,0xFF,0xFF,0xFF,0xFF,0xFF,0x3F,0x0F,0xF3,0xF9,0xFE,0xFF,0xFF,0xFF,0xFF,0xFF,
    0xFF,0xFF,0xFE,0xFF,0x00,0xFF,0xFF,0xFF,0xFF,0xFF,0xFF,0xFF,0xFF,0xFF,0xFF,0xFF,
    0xFF,0xFF,0xFF,0xFF,0xFF,0xF8,0x83,0x1F,0xFF,0xC7,0xBB,0x9B,0xC7,0xFF,0xFF,0xFF,
    0xFF,0xFF,0xFF,0xFF,0xFF,0xFF,0xFF,0xFF,0xC7,0xFB,0xFB,0xC7,0xFF,0xFF,0xFF,0x00,
    0xFF,0xFF,0xFF,0xFF,0xFF,0xFF,0xFF,0xFF,0xFF,0xFF,0xFF,0xF3,0xFB,0xFF,0xF8,0xE0,
    0xCF,0x3F,0x7F,0xFF,0xFF,0xFF,0xFF,0xFF,0xFF,0xFF,0xFF,0xC4,0x1F,0xFF,0xFF,0xFF,
    0xFF,0xFF,0xFF,0xFF,0xFF,0x7F,0xFF,0x3F,0x7F,0xFF,0xFF,0xFF,0xFF,0xFF,0x7F,0x84,
    0xF0,0xFF,0xFF,0xFF,0xFF,0xFF,0xFF,0xFF,0xEF,0xD7,0xDB,0xD3,0xE7,0xFF,0xFF,0xFF,
    0xFF,0xFF,0xFF,0xFF,0xFF,0xFF,0xFF,0x00,0xFF,0xFF,0xFF,0xE7,0xDB,0xDD,0xEB,0xFF,
    0xFF,0xFF,0xFF,0xFF,0xFF,0xFF,0xFF,0xFF,0xFF,0xFF,0xE7,0xDA,0xDE,0xDE,0xFA,0xF9,
    0xF9,0xF9,0xF9,0xFB,0xF8,0xF7,0xE7,0xEF,0xE7,0xF9,0xCD,0xDA,0xDA,0xED,0xFD,0xFE,
    0xFF,0xF8,0xF3,0xE7,0xEF,0xE7,0xF8,0xFF,0xFF,0xE3,0xDB,0xDB,0xE7,0xFF,0xFF,0xFF,
    0xFF,0xFF,0xFF,0xFF,0xFF,0xFF,0xFF,0xFF,0xE7,0xDB,0xDB,0xC3,0xFF,0xFF,0xFF,0x00,
  },
  {
    0xFF,0xFF,0xFF,0xFF,0xFF,0xFF,0xFF,0xFF,0xFF,0xFF,0xDF,0xA7,0x37,0x8F,0xFF,0xFF,
    0xFF,0xFF,0xFF,0xFF,0xFF,0xFF,0xFF,0xFF,0xFF,0xFF,0x8F,0xB7,0xA7,0xCF,0xFF,0xFF,
    0xFF,0xFF,0xFF,0xFF,0xFF,0xFF,0xFF,0xFF,0xFF,0x8F,0xB7,0xB7,0x8F,0xFF,0xFF,0x7F,
    0x1F,0xFF,0xFF,0xFF,0xFF,0xFF,0xFF,0xFF,0x8F,0xA7,0xB7,0x8F,0xFF,0xFF,0xFF,0xFF,
    0xFF,0xFF,0xFF,0xFF,0xFF,0xFF,0xFF,0x00,0xFF,0xFF,0xFF,0x87,0xB7,0xB7,0xCF,0xFF,
    0xFF,0xFF,0xFF,0xFF,0xFF,0xFF,0xCF,0x1F,0x5F,0xDF,0xBF,0xB7,0xB7,0xA7,0xBF,0x3F,
    0x7F,0x7F,0x7F,0x7F,0x7F,0x7F,0x7F,0x7F,0xBF,0xAF,0xB7,0x97,0xB7,0xBF,0x3F,0x7F,
    0xBF,0xDF,0xC7,0xF3,0x7B,0x3D,0xDE,0xE0,0xFD,0x9F,0xB7,0xA7,0xDF,0xFF,0xFF,0xFF,
    0xFF,0xFF,0xFF,0xFF,0xFF,0xFF,0xFF,0xFF,0x87,0xB7,0xB7,0xCF,0xFF,0xFF,0xFF,0x00,
    0xFF,0xFF,0xFF,0xFF,0xFF,0xFF,0xFF,0xFF,0xFF,0xFF,0xCF,0xB7,0xB7,0xC7,0xFF,0xFF,
    0xFE,0xFD,0xFB,0xF1,0xF5,0xF9,0xEB,0xEB,0xEB,0xFB,0xCB,0x0B,0xFF,0x0F,0x27,0x37,
    0x8F,0xF3,0xFF,0xFF,0xFF,0x97,0x6F,0x6F,0x1F,0xBD,0xD3,0xF2,0xCC,0xFF,0xFF,0xFF,
    0xFF,0xFF,0xFF,0xFF,0xFF,0xFF,0xFF,0xFF,0xC7,0xB7,0xB7,0xC7,0xFF,0xFF,0xFF,0xFF,
    0xFF,0xFF,0xFF,0xFF,0xFF,0xFF,0xFF,0x00,0xFF,0xFF,0xFF,0xC7,0xD3,0x97,0xE7,0xFF,
    0xFF,0xFF,0xFF,0xFF,0xFF,0xFF,0xFF,0xFF,0xFF,0xFF,0xC7,0x93,0xBB,0xC7,0xFF,0xFF,
    0x9F,0xEF,0xF7,0xFE,0x01,0xFF,0xFD,0xFA,0xE7,0x1F,0xE7,0xE7,0xF7,0xF7,0xF6,0xF6,
    0xFA,0xEE,0xEF,0x59,0xF1,0x79,0x03,0xFF,0xEF,0xC7,0x9B,0xC7,0xEF,0xFF,0xFF,0xFF,
    0xFF,0xFF,0xFF,0xFF,0xFF,0xFF,0xFF,0xFF,0xC7,0xDF,0xD7,0xE7,0xFF,0xFF,0xFF,0x00,
    0xFF,0xFF,0xFF,0xFF,0xFF,0xFF,0xFF,0xFF,0xFF,0xFF,0xE7,0xDB,0xDB,0xC3,0xFF,0xFF,
    0xFF,0xFF,0xFF,0xFF,0xFF,0xFF,0xFF,0xFF,0xF8,0xFA,0xC7,0xDF,0x3E,0xC4,0x9B,0xCB,
    0xDB,0xBC,0xBF,0xFF,0x8F,0x7F,0x7F,0x1F,0xBF,0xDF,0xEF,0xC6,0xAC,0x72,0xF7,0xEF,
    0xCF,0x3F,0x7F,0xFF,0xFF,0xFF,0xFF,0xFF,0xE7,0xDB,0xDB,0xC7,0xFF,0xFF,0xFF,0xFF,
    0xFF,0xFF,0xFF,0xFF,0xFF,0xFF,0xFF,0x00,0xFF,0xFF,0xFF,0xC3,0xDB,0xDB,0xE7,0xFF,
    0xFF,0xFF,0xFF,0xFF,0xFF,0xFF,0xFF,0xFF,0xFF,0xFF,0xC7,0xDB,0xDB,0xE3,0xFF,0xFF,
    0x7F,0x9F,0xC7,0xF9,0x00,0xFF,0xFF,0xFF,0xFF,0xFF,0xFF,0xFF,0xFF,0xFF,0xFE,0xFF,
    0xFF,0xFF,0xFF,0xFF,0xFF,0xFE,0xF9,0xEF,0x9F,0x7F,0x38,0x83,0xFF,0xFF,0xFF,0xFF,
    0xFF,0xFF,0xFF,0xFF,0xFF,0xFF,0xFF,0xFF,0xC3,0xDB,0xDB,0xE7,0xFF,0xFF,0xFF,0x00,
    0xFF,0xFF,0xFF,0xFF,0xFF,0xFF,0xFF,0xFF,0xFF,0xFF,0xE7,0xCB,0xDB,0xE3,0xFF,0xFF,
    0xFF,0xFF,0xFF,0xF7,0xF7,0xE3,0xDD,0xDC,0x9E,0xB0,0xBF,0xFF,0x00,0xFF,0xFF,0xFF,
    0xFF,0xFF,0xFF,0xFF,0xFF,0xFF,0xFF,0xFF,0xFF,0xFF,0xFF,0xFF,0xFF,0xFF,0xFF,0xFF,
    0xFF,0x01,0x04,0xFF,0xFF,0xFF,0xFF,0xFF,0xE3,0xDB,0xD9,0xE3,0xFF,0xFF,0xFF,0xFF,
    0xFF,0xFF,0xFF,0xFF,0xFF,0xFF,0xFF,0x00,0xFF,0xFF,0xFF,0xE3,0xCD,0xED,0xE3,0xFF,
    0xFF,0xFF,0xFF,0xFF,0xFF,0xFF,0xFF,0xFF,0xFF,0xFF,0xE3,0xEF,0xEB,0xE3,0xFF,0xFF,
    0xFF,0xFF,0xFF,0xFF,0xF0,0xE7,0xEF,0xEF,0xF3,0xFB,0xEB,0xEB,0xE9,0xFD,0xFE,0xFE,
    0xFE,0xF9,0xF5,0xEB,0xEB,0xE3,0xF3,0xF9,0xFD,0xEE,0xDF,0xEB,0xF7,0xFF,0xFF,0xFF,
    0xFF,0xFF,0xFF,0xFF,0xFF,0xFF,0xFF,0xFF,0xE3,0xCD,0xE9,0xE3,0xFF,0xFF,0xFF,0x00,
  },
  {
    0xFF,0xFF,0xFF,0xFF,0xFF,0xFF,0xFF,0xFF,0xFF,0xFF,0xC7,0xB7,0xB7,0xC7,0xFF,0xFF,
    0xFF,0xFF,0xFF,0xFF,0xFF,0xFF,0xFF,0xFF,0xFF,0xC7,0xB7,0xB7,0xC7,0xFF,0xFF,0xFF,
    0xFF,0xFF,0xFF,0xFF,0xFF,0xFF,0xFF,0xFF,0xEF,0x97,0xB7,0xC7,0xFF,0xFF,0xFF,0xFF,
    0xFF,0xFF,0xFF,0xFF,0xFF,0xFF,0xFF,0xFF,0x87,0xB7,0x87,0xCF,0xFF,0xFF,0xFF,0xFF,
    0xFF,0xFF,0xFF,0xFF,0xFF,0xFF,0xFF,0x00,0xFF,0xFF,0xCF,0xD7,0xF3,0xC7,0xFF,0xFF,
    0xFF,0xFF,0xFF,0xFF,0xFF,0xFF,0x7F,0x7F,0x7F,0xFF,0xD7,0xBB,0xC7,0xFF,0xFF,0xFF,
    0xFF,0xFF,0xFF,0xFF,0xFF,0xFF,0xFF,0xFF,0xFF,0xC7,0xD7,0xD7,0xC7,0xFF,0xFF,0xFF,
    0xFF,0x7F,0x3F,0x9F,0xCF,0xE7,0x73,0x19,0xC1,0xFE,0xB7,0xC7,0xFF,0xFF,0xFF,0xFF,
    0xFF,0xFF,0xFF,0xFF,0xFF,0xFF,0xFF,0xEF,0xD7,0xBB,0xC7,0xFF,0xFF,0xFF,0xFF,0x00,
    0xFF,0xFF,0xFF,0xFF,0xFF,0xFF,0xFF,0xFF,0xFF,0xFF,0xC7,0xDB,0xDB,0xC7,0xFF,0xFC,
    0xFA,0xF6,0xE6,0xEE,0xAD,0xAD,0xCD,0xCD,0xED,0xED,0x2D,0xFD,0x7D,0x3D,0xDD,0x9D,
    0xFE,0xFC,0xFC,0xFF,0xFE,0x5C,0xBD,0x3D,0xFC,0x0E,0xC7,0xD3,0xFB,0xF9,0xFE,0xFF,
    0xFF,0xFF,0xFF,0xFF,0xFF,0xFF,0xFF,0xFF,0xC3,0xDB,0xD3,0xE7,0xFF,0xFF,0xFF,0xFF,
    0xFF,0xFF,0xFF,0xFF,0xFF,0xFF,0xFF,0x00,0xFF,0xFF,0xE7,0xDB,0xDB,0xC3,0xFF,0xFF,
    0xFF,0xFF,0xFF,0xFF,0xFF,0xFF,0xFF,0xFF,0xFF,0xEF,0xC3,0xDB,0xD3,0xEF,0xFF,0xFF,
    0x7F,0xBF,0xDE,0xF9,0xE6,0xEC,0xE8,0x2C,0xBF,0x3F,0xDF,0xDF,0xDF,0x9C,0xD9,0xD8,
    0x8C,0x9E,0xBB,0xFA,0xF9,0x03,0xFF,0xFF,0xE7,0xDB,0xDB,0xC3,0xFF,0xFF,0xFF,0xFF,
    0xFF,0xFF,0xFF,0xFF,0xFF,0xFF,0xFF,0xE7,0xCB,0xDB,0xC3,0xFF,0xFF,0xFF,0xFF,0x00,
    0xFF,0xFF,0xFF,0xFF,0xFF,0xFF,0xFF,0xFF,0xFF,0xFF,0xE3,0xDB,0xDB,0xE7,0xFF,0xFF,
    0xFF,0xFF,0xFF,0xFF,0xFF,0xFF,0xFF,0xFF,0xE0,0xE7,0x9F,0x9F,0x7F,0xDF,0x03,0xB8,
    0x7F,0xFF,0x3C,0x81,0x3F,0xFF,0xFF,0xFF,0x1F,0xBF,0x9E,0x8C,0x58,0xF6,0xFD,0xFD,
    0xF9,0xFB,0xF7,0xE7,0xCF,0x3F,0xFF,0xFF,0xE3,0xDB,0xCB,0xE7,0xFF,0xFF,0xFF,0xFF,
    0xFF,0xFF,0xFF,0xFF,0xFF,0xFF,0xFF,0x00,0xFF,0xFF,0xF3,0xEB,0xCD,0xE3,0xFF,0xFF,
    0xFF,0xFF,0xFF,0xFF,0xFF,0xFF,0xFF,0xFF,0xFF,0xF7,0xEB,0xEF,0xEB,0xF7,0xFF,0xFF,
    0xFF,0xFF,0x7F,0x07,0xF1,0x00,0xFE,0xFF,0xFF,0xFE,0xFE,0xFD,0xFE,0xFE,0xFE,0xFF,
    0xFE,0xFF,0xFF,0xFF,0xFF,0xFE,0xF9,0xE7,0xDF,0x3F,0xFF,0xFF,0xFF,0xFE,0x00,0xFF,
    0xFF,0xFF,0xFF,0xFF,0xFF,0xFF,0xFF,0xF7,0xE9,0xED,0xE3,0xFF,0xFF,0xFF,0xFF,0x00,
    0xFF,0xFF,0xFF,0xFF,0xFF,0xFF,0xFF,0xFF,0xFF,0xFF,0xE3,0xED,0xED,0xF3,0xFF,0xFF,
    0xFF,0xFF,0xFF,0xFF,0xFF,0xFF,0xFF,0xFF,0xFF,0xFF,0xFC,0xF0,0x03,0xFC,0xFF,0xFF,
    0xFF,0xFF,0xFF,0xFF,0xFF,0xFF,0xFF,0xFF,0xFF,0xFF,0xFF,0xFF,0xFF,0xFF,0xFF,0xFF,
    0xFF,0xFE,0x11,0x27,0xF7,0xF8,0xFE,0xFF,0xE3,0xED,0xE9,0xF3,0xFF,0xFF,0xFF,0xFF,
    0xFF,0xFF,0xFF,0xFF,0xFF,0xFF,0xFF,0x00,0xFF,0xFF,0xF3,0xE5,0xED,0xE1,0xFF,0xFF,
    0xFF,0xFF,0xFF,0xFF,0xFF,0xFF,0xFF,0xFF,0xFF,0xFB,0xE1,0xED,0xE1,0xFF,0xFF,0xFF,
    0xFF,0xFF,0xFF,0xFF,0xF0,0xEC,0xEB,0xEF,0xF7,0xF7,0xF7,0xF7,0xF3,0xFB,0xFB,0xFD,
    0xFD,0xF9,0xF7,0xE7,0xE7,0xE7,0xE7,0xF7,0xF3,0xFB,0xE8,0xF6,0xFF,0xFF,0xFF,0xFF,
    0xFF,0xFF,0xFF,0xFF,0xFF,0xFF,0xFF,0xF3,0xED,0xED,0xE1,0xFF,0xFF,0xFF,0xFF,0x00,
  },
  {
    0xFF,0xFF,0xFF,0xFF,0xFF,0xFF,0xFF,0xFF,0xFF,0xE7,0xD3,0xDB,0xC7,0xFF,0xFF,0xFF,
    0xFF,0xFF,0xFF,0xFF,0xFF,0xFF,0xFF,0xFF,0xFF,0xD3,0xDB,0xD3,0xE7,0xFF,0xFF,0xFF,
    0xFF,0xFF,0xFF,0xFF,0xFF,0xFF,0xFF,0xFF,0xC7,0xDB,0xDB,0xC7,0xFF,0xFF,0xFF,0xFF,
    0xFF,0xFF,0xFF,0xFF,0xFF,0xFF,0xFF,0xC7,0xDB,0xDB,0xC7,0xFF,0xFF,0xFF,0xFF,0xFF,
    0xFF,0xFF,0xFF,0xFF,0xFF,0xFF,0xFF,0x00,0xFF,0xFF,0xC3,0xDB,0xDB,0xE7,0xFF,0xFF,
    0xFF,0xFF,0xFF,0xFF,0xFF,0xFF,0xFF,0xFF,0xFF,0xE7,0xDB,0xDB,0xE7,0xFF,0xFF,0xFF,
    0xFF,0xFF,0xFF,0xFF,0xFF,0xFF,0xFF,0xFF,0xE7,0xDB,0xDB,0xC3,0xFF,0xFF,0xFF,0xFF,
    0xFF,0xFF,0xFF,0x7F,0xBF,0xDF,0xCF,0xEF,0x17,0xE3,0xFF,0xFF,0xFF,0xFF,0xFF,0xFF,
    0xFF,0xFF,0xFF,0xFF,0xFF,0xFF,0xFF,0xC3,0xDB,0xDB,0xE7,0xFF,0xFF,0xFF,0xFF,0x00,
    0xFF,0xFF,0xFF,0xFF,0xFF,0xFF,0xFF,0xFF,0xFF,0xF7,0xCB,0xDB,0xCB,0xFF,0xF8,0xE5,
    0xD9,0xBB,0x3B,0xB7,0xB7,0x77,0x77,0x37,0xB7,0xB7,0xF7,0xF3,0xF3,0x77,0x7B,0x7B,
    0xBB,0xF9,0xF9,0xFB,0x7B,0xFB,0xF7,0xF3,0xD9,0xBC,0xAE,0xCF,0xEF,0xE7,0xF7,0xFC,
    0xFF,0xFF,0xFF,0xFF,0xFF,0xFF,0xFF,0xE3,0xDB,0xDB,0xE3,0xFF,0xFF,0xFF,0xFF,0xFF,
    0xFF,0xFF,0xFF,0xFF,0xFF,0xFF,0xFF,0x00,0xFF,0xFF,0xE3,0xCD,0xE9,0xE3,0xFF,0xFF,
    0xFF,0xFF,0xFF,0xFF,0xFF,0xFF,0xFF,0xFF,0xFF,0xE3,0xEB,0xDE,0xE2,0xFF,0xFF,0xFE,
    0xFE,0xFE,0x71,0xCF,0xD8,0xB3,0xB3,0xB8,0x3F,0x6F,0x4F,0x7F,0x7F,0x62,0x66,0x30,
    0x1F,0xF8,0xFE,0xF9,0x67,0x1F,0xFF,0xF7,0xEB,0xDD,0xEB,0xF7,0xFF,0xFF,0xFF,0xFF,
    0xFF,0xFF,0xFF,0xFF,0xFF,0xFF,0xFF,0xEB,0xCD,0xEB,0xE3,0xFF,0xFF,0xFF,0xFF,0x00,
    0xFF,0xFF,0xFF,0xFF,0xFF,0xFF,0xFF,0xFF,0xFF,0xF3,0xED,0xED,0xE1,0xFF,0xFF,0xFF,
    0xFF,0xFF,0xFF,0xFF,0xFF,0xFF,0xFF,0xDF,0xD1,0x1F,0xFC,0xFF,0xFF,0xFF,0x0F,0x9F,
    0xC7,0xF2,0xF7,0x87,0x3F,0xFD,0xF3,0xFF,0x3F,0x3C,0x7C,0x1C,0x56,0xF4,0xF6,0xEE,
    0xEE,0xFE,0xFC,0xFD,0xFB,0xF3,0xE7,0xCF,0x3D,0xFD,0xE1,0xFF,0xFF,0xFF,0xFF,0xFF,
    0xFF,0xFF,0xFF,0xFF,0xFF,0xFF,0xFF,0x00,0xFF,0xFF,0xE1,0xED,0xED,0xF3,0xFF,0xFF,
    0xFF,0xFF,0xFF,0xFF,0xFF,0xFF,0xFF,0xFF,0xFF,0xF1,0xED,0xED,0xF1,0xFF,0xFF,0xFF,
    0xFF,0xFF,0xFE,0x0D,0xE1,0xF3,0x0E,0xFB,0xF7,0xF7,0xF7,0xFB,0xFC,0xFE,0xFC,0xFD,
    0xFD,0xFE,0xFF,0xFF,0xFF,0xFC,0xF9,0xF7,0xCF,0x3F,0xFF,0xFF,0xFF,0xFF,0xFF,0xFF,
    0x00,0xA9,0xFF,0xFF,0xFF,0xFF,0xFF,0xE1,0xED,0xED,0xF3,0xFF,0xFF,0xFF,0xFF,0x00,
    0xFF,0xFF,0xFF,0xFF,0xFF,0xFF,0xFF,0xFF,0xFF,0xF1,0xF5,0xEF,0xF1,0xFF,0xFF,0xFF,
    0xFF,0xFF,0xFF,0xFF,0xFF,0xFF,0xFF,0xFF,0xFF,0xFF,0xFF,0xF0,0x6F,0x01,0xFE,0xFF,
    0xFF,0xFF,0xFF,0xFF,0xFF,0xFF,0xFF,0xFF,0xFF,0xFF,0xFF,0xFF,0xFF,0xFF,0xFF,0xFF,
    0xFF,0xFF,0xFC,0x23,0x0F,0xE7,0xF3,0xF8,0xEE,0xEF,0xF1,0xFF,0xFF,0xFF,0xFF,0xFF,
    0xFF,0xFF,0xFF,0xFF,0xFF,0xFF,0xFF,0x00,0xFF,0xFF,0xF1,0xFE,0xF6,0xF9,0xFF,0xFF,
    0xFF,0xFF,0xFF,0xFF,0xFF,0xFF,0xFF,0xFF,0xFF,0xF1,0xF6,0xF6,0xF1,0xFF,0xFF,0xFF,
    0xFF,0xFF,0xFF,0xFF,0xE0,0xEF,0xE9,0xEB,0xE7,0xF7,0xE7,0xE7,0xE7,0xF7,0xF7,0xF7,
    0xFB,0xF3,0xF7,0xEF,0xE7,0xEF,0xEF,0xF7,0xE7,0xF7,0xF7,0xF8,0xFC,0xFF,0xFF,0xFF,
    0xFF,0xFF,0xFF,0xFF,0xFF,0xFF,0xFF,0xF5,0xF6,0xF6,0xF9,0xFF,0xFF,0xFF,0xFF,0x00,
  },
  {
    0xFF,0xFF,0xFF,0xFF,0xFF,0xFF,0xFF,0xFF,0xFF,0xE3,0xDB,0xDB,0xE3,0xFF,0xFF,0xFF,
    0xFF,0xFF,0xFF,0xFF,0xFF,0xFF,0xFF,0xFF,0xE3,0xDB,0xDB,0xE3,0xFF,0xFF,0xFF,0xFF,
    0xFF,0xFF,0xFF,0xFF,0xFF,0xFF,0xFF,0xE7,0xCB,0xDB,0xE3,0xFF,0xFF,0xFF,0xFF,0xFF,
    0xFF,0xFF,0xFF,0xFF,0xFF,0xFF,0xFF,0xC3,0xDB,0xCB,0xF7,0xFF,0xFF,0xFF,0xFF,0xFF,
    0xFF,0xFF,0xFF,0xFF,0xFF,0xFF,0xFF,0x00,0xFF,0xE3,0xC9,0xED,0xE3,0xFF,0xFF,0xFF,
    0xFF,0xFF,0xFF,0xFF,0xFF,0xFF,0xFF,0xFF,0xF7,0xE3,0xFD,0xFB,0xFF,0xFF,0xFF,0xFF,
    0xFF,0xFF,0xFF,0xFF,0xFF,0xFF,0xFF,0xFF,0xE3,0xED,0xE9,0xF3,0xFF,0xFF,0xFF,0xFF,
    0xFF,0xFF,0xFF,0x7F,0x3F,0xBF,0xDF,0xEF,0x0F,0xC7,0xFF,0xFF,0xFF,0xFF,0xFF,0xFF,
    0xFF,0xFF,0xFF,0xFF,0xFF,0xFF,0xE3,0xE9,0xF9,0xE3,0xFF,0xFF,0xFF,0xFF,0xFF,0x00,
    0xFF,0xFF,0xFF,0xFF,0xFF,0xFF,0xFF,0xFF,0xFF,0xE3,0xED,0xED,0xF3,0xFF,0xF1,0xEB,
    0x9B,0x7B,0xB3,0xB7,0x37,0x77,0x77,0x37,0xB7,0xB5,0xF5,0xF3,0xF7,0x77,0x73,0xFB,
    0xFB,0xF9,0xF9,0xFB,0x7B,0xF3,0xF7,0xF3,0xD9,0xBD,0x9E,0xCF,0xEF,0xE7,0xF3,0xF8,
    0xFE,0xFF,0xFF,0xFF,0xFF,0xFF,0xF7,0xE1,0xED,0xE9,0xF3,0xFF,0xFF,0xFF,0xFF,0xFF,
    0xFF,0xFF,0xFF,0xFF,0xFF,0xFF,0xFF,0x00,0xFF,0xF3,0xED,0xED,0xE1,0xFF,0xFF,0xFF,
    0xFF,0xFF,0xFF,0xFF,0xFF,0xFF,0xFF,0xFF,0xF3,0xED,0xEF,0xE6,0xFF,0xFF,0xFF,0xFF,
    0xFE,0xFC,0xE1,0xCF,0x90,0xB3,0xB3,0xBC,0x7F,0x4F,0x6F,0x7F,0x7D,0x66,0x66,0x31,
    0x5B,0xFC,0xFE,0xF9,0x67,0x9F,0xFF,0x71,0x6D,0xED,0xF1,0xFF,0xFF,0xFF,0xFF,0xFF,
    0xFF,0xFF,0xFF,0xFF,0xFF,0xFF,0xF3,0xED,0xED,0xE1,0xFF,0xFF,0xFF,0xFF,0xFF,0x00,
    0xFF,0xFF,0xFF,0xFF,0xFF,0xFF,0xFF,0xFF,0xFF,0xF1,0xE5,0xE5,0xF1,0xFF,0xFF,0xFF,
    0xFF,0xFF,0xFF,0xFF,0xFF,0xFF,0xFF,0xFF,0xF1,0x7F,0xFF,0xFF,0xFF,0x9F,0x0F,0xBF,
    0xC7,0xF6,0xE7,0x8F,0x7F,0xF9,0xFB,0xFF,0x3F,0x3C,0x7D,0x1C,0x16,0xEE,0xEC,0xE0,
    0xEE,0xEE,0xFE,0xFC,0xFD,0xFD,0xFB,0xF3,0xE7,0x1D,0x73,0xFF,0xFF,0xFF,0xFF,0xFF,
    0xFF,0xFF,0xFF,0xFF,0xFF,0xFF,0xFF,0x00,0xFF,0xF1,0xF6,0xF6,0xF1,0xFF,0xFF,0xFF,
    0xFF,0xFF,0xFF,0xFF,0xFF,0xFF,0xFF,0xFF,0xF9,0xF4,0xF6,0xF5,0xFF,0xFF,0xFF,0xFF,
    0xFF,0xFF,0xFE,0x1D,0xC5,0xF3,0x0A,0xFB,0xF7,0xF7,0xF7,0xFB,0xFC,0xFE,0xFE,0xFD,
    0xFD,0xFE,0xFF,0xFF,0xFF,0xFC,0xF9,0xF7,0xCF,0x3F,0xFF,0xFF,0xFF,0xFF,0xFF,0xFF,
    0xFF,0x7E,0x00,0xFF,0xFF,0xFF,0xF9,0xF6,0xF6,0xF1,0xFF,0xFF,0xFF,0xFF,0xFF,0x00,
    0xFF,0xFF,0xFF,0xFF,0xFF,0xFF,0xFF,0xFF,0xFF,0xF0,0xF6,0xF6,0xF9,0xFF,0xFF,0xFF,
    0xFF,0xFF,0xFF,0xFF,0xFF,0xFF,0xFF,0xFF,0xF9,0xF6,0xFF,0xF0,0x2F,0x01,0xFE,0xFF,
    0xFF,0xFF,0xFF,0xFF,0xFF,0xFF,0xFF,0xFF,0xFF,0xFF,0xFF,0xFF,0xFF,0xFF,0xFF,0xFF,
    0xFF,0xFF,0xFC,0x23,0x4F,0xCF,0xF7,0xF3,0xF9,0xF6,0xFF,0xFF,0xFF,0xFF,0xFF,0xFF,
    0xFF,0xFF,0xFF,0xFF,0xFF,0xFF,0xFF,0x00,0xFF,0xF9,0xF6,0xF6,0xF8,0xFF,0xFF,0xFF,
    0xFF,0x7F,0x7F,0x7F,0xFF,0xFF,0xFF,0xFF,0xF9,0xF2,0xF6,0xF8,0xFF,0xFF,0xFF,0xFF,
    0xFF,0xFF,0xFF,0xFF,0xE0,0xEF,0xE9,0xE3,0xF7,0xF7,0xF7,0xF7,0xF7,0xF7,0xF7,0xF3,
    0x7B,0x73,0x77,0xE7,0xE7,0xEF,0xE7,0xF7,0xE7,0xF7,0xF7,0xF8,0xFC,0xFF,0xFF,0x7F,
    0x7F,0x7F,0xFF,0xFF,0xFF,0xFF,0xF9,0xF6,0xF6,0xF8,0xFF,0xFF,0xFF,0xFF,0xFF,0x00,
  },
  {
    0xFF,0xFF,0xFF,0xFF,0xFF,0xFF,0xFF,0xFF,0xF1,0xED,0xED,0xF3,0xFF,0xFF,0xFF,0xFF,
    0xFF,0xFF,0xFF,0xFF,0xFF,0xFF,0xFF,0xF3,0xED,0xED,0xE1,0xFF,0xFF,0xFF,0xFF,0xFF,
    0xFF,0xFF,0xFF,0xFF,0xFF,0xFF,0xFB,0xE1,0xED,0xE5,0xF3,0xFF,0xFF,0xFF,0xFF,0xFF,
    0xFF,0xFF,0xFF,0xFF,0xFF,0xFF,0xE1,0xED,0xED,0xF3,0xFF,0xFF,0xFF,0xFF,0xFF,0xFF,
    0xFF,0xFF,0xFF,0xFF,0xFF,0xF1,0xFF,0x00,0xFF,0xE5,0xEC,0xF1,0xFF,0xFF,0xFF,0xFF,
    0xFF,0xFF,0xFF,0xFF,0xFF,0xFF,0xFF,0xFB,0xF1,0xED,0xE5,0xFB,0xFF,0xFF,0xFF,0xFF,
    0xFF,0xFF,0xFF,0xFF,0xFF,0xFF,0xFF,0xF1,0xED,0xE5,0xF1,0xFF,0xFF,0xFF,0xFF,0xFF,
    0xFF,0xFF,0xFF,0x7F,0x3F,0xBF,0xD3,0xCD,0x0C,0xC5,0xFF,0xFF,0xFF,0xFF,0xFF,0xFF,
    0xFF,0xFF,0xFF,0xFF,0xFF,0xFB,0xE1,0xED,0xF1,0xFF,0xFF,0xFF,0xFF,0xFF,0xFF,0x00,
    0xFF,0xFF,0xFF,0xFF,0xFF,0xFF,0xFF,0xFF,0xF1,0xF4,0xF4,0xF1,0xFF,0xF9,0xE3,0xCB,
    0x3B,0x37,0xB7,0x77,0x77,0x77,0x77,0x77,0x34,0xB6,0xF5,0xF7,0x77,0x77,0x73,0xBB,
    0xFB,0xF9,0xFB,0xFB,0x73,0xF3,0xF7,0xEB,0x5D,0x9D,0xDE,0xCF,0xEF,0xEF,0xF7,0xF8,
    0xFE,0xFF,0xFF,0xFF,0xFF,0xFF,0xF1,0xF6,0xF4,0xF9,0xFF,0xFF,0xFF,0xFF,0xFF,0xFF,
    0xFF,0xFF,0xFF,0xFF,0xFF,0xF1,0xFF,0x00,0xFF,0xF4,0xF6,0xF1,0xFF,0xFF,0xFF,0xFF,
    0xFF,0xFF,0xFF,0xFF,0xFF,0xFF,0xFF,0xFF,0xF7,0xF7,0xF6,0xFF,0xFD,0xFD,0xFD,0xFD,
    0xFF,0x7D,0x63,0xD9,0xB0,0xB3,0xB2,0x3C,0x7F,0x7F,0x7F,0x7F,0x71,0x66,0x60,0x31,
    0x5B,0xFC,0xFE,0xF9,0x07,0xBF,0x79,0x74,0x76,0x71,0x7F,0xFF,0xFF,0xFF,0xFF,0xFF,
    0xFF,0xFF,0xFF,0xFF,0xFF,0xF9,0xF4,0xF6,0xF0,0xFF,0xFF,0xFF,0xFF,0xFF,0xFF,0x00,
    0xFF,0xFF,0xFF,0xFF,0xFF,0xFF,0xFF,0xFF,0xF8,0xF6,0xF6,0xF9,0xFF,0xFF,0xFF,0xFF,
    0xFF,0xFF,0xFF,0xFF,0xFF,0xFF,0xFF,0xD9,0x90,0x7F,0xFE,0xFF,0xFF,0x0F,0x5F,0xBF,
    0xC6,0xF7,0xE7,0x0F,0x7F,0xF9,0xFB,0xFF,0x3F,0x3C,0x7C,0x3A,0x97,0xEF,0xEE,0xEE,
    0xE8,0xEA,0xEE,0xFE,0xFE,0xFE,0xFD,0xFD,0xFA,0xE7,0x0F,0x7F,0xFF,0xFF,0xFF,0xFF,
    0xFF,0xFF,0xFF,0xFF,0xFF,0xF8,0xFF,0x00,0xFF,0xF2,0xF6,0xFA,0xFF,0xFF,0xFF,0xFF,
    0xFF,0x7F,0x7F,0xFF,0xFF,0xFF,0xFF,0xFF,0xFA,0xF6,0xFA,0xFD,0xFF,0xFF,0xFF,0xFF,
    0x7F,0x7E,0xFE,0x1D,0xC7,0x63,0x38,0xF7,0xF7,0xF7,0xF7,0xF9,0xFE,0xFE,0xFE,0xFD,
    0xFD,0xFE,0xFF,0xFF,0xFF,0xFC,0xFB,0xF7,0xDF,0x3F,0xFF,0xFF,0xFF,0xFF,0xFF,0xFF,
    0xFF,0xFF,0x7F,0x00,0xFF,0xFD,0xF2,0xF6,0xF8,0xFF,0xFF,0xFF,0xFF,0xFF,0xFF,0x00,
    0xFF,0x7F,0x7F,0x7F,0xFF,0xFF,0xFF,0xFF,0xF8,0xFB,0xFA,0xF8,0xFF,0xFF,0xFF,0xFF,
    0x7F,0x7F,0x7F,0xFF,0xFF,0xFF,0xFF,0xF8,0xFA,0xFB,0xFF,0xF0,0x07,0xF8,0xFF,0xFF,
    0xFF,0xFF,0xFF,0xFF,0xEF,0xCF,0xFF,0xFF,0xFF,0xFF,0xFF,0xFF,0xFF,0xFF,0xFF,0xFF,
    0xFF,0xFF,0xFC,0x23,0x5F,0xDF,0xEF,0xE7,0xF3,0xF9,0xFE,0xFF,0xFF,0xFF,0x7F,0x7F,
    0x7F,0xFF,0xFF,0xFF,0xFF,0xF8,0xFF,0x00,0xFF,0xFB,0xFB,0xF8,0xFF,0xFF,0xFF,0xFF,
    0x7F,0x7F,0x7F,0x7F,0xFF,0xFF,0xFF,0xFD,0xF8,0xFB,0xFA,0xFD,0xFF,0xFF,0xFF,0x7F,
    0x7F,0x7F,0x7F,0xFF,0xE0,0xED,0xEB,0xE7,0xF7,0xF7,0xF7,0xF7,0xF7,0xF7,0xF7,0x73,
    0x7B,0x73,0xF7,0xEF,0xE7,0xEF,0xE7,0xF7,0xE7,0xF7,0xF7,0xF8,0xFC,0xFF,0x7F,0x7F,
    0x7F,0x7F,0xFF,0xFF,0xFF,0xFC,0xFA,0xFB,0xF8,0xFF,0xFF,0xFF,0xFF,0xFF,0xFF,0x00,
  },
  {
    0xFF,0xFF,0xFF,0xFF,0xFF,0xFF,0xFF,0xF9,0xF5,0xE5,0xF1,0xFF,0xFF,0xFF,0xFF,0xFF,
    0xFF,0xFF,0xFF,0xFF,0xFF,0xFF,0xFB,0xF1,0xF5,0xF5,0xF9,0xFF,0xFF,0xFF,0xFF,0xFF,
    0xFF,0xFF,0xFF,0xFF,0xFF,0xFF,0xF1,0xF5,0xF5,0xF9,0xFF,0xFF,0xFF,0xFF,0xFF,0xFF,
    0xFF,0xFF,0xFF,0xFF,0xFF,0xF1,0xF5,0xF5,0xF1,0xFF,0xFF,0xFF,0xFF,0xFF,0xFF,0xFF,
    0xFF,0xFF,0xFF,0xFF,0xFF,0xF1,0xFF,0x00,0xFF,0xF6,0xF4,0xF9,0xFF,0xFF,0xFF,0xFF,
    0xFF,0xFF,0xFF,0xFF,0xFF,0xFF,0xFF,0xF1,0xF6,0xF6,0xF9,0xFF,0xFF,0xFF,0xFF,0xFF,
    0xFF,0xFF,0xFF,0xFF,0xFF,0xFF,0xF9,0xF6,0xF6,0xF0,0xFF,0xFF,0xFF,0xFF,0xFF,0xFF,
    0xFF,0xFF,0xFF,0x7F,0x3F,0xBF,0xDE,0xEE,0x0C,0xE7,0xFF,0xFF,0xFF,0xFF,0xFF,0xFF,
    0xFF,0xFF,0xFF,0xFF,0xFF,0xF0,0xF6,0xF6,0xF9,0xFF,0xFF,0xFF,0xFF,0xFF,0xFF,0x00,
    0xFF,0xFF,0xFF,0xFF,0xFF,0xFF,0xFF,0xF9,0xF6,0xF6,0xF0,0xFF,0xFF,0xF9,0xE3,0xDB,
    0x3B,0xB7,0xB7,0x77,0x77,0x77,0x77,0x74,0x36,0xB6,0xF5,0xF7,0x77,0x77,0x7B,0xBB,
    0xFB,0xF9,0xFB,0xFB,0x73,0xF3,0xF7,0xFB,0x5D,0x9C,0xDE,0xCF,0xEF,0xE7,0xF3,0x78,
    0xFE,0xFF,0xFF,0xFF,0xFF,0xF9,0xF6,0xF6,0xF8,0xFF,0xFF,0xFF,0xFF,0xFF,0x7F,0xFF,
    0xFF,0xFF,0xFF,0xFF,0xFF,0xF0,0xFF,0x00,0xFF,0xF2,0xF2,0xF9,0xFF,0xFF,0xFF,0xFF,
    0x7F,0x7F,0xFF,0xFF,0xFF,0xFF,0xFF,0xF8,0xF3,0xFB,0xFE,0xFF,0xFD,0xFD,0xFD,0xFD,
    0x7F,0x7D,0x63,0xD9,0xB0,0xB3,0xB0,0x3F,0x5F,0x4F,0x7F,0x7F,0x70,0x66,0x60,0x3B,
    0x5B,0xFC,0xFE,0xF1,0x07,0xFF,0x78,0x7B,0x78,0x7D,0x7F,0xFF,0xFF,0xFF,0xFF,0x7F,
    0xFF,0xFF,0xFF,0xFF,0xFF,0xF8,0xF2,0xF2,0xF8,0xFF,0xFF,0xFF,0xFF,0xFF,0xFF,0x00,
    0xFF,0x7F,0x7F,0xFF,0xFF,0xFF,0xFF,0xFC,0xFA,0xFB,0xF8,0xFF,0xFF,0xFF,0xFF,0xFF,
    0x7F,0x7F,0xFF,0xFF,0xFF,0xFF,0xFF,0xD8,0x90,0x7F,0xFE,0xFF,0xFF,0x0F,0xDF,0x9F,
    0xE6,0xE7,0xE7,0x0F,0x7D,0xF9,0xFB,0xFF,0x3F,0x3C,0x7C,0x1A,0x97,0xEF,0xEE,0xEE,
    0xE0,0xEA,0xEE,0xFE,0xFE,0xFE,0xFD,0xFD,0xF2,0xE7,0x0F,0x7F,0xFF,0x7F,0x7F,0x7F,
    0xFF,0xFF,0xFF,0xFF,0xFD,0xF8,0xFF,0x00,0xFF,0xFB,0xFB,0xFC,0xFF,0xFF,0xFF,0xFF,
    0x7F,0x7F,0x7F,0xFF,0xFF,0xFF,0xFF,0xFC,0xFB,0xFB,0xF8,0xFF,0xFF,0xFF,0xFF,0x7F,
    0x7F,0x7E,0xFE,0x1D,0xE7,0x23,0xB8,0xF7,0xF7,0xF7,0xF7,0xF9,0xFE,0xFE,0xFE,0xFD,
    0xFE,0xFF,0xFF,0xFF,0xFF,0xFC,0xFB,0xF7,0xDF,0x3F,0xFF,0xFF,0xFF,0xFF,0xFF,0xFF,
    0xFF,0xFF,0x7F,0x40,0xFF,0xF8,0xFB,0xFB,0xFC,0xFF,0xFF,0xFF,0xFF,0x7F,0xFF,0x00,
    0xFF,0xFF,0x3F,0xFF,0xFF,0xFF,0xFF,0xFC,0xF9,0xFB,0xF8,0xFF,0xFF,0xFF,0xFF,0x7F,
    0x7F,0x7F,0x7F,0xFF,0xFF,0xFF,0xFF,0xF8,0xFB,0xFF,0xFF,0xF0,0x07,0xF8,0xFF,0xFF,
    0xFF,0xFF,0xFF,0xFF,0xEF,0xCF,0xFF,0xFF,0xFF,0xFF,0xFF,0xFF,0xFF,0xFF,0xFF,0xFF,
    0xFF,0xFF,0xFC,0x23,0x5F,0xDF,0xEF,0xF7,0xF3,0xF9,0xFE,0xFF,0xFF,0x7F,0x7F,0x7F,
    0x7F,0xFF,0xFF,0xFF,0xFE,0xF8,0xFF,0x00,0xFF,0xFB,0xF9,0xFE,0xFF,0xFF,0xFF,0x7F,
    0x7F,0x3F,0x7F,0xFF,0xFF,0xFF,0xFF,0xFC,0xF9,0xF9,0xFC,0xFF,0xFF,0xFF,0xFF,0x7F,
    0x3F,0x7F,0x7F,0xF7,0xE0,0xED,0xEB,0xE7,0xF7,0xF7,0xF7,0xF7,0xF7,0xF7,0x77,0x33,
    0x3B,0x73,0xF7,0xE7,0xE7,0xEF,0xE7,0xF7,0xF7,0xF7,0xF7,0xF8,0xFE,0x7F,0x3F,0x3F,
    0x7F,0xFF,0xFF,0xFF,0xFF,0xFC,0xFB,0xFD,0xFC,0xFF,0xFF,0xFF,0x7F,0x3F,0xFF,0x00,
  },
  {
    0x7F,0x7F,0xFF,0xFF,0xFF,0xFF,0xFF,0xF1,0xF7,0xF9,0xF9,0xFF,0xFF,0xFF,0xFF,0x7F,
    0x7F,0xFF,0xFF,0xFF,0xFF,0xF7,0x83,0x77,0x2F,0x5F,0x9F,0x3F,0x7F,0xFF,0xFF,0xFF,
    0xFF,0xFF,0xFF,0xFF,0xFF,0xF9,0xF7,0xF7,0xF9,0xFF,0xFF,0xFF,0xFF,0xFF,0x7F,0x7F,
    0xFF,0xFF,0xFF,0xFF,0xFF,0xF1,0xF7,0xF9,0xFD,0xFF,0xFF,0xFF,0xFF,0x7F,0x7F,0xFF,
    0xFF,0xFF,0xFF,0xFF,0xF9,0xF7,0xFF,0x00,0xFF,0xFB,0xF8,0xFF,0xFF,0xFF,0xFF,0x7F,
    0x7F,0x7F,0xFF,0xFF,0xFF,0xFF,0xF8,0xFB,0xFF,0xF8,0xFF,0xFF,0xFF,0xFF,0x7F,0x7C,
    0x7B,0xEC,0x91,0xA7,0x6E,0x5E,0xF9,0xE3,0xCE,0xFC,0xDF,0xEF,0xEF,0xCF,0xDF,0x9F,
    0xBF,0xDF,0xDF,0xDF,0xDF,0xD8,0xDB,0xDB,0xDC,0xCF,0xCF,0xEF,0xEF,0x6F,0xAF,0xCF,
    0xE7,0xFF,0xFF,0xFF,0xF8,0xFB,0xFF,0xF8,0xFF,0xFF,0xFF,0xFF,0x7F,0x7F,0xFF,0x00,
    0x7F,0x7F,0x7F,0xFF,0xFF,0xFF,0xFD,0xFA,0xFB,0xFB,0xFC,0xFF,0xFF,0xFF,0xFF,0x7F,
    0x7F,0x7F,0xFF,0xFF,0xFF,0xFF,0xF8,0xFB,0xFB,0xFC,0x3F,0x9F,0x98,0xFA,0x87,0x13,
    0x9B,0xE5,0xFF,0xFF,0xFF,0xFB,0xC7,0x3B,0x17,0x87,0x7F,0x8F,0xE5,0x75,0x75,0x75,
    0xF5,0xFD,0xFE,0xFC,0xFE,0xFB,0xFB,0xFB,0xFD,0xFF,0xFF,0xFF,0xFF,0x7F,0x7F,0x7F,
    0xFF,0xFF,0xFF,0xFF,0xF8,0xFB,0xFF,0x00,0xFB,0xFB,0xFC,0xFF,0xFF,0xFF,0xFF,0xFF,
    0xFF,0x7F,0xFF,0xFF,0xFF,0xFF,0xFC,0xFB,0xFB,0xF8,0xFF,0xFF,0xFF,0xFF,0xFF,0xFF,
    0xE3,0x80,0x3F,0x0F,0x23,0xF8,0xFD,0x3D,0xC9,0xED,0xFA,0xFA,0xFA,0xFB,0xF9,0xF9,
    0x3D,0x8E,0xE4,0xE5,0xD9,0x1D,0x7F,0x7B,0x7C,0xFF,0xFF,0xFF,0xFF,0xFF,0xFF,0x7F,
    0xFF,0xFF,0xFF,0xFF,0xFC,0xFB,0xFB,0xF8,0xFF,0xFF,0xFF,0xFF,0xFF,0xFF,0xFF,0x00,
    0xFF,0x3F,0x7F,0xFF,0xFF,0xFF,0xFF,0xFD,0xFB,0xF9,0xFE,0xFF,0xFF,0xFF,0x7F,0xBF,
    0xBF,0x7F,0xFF,0xFF,0xFF,0xFF,0xFD,0xFB,0xFB,0xFF,0xF9,0xF7,0x0F,0xD8,0xE7,0xCE,
    0xDF,0xBF,0x9F,0xBF,0xBF,0x9F,0xE7,0xE7,0xE8,0xF3,0xE7,0xEF,0xE7,0x17,0xFA,0xFF,
    0xFE,0xFE,0xFC,0xF9,0xE7,0x0F,0xFB,0xFD,0xFE,0xFF,0xFF,0xFF,0x7F,0xBF,0xBF,0x7F,
    0xFF,0xFF,0xFF,0xFF,0xFF,0xFF,0xFF,0x00,0xFF,0xFD,0xFC,0xFF,0xFF,0xFF,0x7F,0xBF,
    0xBF,0xBF,0x7F,0xFF,0xFF,0xFF,0xFC,0xF9,0xFD,0xFC,0xFF,0xFF,0xFF,0xFF,0x3F,0xBF,
    0xFF,0x7F,0x03,0xF8,0xFE,0xFF,0xFF,0xFF,0xFF,0xFF,0xFF,0xFF,0xFF,0xFF,0xFF,0xFF,
    0xFF,0xFF,0xFF,0xFF,0xFF,0xFF,0xFC,0xF3,0x0F,0xFF,0xFF,0xFF,0xFF,0xFC,0x00,0xFF,
    0xFF,0xFF,0x7F,0xFF,0x7C,0xFD,0xFD,0xFC,0xFF,0xFF,0xFF,0xFF,0x3F,0xBF,0xFF,0x00,
    0xFF,0xFF,0x7F,0xFF,0xFF,0xFF,0xFE,0xFD,0xFD,0xFD,0xFE,0xFF,0xFF,0xFF,0x3F,0xBF,
    0xBF,0x3F,0xFF,0xFF,0xFF,0xFF,0xFC,0xFD,0xFF,0xFE,0xE0,0x0F,0xFF,0xFF,0xFF,0xFF,
    0x7F,0x7F,0xBF,0xBF,0xDF,0xDF,0xBF,0x3F,0x7F,0xFF,0xFF,0xFF,0xFF,0xFF,0xFF,0xFF,
    0x3F,0xC0,0xFF,0xFF,0xFF,0xFF,0xFF,0xFE,0x7E,0x3E,0x8E,0xE0,0x7F,0xBF,0xBF,0x3F,
    0xFF,0xFF,0xFF,0xFF,0xFF,0xFF,0xFF,0x00,0xFD,0xFD,0xFE,0xFF,0xFF,0xFF,0xFF,0x3F,
    0xDF,0xBF,0x7F,0xFF,0xFF,0xFF,0xFE,0xFD,0xFD,0xFC,0xFF,0xFF,0xFF,0xFF,0xBF,0xBF,
    0xBF,0x3F,0xFF,0xF0,0xE7,0xEF,0xE7,0xF1,0xFC,0xFF,0xFF,0xFF,0xFF,0xFF,0xFF,0xBF,
    0x3F,0xFE,0xF0,0xE7,0xEE,0xEE,0xEE,0xE2,0xFC,0xFD,0xFD,0xFD,0x7D,0xBD,0xDC,0xBE,
    0xFE,0xFF,0xFF,0xFF,0xFE,0xFD,0xFD,0xFC,0xFF,0xFF,0xFF,0xFF,0xFF,0xFF,0xFF,0x00,
  },
  {
    0x7F,0x7F,0xFF,0xFF,0xFF,0xFF,0xF9,0xF9,0xF9,0xF9,0xFF,0xFF,0xFF,0xFF,0x7F,0x7F,
    0x7F,0xFF,0xFF,0xFF,0xFF,0xFD,0xF9,0xFB,0xF9,0xFD,0xFF,0xFF,0xFF,0x81,0x3C,0xFF,
    0xF0,0x07,0x7F,0xFF,0xFF,0xF9,0xF9,0xF9,0xFD,0xFF,0xFF,0xFF,0xFF,0x7F,0x7F,0x7F,
    0xFF,0xFF,0xFF,0xFF,0xF9,0xF9,0xF9,0xF9,0xFF,0xFF,0xFF,0xFF,0x7F,0x7F,0x7F,0xFF,
    0xFF,0xFF,0xFF,0xFD,0xF9,0xFB,0xFF,0x00,0xFB,0xF8,0xFC,0xFF,0xFF,0xFF,0x7F,0x7F,
    0x7F,0x7F,0xFF,0xFF,0xFF,0xFF,0xF8,0xFB,0xFB,0xFC,0xFF,0xFF,0xFF,0xFF,0x7F,0x7F,
    0x7F,0xFF,0xFF,0xFF,0xFF,0x6F,0x18,0xF1,0xFF,0xF3,0xF0,0x77,0xF7,0xF1,0xF3,0xF7,
    0xEF,0xEF,0xEF,0xEF,0xEC,0xE8,0xEB,0xE8,0xEF,0xEF,0xEF,0xEF,0xEF,0x67,0xE7,0x67,
    0x37,0xC7,0xE7,0xFF,0xF8,0xFB,0xFB,0xFC,0xFF,0xFF,0xFF,0xFF,0x7F,0x7F,0xFF,0x00,
    0x7F,0x7F,0xFF,0xFF,0xFF,0xFF,0xFC,0xFB,0xFB,0xFC,0xFF,0xFF,0xFF,0xFF,0x7F,0x7F,
    0x7F,0x7F,0xFF,0xFF,0xFF,0xFE,0xF9,0xFB,0xFC,0xFE,0x1F,0x03,0xF9,0xFD,0x78,0x3F,
    0x61,0x46,0x65,0xFE,0xBF,0xBF,0xBF,0xFE,0xE1,0x4D,0x41,0xA3,0x9F,0xE7,0x72,0x7A,
    0xF4,0xF4,0xF4,0xF4,0xFA,0xFA,0xFD,0xFE,0xFF,0xFF,0xFF,0xFF,0x7F,0x7F,0x7F,0x7F,
    0xFF,0xFF,0xFF,0xFC,0xF8,0xFB,0xFF,0x00,0xF9,0xFC,0xFE,0xFF,0xFF,0xFF,0x7F,0x3F,
    0xBF,0x7F,0xFF,0xFF,0xFF,0xFF,0xFC,0xF9,0xF9,0xFC,0xFF,0xFF,0xFF,0xFF,0x7F,0xBF,
    0x3F,0x7F,0xFF,0xFE,0x85,0x79,0xAC,0xEF,0xF7,0xFE,0xFE,0xFE,0xFE,0xFC,0xFE,0xFE,
    0x7E,0x1E,0xCF,0xC7,0x8D,0x72,0xFF,0x7C,0x7F,0xBF,0xFF,0xFF,0x7F,0x3F,0xBF,0x7F,
    0xFF,0xFF,0xFF,0xFF,0xFC,0xF9,0xF9,0xFC,0xFF,0xFF,0xFF,0x7F,0x3F,0xBF,0xFF,0x00,
    0xBF,0x3F,0x7F,0xFF,0xFF,0xFF,0xFE,0xFD,0xFD,0xFC,0xFF,0xFF,0xFF,0xFF,0x7F,0xBF,
    0xBF,0x7F,0xFF,0xFF,0xFF,0xFE,0xFC,0xFD,0xFC,0xFE,0xFF,0x7F,0x9F,0xC3,0xF9,0xF3,
    0xE7,0xFF,0x8F,0xBF,0xDF,0xC1,0xF3,0xF7,0xF4,0xF4,0xFF,0xFF,0xEF,0x97,0x70,0xFF,
    0xFF,0xFF,0xFE,0xF9,0xE3,0x0F,0xFD,0xFC,0xFF,0xFF,0xFF,0xFF,0x7F,0xBF,0x3F,0x7F,
    0xFF,0xFF,0xFF,0xFE,0xFD,0xFD,0xFF,0x00,0xFD,0xFC,0xFE,0xFF,0xFF,0xFF,0x7F,0xBF,
    0xBF,0x3F,0xFF,0xFF,0xFF,0xFF,0xFC,0xFD,0xFD,0xFE,0xFF,0xFF,0xFF,0xFF,0x3F,0xBF,
    0xFF,0x07,0xF8,0xFE,0xFF,0xFF,0xFF,0xFF,0xFF,0xFF,0xFF,0xFF,0xFF,0xFF,0xFF,0xFF,
    0xFF,0xFF,0xFF,0xFF,0xFF,0xFF,0xFC,0xC3,0x3F,0xFF,0xFF,0xFF,0x07,0xF0,0xBF,0x3F,
    0xFF,0xFF,0xFF,0xFF,0xFC,0xFD,0xFD,0xFE,0xFF,0xFF,0xFF,0x7F,0xBF,0xBF,0xFF,0x00,
    0x9F,0x3F,0x7F,0xFF,0xFF,0xFF,0xFE,0xFC,0xFD,0xFE,0xFF,0xFF,0xFF,0xFF,0x3F,0xBF,
    0xBF,0x3F,0xFF,0xFF,0xFF,0xFF,0xFC,0xFD,0xFF,0xF8,0x33,0x0F,0xFF,0xFF,0xFF,0xFF,
    0x3F,0xDF,0xDF,0xEF,0xEF,0xEF,0x1F,0xBF,0x3F,0x7F,0xFF,0xFF,0xFF,0x7F,0x7F,0x9F,
    0x20,0xFF,0xFF,0xFF,0xF8,0xF7,0xE5,0xEE,0x2F,0xCF,0xE7,0xFF,0x3F,0x9F,0xBF,0x3F,
    0xFF,0xFF,0xFF,0xFF,0xFC,0xFD,0xFF,0x00,0xFC,0xFE,0xFF,0xFF,0xFF,0xFF,0x3F,0x9F,
    0xDF,0x3F,0xFF,0xFF,0xFF,0xFF,0xFE,0xFC,0xFE,0xFE,0xFF,0xFF,0xFF,0xFF,0x3F,0xDF,
    0x1F,0x7F,0xF0,0xE1,0xE7,0xE7,0xE7,0xF0,0xFE,0xFF,0xFF,0xFF,0xFF,0x3F,0xDE,0x9C,
    0x3D,0xFC,0xF8,0xE6,0xEF,0xEE,0xEF,0xE7,0xF8,0xFF,0xF9,0xF9,0x3D,0x99,0xDD,0x3C,
    0xFF,0xFF,0xFF,0xFF,0xFE,0xFC,0xFC,0xFE,0xFF,0xFF,0xFF,0x3F,0x9F,0xDF,0xFF,0x00,
  },
  {
    0x7F,0x7F,0xFF,0xFF,0xFF,0xFF,0xF9,0xF9,0xF9,0xFD,0xFF,0xFF,0xFF,0x7F,0x7F,0x3F,
    0x7F,0xFF,0xFF,0xFF,0xFF,0xFD,0xF9,0xF9,0xFD,0xFF,0xFF,0xFF,0xFF,0xFF,0x81,0x3C,
    0xFF,0xF1,0x07,0x7F,0xFD,0xF9,0xF9,0xFD,0xFF,0xFF,0xFF,0xFF,0x7F,0x3F,0x7F,0x7F,
    0xFF,0xFF,0xFF,0xFF,0xF9,0xF9,0xFD,0xFD,0xFF,0xFF,0xFF,0x7F,0x7F,0x3F,0x7F,0xFF,
    0xFF,0xFF,0xFF,0xFD,0xF9,0xF9,0xFF,0x00,0xF9,0xFC,0xFF,0xFF,0xFF,0xFF,0x7F,0xBF,
    0x3F,0x7F,0xFF,0xFF,0xFF,0xFC,0xF9,0xFB,0xFC,0xFF,0xFF,0xFF,0xFF,0x7F,0xBF,0x3F,
    0x7F,0xFF,0xFF,0xFF,0xFF,0xF1,0x2F,0x98,0xF3,0xFF,0xF7,0x78,0xF7,0xF7,0xF3,0xF7,
    0xE7,0xEF,0xEF,0xEF,0xCC,0xC9,0xC9,0xEC,0xCF,0xEF,0xEF,0xEF,0xEF,0xEF,0xEF,0xEF,
    0x6F,0x2F,0xCF,0xE4,0xFD,0xFD,0xFC,0xFF,0xFF,0xFF,0xFF,0x7F,0xBF,0xBF,0xFF,0x00,
    0xBF,0x7F,0xFF,0xFF,0xFF,0xFF,0xFC,0xFD,0xFD,0xFE,0xFF,0xFF,0xFF,0x7F,0xBF,0xBF,
    0x3F,0xFF,0xFF,0xFF,0xFF,0xFC,0xFD,0xFD,0xFC,0xFF,0xFF,0x07,0xF1,0xFD,0x7C,0x3F,
    0x63,0x44,0xE6,0xF8,0xBF,0xBF,0xBF,0xFE,0x71,0x4D,0x4D,0xE3,0xFF,0xFF,0xFE,0x7E,
    0xF4,0xF5,0xF5,0xF5,0xF4,0xFC,0xFA,0xFD,0xFE,0xFF,0xFF,0x7F,0xBF,0xBF,0x3F,0xFF,
    0xFF,0xFF,0xFF,0xFC,0xFD,0xFD,0xFF,0x00,0xFD,0xFC,0xFF,0xFF,0xFF,0xFF,0x3F,0xBF,
    0xBF,0x7F,0xFF,0xFF,0xFF,0xFE,0xFD,0xFD,0xFC,0xFF,0xFF,0xFF,0xFF,0x3F,0xBF,0xBF,
    0x3F,0xFF,0xFF,0xFF,0x84,0x39,0xAC,0xEE,0xF7,0xFB,0xFE,0xFE,0xFE,0xFC,0xFE,0xFE,
    0x7E,0x3E,0x8F,0xCF,0x1D,0x71,0x8D,0xFE,0x7F,0x7F,0xFF,0xFF,0xBF,0xBF,0xBF,0x7F,
    0xFF,0xFF,0xFF,0xFE,0xFD,0xFD,0xFC,0xFF,0xFF,0xFF,0xFF,0x3F,0xBF,0xBF,0xFF,0x00,
    0x9F,0x3F,0xFF,0xFF,0xFF,0xFF,0xFE,0xFD,0xFC,0xFE,0xFF,0xFF,0xFF,0x7F,0xBF,0x9F,
    0x3F,0xFF,0xFF,0xFF,0xFF,0xFE,0xFD,0xFD,0xFE,0xFF,0xFF,0x7F,0x9F,0xC7,0xF1,0xF3,
    0xF7,0xE7,0xEF,0x8F,0xBF,0xDD,0xE3,0xF7,0xF0,0xEF,0xFF,0xDF,0xDF,0xCE,0x30,0xFE,
    0xFF,0xFF,0xFE,0xFC,0xF3,0x07,0x7C,0xFE,0xFF,0xFF,0xFF,0x3F,0xBF,0x9F,0x3F,0xFF,
    0xFF,0xFF,0xFF,0xFE,0xFD,0xFD,0xFF,0x00,0xFD,0xFE,0xFF,0xFF,0xFF,0xFF,0x3F,0xDF,
    0x9F,0x3F,0xFF,0xFF,0xFF,0xFE,0xFE,0xFD,0xFE,0xFF,0xFF,0xFF,0xFF,0x3F,0xDF,0xFF,
    0x3F,0xC3,0xF8,0xFE,0xFF,0xFF,0xFF,0xFF,0xFF,0xFF,0xFF,0xFF,0xFF,0xFF,0xFF,0xFF,
    0xFF,0xFF,0xFF,0xFF,0xFF,0xFF,0xF8,0x07,0xFF,0xFF,0xFF,0xFF,0x0F,0xC0,0xBF,0xFF,
    0xFF,0xFF,0xFF,0xFE,0xFE,0xFC,0xFE,0xFF,0xFF,0xFF,0xFF,0x3F,0xDF,0xDF,0xFF,0x00,
    0xDF,0x3F,0xFF,0xFF,0xFF,0xFF,0xFE,0xFE,0xFE,0xFF,0xFF,0xFF,0xFF,0x3F,0x9F,0xDF,
    0x1F,0xFF,0xFF,0xFF,0xFF,0xFE,0xFE,0xFF,0xFE,0xF8,0x27,0xDF,0xFF,0xFF,0xFF,0x7F,
    0x1F,0xDF,0xCF,0xEF,0xEF,0x4F,0x1F,0xBF,0x7F,0x7F,0xFF,0xFF,0xFF,0xFF,0xFF,0x9F,
    0x60,0xFF,0xFF,0xF9,0xC0,0x1F,0x7F,0x7F,0x7F,0xFF,0xFF,0x3F,0xDF,0xDF,0x1F,0xFF,
    0xFF,0xFF,0xFF,0xFE,0xFE,0xFE,0xFF,0x00,0xFE,0xFE,0xFF,0xFF,0xFF,0xFF,0x1F,0xDF,
    0xDF,0xBF,0xFF,0xFF,0xFF,0xFF,0xFE,0xFE,0xFE,0xFF,0xFF,0xFF,0xFF,0x1F,0xDF,0xDF,
    0x1F,0xFF,0xF0,0xE7,0xE7,0xEF,0xE7,0xF0,0xFF,0xFF,0xFF,0xFF,0x3F,0xDF,0xDC,0x1D,
    0xF9,0xFA,0xF8,0xE6,0xEF,0xEF,0xEF,0xE7,0xF8,0xFB,0xFB,0xFB,0x1B,0xDB,0x99,0xBC,
    0xFC,0xFD,0xFF,0xFF,0xFE,0xFE,0xFE,0xFF,0xFF,0xFF,0xFF,0x9F,0xDF,0xDF,0xFF,0x00,
  },
  {
    0x3F,0xFF,0xFF,0xFF,0xFF,0xFC,0xFD,0xFD,0xFC,0xFF,0xFF,0xFF,0xFF,0x3F,0xBF,0x3F,
    0x7F,0xFF,0xFF,0xFF,0xFF,0xFF,0xF0,0x9D,0x65,0x99,0x37,0x67,0xCF,0xDF,0x3F,0x7F,
    0xFF,0xFF,0xFF,0xFE,0xFD,0xFD,0xFD,0xFF,0xFF,0xFF,0xFF,0x7F,0xBF,0xBF,0x3F,0xFF,
    0xFF,0xFF,0xFF,0xFC,0xFD,0xFD,0xFC,0xFF,0xFF,0xFF,0xFF,0x3F,0xBF,0x3F,0xFF,0xFF,
    0xFF,0xFF,0xFD,0xFD,0xFD,0xFD,0xFF,0x00,0xFC,0xFF,0xFF,0xFF,0xFF,0x3F,0xBF,0xBF,
    0x3F,0xFF,0xFF,0xFF,0xFF,0xFC,0xFD,0xFC,0xFE,0xFF,0xFF,0xFF,0x7F,0xBF,0xBF,0x3F,
    0xFE,0xFD,0xFB,0xFA,0x54,0x05,0xFF,0xFF,0xFC,0xFF,0xFE,0xFE,0xFC,0xFD,0xFD,0xFC,
    0xF9,0xFB,0xFB,0xDA,0xDA,0x9B,0x9A,0x9B,0x93,0x9B,0x9B,0x5B,0x9B,0xDB,0xCB,0xE3,
    0xF3,0xFB,0xFF,0xFC,0xFD,0xFC,0xFF,0xFF,0xFF,0xFF,0x7F,0xBF,0xBF,0x3F,0xFF,0x00,
    0x3F,0x7F,0xFF,0xFF,0xFF,0xFE,0xFD,0xFC,0xFE,0xFF,0xFF,0xFF,0xFF,0x3F,0x9F,0x3F,
    0x7F,0xFF,0xFF,0xFF,0xFE,0xFC,0xFD,0xFE,0xFF,0xFF,0xFF,0xFF,0x3F,0x70,0xED,0xDD,
    0x9D,0xBD,0xDF,0xD7,0xD7,0xCF,0xDC,0xD9,0x9B,0x5B,0x6F,0xF1,0xDD,0x9F,0x3E,0xFE,
    0xFE,0xFE,0xFF,0xFF,0xFF,0xFF,0xFF,0xFF,0xFF,0xFF,0xFF,0x3F,0x9F,0x3F,0xFF,0xFF,
    0xFF,0xFF,0xFE,0xFC,0xFD,0xFE,0xFF,0x00,0xFC,0xFF,0xFF,0xFF,0xFF,0x3F,0x9F,0xDF,
    0x3F,0xFF,0xFF,0xFF,0xFF,0xFE,0xFE,0xFE,0xFF,0xFF,0xFF,0xFF,0x3F,0x9F,0xDF,0xFF,
    0xFF,0x0F,0xE7,0xE5,0x8D,0x05,0xF7,0xFF,0xFF,0xFF,0xFF,0xFF,0xFF,0xFF,0x1F,0x1F,
    0x7F,0xFF,0xBE,0x59,0x03,0x7B,0xFB,0xFB,0xF3,0xF7,0xEF,0xDF,0x3F,0x7F,0xBF,0xFF,
    0xFF,0xFF,0xFF,0xFE,0xFE,0xFE,0xFF,0xFF,0xFF,0xFF,0x3F,0x9F,0xDF,0x3F,0xFF,0x00,
    0x1F,0xFF,0xFF,0xFF,0xFF,0xFE,0xFE,0xFE,0xFF,0xFF,0xFF,0xFF,0xFF,0x1F,0xDF,0x1F,
    0x3F,0xFF,0xFF,0xFF,0xFF,0xFE,0xFE,0xFE,0xFF,0xFE,0x7C,0x85,0xF9,0xF0,0xFB,0xE7,
    0xCF,0xE9,0xE0,0xFE,0xDE,0x9E,0xBE,0xBF,0xBE,0xDC,0xE7,0xFC,0xC3,0x3F,0xFF,0xFF,
    0xFF,0xFF,0xFF,0xFF,0xFF,0x00,0xDF,0xFF,0xFF,0xFF,0xFF,0x1F,0xDF,0x1F,0x3F,0xFF,
    0xFF,0xFF,0xFF,0xFE,0xFE,0xFE,0xFF,0x00,0xFE,0xFF,0xFF,0xFF,0xFF,0x1F,0x5F,0x5F,
    0x1F,0xFF,0xFF,0xFF,0xFF,0xFE,0xFE,0xFE,0xFF,0xFF,0xFF,0xFF,0x1F,0x5F,0xDF,0xFF,
    0xFF,0x03,0xF8,0xFF,0xFF,0xE3,0xFF,0xFF,0xFF,0xFF,0xFF,0xFF,0xFF,0xFF,0xFF,0xFF,
    0xFF,0xFF,0xFF,0xFF,0xFF,0xFE,0xE1,0x1F,0xFF,0x7F,0xBF,0xCF,0xE1,0x7C,0x3F,0xFF,
    0xFF,0xFF,0xFF,0xFE,0xFE,0xFE,0xFF,0xFF,0xFF,0xFF,0x1F,0x5F,0xDF,0x1F,0xFF,0x00,
    0x1F,0xFF,0xFF,0xFF,0xFF,0xFF,0xFE,0xFE,0xFF,0xFF,0xFF,0xFF,0xFF,0x1F,0x7F,0x0F,
    0xBF,0xFF,0xFF,0xFF,0xFF,0xFE,0xFE,0xFF,0xFF,0xF0,0xE7,0x1F,0xFF,0xFF,0xFF,0xFF,
    0x3F,0x9F,0xEF,0xE7,0xEF,0xCF,0xDF,0x9F,0xBF,0x3F,0x7F,0x7F,0xFF,0xFF,0x07,0xF0,
    0xCF,0xCC,0xDF,0xFF,0xFE,0xFE,0xFF,0xFF,0xFF,0xFF,0xBF,0x1F,0x4F,0x1F,0xBF,0xFF,
    0xFF,0xFF,0xFF,0xFE,0xFE,0xFF,0xFF,0x00,0xFF,0xFF,0xFF,0xFF,0xFF,0x9F,0xCF,0xCF,
    0x9F,0xFF,0xFF,0xFF,0xFF,0xFF,0xFF,0xFF,0xFF,0xFF,0xFF,0xFF,0xBF,0x9F,0xEF,0x9F,
    0xFF,0xFF,0xFF,0xF0,0xEF,0xEF,0xEF,0xE1,0xFC,0xFF,0xFF,0xFF,0x8F,0xEF,0x9F,0xDF,
    0xFF,0xFE,0xF9,0xE7,0xEF,0xEF,0xE0,0xFF,0xFF,0xFF,0xFF,0x9F,0xEF,0xCF,0x9F,0xFF,
    0xFF,0xFF,0xFF,0xFF,0xFF,0xFF,0xFF,0xFF,0xFF,0xFF,0x9F,0x8F,0xEF,0x9F,0xFF,0x00,
  },
  {
    0x3F,0xFF,0xFF,0xFF,0xFF,0xFC,0xFD,0xFC,0xFE,0xFF,0xFF,0xFF,0x3F,0xFF,0x8F,0x2F,
    0xDF,0xDF,0xDF,0xBF,0xBE,0xBC,0x7C,0x7E,0x7F,0x7F,0x7F,0x7F,0x7F,0xFF,0xBF,0xBF,
    0x3F,0x7F,0x7F,0x7E,0x7D,0xFD,0xFE,0xFF,0xFF,0xFF,0xFF,0xBF,0xDF,0xBF,0x3F,0xFF,
    0xFF,0xFF,0xFF,0xFD,0xFD,0xFC,0xFF,0xFF,0xFF,0xFF,0x3F,0x9F,0xDF,0x3F,0xFF,0xFF,
    0xFF,0xFF,0xFC,0xFD,0xFC,0xFE,0xFF,0x00,0xFE,0xFF,0xFF,0xFF,0xBF,0x1F,0xDF,0x1F,
    0x3F,0xFF,0xFF,0xFF,0xFE,0xFE,0xFF,0xFF,0xFC,0xF9,0xF3,0xF5,0x3B,0xFB,0xBB,0x3B,
    0xDB,0xC9,0x0D,0x7F,0x7F,0x7F,0xFF,0xFF,0xFF,0xFF,0x7F,0x7F,0xFE,0xFE,0xFE,0xFE,
    0x16,0xB6,0xAE,0xAE,0x6D,0x4D,0x4D,0x6D,0xAD,0xAD,0xDD,0xCD,0xF5,0x19,0xFD,0xFF,
    0xFF,0xFF,0xFE,0xFC,0xFE,0xFE,0xFF,0xFF,0xFF,0xFF,0x1F,0xDF,0x9F,0x3F,0xFF,0x00,
    0x1F,0xFF,0xFF,0xFF,0xFF,0xFE,0xFE,0xFE,0xFF,0xFF,0xFF,0xFF,0x3F,0xDF,0xDF,0x1F,
    0xFF,0xFF,0xFF,0xFF,0xFE,0xFE,0xFE,0xFE,0xFF,0x7F,0xB8,0xD7,0xD7,0xEF,0xEF,0xD1,
    0xDB,0xF7,0xE7,0xF6,0xEE,0xF6,0x9A,0x18,0xCF,0xFF,0xFF,0x9F,0xDF,0x5F,0x7F,0x7F,
    0x7F,0xFF,0xFF,0xFE,0xFE,0xFE,0xFF,0xFF,0xFF,0xFF,0x1F,0xDF,0xDF,0x1F,0xFF,0xFF,
    0xFF,0xFF,0xFE,0xFE,0xFE,0xFF,0xFF,0x00,0xFE,0xFF,0xFF,0xFF,0xBF,0x1F,0xDF,0x5F,
    0xBF,0xFF,0xFF,0xFF,0xFF,0xFE,0xFE,0xFE,0xFF,0xFF,0xFF,0xFF,0x1F,0xDF,0xFF,0x1F,
    0xE7,0xFE,0xFF,0x8F,0x73,0xFD,0xFF,0xE3,0xFF,0xFF,0xFF,0xFF,0xFF,0xFF,0xFF,0x7E,
    0xFE,0x13,0x81,0xFC,0xFE,0xFE,0xFE,0xFE,0xFE,0xFE,0xFC,0xF9,0xF3,0xC7,0x1F,0xFF,
    0xFF,0xFF,0xFF,0xFE,0xFE,0xFF,0xFF,0xFF,0xFF,0xFF,0x1F,0xDF,0x5F,0x3F,0xFF,0x00,
    0x1F,0xFF,0xFF,0xFF,0xFF,0xFE,0xFE,0xFE,0xFF,0xFF,0xFF,0xFF,0x1F,0x4F,0x4F,0x1F,
    0xFF,0xFF,0xFF,0xFF,0xFF,0xFE,0xFE,0xFF,0xFE,0xFD,0x01,0x3D,0xF9,0xF8,0xF3,0xF7,
    0x8F,0xF3,0xF1,0xF9,0xF3,0x77,0x9B,0xC4,0xFB,0xFC,0xF3,0xC7,0x3F,0xFF,0xFF,0xFF,
    0xFF,0xFF,0xFF,0xFF,0xFF,0x7F,0x12,0xC0,0xFF,0xFF,0x1F,0x4F,0x4F,0x1F,0xFF,0xFF,
    0xFF,0xFF,0xFF,0xFE,0xFE,0xFF,0xFF,0x00,0xFF,0xFF,0xFF,0xFF,0x9F,0x0F,0x6F,0x0F,
    0xBF,0xFF,0xFF,0xFF,0xFF,0xFF,0xFF,0xFF,0xFF,0xFF,0xFF,0xFF,0x1F,0x6F,0x4F,0xFF,
    0x1F,0xC0,0xFC,0xFF,0xFE,0xFD,0xFB,0xF9,0xFD,0xF9,0xFB,0xFB,0xFD,0xFE,0xFF,0xFF,
    0xFF,0xFF,0xFF,0xFF,0xFF,0xF8,0x07,0xFF,0x7F,0x7F,0x3F,0x1F,0xE7,0xF0,0xFF,0xFF,
    0xFF,0xFF,0xFF,0xFF,0xFF,0xFF,0xFF,0xFF,0xFF,0xFF,0x1F,0x6F,0x6F,0x9F,0xFF,0x00,
    0x0F,0xFF,0xFF,0xFF,0xFF,0xFF,0xFF,0xFF,0xFF,0xFF,0xFF,0xFF,0x9F,0x6F,0x6F,0x0F,
    0xFF,0xFF,0xFF,0xFF,0xFF,0xFF,0xFF,0xFF,0xFC,0xF0,0xE7,0x0F,0xFF,0xFF,0xFF,0xFF,
    0xFF,0x0F,0xF3,0xF7,0x6F,0x0F,0xFF,0xFF,0xFF,0xFF,0x7F,0x9F,0xEF,0xE3,0xFC,0xFE,
    0xFE,0xFE,0xFF,0xFF,0xFF,0xFF,0xFF,0xFF,0xFF,0xFF,0x9F,0x6F,0x6F,0x8F,0xFF,0xFF,
    0xFF,0xFF,0xFF,0xFF,0xFF,0xFF,0xFF,0x00,0xFF,0xFF,0xFF,0xFF,0xFF,0x8F,0xEF,0x8F,
    0xDF,0xFF,0xFF,0xFF,0xFF,0xFF,0xFF,0xFF,0xFF,0xFF,0xFF,0xFF,0x8F,0xEF,0xAF,0x9F,
    0xFF,0xFF,0xFF,0xF0,0xE7,0xEF,0xEF,0xE7,0xF0,0xFE,0xFF,0x8F,0xAC,0xE8,0x89,0xFD,
    0xFD,0xFC,0xFF,0xFF,0xFF,0xFF,0xFF,0xFF,0xFF,0xFF,0x9F,0x8F,0xEF,0x8F,0xDF,0xFF,
    0xFF,0xFF,0xFF,0xFF,0xFF,0xFF,0xFF,0xFF,0xFF,0xFF,0x8F,0xEF,0xAF,0x9F,0xFF,0x00,
  },
  {
    0xFF,0xFF,0xFF,0xFF,0xFF,0xFE,0xFE,0xFE,0xFF,0xFF,0xFF,0xFF,0x1F,0xDF,0xDF,0x3F,
    0xFF,0xFF,0xFF,0xFF,0xFE,0xFD,0xFE,0xFF,0xFF,0xFF,0xFF,0x3F,0xDF,0xDF,0x1F,0xFF,
    0xFF,0xFF,0xFF,0xFE,0xFE,0xFE,0xFF,0xFF,0xFF,0xFF,0xBF,0xDF,0xDF,0x5F,0xFF,0xFF,
    0xFF,0xFF,0xFF,0xFE,0xFE,0xFE,0xFF,0xFF,0xFF,0xFF,0x1F,0xDF,0x5F,0x3F,0xFF,0xFF,
    0xFF,0xFF,0xFE,0xFE,0xFE,0xFF,0xFF,0x00,0xFF,0xFF,0xFF,0xFF,0x1F,0xDF,0xDF,0x1F,
    0xFF,0xFF,0x9F,0x3F,0xBE,0xBE,0x7E,0x7F,0x7F,0x7F,0x7F,0x7F,0x5F,0x5F,0x5F,0x7F,
    0x7F,0x7F,0x7F,0x3F,0xBE,0x3E,0x9E,0xBF,0xBF,0x3F,0x7F,0x3F,0xBF,0xDF,0xEF,0xE7,
    0xF3,0xFB,0x7D,0x8E,0xE0,0xFC,0xFF,0xFF,0xFF,0xFF,0x1F,0xDF,0xDF,0x1F,0xFF,0xFF,
    0xFF,0xFF,0xFE,0xFE,0xFE,0xFF,0xFF,0xFF,0xFF,0x3F,0x5F,0xDF,0x1F,0xFF,0xFF,0x00,
    0xFF,0xFF,0xFF,0xFF,0xFF,0xFE,0xFE,0xFF,0xFF,0xFF,0xFF,0xFE,0x19,0xF3,0x6B,0x63,
    0xD7,0xD7,0xD7,0xD7,0xD7,0xD7,0x1B,0xFF,0x0F,0x27,0x77,0x8F,0xF7,0xFF,0xFF,0xFF,
    0xF7,0x6F,0x6F,0x1E,0xBD,0xC3,0xF5,0xFD,0xFC,0xFC,0x9E,0x4F,0xEF,0x9F,0xFF,0xFF,
    0xFF,0xFF,0xFF,0xFE,0xFE,0xFF,0xFF,0xFF,0xFF,0xFF,0x1F,0x6F,0x4F,0x9F,0xFF,0xFF,
    0xFF,0xFF,0xFE,0xFE,0xFF,0xFF,0xFF,0x00,0xFF,0xFF,0xFF,0xFF,0x1F,0x6F,0x6F,0x1F,
    0xFF,0xFF,0xFF,0xFF,0xFF,0xFE,0xFF,0xFF,0xFF,0xFF,0xFF,0xBF,0x0F,0xCF,0xEE,0xE4,
    0xEB,0xFB,0xF2,0xF3,0xE7,0xF5,0xF4,0xF7,0xF7,0x16,0xB6,0x33,0x48,0x17,0xFF,0xFF,
    0x0F,0xE7,0xFB,0xF9,0xFD,0xFE,0xFE,0xFE,0xFE,0xFE,0xFC,0xFD,0xFD,0xFB,0xF3,0xE7,
    0xCF,0x3F,0x7F,0xFE,0xFF,0xFF,0xFF,0xFF,0xFF,0x9F,0x6F,0x6F,0x0F,0xFF,0xFF,0x00,
    0xFF,0xFF,0xFF,0xFF,0xFF,0xFF,0xFF,0xFF,0xFF,0xFF,0xFF,0xFF,0x0F,0x6F,0x6F,0x9F,
    0xFF,0xFF,0xFF,0xFF,0xFF,0xFD,0xF0,0xEF,0x1F,0x3F,0xC7,0x9F,0xBF,0x1F,0xC7,0xF7,
    0xF3,0xF8,0xFF,0x1F,0xFE,0xF9,0xF3,0xEF,0xE0,0xBF,0x7F,0xFF,0xFF,0xFF,0xFF,0xFF,
    0xFF,0xFF,0xFF,0xFF,0xFF,0xFF,0x0F,0xE7,0xFB,0xF9,0x20,0x63,0x7F,0x9F,0xFF,0xFF,
    0xFF,0xFF,0xFF,0xFF,0xFF,0xFF,0xFF,0x00,0xFF,0xFF,0xFF,0xFF,0x8F,0x6F,0x6F,0x8F,
    0xFF,0xFF,0xFF,0xFF,0xFF,0xFF,0xFF,0xFF,0xFF,0xFF,0xFF,0xDF,0x2F,0x6F,0x0F,0xFF,
    0xF6,0x28,0x8F,0xFF,0xFF,0xF0,0xEF,0xF5,0xFB,0xFD,0xFE,0xFF,0xFF,0xC7,0xFF,0xFF,
    0xFF,0xFF,0xFF,0xFC,0xF9,0xE7,0x1F,0xFF,0xFF,0xFF,0xFF,0x3F,0x8F,0xE0,0xFE,0xFF,
    0xFF,0xFF,0xFF,0xFF,0xFF,0xFF,0xFF,0xFF,0xFF,0x9F,0x2F,0x6F,0x8F,0xFF,0xFF,0x00,
    0xFF,0xFF,0xFF,0xFF,0xFF,0xFF,0xFF,0xFF,0xFF,0xFF,0xFF,0xFF,0x8F,0xB7,0xA7,0x8F,
    0xFF,0xFF,0xFF,0xFF,0xFF,0xFF,0xFF,0xFF,0x01,0x7C,0xFF,0xFF,0xFF,0xFF,0xFF,0xFF,
    0xFF,0xFF,0xFF,0xFF,0xFF,0xFF,0xFF,0xFF,0xFF,0xFF,0xFF,0x7F,0x3F,0x8F,0xF0,0xFF,
    0xF1,0xFD,0xFE,0xFE,0xFF,0xFF,0xFF,0xFF,0xFF,0xFF,0x8F,0x37,0xAF,0xDF,0xFF,0xFF,
    0xFF,0xFF,0xFF,0xFF,0xFF,0xFF,0xFF,0x00,0xFF,0xFF,0xFF,0xFF,0x8F,0xB7,0xB7,0x8F,
    0xFF,0xFF,0xFF,0xFF,0xFF,0xFF,0xFF,0xFF,0xFF,0xFF,0xFF,0xCF,0xA7,0xB7,0x8F,0xFF,
    0xFF,0xFE,0xFD,0xF9,0xE5,0xEF,0xEF,0xEF,0xEF,0xEF,0xE9,0xEB,0xEF,0xF7,0xC7,0xEF,
    0xE7,0xF9,0xFC,0xFE,0xFF,0xFF,0xFF,0xFF,0xFF,0xFF,0xC7,0xB7,0xB7,0x8F,0xFF,0xFF,
    0xFF,0xFF,0xFF,0xFF,0xFF,0xFF,0xFF,0xFF,0xFF,0xCF,0xB7,0xB7,0x87,0xFF,0xFF,0x00,
  },
  {
    0xFF,0xFF,0xFF,0xFF,0xFF,0xFF,0xFF,0xFF,0xFF,0xFF,0xFF,0xBF,0x1F,0xCF,0x5F,0xBF,
    0xFF,0xFF,0xFF,0xFF,0xFF,0xFF,0xFF,0xFF,0xFF,0xFF,0xFF,0x1F,0xDF,0x5F,0x1F,0xFF,
    0xFF,0xFF,0xFF,0xFE,0xFE,0xFE,0xFF,0xFF,0xFF,0xFF,0x9F,0xDF,0xEF,0x5F,0xFF,0xFF,
    0xFF,0xFF,0xFF,0xFF,0xFF,0xFF,0xFF,0xFF,0xFF,0xBF,0x5F,0xEF,0x1F,0xFF,0xFF,0xFF,
    0xFF,0xFF,0xFF,0xFF,0xFF,0xFF,0xFF,0x00,0xFF,0xFF,0xFF,0xFF,0x1F,0x6F,0x4F,0x1F,
    0xFF,0xFF,0x9F,0x3F,0xBF,0xBE,0x7F,0x7F,0x7F,0x7F,0x7F,0x5F,0x6F,0x6F,0x5F,0x7F,
    0x7F,0x7F,0x7F,0x3F,0xBE,0x3E,0x9F,0xBF,0xBF,0x3F,0x7F,0x7F,0xBF,0xDF,0xEF,0xE7,
    0xF3,0xFB,0x7D,0x8E,0xE2,0xFC,0xFF,0xFF,0xFF,0xFF,0x1F,0x6F,0x4F,0x9F,0xFF,0xFF,
    0xFF,0xFF,0xFF,0xFE,0xFF,0xFF,0xFF,0xFF,0xFF,0x1F,0x6F,0x6F,0x1F,0xFF,0xFF,0x00,
    0xFF,0xFF,0xFF,0xFF,0xFF,0xFF,0xFF,0xFF,0xFF,0xFF,0xFF,0xBE,0x19,0x73,0x6B,0xE3,
    0xD7,0xD7,0xD7,0xD7,0xD7,0xD7,0x1B,0xFF,0x0F,0x27,0x37,0x8F,0xF3,0xFF,0xFF,0xFF,
    0xE7,0x4F,0x6F,0x1E,0xFD,0x83,0xF5,0xFD,0xFC,0xFC,0x9E,0x6F,0xEF,0x8F,0xFF,0xFF,
    0xFF,0xFF,0xFF,0xFF,0xFF,0xFF,0xFF,0xFF,0xFF,0x9F,0x4F,0x6F,0x0F,0xFF,0xFF,0xFF,
    0xFF,0xFF,0xFF,0xFF,0xFF,0xFF,0xFF,0x00,0xFF,0xFF,0xFF,0xFF,0x8F,0x6F,0x6F,0x9F,
    0xFF,0xFF,0xFF,0xFF,0xFF,0xFF,0xFF,0xFF,0xFF,0xFF,0xFF,0xDF,0x2F,0xDF,0x6F,0xE4,
    0xEB,0xFB,0xF2,0xF3,0xE7,0xE5,0xF4,0xF7,0xF7,0x16,0x96,0x33,0x68,0x17,0xFF,0xFF,
    0x0F,0xE7,0xFB,0xF9,0xFD,0xFE,0xFE,0xFE,0xFE,0xFE,0xFC,0xFD,0xFD,0xFB,0xF3,0xE7,
    0xCF,0x1F,0x7F,0xFF,0xFF,0xFF,0xFF,0xFF,0xFF,0x8F,0x6F,0x6F,0x8F,0xFF,0xFF,0x00,
    0xFF,0xFF,0xFF,0xFF,0xFF,0xFF,0xFF,0xFF,0xFF,0xFF,0xFF,0xDF,0x8F,0x27,0x8F,0xDF,
    0xFF,0xFF,0xFF,0xFF,0xFF,0xFD,0xF0,0xEE,0x1F,0x3F,0xE7,0x9F,0xBF,0x1F,0xCF,0xF7,
    0xF3,0xF8,0xFF,0x1F,0xFE,0xFD,0xF3,0xEF,0xE8,0xBF,0x7F,0xFF,0xFF,0xFF,0xFF,0xFF,
    0xFF,0xFF,0xFF,0xFF,0xFF,0xFF,0x0F,0xE7,0xFB,0xD9,0xB8,0x63,0xBF,0xDF,0xFF,0xFF,
    0xFF,0xFF,0xFF,0xFF,0xFF,0xFF,0xFF,0x00,0xFF,0xFF,0xFF,0xFF,0x8F,0xB7,0xB7,0x8F,
    0xFF,0xFF,0xFF,0xFF,0xFF,0xFF,0xFF,0xFF,0xFF,0xFF,0xFF,0xCF,0xB7,0xB7,0x8F,0xFF,
    0xF6,0x20,0x87,0xFF,0xFF,0xF0,0xEF,0xF5,0xFB,0xFD,0xFE,0xFF,0xFF,0xC7,0xFF,0xFF,
    0xFF,0xFF,0xFF,0xFE,0xF9,0xE7,0x1F,0xFF,0xFF,0xFF,0xFF,0x7F,0x9F,0xE0,0xFC,0xFF,
    0xFF,0xFF,0xFF,0xFF,0xFF,0xFF,0xFF,0xFF,0xFF,0x8F,0xB7,0xB7,0x8F,0xFF,0xFF,0x00,
    0xFF,0xFF,0xFF,0xFF,0xFF,0xFF,0xFF,0xFF,0xFF,0xFF,0xFF,0xFF,0x87,0xB7,0xA7,0xDF,
    0xFF,0xFF,0xFF,0xFF,0xFF,0xFF,0xFF,0xFF,0x03,0x78,0xFF,0xFF,0xFF,0xFF,0xFF,0xFF,
    0xFC,0xF3,0xFF,0xFF,0xFF,0xFF,0xFF,0xFF,0xFF,0xFF,0xFF,0xFF,0x3F,0x8F,0xF0,0xFF,
    0xF1,0xFD,0xFE,0xFE,0xFF,0xFF,0xFF,0xFF,0xFF,0xCF,0x97,0xB7,0x87,0xFF,0xFF,0xFF,
    0xFF,0xFF,0xFF,0xFF,0xFF,0xFF,0xFF,0x00,0xFF,0xFF,0xFF,0xFF,0xC7,0xB7,0xB7,0xCF,
    0xFF,0xFF,0xFF,0xFF,0xFF,0xFF,0xFF,0xFF,0xFF,0xFF,0xFF,0xCF,0xB7,0xB7,0xC7,0xFF,
    0xFF,0xFE,0xFC,0xF9,0xF1,0xEF,0xEF,0xEF,0xEF,0xEF,0xE9,0xEB,0xEF,0xF7,0xE7,0xEF,
    0xE7,0xF9,0xFC,0xFE,0xFF,0xFF,0xFF,0xFF,0xFF,0xFF,0xC7,0xB7,0xB7,0xCF,0xFF,0xFF,
    0xFF,0xFF,0xFF,0xFF,0xFF,0xFF,0xFF,0xFF,0xFF,0xC7,0xB7,0xB7,0xC7,0xFF,0xFF,0x00,
  },
  {
    0xFF,0xFF,0xFF,0xFF,0xFF,0xFF,0xFF,0xFF,0xFF,0xFF,0xFF,0x8F,0x6F,0x6F,0x8F,0xFF,
    0xFF,0xFF,0xFF,0xFF,0xFF,0xFF,0xFF,0xFF,0xFF,0xFF,0x9F,0x6F,0x6F,0x0F,0xFF,0xFF,
    0xFF,0xFF,0xFF,0xFF,0xFF,0xFF,0xFF,0xFF,0xFF,0xFF,0xCF,0x6F,0x6F,0x3F,0xFF,0xFF,
    0xFF,0xFF,0xFF,0xFF,0xFF,0xFF,0xFF,0xFF,0xFF,0x8F,0x6F,0x6F,0x8F,0xFF,0xFF,0xFF,
    0xFF,0xFF,0xFF,0xFF,0xFF,0xFF,0xFF,0x00,0xFF,0xFF,0xFF,0x9F,0x2F,0x7F,0x8F,0xFF,
    0xFF,0xFF,0x3F,0x3F,0xBF,0x7F,0x7F,0x7F,0xFF,0xFF,0x7F,0x7F,0x7F,0x7F,0x7F,0x7F,
    0x7F,0x7F,0x7F,0xBF,0xBF,0xBF,0x9F,0xBF,0xBF,0x3F,0x3F,0x3F,0x9F,0xCF,0xEF,0xF7,
    0xFB,0x7D,0x3E,0x87,0xF0,0xFF,0xFF,0xFF,0xFF,0x8F,0x2F,0x2F,0x8F,0xFF,0xFF,0xFF,
    0xFF,0xFF,0xFF,0xFF,0xFF,0xFF,0xFF,0xFF,0xFF,0xEF,0xEF,0x2F,0xDF,0xFF,0xFF,0x00,
    0xFF,0xFF,0xFF,0xFF,0xFF,0xFF,0xFF,0xFF,0xFF,0xFF,0xFF,0x8C,0xBB,0xB3,0xE3,0xD7,
    0xD6,0xD6,0xD6,0xD7,0xD7,0xD7,0x9B,0x7F,0x9F,0x07,0x37,0x07,0xFB,0xFF,0xFF,0xFF,
    0xF7,0x0F,0x6F,0x0F,0x7F,0x85,0xDA,0xF6,0xFC,0xFE,0x8F,0xA7,0xA7,0xDF,0xFF,0xFF,
    0xFF,0xFF,0xFF,0xFF,0xFF,0xFF,0xFF,0xFF,0xFF,0x8F,0xB7,0xA7,0x8F,0xFF,0xFF,0xFF,
    0xFF,0xFF,0xFF,0xFF,0xFF,0xFF,0xFF,0x00,0xFF,0xFF,0xFF,0xCF,0xA7,0xB7,0x8F,0xFF,
    0xFF,0xFF,0xFF,0xFF,0xFF,0xFF,0xFF,0xFF,0xFF,0xFF,0xFF,0x8F,0xF7,0xB7,0xDF,0xEC,
    0xF9,0xFB,0xFA,0xFB,0xEB,0xF5,0xF4,0xF7,0xF7,0x93,0x12,0xBB,0x68,0xC7,0x7F,0xFF,
    0x7F,0x0F,0xE7,0xF3,0xFB,0xF9,0xFD,0xFD,0xFD,0xFD,0xF9,0xFB,0xFB,0xF7,0xE7,0xCF,
    0x9F,0x3F,0xFF,0xFF,0xFF,0xFF,0xFF,0xFF,0xFF,0x87,0xB7,0x87,0xCF,0xFF,0xFF,0x00,
    0xFF,0xFF,0xFF,0xFF,0xFF,0xFF,0xFF,0xFF,0xFF,0xFF,0xFF,0xC7,0xB7,0xB7,0xC7,0xFF,
    0xFF,0xFF,0xFF,0xFF,0xFF,0xFE,0xF8,0xEE,0x1F,0x3F,0xE1,0x9F,0xBF,0x3F,0xC7,0xF7,
    0xF7,0xF9,0x7C,0x9F,0xFF,0xFC,0xF3,0xE7,0xD8,0x93,0x7F,0xFF,0xFF,0xFF,0xFF,0xFF,
    0xFF,0xFF,0xFF,0xFF,0xFF,0xFF,0x7F,0x8F,0xE7,0xF7,0xF4,0xE3,0xFF,0xFF,0xFF,0xFF,
    0xFF,0xFF,0xFF,0xFF,0xFF,0xFF,0xFF,0x00,0xFF,0xFF,0xFF,0xCF,0x97,0xB7,0xC7,0xFF,
    0xFF,0xFF,0xFF,0xFF,0xFF,0xFF,0xFF,0xFF,0xFF,0xFF,0xFF,0xD7,0x97,0xD7,0xEF,0xFF,
    0xFF,0x60,0x01,0xFF,0xFF,0xF0,0xF5,0xF7,0xFB,0xFD,0xFE,0xFF,0xFF,0x8F,0xFF,0xFF,
    0xFF,0xFF,0xFF,0xFE,0xFD,0xF3,0x8F,0x7F,0xFF,0xFF,0xFF,0xFF,0xFF,0xFF,0xF8,0x03,
    0xFF,0xFF,0xFF,0xFF,0xFF,0xFF,0xFF,0xFF,0xFF,0xD7,0xB7,0x97,0xEF,0xFF,0xFF,0x00,
    0xFF,0xFF,0xFF,0xFF,0xFF,0xFF,0xFF,0xFF,0xFF,0xFF,0xFF,0xC7,0xDB,0xD3,0xC7,0xFF,
    0xFF,0xFF,0xFF,0xFF,0xFF,0xFF,0xFF,0xFF,0x87,0x20,0xFE,0xFF,0xFF,0xFF,0xFF,0xFF,
    0xFD,0xF3,0xFF,0xFF,0xFF,0xFF,0xFF,0xFF,0xFF,0xFF,0xFF,0xFF,0x7F,0xBF,0xC7,0xD8,
    0xDF,0xDF,0xCF,0xC7,0xF7,0xFB,0xFC,0xFE,0xFF,0xC7,0xDB,0xD3,0xC7,0xFF,0xFF,0xFF,
    0xFF,0xFF,0xFF,0xFF,0xFF,0xFF,0xFF,0x00,0xFF,0xFF,0xFF,0xE7,0xDB,0xDB,0xC3,0xFF,
    0xFF,0xFF,0xFF,0xFF,0xFF,0xFF,0xFF,0xFF,0xFF,0xFF,0xFF,0xC7,0xDB,0xC3,0xE7,0xFF,
    0xFF,0xFE,0xFE,0xFD,0xF1,0xEF,0xEF,0xEF,0xEF,0xEF,0xC9,0xEB,0xEF,0xE7,0xE7,0xE7,
    0xE7,0xF3,0xFD,0xFE,0xFE,0xFF,0xFF,0xFF,0xFF,0xE7,0xDB,0xDB,0xC7,0xFF,0xFF,0xFF,
    0xFF,0xFF,0xFF,0xFF,0xFF,0xFF,0xFF,0xFF,0xFF,0xC3,0xDB,0xD3,0xF7,0xFF,0xFF,0x00,
  },
  {
    0xFF,0xFF,0xFF,0xFF,0xFF,0xFF,0xFF,0xFF,0xFF,0xFF,0xFF,0x8F,0x37,0xA7,0xCF,0xFF,
    0xFF,0xFF,0xFF,0xFF,0xFF,0xFF,0xFF,0xFF,0xFF,0xFF,0x8F,0xB7,0xB7,0x8F,0xFF,0xFF,
    0xFF,0xFF,0xFF,0xFF,0xFF,0xFF,0xFF,0xFF,0xFF,0xCF,0xF7,0x77,0x6F,0x3F,0xFF,0xFF,
    0xFF,0xFF,0xFF,0xFF,0xFF,0xFF,0xFF,0xFF,0xFF,0xA7,0x37,0xA7,0xDF,0xFF,0xFF,0xFF,
    0xFF,0xFF,0xFF,0xFF,0xFF,0xFF,0xFF,0x00,0xFF,0xFF,0xFF,0x87,0xB7,0xB7,0x8F,0xFF,
    0xFF,0xFF,0xBF,0x3F,0xBF,0x7F,0x7F,0x7F,0xFF,0xFF,0x4F,0x77,0x77,0x47,0x7F,0x7F,
    0x7F,0x7F,0x7F,0xBF,0xBF,0xBF,0x9F,0x9F,0xBF,0xBF,0x27,0x77,0xBF,0xDF,0xEF,0xF7,
    0xFB,0x7D,0x3E,0x8E,0xE0,0xFF,0xFF,0xFF,0xFF,0x8F,0xB7,0xB7,0xCF,0xFF,0xFF,0xFF,
    0xFF,0xFF,0xFF,0xFF,0xFF,0xFF,0xFF,0xFF,0xCF,0xB7,0xB7,0x87,0xFF,0xFF,0xFF,0x00,
    0xFF,0xFF,0xFF,0xFF,0xFF,0xFF,0xFF,0xFF,0xFF,0xFF,0xEF,0x9C,0xB9,0xB7,0xE3,0xF7,
    0xD6,0xD6,0xD6,0xD7,0xD7,0xD7,0xDB,0x3F,0x9F,0x07,0x37,0x27,0xCB,0xFF,0xFF,0xFF,
    0xFF,0x07,0x6F,0x0F,0x7F,0x95,0xDA,0xF6,0xFC,0xCE,0xB6,0xB7,0x87,0xFF,0xFF,0xFF,
    0xFF,0xFF,0xFF,0xFF,0xFF,0xFF,0xFF,0xFF,0xCF,0x97,0xB7,0x87,0xEF,0xFF,0xFF,0xFF,
    0xFF,0xFF,0xFF,0xFF,0xFF,0xFF,0xFF,0x00,0xFF,0xFF,0xFF,0xC7,0x93,0xD7,0xC7,0xFF,
    0xFF,0xFF,0xFF,0xFF,0xFF,0xFF,0xFF,0xFF,0xFF,0xFF,0xCF,0x97,0xF3,0xB7,0xDF,0xEE,
    0xED,0xFB,0xFB,0xFB,0xEB,0xE3,0xF4,0xF7,0xF7,0xB3,0x12,0xBA,0x29,0xC7,0x3F,0xFF,
    0x7F,0x1F,0xE7,0xF7,0xFB,0xF9,0xFD,0xFD,0xFD,0xFD,0xF9,0xF9,0xFB,0xF3,0xE7,0xEF,
    0x9F,0x3F,0x7F,0xFF,0xFF,0xFF,0xFF,0xFF,0xC7,0x97,0xBB,0xC7,0xFF,0xFF,0xFF,0x00,
    0xFF,0xFF,0xFF,0xFF,0xFF,0xFF,0xFF,0xFF,0xFF,0xFF,0xEF,0xC7,0xDB,0xD3,0xE7,0xFF,
    0xFF,0xFF,0xFF,0xFF,0xFF,0xFE,0xF9,0xE6,0x9F,0x3F,0xAF,0x8F,0xBF,0x3F,0xC7,0xF7,
    0xF7,0xFB,0xFC,0x1F,0xFF,0xFC,0xF9,0xE7,0xFC,0x90,0x7F,0x7F,0xFF,0xFF,0xFF,0xFF,
    0xFF,0xFF,0xFF,0xFF,0xFF,0xFF,0x7F,0x1F,0xEF,0xF7,0xF4,0xE1,0xEF,0xFF,0xFF,0xFF,
    0xFF,0xFF,0xFF,0xFF,0xFF,0xFF,0xFF,0x00,0xFF,0xFF,0xFF,0xC7,0xDB,0xDB,0xE7,0xFF,
    0xFF,0xFF,0xFF,0xFF,0xFF,0xFF,0xFF,0xFF,0xFF,0xFF,0xE7,0xDB,0xDB,0xC3,0xFF,0xFF,
    0xFF,0xF0,0x00,0xFF,0xFF,0xF0,0xF5,0xF7,0xFB,0xFD,0xFE,0xFF,0xFF,0x8F,0xF7,0xFF,
    0xFF,0xFF,0xFF,0xFE,0xFD,0xF3,0xC7,0x3F,0xFF,0xFF,0xFF,0xFF,0xFF,0xFF,0xFC,0x01,
    0xFF,0xFF,0xFF,0xFF,0xFF,0xFF,0xFF,0xFF,0xE7,0xDB,0xDB,0xC3,0xFF,0xFF,0xFF,0x00,
    0xFF,0xFF,0xFF,0xFF,0xFF,0xFF,0xFF,0xFF,0xFF,0xFF,0xF7,0xC3,0xDB,0xCB,0xE7,0xFF,
    0xFF,0xFF,0xFF,0xFF,0xFF,0xFF,0xFF,0xFF,0x8F,0x01,0xFE,0xFF,0xFF,0xFF,0xFF,0xFF,
    0xFC,0xF3,0xFF,0xFF,0xFF,0xFF,0xFF,0xFF,0xFF,0xFF,0xFF,0xFF,0x7F,0x3F,0x8F,0xD0,
    0xDF,0xDF,0xCF,0xC7,0xF7,0xFB,0xF8,0xFE,0xFF,0xC3,0xDB,0xC3,0xF7,0xFF,0xFF,0xFF,
    0xFF,0xFF,0xFF,0xFF,0xFF,0xFF,0xFF,0x00,0xFF,0xFF,0xFF,0xE3,0xDB,0xD9,0xE3,0xFF,
    0xFF,0xFF,0xFF,0xFF,0xFF,0xFF,0xFF,0xFF,0xFF,0xFF,0xE3,0xDB,0xD9,0xE3,0xFF,0xFF,
    0xFF,0xFF,0xFE,0xFD,0xF1,0xED,0xEF,0xCF,0xE7,0xEF,0xCF,0xEF,0xEF,0xE7,0xE7,0xE7,
    0xE7,0xF3,0xF9,0xFC,0xFE,0xFF,0xFF,0xFF,0xFF,0xE3,0xDB,0xCB,0xE3,0xFF,0xFF,0xFF,
    0xFF,0xFF,0xFF,0xFF,0xFF,0xFF,0xFF,0xFF,0xE3,0xCB,0xDB,0xE3,0xFF,0xFF,0xFF,0x00,
  },
  {
    0xFF,0xFF,0xFF,0xFF,0xFF,0xFF,0xFF,0xFF,0xFF,0xFF,0xC7,0xB7,0xB7,0xC7,0xFF,0xFF,
    0xFF,0xFF,0xFF,0xFF,0xFF,0xFF,0xFF,0xFF,0xFF,0xEF,0x97,0xB7,0xB7,0xCF,0xFF,0xFF,
    0xFF,0xFF,0xFF,0xFF,0xFF,0xFF,0xFF,0xFF,0xFF,0xD7,0xBB,0xB7,0xCF,0xFF,0xFF,0xFF,
    0xFF,0xFF,0xFF,0xFF,0xFF,0xFF,0xFF,0xFF,0xC7,0xB7,0xB7,0x87,0xFF,0xFF,0xFF,0xFF,
    0xFF,0xFF,0xFF,0xFF,0xFF,0xFF,0xFF,0x00,0xFF,0xFF,0xEF,0xF7,0xFB,0xF7,0xCF,0xFF,
    0xFF,0xFF,0xFF,0xFF,0xFF,0xFF,0xFF,0xF9,0xF3,0xEB,0xDB,0x8B,0xDB,0xDB,0x9B,0xBB,
    0xB3,0xB3,0xB7,0x97,0xD7,0xF7,0xF7,0xF3,0x73,0xFB,0xFB,0xF1,0xF3,0xF7,0xF7,0xEF,
    0xEF,0xEF,0xAF,0xCF,0xDF,0xDF,0xDF,0xDF,0xDF,0xD3,0xDB,0xD7,0xDF,0x5F,0x8F,0xCF,
    0xFF,0xFF,0xFF,0xFF,0xFF,0xFF,0xFF,0xFF,0xC7,0xBB,0xB7,0xC7,0xFF,0xFF,0xFF,0x00,
    0xFF,0xFF,0xFF,0xFF,0xFF,0xFF,0xFF,0xFF,0xFF,0xFF,0xC7,0xDB,0xFB,0xC7,0xFF,0xFF,
    0xFF,0xFF,0xFF,0xFF,0xFF,0xFF,0xFF,0xFF,0xFF,0xFF,0xC7,0x7F,0x9F,0xA1,0x66,0x64,
    0x7E,0x1F,0xDF,0x1F,0x7F,0x61,0x66,0x60,0xB1,0xDF,0x63,0xFA,0xFA,0xF4,0xFD,0xFD,
    0xFD,0xFD,0xF9,0xFC,0xFC,0xFE,0xFF,0xFF,0xC7,0xBB,0xFB,0xC7,0xFF,0xFF,0xFF,0xFF,
    0xFF,0xFF,0xFF,0xFF,0xFF,0xFF,0xFF,0x00,0xFF,0xFF,0xF7,0xDB,0xDB,0xDB,0xE7,0xFF,
    0xFF,0xFF,0xFF,0xFF,0xFF,0xFF,0xFF,0xFF,0xFF,0xFF,0xC3,0xDB,0xDB,0xE7,0xFF,0xFF,
    0xFF,0xCB,0x71,0x7E,0xBE,0xFF,0xFF,0xFF,0xFF,0xFE,0xFE,0xFE,0xFE,0xFF,0xFE,0xFF,
    0x0F,0x1F,0x7C,0xE1,0x97,0xFF,0xFF,0xFF,0xE7,0xDB,0xDB,0xD3,0xFF,0xFF,0xFF,0xFF,
    0xFF,0xFF,0xFF,0xFF,0xFF,0xFF,0xFF,0xFF,0xC3,0xDB,0xDB,0xE7,0xFF,0xFF,0xFF,0x00,
    0xFF,0xFF,0xFF,0xFF,0xFF,0xFF,0xFF,0xFF,0xFF,0xFF,0xE3,0xDB,0xDF,0xE3,0xFF,0xFF,
    0xFF,0x7F,0x3F,0x9F,0xCF,0x6F,0x67,0xC7,0xE7,0xF3,0x1C,0xE4,0xF9,0xFB,0xF7,0xEB,
    0xF7,0xF3,0xFB,0xFD,0xFD,0xFC,0xE4,0xCE,0xBE,0x7F,0x7E,0xF8,0xE3,0x0F,0x7F,0x3F,
    0xC7,0x87,0x7F,0xFF,0xFF,0xFF,0xFF,0xFF,0xE3,0xDB,0xDB,0xE3,0xFF,0xFF,0xFF,0xFF,
    0xFF,0xFF,0xFF,0xFF,0xFF,0xFF,0xFF,0x00,0xFF,0xFF,0xF7,0xCB,0xDD,0xCB,0xF7,0xFF,
    0xFF,0xFF,0xFF,0xFF,0xFF,0xFF,0xFF,0x03,0xF8,0xFE,0xFF,0xFF,0xFF,0xFF,0xFE,0xFE,
    0x3E,0xC1,0xFD,0xFF,0xFF,0xFF,0xFF,0xFF,0xFF,0xFF,0xFF,0xFF,0xDF,0xE7,0xFF,0xFF,
    0xFF,0xFF,0xFF,0xFC,0xFD,0xF1,0x0F,0xFE,0xFF,0xFF,0x00,0xFF,0xFF,0xFF,0xFF,0xFF,
    0xFF,0xFF,0xFF,0xFF,0xFF,0xFF,0xFF,0xFF,0xE3,0xDD,0xFF,0xE3,0xFF,0xFF,0xFF,0x00,
    0xFF,0xFF,0xFF,0xFF,0xFF,0xFF,0xFF,0xFF,0xFF,0xFF,0xE3,0xDD,0xDD,0xEB,0xFF,0xFE,
    0xF9,0xF3,0xE7,0xEF,0xDF,0xBF,0xBF,0x3F,0x40,0x7F,0x7F,0x7F,0x7F,0xFF,0xFF,0xFF,
    0xFF,0xFF,0x1F,0xBF,0x7F,0x7F,0xFF,0xFF,0xFF,0xFF,0xFF,0x3F,0xDF,0xC7,0xC8,0xE7,
    0xF3,0xFC,0xFF,0xFF,0xFF,0xFF,0xFF,0xFF,0xE3,0xED,0xED,0xE3,0xFF,0xFF,0xFF,0xFF,
    0xFF,0xFF,0xFF,0xFF,0xFF,0xFF,0xFF,0x00,0xFF,0xFF,0xFB,0xED,0xED,0xED,0xF3,0xFF,
    0xFF,0xFF,0xFF,0xFF,0xFF,0xFF,0xFF,0xFF,0xFF,0xFF,0xE1,0xED,0xED,0xE3,0xFE,0xFE,
    0xFF,0xFF,0xFF,0xFF,0xFF,0xE0,0xEF,0xCF,0xEF,0xEF,0xE0,0xFF,0xF1,0xF4,0xE7,0xE7,
    0xE7,0xF7,0xF9,0xFC,0xFF,0xFF,0xFF,0xFF,0xF3,0xED,0xED,0xED,0xFB,0xFF,0xFF,0xFF,
    0xFF,0xFF,0xFF,0xFF,0xFF,0xFF,0xFF,0xFF,0xE1,0xED,0xED,0xF3,0xFF,0xFF,0xFF,0x00,
  },
  {
    0xFF,0xFF,0xFF,0xFF,0xFF,0xFF,0xFF,0xFF,0xFF,0xFF,0xC7,0xDB,0xD3,0xE7,0xFF,0xFF,
    0xFF,0xFF,0xFF,0xFF,0xFF,0xFF,0xFF,0xFF,0xFF,0xC7,0xD3,0xDB,0xC7,0xFF,0xFF,0xFF,
    0xFF,0xFF,0xFF,0xFF,0xFF,0xFF,0xFF,0xFF,0xE7,0xDF,0xDB,0xC7,0xFF,0xFF,0xFF,0xFF,
    0xFF,0xFF,0xFF,0xFF,0xFF,0xFF,0xFF,0xEF,0xD7,0xDB,0xD3,0xE7,0xFF,0xFF,0xFF,0xFF,
    0xFF,0xFF,0xFF,0xFF,0xFF,0xFF,0xFF,0x00,0xFF,0xFF,0xC7,0xDB,0xDB,0xE7,0xFF,0xFF,
    0xFF,0xFF,0xFF,0xFF,0xFF,0xFF,0xFD,0xF9,0xF3,0xEB,0xDB,0xCB,0xDB,0xDB,0x9B,0xBB,
    0xB3,0xB3,0xB3,0x97,0xD7,0xF7,0xFF,0xF3,0x73,0xFB,0xFB,0xF1,0xF3,0xF7,0xF7,0xEF,
    0xEF,0xEF,0xEF,0xCF,0xDF,0xDF,0xDF,0xDF,0xD3,0xDB,0xDB,0xD7,0xDF,0x5F,0x8F,0xCF,
    0xFF,0xFF,0xFF,0xFF,0xFF,0xFF,0xFF,0xE7,0xDB,0xDB,0xC3,0xFF,0xFF,0xFF,0xFF,0x00,
    0xFF,0xFF,0xFF,0xFF,0xFF,0xFF,0xFF,0xFF,0xFF,0xFF,0xC3,0xDB,0xCB,0xF7,0xFF,0xFF,
    0xFF,0xFF,0xFF,0xFF,0xFF,0xFF,0xFF,0xFF,0xFF,0xE7,0xDF,0x7F,0xDF,0xA1,0x66,0x64,
    0x7E,0x1F,0xDF,0x1F,0x7F,0x61,0x66,0x60,0xB1,0xDF,0x73,0xFA,0xFA,0xF4,0xFD,0xFD,
    0xFD,0xFD,0xF8,0xFD,0xFC,0xFE,0xFF,0xFF,0xC3,0xDB,0xC3,0xFF,0xFF,0xFF,0xFF,0xFF,
    0xFF,0xFF,0xFF,0xFF,0xFF,0xFF,0xFF,0x00,0xFF,0xFF,0xE3,0xDB,0xC9,0xE3,0xFF,0xFF,
    0xFF,0xFF,0xFF,0xFF,0xFF,0xFF,0xFF,0xFF,0xFF,0xF3,0xC9,0xDD,0xE3,0xFF,0xFF,0xFF,
    0xFF,0xCB,0x71,0x7E,0x9E,0xEF,0xF7,0xFB,0xFF,0xFE,0xFE,0xFE,0xFE,0xFF,0xFF,0xFF,
    0x0F,0x1E,0x7C,0xE1,0x97,0xFF,0xFF,0xFF,0xE3,0xDF,0xEB,0xE3,0xFF,0xFF,0xFF,0xFF,
    0xFF,0xFF,0xFF,0xFF,0xFF,0xFF,0xFF,0xE3,0xCB,0xDB,0xE3,0xFF,0xFF,0xFF,0xFF,0x00,
    0xFF,0xFF,0xFF,0xFF,0xFF,0xFF,0xFF,0xFF,0xFF,0xF7,0xE1,0xED,0xE9,0xF3,0xFF,0xFF,
    0xFF,0x7F,0xBF,0xDF,0xCF,0x6F,0x77,0xC7,0x67,0xFB,0x1C,0xE4,0xF9,0xF3,0xF7,0xEB,
    0xE7,0xF3,0xFB,0xFD,0xFD,0xF8,0xE4,0xCE,0xBE,0x7F,0x7E,0xF8,0xE3,0x0F,0x7F,0x3F,
    0xC7,0x0F,0x7F,0xFF,0xFF,0xFF,0xFF,0xFB,0xE9,0xED,0xEB,0xF7,0xFF,0xFF,0xFF,0xFF,
    0xFF,0xFF,0xFF,0xFF,0xFF,0xFF,0xFF,0x00,0xFF,0xFF,0xE3,0xED,0xED,0xF3,0xFF,0xFF,
    0xFF,0xFF,0xFF,0xFF,0xFF,0xFF,0xFF,0x03,0xF8,0xFE,0xFF,0xFF,0xFF,0xFF,0xFE,0xFE,
    0x3E,0xC1,0xFD,0xFF,0xFF,0xCF,0xBF,0xFF,0xFF,0xFF,0xFF,0xFF,0xDF,0xE7,0xFF,0xFF,
    0xFF,0xFF,0xFF,0xFC,0xFD,0xF1,0x0F,0xFE,0xFF,0xFF,0x00,0xFF,0xFF,0xFF,0xFF,0xFF,
    0xFF,0xFF,0xFF,0xFF,0xFF,0xFF,0xFF,0xF3,0xED,0xED,0xE1,0xFF,0xFF,0xFF,0xFF,0x00,
    0xFF,0xFF,0xFF,0xFF,0xFF,0xFF,0xFF,0xFF,0xFF,0xFF,0xE1,0xED,0xE5,0xF3,0xFF,0xFE,
    0xF9,0xF3,0xE7,0xEF,0xDF,0x9F,0xBF,0x3F,0x40,0x7F,0x7F,0x7F,0x7F,0xFF,0xFF,0xFF,
    0xFF,0xFF,0x0F,0xBF,0x7F,0x7F,0xFF,0xFF,0xFF,0xFF,0xFF,0x3F,0xDF,0xC7,0xC8,0xE7,
    0xF3,0xFC,0xFF,0xFF,0xFF,0xFF,0xFF,0xFB,0xF5,0xED,0xF5,0xF3,0xFF,0xFF,0xFF,0xFF,
    0xFF,0xFF,0xFF,0xFF,0xFF,0xFF,0xFF,0x00,0xFF,0xFF,0xF1,0xFF,0xF5,0xF1,0xFF,0xFF,
    0xFF,0xFF,0xFF,0xFF,0xFF,0xFF,0xFF,0xFF,0xFF,0xF1,0xE4,0xFF,0xF1,0xFF,0xFE,0xFF,
    0xFF,0xFF,0xFF,0xFF,0xFF,0xE0,0xEF,0xCF,0xEF,0xEF,0xE0,0xFF,0xF1,0xF4,0xE7,0xE7,
    0xE7,0xF7,0xF9,0xFC,0xFF,0xFF,0xFF,0xFF,0xF1,0xE7,0xF5,0xF1,0xFF,0xFF,0xFF,0xFF,
    0xFF,0xFF,0xFF,0xFF,0xFF,0xFF,0xFF,0xF1,0xE5,0xE4,0xF1,0xFF,0xFF,0xFF,0xFF,0x00,
  },
  {
    0xFF,0xFF,0xFF,0xFF,0xFF,0xFF,0xFF,0xFF,0xFF,0xE3,0xDB,0xDB,0xE3,0xFF,0xFF,0xFF,
    0xFF,0xFF,0xFF,0xFF,0xFF,0xFF,0xFF,0xFF,0xE7,0xDB,0xDB,0xE3,0xFF,0xFF,0xFF,0xFF,
    0xFF,0xFF,0xFF,0xFF,0xFF,0xFF,0xFF,0xFF,0xEF,0xDF,0xCB,0xE7,0xFF,0xFF,0xFF,0xFF,
    0xFF,0xFF,0xFF,0xFF,0xFF,0xFF,0xFF,0xE3,0xDB,0xDB,0xE3,0xFF,0xFF,0xFF,0xFF,0xFF,
    0xFF,0xFF,0xFF,0xFF,0xFF,0xFF,0xFF,0x00,0xFF,0xE3,0xED,0xFD,0xE3,0xFF,0xFF,0xFF,
    0xFF,0xFF,0xFF,0xFF,0xFF,0xFF,0xFF,0xFF,0xF7,0xE3,0xDD,0xEF,0xFE,0xF1,0xC5,0x3B,
    0xFB,0xF7,0xE7,0xEF,0xDF,0x9F,0xBF,0x7F,0x63,0x7D,0xA9,0xB3,0x9F,0xBF,0xBF,0xBF,
    0xBF,0xBF,0xBF,0xBF,0xBF,0xBF,0xBF,0xA3,0xBD,0xAD,0xA3,0xBF,0xDF,0xDF,0xEF,0x2F,
    0xC7,0xFF,0xFF,0xFF,0xFF,0xFF,0xFF,0xE9,0xDD,0xED,0xF3,0xFF,0xFF,0xFF,0xFF,0x00,
    0xFF,0xFF,0xFF,0xFF,0xFF,0xFF,0xFF,0xFF,0xFF,0xE1,0xED,0xED,0xE3,0xFF,0xFF,0xFF,
    0xFF,0xFF,0xFF,0xFF,0xFF,0xFF,0xFF,0xFF,0xF6,0xEC,0xE9,0xF9,0xFB,0xD7,0x0B,0xFF,
    0x3E,0x5F,0x4F,0xFF,0xFF,0xFF,0xFB,0xE7,0x93,0x9B,0x87,0xCF,0xFF,0x0F,0xE5,0xEB,
    0xEB,0xEB,0xF9,0xF5,0xFD,0xFA,0xFC,0xE7,0xEF,0xED,0xF3,0xFF,0xFF,0xFF,0xFF,0xFF,
    0xFF,0xFF,0xFF,0xFF,0xFF,0xFF,0xFF,0x00,0xFF,0xF3,0xED,0xED,0xE1,0xFF,0xFF,0xFF,
    0xFF,0xFF,0xFF,0xFF,0xFF,0x3F,0x9F,0xDF,0xEF,0xE5,0xF5,0xF5,0xF7,0x67,0x67,0x6F,
    0xEF,0x5F,0x1F,0x7F,0xFF,0xFF,0x17,0xE7,0xFB,0x36,0x74,0xF7,0xF3,0xF0,0xF6,0xE6,
    0xCA,0xFB,0xFB,0xFD,0xEE,0x63,0xCB,0xFF,0xED,0xED,0xE1,0xFF,0xFF,0xFF,0xFF,0xFF,
    0xFF,0xFF,0xFF,0xFF,0xFF,0xFF,0xF7,0xED,0xED,0xED,0xF3,0xFF,0xFF,0xFF,0xFF,0x00,
    0xFF,0xFF,0xFF,0xFF,0xFF,0xFF,0xFF,0xFF,0xFF,0xFF,0xFF,0x01,0x3C,0xFF,0xFF,0xFF,
    0xFF,0xFF,0xFF,0xFF,0xFF,0xFF,0xFF,0xFE,0xFE,0xFD,0xE3,0x8F,0xFE,0x9F,0xE6,0xFB,
    0xF1,0xCE,0x3E,0xFD,0xF9,0xF3,0xE7,0xEF,0x1F,0x67,0x7F,0x3F,0x0F,0xE0,0xFE,0xFF,
    0xFF,0xFF,0xFF,0xFF,0xFF,0xFF,0xFF,0xF1,0xED,0xED,0xF1,0xFF,0xFF,0xFF,0xFF,0xFF,
    0xFF,0xFF,0xFF,0xFF,0xFF,0xFF,0xFF,0x00,0xFF,0xF1,0xF4,0xFE,0xF1,0xFF,0xFF,0xFF,
    0xFF,0xFF,0xFF,0xFE,0xF8,0xE7,0xCF,0x9F,0x3F,0x7F,0xFF,0xFF,0xFF,0xFF,0xFF,0x1F,
    0xE7,0xFB,0xFC,0xFE,0xFF,0xFF,0xFF,0xF3,0xCF,0xFF,0xFF,0xFE,0xFD,0xFD,0xEB,0xEF,
    0xE7,0xF8,0xFF,0x80,0x7F,0xFF,0xFF,0xF1,0xE5,0xEF,0xF1,0xFF,0xFF,0xFF,0xFF,0xFF,
    0xFF,0xFF,0xFF,0xFF,0xFF,0xFF,0xFB,0xF5,0xF6,0xF5,0xFB,0xFF,0xFF,0xFF,0xFF,0x00,
    0xFF,0xFF,0xFF,0xFF,0xFF,0xFF,0xFF,0xFF,0xFF,0xF1,0xF6,0xF6,0xF1,0xFF,0xFF,0xFF,
    0xFD,0xF9,0xF8,0xFB,0xF3,0xF3,0xFF,0xE0,0x8F,0x7F,0xFF,0xFF,0xFF,0xFF,0xFF,0xFF,
    0xFF,0xFF,0xFF,0xFF,0xFF,0xFF,0xFF,0xFF,0xFF,0xFF,0xFF,0xFF,0x78,0x83,0xFF,0xFF,
    0xFF,0xFF,0xFF,0xFF,0xFF,0xFF,0xFF,0xF1,0xF6,0xF6,0xF1,0xFF,0xFF,0xFF,0xFF,0xFF,
    0xFF,0xFF,0xFF,0xFF,0xFF,0xFF,0xFF,0x00,0xFF,0xF9,0xF6,0xF6,0xF0,0xFF,0xFF,0xFF,
    0xFF,0xFF,0xFF,0xFF,0xFF,0xFF,0xFF,0xFF,0xFD,0xF6,0xF6,0xF6,0xF9,0xFF,0xFF,0xFF,
    0xFF,0x7F,0x7E,0x7D,0xF3,0xE7,0xEF,0xE7,0xE7,0xEB,0xE3,0xED,0xEF,0xCF,0xCF,0xEF,
    0x6D,0x75,0x79,0xFE,0xFE,0xFF,0xFF,0xF9,0xF6,0xF6,0xF0,0xFF,0xFF,0xFF,0xFF,0xFF,
    0xFF,0xFF,0xFF,0xFF,0xFF,0xFF,0xFF,0xF6,0xF6,0xF6,0xF9,0xFF,0xFF,0xFF,0xFF,0x00,
  },
  {
    0xFF,0xFF,0xFF,0xFF,0xFF,0xFF,0xFF,0xFF,0xF3,0xED,0xED,0xE9,0xFF,0xFF,0xFF,0xFF,
    0xFF,0xFF,0xFF,0xFF,0xFF,0x7F,0xFF,0xFF,0xE1,0xED,0xE9,0xF3,0xFF,0xFF,0xFF,0xFF,
    0xFF,0xFF,0xFF,0xFF,0xFF,0xFF,0xFF,0xE3,0xED,0xED,0xE3,0xFF,0xFF,0xFF,0xFF,0xFF,
    0xFF,0xFF,0xFF,0xFF,0xFF,0xFF,0xF3,0xED,0xED,0xE1,0xFF,0xFF,0xFF,0xFF,0xFF,0xFF,
    0xFF,0xFF,0xFF,0xFF,0xFF,0xFF,0xFF,0x00,0xFF,0xED,0xED,0xED,0xF3,0xFF,0xFF,0xFF,
    0xFF,0xFF,0xFF,0xFF,0xFF,0xFF,0xFF,0xFF,0xF3,0xED,0xED,0xF1,0xFF,0xFE,0xF0,0x8D,
    0x3D,0xFB,0xF7,0xE7,0xEF,0xDF,0xBF,0x73,0x6D,0x6D,0x21,0xBF,0x9F,0xBF,0xBF,0xBF,
    0xBF,0x7F,0x3F,0xBF,0xBF,0xBF,0xBB,0xB9,0xBD,0xBD,0x9B,0xDF,0xDF,0xEF,0xE7,0x17,
    0xE7,0xFF,0xFF,0xFF,0xFF,0xFF,0xF1,0xED,0xED,0xF1,0xFF,0xFF,0xFF,0xFF,0xFF,0x00,
    0xFF,0xFF,0xFF,0xFF,0xFF,0xFF,0xFF,0xFF,0xF3,0xE5,0xEF,0xF1,0xFF,0xFF,0xFF,0xFF,
    0xFF,0xFF,0xFF,0xFF,0xFF,0xFF,0xFF,0xFF,0xFF,0xFC,0xFC,0xF9,0xF9,0xF5,0x1B,0xBF,
    0x7E,0x5F,0x4F,0x3F,0xFF,0xFF,0xFF,0xF7,0x97,0xBB,0x07,0xCF,0xFF,0x0F,0xED,0xED,
    0xF9,0xF1,0xF5,0xF5,0xFA,0xFE,0xFE,0xE7,0xED,0xF1,0xFF,0xFF,0xFF,0xFF,0xFF,0xFF,
    0xFF,0xFF,0xFF,0xFF,0xFF,0xFF,0xFF,0x00,0xFF,0xF1,0xFE,0xF4,0xFB,0xFF,0xFF,0xFF,
    0xFF,0xFF,0xFF,0x7F,0x3F,0xDF,0xEF,0xEF,0xF5,0xF6,0xF2,0xF3,0xF7,0xB7,0x37,0x57,
    0xCF,0xDF,0xFF,0xFF,0xFF,0xFF,0x1F,0xE7,0xFB,0x36,0xF4,0xF6,0xF7,0xF4,0xF6,0xE6,
    0xE2,0xFB,0xFB,0xFD,0xFC,0x66,0x4B,0xFE,0xF6,0xF0,0xFF,0xFF,0xFF,0xFF,0xFF,0xFF,
    0xFF,0xFF,0xFF,0xFF,0xFF,0xFF,0xF1,0xF6,0xFE,0xF1,0xFF,0xFF,0xFF,0xFF,0xFF,0x00,
    0xFF,0xFF,0xFF,0xFF,0xFF,0xFF,0xFF,0xFF,0xF9,0xFE,0xC3,0x1C,0xFF,0xFF,0xFF,0xFF,
    0xFF,0xFF,0xFF,0xFF,0xFF,0xFF,0xFF,0xFE,0xFE,0xFD,0xE3,0x4F,0xBF,0xCF,0xE6,0xF9,
    0xE0,0xDE,0x3C,0x79,0xFB,0xF3,0xF7,0xEF,0x9F,0x07,0xBF,0x3F,0x9F,0xE3,0xF8,0xFF,
    0xFF,0xFF,0xFF,0xFF,0xFF,0xFF,0xF9,0xF6,0xF6,0xF0,0xFF,0xFF,0xFF,0xFF,0xFF,0xFF,
    0xFF,0xFF,0xFF,0xFF,0xFF,0xFF,0xFF,0x00,0xFF,0xF0,0xF6,0xF6,0xF9,0xFF,0xFF,0xFF,
    0xFF,0x7F,0x7F,0xFE,0xF8,0xF3,0xEF,0xDF,0xBF,0x3F,0xFF,0xFF,0xFF,0xFF,0x7F,0x8F,
    0xF3,0xFD,0xFE,0xFF,0xFF,0xFF,0xFF,0xF3,0xEF,0xFF,0xFF,0xFE,0xFC,0xFD,0xF3,0xEB,
    0xEF,0xF0,0xFF,0x80,0x7F,0xFF,0xFF,0xF7,0xF7,0xF6,0xF9,0xFF,0xFF,0xFF,0xFF,0xFF,
    0xFF,0xFF,0xFF,0xFF,0xFF,0xFF,0xF0,0xF6,0xF6,0xF9,0xFF,0xFF,0xFF,0xFF,0xFF,0x00,
    0xFF,0xFF,0x7F,0x7F,0xFF,0xFF,0xFF,0xFF,0xF9,0xF6,0xF7,0xF2,0xFF,0xFF,0xFF,0xFF,
    0xFC,0x7D,0x7A,0xFB,0xF3,0xF3,0xF8,0xC7,0x1F,0x7F,0xFF,0xFF,0xFF,0xFF,0xFF,0xFF,
    0xFF,0xFF,0xFF,0xF7,0xF9,0xFE,0xFF,0xFF,0xFF,0xFF,0xFF,0xFF,0x78,0x03,0xFF,0x7F,
    0x7F,0xFF,0xFF,0xFF,0xFF,0xFF,0xF9,0xF6,0xF7,0xF8,0xFF,0xFF,0xFF,0xFF,0xFF,0x7F,
    0x7F,0xFF,0xFF,0xFF,0xFF,0xFF,0xFF,0x00,0xFF,0xFA,0xF7,0xFA,0xF8,0xFF,0xFF,0xFF,
    0xFF,0x7F,0x7F,0x7F,0xFF,0xFF,0xFF,0xFF,0xF8,0xF7,0xF6,0xF8,0xFF,0xFF,0xFF,0xFF,
    0x7F,0x7E,0x7C,0xFD,0xF3,0xE7,0xE7,0xE7,0xE7,0xEB,0xE3,0xEF,0xEF,0xCF,0xCF,0x6F,
    0x6B,0x73,0x7D,0xFC,0xFE,0xFF,0xFD,0xFA,0xF7,0xFA,0xFC,0xFF,0xFF,0xFF,0xFF,0x7F,
    0x7F,0x7F,0xFF,0xFF,0xFF,0xFF,0xF8,0xFF,0xF7,0xF8,0xFF,0xFF,0xFF,0xFF,0xFF,0x00,
  },
  {
    0xFF,0xFF,0xFF,0xFF,0xFF,0xFF,0xFF,0xFF,0xF1,0xED,0xE5,0xF3,0xFF,0xFF,0xFF,0xFF,
    0xFF,0xFF,0xFF,0xFF,0xFF,0x7F,0xFF,0xF1,0xED,0xED,0xF1,0xFF,0xFF,0xFF,0xFF,0xFF,
    0xFF,0xFF,0xFF,0xFF,0xFF,0xFF,0xF3,0xE5,0xED,0xF1,0xFF,0xFF,0xFF,0xFF,0xFF,0xFF,
    0xFF,0xFF,0xFF,0xFF,0xFF,0xFF,0xF1,0xED,0xE5,0xFB,0xFF,0xFF,0xFF,0xFF,0xFF,0xFF,
    0xFF,0xFF,0xFF,0xFF,0xFF,0xF1,0xFF,0x00,0xFF,0xE7,0xF5,0xF1,0xFF,0xFF,0xFF,0xFF,
    0xFF,0xFF,0xFF,0xFF,0xFF,0xFF,0xFF,0xF9,0xF4,0xE6,0xF1,0xFF,0xFF,0xFE,0xE0,0x8D,
    0x3D,0xFB,0xF7,0xE7,0xCF,0xDF,0xBF,0x71,0x76,0x76,0x39,0xBF,0x9F,0xBF,0xBF,0xBF,
    0x3F,0x7F,0x3F,0xBF,0xBF,0xBF,0xB1,0xB6,0xB6,0xB1,0x9F,0xDF,0xCF,0xEF,0x77,0x97,
    0xE3,0xFF,0xFF,0xFF,0xFF,0xF1,0xF4,0xF6,0xF1,0xFF,0xFF,0xFF,0xFF,0xFF,0xFF,0x00,
    0xFF,0xFF,0xFF,0xFF,0xFF,0xFF,0xFF,0xFF,0xF0,0xF6,0xF6,0xF9,0xFF,0xFF,0xFF,0xFF,
    0xFF,0xFF,0xFF,0xFF,0xFF,0xFF,0xFF,0xF1,0xF7,0xFC,0xF9,0xF9,0xE9,0xF5,0x0B,0xBF,
    0x3E,0x5F,0x4F,0x7F,0xFF,0xFF,0xFB,0xF7,0x93,0xBB,0x87,0xCF,0xFF,0x0F,0xED,0xED,
    0xE9,0xF1,0xF5,0xF5,0xFA,0xFC,0xF6,0xF7,0xF4,0xF9,0xFF,0xFF,0xFF,0xFF,0xFF,0xFF,
    0xFF,0xFF,0xFF,0xFF,0xFF,0xF1,0xFF,0x00,0xFF,0xF6,0xF6,0xF9,0xFF,0xFF,0xFF,0xFF,
    0xFF,0xFF,0xFF,0x7F,0xBF,0xDF,0xEF,0xE7,0xF6,0xF6,0xF2,0xF3,0xF7,0xB7,0x37,0x47,
    0xCF,0xDF,0xFF,0xFF,0xFF,0xFF,0x1B,0xF7,0x7B,0x36,0xF4,0xF6,0xF7,0xF4,0xF6,0xE2,
    0xE2,0xFB,0xFB,0xFD,0xFE,0x77,0x4B,0xFE,0xF6,0xF9,0xFF,0xFF,0xFF,0xFF,0xFF,0xFF,
    0xFF,0xFF,0xFF,0xFF,0xFF,0xF9,0xF6,0xF6,0xF0,0xFF,0xFF,0xFF,0xFF,0xFF,0xFF,0x00,
    0xFF,0x7F,0x7F,0xFF,0xFF,0xFF,0xFF,0xFF,0xF8,0xFF,0xC1,0x1C,0xFF,0xFF,0xFF,0xFF,
    0xFF,0xFF,0xFF,0xFF,0xFF,0xFF,0xFF,0xFE,0xFE,0xFD,0xC3,0x5F,0xBF,0xCF,0xE6,0xF9,
    0xE0,0xDE,0x3C,0x79,0xFB,0xF3,0xF7,0xEF,0x9F,0x47,0xBF,0x3F,0x8F,0xE3,0xF8,0xFF,
    0xFF,0xFF,0xFF,0xFF,0xFF,0xFF,0xF8,0xF7,0xF2,0xFD,0xFF,0xFF,0xFF,0xFF,0x7F,0x7F,
    0xFF,0xFF,0xFF,0xFF,0xFF,0xF8,0xFF,0x00,0xFF,0xFA,0xFB,0xF8,0xFF,0xFF,0xFF,0xFF,
    0xFF,0x7F,0x7F,0xFE,0xF8,0xF3,0xEF,0xDF,0xBF,0x3F,0xFF,0xFF,0xFF,0xFF,0x7F,0x8F,
    0xF3,0xFD,0xFE,0xFF,0xFF,0xFF,0xFF,0xF3,0xEF,0xFF,0xFF,0xFE,0xFC,0xFD,0xF3,0xEB,
    0xEF,0xF0,0xFF,0x00,0x7F,0xFF,0xF8,0xFA,0xFA,0xF8,0xFF,0xFF,0xFF,0xFF,0x7F,0x7F,
    0x7F,0xFF,0xFF,0xFF,0xFF,0xF8,0xFB,0xFB,0xF8,0xFF,0xFF,0xFF,0xFF,0x7F,0xFF,0x00,
    0xFF,0x7F,0x7F,0x7F,0xFF,0xFF,0xFF,0xFF,0xF8,0xFB,0xFB,0xFC,0xFF,0xFF,0xFF,0xFF,
    0x7C,0x7D,0x7A,0xFB,0xF3,0xFB,0xF8,0xC7,0x1F,0x7F,0xFF,0xFF,0xFF,0xFF,0xFF,0xFF,
    0xFF,0xFF,0xFF,0xF7,0xF9,0xFE,0xFF,0xFF,0xFF,0xFF,0xFF,0xFF,0x70,0x03,0xFF,0x7F,
    0x7F,0xFF,0xFF,0xFF,0xFF,0xFD,0xF8,0xFB,0xFA,0xFC,0xFF,0xFF,0xFF,0xFF,0x7F,0x7F,
    0x7F,0xFF,0xFF,0xFF,0xFF,0xF8,0xFF,0x00,0xFF,0xFB,0xFB,0xFC,0xFF,0xFF,0xFF,0xFF,
    0x7F,0x7F,0x7F,0x7F,0xFF,0xFF,0xFF,0xFC,0xFB,0xFB,0xF8,0xFF,0xFF,0xFF,0xFF,0x7F,
    0x7F,0x7E,0x7C,0xF9,0xF3,0xE7,0xE7,0xE7,0xE7,0xEB,0xEB,0xEF,0xEF,0xCF,0x4F,0x6F,
    0x6B,0x71,0xFD,0xFC,0xFE,0xFF,0xFD,0xFB,0xFB,0xF8,0xFF,0xFF,0xFF,0xFF,0x7F,0x7F,
    0x7F,0x7F,0xFF,0xFF,0xFF,0xFC,0xFB,0xFB,0xF8,0xFF,0xFF,0xFF,0xFF,0xFF,0xFF,0x00,
  },
  {
    0xFF,0xFF,0xFF,0xFF,0xFF,0xFF,0xFF,0xF1,0xF5,0xF7,0xF1,0xFF,0xFF,0xFF,0xFF,0xFF,
    0xFF,0xFF,0xFF,0xFF,0xFF,0x7F,0xF9,0xF5,0xF5,0xF1,0xFB,0xFF,0xFF,0xFF,0xFF,0xFF,
    0xFF,0xFF,0xFF,0xFF,0xFF,0xFF,0xF1,0xF5,0xF5,0xF9,0xFF,0xFF,0xFF,0xFF,0xFF,0xFF,
    0xFF,0xFF,0xFF,0xFF,0xFF,0xF1,0xF7,0xF5,0xF1,0xFF,0xFF,0xFF,0xFF,0xFF,0xFF,0xFF,
    0xFF,0xFF,0xFF,0xFF,0xF9,0xF5,0xFF,0x00,0xFF,0xF6,0xF0,0xFF,0xFF,0xFF,0xFF,0xFF,
    0xFF,0xFF,0xFF,0xFF,0xFF,0xFF,0xFF,0xF0,0xF6,0xF6,0xF9,0xFF,0xFF,0xFC,0xE0,0x8D,
    0x7D,0xFB,0xF7,0xEF,0xCF,0xDF,0xB8,0x76,0x76,0x70,0x3F,0xBF,0x9F,0xBF,0xBF,0xBF,
    0xBF,0x3F,0xBF,0xBF,0xBF,0xB9,0xB6,0xB6,0xB0,0xBF,0xDF,0xDF,0xCF,0xEF,0x77,0x97,
    0xE7,0xFF,0xFF,0xFF,0xFF,0xF0,0xF6,0xF6,0xF9,0xFF,0xFF,0xFF,0xFF,0xFF,0xFF,0x00,
    0xFF,0x7F,0xFF,0xFF,0xFF,0xFF,0xFF,0xF8,0xF6,0xF6,0xF8,0xFF,0xFF,0xFF,0xFF,0xFF,
    0x7F,0x7F,0xFF,0xFF,0xFF,0xFF,0xFD,0xF3,0xF6,0xFC,0xF9,0xF9,0xED,0xD7,0x0B,0xFF,
    0x1E,0xDF,0x4F,0xFF,0xFF,0xFF,0xFB,0xC7,0x93,0x93,0x87,0xCF,0xFF,0x0F,0xED,0x6D,
    0xE9,0xF1,0xF5,0xF5,0xFA,0xFC,0xF6,0xF7,0xF8,0xFF,0xFF,0xFF,0xFF,0xFF,0x7F,0xFF,
    0xFF,0xFF,0xFF,0xFF,0xF9,0xF2,0xFF,0x00,0xFF,0xFB,0xF8,0xFD,0xFF,0xFF,0xFF,0xFF,
    0x7F,0x7F,0xFF,0x7F,0xBF,0xDF,0xEF,0xE4,0xF7,0xF6,0xF2,0xF3,0xF7,0xB7,0x37,0x47,
    0xCF,0xDF,0xFF,0xFF,0xFF,0xFF,0x0B,0xF7,0x7A,0x36,0xF4,0xF7,0xF7,0xF4,0xF6,0xE7,
    0xDB,0xBB,0xFB,0xFD,0xF6,0x67,0x8B,0xFF,0xF8,0xFF,0xFF,0xFF,0xFF,0xFF,0x7F,0x7F,
    0xFF,0xFF,0xFF,0xFF,0xFF,0xF8,0xFB,0xFA,0xFC,0xFF,0xFF,0xFF,0xFF,0x7F,0xFF,0x00,
    0xFF,0x7F,0x7F,0xFF,0xFF,0xFF,0xFF,0xF8,0xFB,0xFF,0x81,0x3E,0xFF,0xFF,0xFF,0xFF,
    0xFF,0xFF,0xFF,0xFF,0xFF,0xFF,0xFF,0xFE,0xFE,0xFD,0xC3,0x5F,0xBF,0xCF,0xE6,0xF9,
    0xE4,0x9E,0x3C,0xF9,0xFB,0xF3,0xF7,0xCF,0x9F,0x47,0xBF,0x3F,0xCF,0xF6,0x78,0x7F,
    0x7F,0xFF,0xFF,0xFF,0xFF,0xF8,0xFB,0xFB,0xF8,0xFF,0xFF,0xFF,0xFF,0x7F,0x7F,0x7F,
    0xFF,0xFF,0xFF,0xFF,0xFC,0xFB,0xFF,0x00,0xFB,0xFB,0xF8,0xFF,0xFF,0xFF,0xFF,0x7F,
    0x7F,0x7F,0x7F,0xFE,0xF9,0xF7,0xEF,0xDF,0xBF,0x7F,0xFF,0xFF,0xFF,0xFF,0x3F,0xCF,
    0xF3,0xFD,0xFE,0xFF,0xFF,0xFF,0xFF,0xE3,0xFF,0xFF,0xFF,0xFE,0xFD,0xFD,0xF3,0xEB,
    0xEF,0xF8,0xFF,0x00,0x7F,0xFC,0xFB,0xFB,0xF8,0xFF,0xFF,0xFF,0xFF,0x7F,0x7F,0x3F,
    0x7F,0xFF,0xFF,0xFF,0xFF,0xF8,0xFB,0xFB,0xFC,0xFF,0xFF,0xFF,0xFF,0x7F,0xFF,0x00,
    0xFF,0xBF,0x7F,0xFF,0xFF,0xFF,0xFF,0xFC,0xFB,0xFB,0xFC,0xFF,0xFF,0xFF,0xFF,0x7F,
    0x3C,0x3C,0x7A,0xFB,0xF3,0xFB,0xF8,0xC7,0x3F,0x7F,0xFF,0xFF,0xFF,0xFF,0xFF,0xFF,
    0xFF,0xFF,0xFF,0xF7,0xF9,0xFF,0xFF,0xFF,0xFF,0xFF,0xFF,0xFF,0x70,0x07,0xFF,0xFF,
    0x7F,0xFF,0xFF,0xFF,0xFF,0xFC,0xFB,0xFB,0xFC,0xFF,0xFF,0xFF,0xFF,0x7F,0xBF,0x7F,
    0xFF,0xFF,0xFF,0xFF,0xFC,0xF9,0xFF,0x00,0xFF,0xFD,0xFC,0xFF,0xFF,0xFF,0xFF,0x7F,
    0x3F,0x3F,0x7F,0xFF,0xFF,0xFF,0xFF,0xFC,0xFD,0xFD,0xFE,0xFF,0xFF,0xFF,0x7F,0x3F,
    0xBF,0x7E,0x7C,0xF9,0xF3,0xEF,0xE7,0xE7,0xE7,0xEB,0xEB,0xEF,0xEF,0xEF,0x6F,0x6F,
    0x23,0x71,0xFD,0xFC,0xFE,0xFF,0xFD,0xFB,0xFC,0xFF,0xFF,0xFF,0xFF,0x7F,0xBF,0xBF,
    0x7F,0xFF,0xFF,0xFF,0xFF,0xFC,0xFB,0xFD,0xFC,0xFF,0xFF,0xFF,0x7F,0x3F,0xFF,0x00,
  },
  {
    0xFF,0x7F,0xFF,0xFF,0xFF,0xFF,0xF9,0xF1,0xF7,0xF9,0xFD,0xFF,0xFF,0xFF,0xFF,0x7F,
    0x7F,0xFF,0xFF,0xFF,0xFF,0xFD,0xF9,0xF7,0xF9,0xFD,0xFF,0xFF,0xFF,0xFF,0x7F,0x7F,
    0xFF,0xFF,0xFF,0xFF,0xFF,0xF9,0xF7,0xFB,0xF9,0xFF,0xFF,0xFF,0xFF,0x7F,0x7F,0x7F,
    0xFF,0xFF,0xFF,0xFF,0xF9,0xF1,0xFF,0xFF,0xFF,0xFF,0xFF,0xFF,0x7F,0x7F,0x7F,0xFF,
    0xFF,0xFF,0xFF,0xFD,0xF9,0xF7,0xFF,0x00,0xFF,0xFA,0xFD,0xFF,0xFF,0xFF,0xFF,0x7F,
    0x7F,0x7F,0xFF,0xFF,0xFF,0xFF,0xF9,0xF9,0xF3,0xEA,0xCB,0x9B,0xDB,0x9B,0xB3,0xB3,
    0xB3,0xB3,0xB7,0x97,0xF7,0xF4,0xF7,0xF3,0xFA,0xFB,0xFD,0xF3,0x73,0xF7,0xE7,0xEF,
    0xEF,0xEF,0xCF,0xDF,0xDD,0xDA,0xDB,0xDB,0x9C,0xDF,0xDF,0xDF,0xDF,0x0F,0xCF,0x7F,
    0xFF,0xFF,0xFF,0xFF,0xFA,0xFB,0xFB,0xF8,0xFF,0xFF,0xFF,0xFF,0x7F,0x7F,0xFF,0x00,
    0xFF,0x7F,0xFF,0xFF,0xFF,0xFF,0xFC,0xFB,0xFB,0xF8,0xFF,0xFF,0xFF,0xFF,0x7F,0x7F,
    0x7F,0x7F,0xFF,0xFF,0xFF,0xFD,0xFB,0xFB,0xFD,0xFF,0xFE,0xDD,0xA1,0x64,0x66,0x79,
    0x7F,0xFF,0x7F,0x7F,0x71,0x66,0x66,0x61,0x9F,0x47,0xFA,0xFA,0xFC,0x75,0xF5,0x75,
    0xF5,0xF9,0xF8,0xFD,0xFE,0xFB,0xFB,0xFC,0xFF,0xFF,0xFF,0xFF,0x7F,0xFF,0x7F,0xFF,
    0xFF,0xFF,0xFF,0xFC,0xFB,0xFB,0xFF,0x00,0xFB,0xF8,0xFC,0xFF,0xFF,0xFF,0x7F,0x7F,
    0xBF,0x7F,0xFF,0xFF,0xFF,0xFF,0xFC,0xFB,0xFB,0xFC,0xFF,0xFF,0xFF,0xFF,0x3F,0xBF,
    0x7B,0xC3,0x7F,0xFF,0xFF,0xFF,0xFF,0xFF,0xFE,0xFE,0xFF,0xFF,0xFF,0xFE,0xFF,0xFF,
    0x07,0x1E,0x75,0x03,0x9C,0xBD,0x7B,0xF9,0xFC,0xFF,0xFF,0xFF,0x7F,0xBF,0xBF,0x7F,
    0xFF,0xFF,0xFF,0xFF,0xFC,0xFB,0xFB,0xFC,0xFF,0xFF,0xFF,0xFF,0xFF,0xFF,0xFF,0x00,
    0xBF,0xBF,0x7F,0xFF,0xFF,0xFF,0xFC,0xFB,0xFB,0xFD,0xFF,0xFF,0xFF,0xFF,0x3F,0xBF,
    0xBF,0x7F,0xFF,0xFF,0xFF,0x3E,0x1D,0xCF,0x76,0x79,0x06,0xFC,0xFB,0xF3,0xEF,0xEF,
    0xF7,0xF3,0xF9,0xFD,0xFC,0xF8,0xE5,0xDC,0xBE,0xFF,0xFF,0xFC,0xF3,0x4F,0x3F,0xFE,
    0xFD,0x83,0x0F,0xFF,0xFC,0xFD,0xFF,0xFC,0xFF,0xFF,0xFF,0xFF,0x3F,0xBF,0xBF,0x7F,
    0xFF,0xFF,0xFF,0xFC,0xFD,0xFB,0xFF,0x00,0xFF,0xFF,0xFF,0xFF,0xFF,0xFF,0x7F,0xBF,
    0xBF,0x3F,0xFF,0xFF,0xFF,0xFF,0xFD,0xFD,0xBD,0x3E,0x5F,0xDF,0xCF,0xEF,0xF2,0x3A,
    0xE2,0xFD,0xFF,0xFF,0xFF,0xFF,0xFF,0xFF,0xFF,0xFF,0xFF,0xFF,0xFF,0xFF,0xFF,0xFF,
    0xFF,0xFF,0xFE,0xFC,0x83,0x3F,0xFE,0x7F,0x0F,0xB0,0xFE,0xFF,0x7F,0xBF,0xBF,0x3F,
    0xFF,0xFF,0xFF,0xFF,0xFD,0xFD,0xFD,0xFE,0xFF,0xFF,0xFF,0x7F,0xBF,0xBF,0xFF,0x00,
    0xFF,0xBF,0x7F,0xFF,0xFF,0xFF,0xFE,0xFD,0xFD,0xFC,0xFF,0xFF,0xFF,0xFF,0x3F,0xBF,
    0xBF,0x3E,0xFD,0xF9,0xFB,0xFB,0xEB,0xF0,0xC7,0x1F,0x7F,0xFF,0xFF,0xFF,0xFF,0xFF,
    0x7F,0x7F,0xFF,0x7F,0xFF,0xFF,0xFF,0xFF,0xFF,0x7F,0x3F,0x9F,0xC3,0xF8,0xFD,0x3E,
    0x7F,0xFF,0xFF,0xFF,0xFE,0xFD,0xFD,0xFC,0xFF,0xFF,0xFF,0xFF,0xBF,0xBF,0xBF,0x3F,
    0xFF,0xFF,0xFF,0xFE,0xFD,0xFD,0xFF,0x00,0xFD,0xFC,0xFF,0xFF,0xFF,0xFF,0x3F,0xDF,
    0xDF,0x3F,0xFF,0xFF,0xFF,0xFF,0xFE,0xFD,0xFD,0xFE,0xFF,0xFF,0xFF,0xFF,0xBF,0xDF,
    0xBF,0x7F,0xFE,0xFD,0xF9,0xF3,0xF7,0xF7,0xF6,0xF1,0xFF,0xE0,0xEE,0xEF,0xDF,0xCF,
    0xE1,0xFC,0xFF,0xFF,0xFF,0xFC,0xFD,0xFC,0xFF,0xFF,0xFF,0xFF,0x3F,0x9F,0xDF,0x3F,
    0xFF,0xFF,0xFF,0xFF,0xFE,0xFD,0xFD,0xFE,0xFF,0xFF,0xFF,0xFF,0xFF,0xFF,0xFF,0x00,
  },
  {
    0x7F,0x7F,0xFF,0xFF,0xFF,0xFF,0xF9,0xF9,0xF9,0xFD,0xFF,0xFF,0xFF,0x7F,0x7F,0x7F,
    0x7F,0xFF,0xFF,0xFF,0xFF,0xF9,0xF9,0xF9,0xFD,0xFF,0xFF,0xFF,0xFF,0x7F,0x7F,0x7F,
    0xFF,0xFF,0xFF,0xFF,0xFD,0xF9,0xF9,0xF9,0xFF,0xFF,0xFF,0xFF,0x7F,0x3F,0x7F,0xFF,
    0xFF,0xFF,0xFF,0xFD,0xF9,0xF9,0xF9,0xFD,0xFF,0xFF,0xFF,0x7F,0x7F,0x7F,0x7F,0xFF,
    0xFF,0xFF,0xFF,0xF9,0xF9,0xF9,0xFF,0x00,0xF9,0xFC,0xFF,0xFF,0xFF,0xFF,0x7F,0xBF,
    0x7F,0xFF,0xFF,0xFF,0xF7,0xC4,0xAD,0x6F,0xAC,0x6F,0x5F,0x5F,0x5F,0xDF,0xDF,0x5F,
    0x5F,0x5F,0xDF,0xDF,0xDD,0xC8,0xEF,0xEC,0xE7,0xEF,0xEF,0xEF,0xEF,0xDF,0xDF,0x6F,
    0x6F,0xEF,0xEF,0xE7,0x74,0x77,0x7B,0x3B,0x99,0xE5,0xF9,0x7E,0x7F,0xBF,0x7F,0xFF,
    0xFF,0xFF,0xFF,0xFC,0xF9,0xF9,0xFC,0xFF,0xFF,0xFF,0xFF,0x7F,0xBF,0x7F,0xFF,0x00,
    0x3F,0x7F,0xFF,0xFF,0xFF,0xFE,0xFD,0xF9,0xFD,0xFE,0xFF,0xFF,0xFF,0x7F,0x3F,0xBF,
    0x7E,0xFD,0xFD,0xFE,0xFE,0xFE,0xFE,0xFE,0xFF,0xC1,0x3F,0xC3,0xC9,0x9D,0xE3,0x7D,
    0xBF,0xBF,0x7F,0xF5,0x9B,0x9B,0xC7,0x77,0xFA,0xFE,0xFE,0xFE,0x3E,0xBE,0x3F,0x7F,
    0xFF,0xFF,0xFF,0xFE,0xFC,0xFD,0xFC,0xFF,0xFF,0xFF,0xFF,0x7F,0xBF,0xBF,0x7F,0xFF,
    0xFF,0xFF,0xFF,0xFC,0xFD,0xFD,0xFF,0x00,0xFD,0xFE,0xFF,0xFF,0xFF,0xFF,0x3F,0xBF,
    0x3F,0x7F,0xFF,0xFF,0xFF,0xFE,0xFD,0xFD,0xFC,0xFF,0xFF,0xFF,0xFF,0x3F,0xBF,0xFF,
    0x17,0xF7,0x73,0x3E,0xCC,0xF4,0xFD,0xFC,0xF9,0xFD,0xFC,0xFC,0xFC,0x3C,0x86,0x39,
    0xE9,0x67,0x3F,0xDF,0xCC,0xED,0xED,0xEE,0xEF,0xDF,0x9F,0x3F,0x7F,0xBF,0x3F,0xFF,
    0xFF,0xFF,0xFF,0xFC,0xFD,0xFD,0xFC,0xFF,0xFF,0xFF,0xFF,0x3F,0xBF,0xBF,0xFF,0x00,
    0xBF,0x3F,0xFF,0xFF,0xFF,0xFF,0xFC,0xFD,0xFC,0xFF,0xFF,0xFF,0xFF,0x7F,0xBF,0xBF,
    0x3F,0xFF,0xFF,0xFF,0xFF,0xFC,0xFD,0x7D,0x0E,0xF0,0x02,0xF3,0xF7,0xE7,0xEF,0xCF,
    0xEF,0xF7,0xFB,0x83,0x7D,0xFE,0xFF,0xFC,0xF3,0x0D,0x3F,0xFF,0xFF,0xFF,0xFF,0xFF,
    0xFF,0xFF,0xFF,0xFF,0xFE,0x01,0xFF,0xFF,0xFF,0xFF,0xFF,0x3F,0xBF,0xBF,0x3F,0xFF,
    0xFF,0xFF,0xFF,0xFC,0xFD,0xFC,0xFF,0x00,0xFC,0xFE,0xFF,0xFF,0xFF,0xFF,0x3F,0xDF,
    0x1F,0xFF,0xFF,0xFF,0xFF,0xFE,0xFC,0xFC,0xFE,0xFF,0xFF,0xFF,0xFF,0x3F,0xDF,0xF8,
    0x0B,0xE0,0xFE,0xFF,0xFF,0xFF,0xFF,0xFF,0xFF,0xFF,0xFF,0xFF,0xFC,0xFF,0xBF,0xCF,
    0xF1,0xFF,0xFF,0xFC,0xF1,0x0F,0xFF,0xFF,0xFF,0xFF,0x7F,0x3F,0x87,0xF8,0x3F,0xFF,
    0xFF,0xFF,0xFF,0xFE,0xFC,0xFC,0xFE,0xFF,0xFF,0xFF,0xFF,0x3F,0xDF,0x9F,0xFF,0x00,
    0x9F,0x3F,0xFF,0xFF,0xFF,0xFF,0xFE,0xFE,0xFE,0xFF,0xFF,0xFF,0xFF,0x3F,0xDF,0xDF,
    0x3F,0xFF,0xFF,0xFF,0xFF,0xFE,0xFF,0xF3,0x80,0x7F,0xFF,0xFF,0xFF,0xFF,0xFF,0xFF,
    0xFC,0xFB,0xFF,0xFF,0xFF,0xFF,0xFF,0xFF,0xFF,0xFF,0xFF,0x7F,0x8F,0xE8,0xFB,0x3B,
    0xF9,0xF9,0xFE,0xFF,0xFF,0xFE,0xFE,0xFF,0xFF,0xFF,0xFF,0x3F,0xDF,0xDF,0x3F,0xFF,
    0xFF,0xFF,0xFF,0xFE,0xFE,0xFE,0xFF,0x00,0xFE,0xFF,0xFF,0xFF,0xFF,0xBF,0x1F,0xDF,
    0x9F,0xBF,0xFF,0xFF,0xFF,0xFF,0xFE,0xFE,0xFE,0xFF,0xFF,0xFF,0xFF,0x1F,0xDF,0xDF,
    0xBF,0xFF,0xFC,0xF9,0xF7,0xEF,0xEF,0xCF,0xCF,0xE8,0xE6,0xE8,0xED,0xDF,0xCF,0xCF,
    0xE1,0xFC,0xFE,0xFF,0xFF,0xFE,0xFE,0xFF,0xFF,0xFF,0xFF,0xBF,0xDF,0xDF,0x1F,0xFF,
    0xFF,0xFF,0xFF,0xFE,0xFE,0xFE,0xFE,0xFF,0xFF,0xFF,0xFF,0x9F,0xDF,0xDF,0xFF,0x00,
  },
  {
    0x3F,0xFF,0xFF,0xFF,0xFF,0xFD,0xF9,0xF9,0xFD,0xFF,0xFF,0xFF,0xFF,0x7F,0xBF,0x3F,
    0x7F,0xFF,0xFF,0xFF,0xFF,0xF9,0xF9,0xFD,0xFF,0xFF,0xFF,0xFF,0x7F,0x3F,0xBF,0x7F,
    0xFF,0xFF,0xFF,0xFF,0xFD,0xF9,0xFD,0xFD,0xFF,0xFF,0xFF,0xFF,0xFF,0x7F,0x7F,0x3F,
    0xFF,0xFF,0xFF,0xFD,0xF9,0xF9,0xFD,0xFF,0xFF,0xFF,0xFF,0x7F,0xBF,0x3F,0x7F,0xFF,
    0xFF,0xFF,0xFD,0xF9,0xF9,0xFD,0xFF,0x00,0xFC,0xFE,0xFF,0xFF,0xFF,0x7F,0xBF,0xBF,
    0x7F,0xFF,0xFF,0xFF,0x9F,0x5C,0xDD,0xBD,0xBC,0xBF,0x7F,0x7F,0x7F,0x7F,0x7F,0x3F,
    0x3F,0x3F,0x3F,0xBF,0xBC,0xBD,0x9D,0x9C,0x9F,0xBF,0xBF,0xBF,0x3F,0x3F,0xDF,0xEF,
    0xE7,0xF3,0x7B,0x7D,0x3E,0xC6,0xF0,0xFF,0xFF,0xFF,0xFF,0x7F,0xBF,0xBF,0x7F,0xFF,
    0xFF,0xFF,0xFF,0xFC,0xF9,0xFD,0xFE,0xFF,0xFF,0xFF,0xFF,0x3F,0xBF,0x3F,0xFF,0x00,
    0x3F,0x7F,0xFF,0xFF,0xFF,0xFE,0xFD,0xFD,0xFC,0xFF,0xFF,0xFF,0xFF,0x3E,0xB8,0xBB,
    0x71,0xEB,0xEB,0xEB,0xEB,0xEB,0xEB,0xEB,0x1F,0xFF,0x87,0x17,0x33,0xC7,0x7B,0x7F,
    0x7F,0xFF,0x87,0x3F,0x27,0x0F,0xDD,0xCA,0xFA,0xFE,0xFE,0x7E,0xBF,0xBF,0x3F,0xFF,
    0xFF,0xFF,0xFF,0xFE,0xFD,0xFD,0xFC,0xFF,0xFF,0xFF,0xFF,0x3F,0xBF,0xBF,0x7F,0xFF,
    0xFF,0xFF,0xFE,0xFD,0xFD,0xFC,0xFF,0x00,0xFC,0xFF,0xFF,0xFF,0xFF,0x3F,0xBF,0xBF,
    0x3F,0xFF,0xFF,0xFF,0xFF,0xFC,0xFD,0xFC,0xFE,0xFF,0xFF,0xFF,0xFF,0x3F,0xFF,0x3F,
    0xEB,0x74,0xFD,0xBB,0xCB,0xFB,0xF2,0xF3,0xFB,0xF2,0xDB,0x3A,0x3B,0xD9,0xF7,0x0B,
    0xFF,0xDF,0xDF,0x8E,0x76,0x7B,0xFA,0xFB,0xFB,0xFB,0xFB,0xF3,0xF7,0xEF,0x9F,0x3F,
    0xFF,0xFF,0xFF,0xFE,0xFD,0xFC,0xFE,0xFF,0xFF,0xFF,0x7F,0xBF,0xFF,0x3F,0xFF,0x00,
    0x1F,0x3F,0xFF,0xFF,0xFF,0xFE,0xFC,0xFD,0xFE,0xFF,0xFF,0xFF,0xFF,0x3F,0xDF,0x9F,
    0x3F,0xFF,0xFF,0xFF,0xFF,0xFC,0xFD,0xFF,0xFC,0x00,0x2F,0xD3,0xC7,0xCF,0xDF,0x9F,
    0x1F,0xE7,0xF1,0xFC,0xFF,0x0C,0xF3,0xFD,0xF3,0x89,0x3C,0xFE,0xFF,0xFF,0xFF,0xFF,
    0xFF,0xFF,0xFF,0xFF,0xFF,0xFF,0xFF,0xFE,0x00,0x1F,0xFF,0x3F,0xDF,0xBF,0x3F,0xFF,
    0xFF,0xFF,0xFE,0xFC,0xFF,0xFE,0xFF,0x00,0xFE,0xFF,0xFF,0xFF,0xFF,0x3F,0xDF,0xDF,
    0x3F,0xFF,0xFF,0xFF,0xFF,0xFE,0xFE,0xFE,0xFE,0xFF,0xFF,0xFF,0xBF,0x1F,0xDF,0xDF,
    0xFB,0x14,0xC1,0xFE,0xFF,0xFF,0xFF,0xFF,0xF8,0xF3,0xF7,0xF7,0xF8,0xFF,0xFF,0xC7,
    0xFF,0xFF,0xFF,0xFE,0xF9,0xC7,0x3F,0xFF,0xFF,0xFF,0xFF,0xFF,0xFF,0x7F,0x9F,0xC7,
    0xF8,0xFF,0xFF,0xFE,0xFE,0xFE,0xFF,0xFF,0xFF,0xFF,0x3F,0x9F,0xDF,0x1F,0xFF,0x00,
    0x1F,0x7F,0xFF,0xFF,0xFF,0xFF,0xFE,0xFE,0xFE,0xFF,0xFF,0xFF,0xFF,0x1F,0xDF,0xDF,
    0x1F,0xFF,0xFF,0xFF,0xFF,0xFE,0xFE,0xC7,0x00,0x7F,0xFF,0xFF,0xFF,0xFF,0xFF,0xFE,
    0xF9,0xF3,0xFF,0xFF,0xFF,0xFF,0xFF,0xFF,0xFF,0xFF,0xFF,0xFF,0x3F,0x8F,0x70,0xF7,
    0xF3,0xE3,0xFB,0xF9,0xFC,0xFD,0xFF,0xFF,0xFF,0xFF,0xFF,0x1F,0xDF,0xDF,0x3F,0xFF,
    0xFF,0xFF,0xFF,0xFE,0xFE,0xFE,0xFF,0x00,0xFE,0xFF,0xFF,0xFF,0xFF,0x9F,0xDF,0xCF,
    0x9F,0xFF,0xFF,0xFF,0xFF,0xFE,0xFE,0xFE,0xFF,0xFF,0xFF,0xFF,0xFF,0x1F,0xDF,0xDF,
    0xBF,0xFE,0xFD,0xF1,0xE5,0xEF,0xCF,0xCF,0xCF,0xCF,0xEB,0xEB,0xE7,0xF7,0xE7,0xEF,
    0xF7,0xF9,0xFC,0xFE,0xFF,0xFE,0xFE,0xFF,0xFF,0xFF,0xFF,0x9F,0xDF,0xDF,0x9F,0xFF,
    0xFF,0xFF,0xFF,0xFF,0xFE,0xFE,0xFF,0xFF,0xFF,0xFF,0xFF,0x1F,0xDF,0x9F,0xFF,0x00,
  },
  {
    0x3F,0xFF,0xFF,0xFF,0xFF,0xFD,0xFD,0xFD,0xFF,0xFF,0xFF,0xFF,0x7F,0x3F,0xBF,0x3F,
    0xFF,0xFF,0xFF,0xFF,0xFD,0xFD,0xFD,0xFD,0xFF,0xFF,0xFF,0xFF,0x3F,0xBF,0xBF,0x7F,
    0xFF,0xFF,0xFF,0xFF,0xFD,0xFD,0xFD,0xFF,0xFF,0xFF,0xFF,0xFF,0x7F,0x7F,0x3F,0xFF,
    0xFF,0xFF,0xFF,0xFD,0xFD,0xFD,0xFF,0xFF,0xFF,0xFF,0x7F,0xBF,0xBF,0x3F,0xFF,0xFF,
    0xFF,0xFF,0xFD,0xFD,0xFD,0xFD,0xFF,0x00,0xFC,0xFF,0xFF,0xFF,0xFF,0x3F,0xBF,0xBF,
    0x3F,0xFF,0xFF,0xDF,0x1F,0x5C,0xBD,0xBC,0xBF,0x7F,0x7F,0x7F,0x7F,0x7F,0x7F,0x7F,
    0x7F,0x3F,0xBF,0xBF,0xBC,0xBD,0x9C,0x9E,0x9F,0xBF,0xBF,0xBF,0x3F,0x1F,0xDF,0xEF,
    0xF7,0xFB,0x7D,0x3E,0x8E,0xE3,0xFC,0xFF,0xFF,0xFF,0xFF,0x3F,0xBF,0xBF,0x7F,0xFF,
    0xFF,0xFF,0xFE,0xFC,0xFD,0xFC,0xFF,0xFF,0xFF,0xFF,0x3F,0xBF,0xBF,0x3F,0xFF,0x00,
    0x3F,0xFF,0xFF,0xFF,0xFF,0xFE,0xFD,0xFC,0xFE,0xFF,0xFF,0xFF,0x3F,0x9C,0xD9,0x37,
    0xFB,0xEB,0xEB,0xF7,0xF3,0xEB,0xEB,0xEB,0x1F,0xDF,0x87,0x37,0x37,0xC7,0xFB,0x7F,
    0xFF,0xFF,0x07,0x37,0x07,0x9F,0xDD,0xCA,0xFA,0xFE,0xFE,0x3F,0xDF,0x9F,0x3F,0xFF,
    0xFF,0xFF,0xFF,0xFE,0xFD,0xFE,0xFF,0xFF,0xFF,0xFF,0x3F,0x9F,0xDF,0x3F,0xFF,0xFF,
    0xFF,0xFF,0xFE,0xFC,0xFE,0xFE,0xFF,0x00,0xFE,0xFF,0xFF,0xFF,0xFF,0x3F,0xDF,0xDF,
    0x3F,0xFF,0xFF,0xFF,0xFF,0xFE,0xFE,0xFE,0xFF,0xFF,0xFF,0xFF,0x3F,0xDF,0xDF,0x3F,
    0xCA,0x6C,0xFD,0xFB,0xFB,0xFB,0xE2,0xF3,0xFA,0xF3,0x7B,0x3A,0x7B,0xE9,0x97,0xBF,
    0xFF,0xDF,0xDF,0x8E,0x66,0x72,0x7B,0xFB,0xFB,0xFB,0xFB,0xF3,0xF7,0xE7,0xCF,0x3F,
    0x7F,0xFF,0xFF,0xFE,0xFE,0xFE,0xFF,0xFF,0xFF,0xFF,0x3F,0xDF,0xDF,0x3F,0xFF,0x00,
    0x1F,0xFF,0xFF,0xFF,0xFF,0xFE,0xFE,0xFE,0xFF,0xFF,0xFF,0xFF,0x7F,0x5F,0xDF,0x1F,
    0xFF,0xFF,0xFF,0xFF,0xFE,0xFE,0xFE,0xFF,0xFA,0x00,0x1F,0xF7,0x8F,0xBF,0xBF,0x1F,
    0x0F,0xE1,0xF8,0xFF,0x7E,0x80,0xF7,0xF4,0xF3,0xCD,0x3D,0x7E,0xFF,0xFF,0xFF,0xFF,
    0xFF,0xFF,0xFF,0xFF,0xFF,0xFF,0xFF,0xFF,0xF0,0x03,0xFF,0x5F,0xDF,0x1F,0xFF,0xFF,
    0xFF,0xFF,0xFE,0xFE,0xFE,0xFF,0xFF,0x00,0xFE,0xFF,0xFF,0xFF,0xFF,0x1F,0xFF,0x5F,
    0x1F,0xFF,0xFF,0xFF,0xFF,0xFE,0xFE,0xFE,0xFF,0xFF,0xFF,0xFF,0x1F,0x4F,0x5F,0x9F,
    0xFF,0x10,0xC0,0xFE,0xFF,0xFF,0xFF,0xFE,0xF8,0xF3,0xF7,0xF3,0xFC,0xFF,0xFF,0xC7,
    0xFF,0xFF,0xFF,0xFE,0xFD,0xE7,0x1F,0xFF,0xFF,0xFF,0xFF,0xFF,0xFF,0x7F,0x3F,0x8F,
    0xF0,0xFC,0xFF,0xFE,0xFE,0xFF,0xFF,0xFF,0xFF,0xFF,0x1F,0x4F,0x5F,0x1F,0xFF,0x00,
    0x1F,0xFF,0xFF,0xFF,0xFF,0xFF,0xFE,0xFF,0xFF,0xFF,0xFF,0xFF,0xBF,0x0F,0x6F,0x1F,
    0xFF,0xFF,0xFF,0xFF,0xFF,0xFE,0xFF,0xC7,0x00,0xFE,0xFF,0xFF,0xFF,0xFF,0xFF,0xFF,
    0xFF,0xFF,0xFF,0xFF,0xFF,0xFF,0xFF,0xFF,0xFF,0xFF,0xFF,0xFF,0x7F,0x8F,0xF0,0xF7,
    0xF7,0xE3,0xFB,0xF9,0xFA,0xFE,0xFF,0xFF,0xFF,0xFF,0x9F,0x4F,0x6F,0x1F,0xFF,0xFF,
    0xFF,0xFF,0xFF,0xFF,0xFF,0xFF,0xFF,0x00,0xFF,0xFF,0xFF,0xFF,0xFF,0x9F,0xEF,0x8F,
    0x9F,0xFF,0xFF,0xFF,0xFF,0xFF,0xFF,0xFF,0xFF,0xFF,0xFF,0xFF,0x9F,0xEF,0xEF,0x9F,
    0xFF,0xFE,0xFD,0xF9,0xE3,0xEF,0xCF,0xCF,0xCF,0xCF,0xEB,0xEB,0xE7,0xF7,0xC7,0xEF,
    0xE7,0xFB,0xFD,0xFE,0xFF,0xFF,0xFF,0xFF,0xFF,0xFF,0xFF,0x8F,0xEF,0x8F,0xBF,0xFF,
    0xFF,0xFF,0xFF,0xFF,0xFF,0xFF,0xFF,0xFF,0xFF,0xFF,0x9F,0xEF,0xEF,0x9F,0xFF,0x00,
  },
  {
    0x3F,0xFF,0xFF,0xFF,0xFE,0xFD,0xFD,0xFE,0xFF,0xFF,0xFF,0xFF,0x1F,0xDF,0xDF,0x3F,
    0xFF,0xFF,0xFF,0xFF,0xFC,0xFD,0xFD,0xFF,0xFF,0xFF,0xFF,0x3F,0xDF,0xDF,0x3F,0xFF,
    0xFF,0xFF,0xFF,0xFE,0xFD,0xFD,0xFF,0xFF,0xFF,0xFF,0xFF,0xFF,0x7F,0x7F,0x3F,0xFF,
    0xFF,0xFF,0xFF,0xFC,0xFD,0xFE,0xFF,0xFF,0xFF,0xFF,0x3F,0xDF,0xDF,0x3F,0xFF,0xFF,
    0xFF,0xFF,0xFE,0xFD,0xFD,0xFF,0xFF,0x00,0xFE,0xFF,0xFF,0xFF,0x3F,0xDF,0xDF,0x1F,
    0xFF,0xFF,0xFF,0xFF,0x9E,0x5E,0xBE,0xBE,0xBF,0x7F,0x7F,0x7F,0x5F,0x5F,0x5F,0x7F,
    0x7F,0x3F,0x3F,0xBF,0xBE,0xBE,0x9E,0x9F,0x8F,0xBF,0xBF,0xBF,0xBF,0x5F,0xDF,0xEF,
    0xF7,0xFB,0x7D,0x3E,0x8E,0xE3,0xF8,0xFF,0xFF,0xFF,0x3F,0xDF,0xDF,0x1F,0xFF,0xFF,
    0xFF,0xFF,0xFE,0xFE,0xFE,0xFF,0xFF,0xFF,0xFF,0xBF,0x1F,0xDF,0x1F,0xFF,0xFF,0x00,
    0xFF,0xFF,0xFF,0xFF,0xFF,0xFE,0xFE,0xFE,0xFF,0xFF,0xFF,0xFF,0x1F,0xDE,0xD9,0x13,
    0xF3,0xEB,0xEB,0xF3,0xF3,0xEB,0xEB,0xEB,0x1F,0xFF,0x87,0x17,0x33,0xC7,0xFB,0xFF,
    0xFF,0xFF,0x87,0x37,0x27,0x0F,0xDD,0xCA,0xFA,0xFE,0xFE,0x1E,0xDF,0x5F,0x3F,0xFF,
    0xFF,0xFF,0xFF,0xFE,0xFE,0xFE,0xFF,0xFF,0xFF,0xFF,0x1F,0xDF,0x5F,0x3F,0xFF,0xFF,
    0xFF,0xFF,0xFE,0xFE,0xFE,0xFF,0xFF,0x00,0xFF,0xFF,0xFF,0xFF,0x1F,0x4F,0xDF,0x1F,
    0xFF,0xFF,0xFF,0xFF,0xFF,0xFE,0xFE,0xFF,0xFF,0xFF,0xFF,0xFF,0x1F,0xDF,0x5F,0x3F,
    0xCB,0x6C,0xFD,0xFB,0xFB,0xFB,0xE3,0xF3,0xFB,0xFB,0xFB,0x3A,0x7B,0xE9,0x97,0xBF,
    0xFF,0xFF,0xDF,0xCE,0x26,0x72,0x7B,0xFB,0xFB,0xFB,0xFB,0xF3,0xF7,0xE7,0xCF,0x3F,
    0x7F,0xFF,0xFF,0xFE,0xFE,0xFF,0xFF,0xFF,0xFF,0x3F,0x5F,0xCF,0x1F,0xFF,0xFF,0x00,
    0x1F,0xFF,0xFF,0xFF,0xFF,0xFF,0xFE,0xFF,0xFF,0xFF,0xFF,0xFF,0x1F,0x6F,0x6F,0x1F,
    0xFF,0xFF,0xFF,0xFF,0xFF,0xFE,0xFF,0xFF,0xFE,0x00,0x1F,0x7F,0x8F,0x9F,0xBF,0x9F,
    0x1F,0xE1,0xF8,0xFF,0x7E,0x08,0xF7,0xF4,0xF3,0xCD,0xBC,0x7E,0xFF,0xFF,0xFF,0xFF,
    0xFF,0xFF,0xFF,0xFF,0xFF,0xFF,0xFF,0xFF,0xF0,0x03,0xFF,0x6F,0x4F,0x9F,0xFF,0xFF,
    0xFF,0xFF,0xFF,0xFE,0xFF,0xFF,0xFF,0x00,0xFF,0xFF,0xFF,0xFF,0x9F,0x6F,0x6F,0x0F,
    0xFF,0xFF,0xFF,0xFF,0xFF,0xFF,0xFF,0xFF,0xFF,0xFF,0xFF,0xFF,0x0F,0x6F,0x4F,0xDF,
    0xFF,0x11,0xC1,0xFE,0xFF,0xFF,0xFF,0xFF,0xF8,0xF7,0xF7,0xF3,0xFC,0xFF,0xFF,0xC7,
    0xFF,0xFF,0xFF,0xFE,0xFD,0xE3,0x1F,0xFF,0xFF,0xFF,0xFF,0xFF,0xFF,0x7F,0x3F,0xCF,
    0xF1,0xFC,0xFF,0xFF,0xFF,0xFF,0xFF,0xFF,0xFF,0xDF,0x0F,0x6F,0x0F,0xDF,0xFF,0x00,
    0xFF,0xFF,0xFF,0xFF,0xFF,0xFF,0xFF,0xFF,0xFF,0xFF,0xFF,0xFF,0x8F,0x6F,0x6F,0x8F,
    0xFF,0xFF,0xFF,0xFF,0xFF,0xFF,0xFF,0xC7,0x00,0x7E,0xFF,0xFF,0xFF,0xFF,0xFF,0xFF,
    0xFF,0xFF,0xFF,0xFF,0xFF,0xFF,0xFF,0xFF,0xFF,0xFF,0xFF,0xFF,0x7F,0x8F,0xF0,0xF7,
    0xF7,0xE3,0xFB,0xF9,0xFA,0xFE,0xFF,0xFF,0xFF,0xFF,0x8F,0x6F,0x2F,0x9F,0xFF,0xFF,
    0xFF,0xFF,0xFF,0xFF,0xFF,0xFF,0xFF,0x00,0xFF,0xFF,0xFF,0xFF,0x9F,0xAF,0xA7,0x8F,
    0xFF,0xFF,0xFF,0xFF,0xFF,0xFF,0xFF,0xFF,0xFF,0xFF,0xFF,0xFF,0x8F,0xA7,0xAF,0xDF,
    0xFF,0xFE,0xFC,0xF9,0xF1,0xEF,0xEF,0xCF,0xCF,0xCF,0xEF,0xEF,0xEF,0xE7,0xE7,0xEF,
    0xE7,0xFB,0xFC,0xFE,0xFF,0xFF,0xFF,0xFF,0xFF,0xFF,0x8F,0xAF,0xB7,0x8F,0xFF,0xFF,
    0xFF,0xFF,0xFF,0xFF,0xFF,0xFF,0xFF,0xFF,0xFF,0xFF,0x8F,0xB7,0x8F,0xDF,0xFF,0x00,
  },
  {
    0xFF,0xFF,0xFF,0xFF,0xFF,0xFF,0xFF,0xFF,0xFF,0xFF,0xFF,0xBF,0x5F,0xDF,0x1F,0xFF,
    0xFF,0xFF,0xFF,0xFF,0xFE,0xFE,0xFE,0xFF,0xFF,0xFF,0xFF,0x1F,0xDF,0x5F,0x3F,0xFF,
    0xFF,0xFF,0xFF,0xFE,0xFE,0xFE,0xFF,0xFF,0xFF,0xFF,0x9F,0xDF,0x5F,0x7F,0x3F,0xFF,
    0xFF,0xFF,0xFE,0xFE,0xFE,0xFF,0xFF,0xFF,0xFF,0x3F,0x5F,0xDF,0x1F,0xFF,0xFF,0xFF,
    0xFF,0xFF,0xFF,0xFF,0xFF,0xFF,0xFF,0x00,0xFF,0xFF,0xFF,0xFF,0x1F,0xCF,0x5F,0x1F,
    0xFF,0xFF,0xFF,0xFF,0x9E,0x5E,0x9E,0xBF,0xBF,0x7F,0x7F,0x5F,0x5F,0x6F,0x7F,0x7F,
    0x3F,0x3F,0x3F,0xBF,0xBE,0xBE,0xDF,0x9F,0x8F,0xBF,0xBF,0xBF,0xBF,0x5F,0xDF,0xEF,
    0xF7,0xFB,0x7D,0x3E,0x8E,0xE3,0xF8,0xFF,0xFF,0xFF,0x1F,0x6F,0x5F,0x1F,0xFF,0xFF,
    0xFF,0xFF,0xFE,0xFE,0xFF,0xFF,0xFF,0xFF,0xFF,0x1F,0x4F,0x5F,0x1F,0xFF,0xFF,0x00,
    0xFF,0xFF,0xFF,0xFF,0xFF,0xFF,0xFF,0xFF,0xFF,0xFF,0xFF,0xBF,0x4F,0x6E,0x19,0x9B,
    0xF3,0xEB,0xEB,0xE3,0xE3,0xEB,0xEB,0xEB,0x1F,0xFF,0x87,0x13,0x33,0xC7,0x7B,0x7F,
    0xFF,0xFF,0x87,0x37,0x27,0x0F,0xDD,0xC8,0xFA,0xFE,0x1E,0x6F,0x6F,0x1F,0xFF,0xFF,
    0xFF,0xFF,0xFF,0xFE,0xFF,0xFF,0xFF,0xFF,0xFF,0x9F,0x6F,0x6F,0x1F,0xFF,0xFF,0xFF,
    0xFF,0xFF,0xFF,0xFF,0xFF,0xFF,0xFF,0x00,0xFF,0xFF,0xFF,0xFF,0x0F,0x6F,0x6F,0x9F,
    0xFF,0xFF,0xFF,0xFF,0xFF,0xFF,0xFF,0xFF,0xFF,0xFF,0xFF,0x9F,0x6F,0x6F,0x4F,0xFF,
    0x8F,0x6E,0xBD,0xDB,0xE9,0xFB,0xE3,0xF3,0xFA,0xFB,0xFB,0x3A,0x3B,0xE9,0xD7,0x3B,
    0xFF,0xFF,0xDF,0xCF,0x27,0x73,0x3B,0xFB,0xFB,0xFB,0xFB,0xFB,0xF3,0xE7,0xCF,0x3F,
    0x7F,0xFF,0xFF,0xFF,0xFF,0xFF,0xFF,0xFF,0xFF,0x0F,0x6F,0x6F,0x9F,0xFF,0xFF,0x00,
    0xFF,0xFF,0xFF,0xFF,0xFF,0xFF,0xFF,0xFF,0xFF,0xFF,0xFF,0xFF,0x2F,0x6F,0xAF,0xDF,
    0xFF,0xFF,0xFF,0xFF,0xFF,0xFF,0xFF,0xFF,0xFE,0x00,0x1F,0x3F,0xC7,0x9F,0xBF,0x9F,
    0x1F,0xE1,0xF8,0xFF,0x7E,0x08,0xF7,0xF4,0xF3,0xCD,0xBC,0x7E,0xFF,0xFF,0xFF,0xFF,
    0xFF,0xFF,0xFF,0xFF,0xFF,0xFF,0xFF,0xFF,0xF0,0x03,0xFF,0x6F,0x0F,0xFF,0xFF,0xFF,
    0xFF,0xFF,0xFF,0xFF,0xFF,0xFF,0xFF,0x00,0xFF,0xFF,0xFF,0xFF,0x8F,0x37,0xA7,0x8F,
    0xFF,0xFF,0xFF,0xFF,0xFF,0xFF,0xFF,0xFF,0xFF,0xFF,0xFF,0x8F,0xA7,0xB7,0x8F,0xFF,
    0xFF,0x11,0xC1,0xFE,0xFF,0xFF,0xFF,0xFF,0xF8,0xF7,0xF7,0xF3,0xFC,0xFF,0xFF,0xC7,
    0xFF,0xFF,0xFF,0xFE,0xFD,0xE3,0x1F,0xFF,0xFF,0xFF,0xFF,0xFF,0xFF,0x7F,0x3F,0xCF,
    0xF1,0xFC,0xFF,0xFF,0xFF,0xFF,0xFF,0xFF,0xFF,0x8F,0xB7,0xB7,0x8F,0xFF,0xFF,0x00,
    0xFF,0xFF,0xFF,0xFF,0xFF,0xFF,0xFF,0xFF,0xFF,0xFF,0xFF,0xCF,0xA7,0xB7,0x87,0xEF,
    0xFF,0xFF,0xFF,0xFF,0xFF,0xFF,0xFF,0xE7,0x00,0x7E,0xFF,0xFF,0xFF,0xFF,0xFF,0xFF,
    0xFD,0xF3,0xFF,0xFF,0xFF,0xFF,0xFF,0xFF,0xFF,0xFF,0xFF,0xFF,0x3F,0x8F,0xF0,0xF7,
    0xF7,0xE3,0xFB,0xF9,0xFA,0xFE,0xFF,0xFF,0xFF,0xDF,0xB7,0xB7,0x8F,0xFF,0xFF,0xFF,
    0xFF,0xFF,0xFF,0xFF,0xFF,0xFF,0xFF,0x00,0xFF,0xFF,0xFF,0xFF,0xC7,0xB7,0x97,0xCF,
    0xFF,0xFF,0xFF,0xFF,0xFF,0xFF,0xFF,0xFF,0xFF,0xFF,0xFF,0xCF,0xB7,0xB7,0xC7,0xFF,
    0xFF,0xFE,0xFC,0xF9,0xF5,0xEF,0xEF,0xCF,0xEF,0xEF,0xEB,0xEB,0xEB,0xEF,0xE7,0xEF,
    0xF7,0xFB,0xFC,0xFE,0xFF,0xFF,0xFF,0xFF,0xFF,0xFF,0xCF,0xB7,0x97,0xCF,0xFF,0xFF,
    0xFF,0xFF,0xFF,0xFF,0xFF,0xFF,0xFF,0xFF,0xFF,0xC7,0xB7,0xB7,0xC7,0xFF,0xFF,0x00,
  },
  {
    0xFF,0xFF,0xFF,0xFF,0xFF,0xFF,0xFF,0xFF,0xFF,0xFF,0xFF,0x0F,0x6F,0x6F,0x9F,0xFF,
    0xFF,0xFF,0xFF,0xFF,0xFF,0xFF,0xFF,0xFF,0xFF,0xFF,0x9F,0x6F,0x6F,0x0F,0xFF,0xFF,
    0xFF,0xFF,0xFF,0xFF,0xFF,0xFF,0xFF,0xFF,0xFF,0x9F,0x6F,0x6F,0x0F,0xFF,0xFF,0xFF,
    0xFF,0xFF,0xFF,0xFF,0xFF,0xFF,0xFF,0xFF,0xFF,0x0F,0x6F,0x2F,0x9F,0xFF,0xFF,0xFF,
    0xFF,0xFF,0xFF,0xFF,0xFF,0xFF,0xFF,0x00,0xFF,0xFF,0xFF,0x8F,0x6F,0x6F,0x8F,0xFF,
    0xFF,0xFF,0xFF,0xFF,0xFF,0xFF,0xFD,0xF9,0xF3,0xEB,0xCB,0x9B,0xDB,0x5B,0x9B,0xB3,
    0xB3,0xB3,0xB7,0x17,0xF7,0xF7,0xF7,0xF3,0xF3,0xFB,0xFF,0xF3,0x73,0xF7,0xF7,0xEF,
    0xEF,0xEF,0xCF,0xDF,0xDF,0xDF,0xDF,0xDF,0xDF,0xDF,0xDF,0xDF,0xDF,0x0F,0x8F,0xEF,
    0xFF,0xFF,0xFF,0xFF,0xFF,0xFF,0xFF,0xFF,0x9F,0x6F,0x6F,0x0F,0xFF,0xFF,0xFF,0x00,
    0xFF,0xFF,0xFF,0xFF,0xFF,0xFF,0xFF,0xFF,0xFF,0xFF,0xFF,0x8F,0xA7,0xA7,0x8F,0xFF,
    0xFF,0xFF,0xFF,0xFF,0xFF,0xFF,0xFF,0xFF,0xFF,0xFF,0x7F,0x5C,0xB3,0x60,0x66,0x71,
    0x7E,0xFF,0x7F,0x7F,0x79,0x64,0x66,0x61,0xB7,0xC7,0x7A,0xFA,0x9A,0xD5,0xF5,0xF5,
    0xF5,0xF9,0xFA,0xFD,0xFE,0xFF,0xFF,0xFF,0xFF,0xA7,0x37,0xA7,0xDF,0xFF,0xFF,0xFF,
    0xFF,0xFF,0xFF,0xFF,0xFF,0xFF,0xFF,0x00,0xFF,0xFF,0xFF,0xCF,0xB7,0xB7,0x8F,0xFF,
    0xFF,0xFF,0xFF,0xFF,0xFF,0xFF,0xFF,0xFF,0xFF,0xFF,0xDF,0xA7,0xB7,0xA7,0xDF,0xFF,
    0xFB,0xC3,0x7D,0xFE,0xDE,0xEF,0xF7,0xFF,0xFF,0xFE,0xFE,0xFF,0xFF,0xFF,0xFF,0xF7,
    0x0F,0x7E,0x3D,0xC3,0xFF,0xFF,0xFF,0xFF,0xFF,0x8F,0xB7,0xB7,0xCF,0xFF,0xFF,0xFF,
    0xFF,0xFF,0xFF,0xFF,0xFF,0xFF,0xFF,0xFF,0xCF,0xA7,0xB7,0x8F,0xFF,0xFF,0xFF,0x00,
    0xFF,0xFF,0xFF,0xFF,0xFF,0xFF,0xFF,0xFF,0xFF,0xFF,0xFF,0xC7,0xB7,0xB7,0xCF,0xFF,
    0xFF,0x3F,0x9F,0xCF,0xEF,0x27,0xD7,0xE7,0xF6,0xF9,0x0E,0xF0,0xFB,0xF3,0xF7,0xE3,
    0xF7,0xF3,0xF9,0xFD,0xFC,0xFA,0xE5,0xDE,0xBF,0x7F,0xFC,0xF9,0xE7,0x0F,0x77,0xF8,
    0x07,0x3F,0xFF,0xFF,0xFF,0xFF,0xFF,0xFF,0xFF,0x87,0xB7,0x97,0xCF,0xFF,0xFF,0xFF,
    0xFF,0xFF,0xFF,0xFF,0xFF,0xFF,0xFF,0x00,0xFF,0xFF,0xFF,0xC7,0x97,0xB7,0xC7,0xFF,
    0xFF,0xFF,0xFF,0xFF,0xFF,0xFF,0x8F,0x01,0xFC,0xFF,0xFF,0xFF,0xFF,0xFF,0xFE,0xFE,
    0x0E,0xF0,0xFF,0xFF,0xFF,0x8F,0xFF,0xFF,0xFF,0xFF,0xFF,0xFF,0xCF,0xF7,0xFF,0xFF,
    0xFF,0xFF,0xFE,0xFF,0xFD,0x81,0x7C,0x3F,0x0F,0xE0,0xBF,0xB7,0xC7,0xFF,0xFF,0xFF,
    0xFF,0xFF,0xFF,0xFF,0xFF,0xFF,0xFF,0xFF,0xCF,0x97,0xB7,0xC7,0xFF,0xFF,0xFF,0x00,
    0xFF,0xFF,0xFF,0xFF,0xFF,0xFF,0xFF,0xFF,0xFF,0xFF,0xFF,0xC7,0xDB,0xDB,0xE7,0xFC,
    0xF9,0xF3,0xE7,0xEF,0xDF,0xDF,0xBF,0x3F,0x40,0x3F,0x7F,0x7F,0x7F,0xFF,0xFF,0xFF,
    0xFF,0xFF,0x1F,0xBF,0x7F,0x7F,0xFF,0xFF,0xFF,0xFF,0xFF,0x1F,0xC7,0xF0,0xFB,0xFC,
    0xFF,0xFF,0xFF,0xFF,0xFF,0xFF,0xFF,0xFF,0xFF,0xD7,0xDB,0xD3,0xE7,0xFF,0xFF,0xFF,
    0xFF,0xFF,0xFF,0xFF,0xFF,0xFF,0xFF,0x00,0xFF,0xFF,0xFF,0xE7,0xDB,0xDB,0xC7,0xFF,
    0xFF,0xFF,0xFF,0xFF,0xFF,0xFF,0xFF,0xFF,0xFF,0xFF,0xFF,0xC3,0xDB,0xC3,0xFE,0xFF,
    0xFF,0xFF,0xFF,0xFF,0xFC,0xE1,0xEF,0xEF,0xEF,0xE8,0xE7,0xDF,0xD1,0xF6,0xE7,0xE7,
    0xF7,0xF3,0xFC,0xFE,0xFF,0xFF,0xFF,0xFF,0xFF,0xE7,0xDB,0xDB,0xE7,0xFF,0xFF,0xFF,
    0xFF,0xFF,0xFF,0xFF,0xFF,0xFF,0xFF,0xFF,0xE7,0xDB,0xDB,0xE3,0xFF,0xFF,0xFF,0x00,
  },
  {
    0xFF,0xFF,0xFF,0xFF,0xFF,0xFF,0xFF,0xFF,0xFF,0xFF,0xDF,0xAF,0xB7,0x8F,0xFF,0xFF,
    0xFF,0xFF,0xFF,0xFF,0xFF,0xFF,0xFF,0xFF,0xFF,0xFF,0x8F,0xF7,0xAF,0xDF,0xFF,0xFF,
    0xFF,0xFF,0xFF,0xFF,0xFF,0xFF,0xFF,0xFF,0xFF,0x8F,0xA7,0xA7,0x8F,0xFF,0xFF,0xFF,
    0xFF,0xFF,0xFF,0xFF,0xFF,0xFF,0xFF,0xFF,0x8F,0xA7,0xB7,0x8F,0xFF,0xFF,0xFF,0xFF,
    0xFF,0xFF,0xFF,0xFF,0xFF,0xFF,0xFF,0x00,0xFF,0xFF,0xFF,0x8F,0xB7,0xB7,0xCF,0xFF,
    0xFF,0xFF,0xFF,0xFF,0xFF,0xFF,0xFF,0xFF,0xFF,0xFF,0x8E,0xB0,0xC5,0xBD,0x3B,0x3B,
    0x77,0x77,0x77,0xEF,0xEF,0x4F,0xDF,0xDF,0xCF,0xCF,0xEF,0xEF,0xE7,0xCF,0xEF,0xDF,
    0xDF,0xDF,0xDF,0x9F,0x9F,0x9F,0x9F,0xBF,0x9F,0x9F,0xDF,0xDF,0xDF,0x5F,0x0F,0xCF,
    0xFF,0xFF,0xFF,0xFF,0xFF,0xFF,0xFF,0xFF,0x87,0xB7,0xB7,0xCF,0xFF,0xFF,0xFF,0x00,
    0xFF,0xFF,0xFF,0xFF,0xFF,0xFF,0xFF,0xFF,0xFF,0xFF,0xCF,0x97,0xB7,0x87,0xEF,0xFF,
    0xFF,0xFF,0xFF,0xFF,0xFF,0xFF,0xFF,0xFF,0xFF,0xFE,0x86,0xBE,0xB6,0xE5,0x4F,0x83,
    0x9B,0xC7,0xFF,0x7F,0x7F,0x7F,0xE5,0x9B,0x9B,0xC3,0x6F,0x9F,0xE5,0xF5,0xF5,0xF5,
    0xF5,0xF5,0xF5,0xFA,0xFC,0xFE,0xFF,0xFF,0xCF,0xB7,0xB7,0x87,0xFF,0xFF,0xFF,0xFF,
    0xFF,0xFF,0xFF,0xFF,0xFF,0xFF,0xFF,0x00,0xFF,0xFF,0xFF,0xC7,0xB7,0x97,0xC7,0xFF,
    0xFF,0xFF,0xFF,0xFF,0xFF,0xFF,0xFF,0x7F,0xBF,0x9F,0xD7,0xD7,0xDB,0xD7,0xDF,0xBF,
    0x3F,0x7F,0xEF,0x07,0x7B,0xFD,0x3E,0x7E,0xFD,0xFD,0xFD,0xFD,0xF9,0xFD,0x1D,0xFC,
    0x7C,0xFE,0x9E,0x79,0x47,0xFF,0xFF,0xFF,0xFF,0xC7,0xB7,0xD7,0xEF,0xFF,0xFF,0xFF,
    0xFF,0xFF,0xFF,0xFF,0xFF,0xFF,0xFF,0xFF,0xC7,0xBF,0x97,0xC7,0xFF,0xFF,0xFF,0x00,
    0xFF,0xFF,0xFF,0xFF,0xFF,0xFF,0xFF,0xFF,0xFF,0xFF,0xEF,0xD7,0xFF,0x03,0xF8,0xFF,
    0xFF,0xFF,0xFF,0xFF,0xFF,0xFF,0xFF,0xFF,0xFF,0xFE,0x78,0xC7,0xF7,0x01,0xFE,0xFE,
    0xF8,0x03,0xEF,0xE7,0xF7,0xFF,0xF7,0xFB,0xF8,0xFB,0xC1,0x7C,0xC0,0x0F,0xFF,0xFF,
    0xFF,0xFF,0xFF,0xFF,0xFF,0xFF,0xFF,0xFF,0xC7,0xDB,0xDB,0xC7,0xFF,0xFF,0xFF,0xFF,
    0xFF,0xFF,0xFF,0xFF,0xFF,0xFF,0xFF,0x00,0xFF,0xFF,0xFF,0xC3,0xDB,0xD3,0xE7,0xFF,
    0xFF,0xFF,0xFF,0xFF,0xFF,0xF0,0x87,0x3F,0xFF,0xFF,0xFF,0xFF,0xFF,0xFF,0xFF,0x1F,
    0xE3,0xF9,0xFE,0xFF,0xFF,0xFE,0xFB,0xC9,0xBB,0xFC,0xFF,0xFF,0xFF,0xFF,0x7F,0xFF,
    0xFF,0xFF,0xFF,0xE0,0x0B,0xF0,0x7B,0xFF,0xFF,0xC3,0xDB,0xC3,0xE7,0xFF,0xFF,0xFF,
    0xFF,0xFF,0xFF,0xFF,0xFF,0xFF,0xFF,0xFF,0xC3,0xDB,0xDB,0xE7,0xFF,0xFF,0xFF,0x00,
    0xFF,0xFF,0xFF,0xFF,0xFF,0xFF,0xFF,0xFF,0xFF,0xFF,0xF7,0xC3,0xDB,0xC3,0xFF,0xFF,
    0xFC,0xFD,0xFB,0xE7,0xE7,0x8F,0xDF,0xD0,0xCF,0x3F,0x7F,0xFF,0xFF,0xFF,0xFF,0xFF,
    0xFF,0xFF,0x7F,0xFF,0xFF,0xFD,0xFE,0xFF,0xFF,0xFF,0xFF,0x7F,0x07,0xF0,0xFC,0xFF,
    0xFF,0xFF,0xFF,0xFF,0xFF,0xFF,0xFF,0xFF,0xE7,0xDB,0xDB,0xE3,0xFF,0xFF,0xFF,0xFF,
    0xFF,0xFF,0xFF,0xFF,0xFF,0xFF,0xFF,0x00,0xFF,0xFF,0xFF,0xE3,0xCB,0xEB,0xE7,0xFF,
    0xFF,0xFF,0xFF,0xFF,0xFF,0xFF,0xFF,0xFF,0xFF,0xFF,0xE3,0xCB,0xDB,0xE3,0xFF,0xFF,
    0xFF,0xFF,0xFE,0xFD,0xFB,0xF7,0xF7,0xE7,0xFF,0xF4,0xF7,0xE8,0xEE,0xEF,0xEF,0xEF,
    0xF7,0xF8,0xFE,0xFE,0xFF,0xFF,0xFF,0xFF,0xFF,0xE3,0xDB,0xC3,0xFF,0xFF,0xFF,0xFF,
    0xFF,0xFF,0xFF,0xFF,0xFF,0xFF,0xFF,0xFF,0xE3,0xDB,0xEB,0xE3,0xFF,0xFF,0xFF,0x00,
  },
  {
    0xFF,0xFF,0xFF,0xFF,0xFF,0xFF,0xFF,0xFF,0xFF,0xFF,0xC7,0xB7,0xB7,0xC7,0xFF,0xFF,
    0xFF,0xFF,0xFF,0xFF,0xFF,0x1F,0x3F,0x7F,0xFF,0xDF,0x97,0xB7,0x87,0xFF,0xFF,0xFF,
    0xFF,0xFF,0xFF,0xFF,0xFF,0xFF,0xFF,0xFF,0xCF,0x97,0xB7,0x87,0xEF,0xFF,0xFF,0xFF,
    0xFF,0xFF,0xFF,0xFF,0xFF,0xFF,0xFF,0xFF,0x87,0xB7,0xB7,0xCF,0xFF,0xFF,0xFF,0xFF,
    0xFF,0xFF,0xFF,0xFF,0xFF,0xFF,0xFF,0x00,0xFF,0xFF,0xCF,0x97,0xB7,0xC7,0xFF,0xFF,
    0xFF,0xFF,0xFF,0xFF,0xFF,0xFF,0xFF,0xFF,0xFF,0xFF,0xC7,0xB7,0x97,0xFE,0xF0,0xE7,
    0x3E,0x3C,0x79,0x7B,0xF7,0xEF,0xDF,0xDF,0xBF,0x9F,0xDF,0xDF,0xCF,0xDF,0xDF,0xDF,
    0xBF,0xBF,0xBF,0xBF,0xBF,0xBF,0xBF,0xBF,0xA7,0xB7,0xB7,0xB7,0xDF,0xDF,0x5F,0x0F,
    0xCF,0xFF,0xFF,0xFF,0xFF,0xFF,0xFF,0xEF,0x97,0xB7,0xC7,0xFF,0xFF,0xFF,0xFF,0x00,
    0xFF,0xFF,0xFF,0xFF,0xFF,0xFF,0xFF,0xFF,0xFF,0xFF,0xC7,0xDB,0xDB,0xC7,0xFF,0xFF,
    0xFF,0xFF,0xFF,0xFF,0xFF,0xFF,0xFF,0xFF,0xFF,0xEF,0xD6,0xFE,0xFC,0xE1,0x7E,0x0F,
    0x37,0x27,0xF3,0xFF,0xFF,0xFF,0x7B,0x83,0x9B,0x83,0xC7,0x7F,0x8D,0xE5,0xF1,0xEB,
    0xFB,0xEB,0xF5,0xF5,0xF9,0xFD,0xFE,0xFF,0xC7,0xDB,0xD3,0xC7,0xFF,0xFF,0xFF,0xFF,
    0xFF,0xFF,0xFF,0xFF,0xFF,0xFF,0xFF,0x00,0xFF,0xFF,0xE7,0xDB,0xDB,0xC3,0xFF,0xFF,
    0xFF,0xFF,0xFF,0xFF,0xFF,0xFF,0x3F,0x8F,0xE7,0xF1,0xFD,0xFC,0xFC,0xFE,0xFC,0xFD,
    0xFD,0xBB,0x03,0x4F,0x7F,0xF3,0x3A,0x9D,0x0D,0x7D,0xF9,0xFD,0xFA,0xFA,0xF7,0xDD,
    0x3D,0xFD,0xFC,0xB2,0x6F,0x5F,0xFF,0xFF,0xE7,0xDB,0xDB,0xC3,0xFF,0xFF,0xFF,0xFF,
    0xFF,0xFF,0xFF,0xFF,0xFF,0xFF,0xFF,0xE7,0xD3,0xDB,0xC3,0xFF,0xFF,0xFF,0xFF,0x00,
    0xFF,0xFF,0xFF,0xFF,0xFF,0xFF,0xFF,0xFF,0xFF,0xFF,0xC3,0xDB,0xFF,0xE3,0x18,0xFF,
    0xFF,0xFF,0xFF,0xFF,0xFF,0xFF,0xFF,0xFF,0xFF,0xFF,0xFF,0x39,0x86,0xF7,0xE4,0x9F,
    0x7F,0xFC,0xF9,0xE3,0xCF,0x9F,0xDF,0xEF,0xE2,0x9F,0x63,0x0F,0xF0,0xFF,0xFF,0xFF,
    0xFF,0xFF,0xFF,0xFF,0xFF,0xFF,0xFF,0xFF,0xE3,0xDB,0xDB,0xE7,0xFF,0xFF,0xFF,0xFF,
    0xFF,0xFF,0xFF,0xFF,0xFF,0xFF,0xFF,0x00,0xFF,0xFF,0xE7,0xCB,0xD9,0xE3,0xFF,0xFF,
    0xFF,0xFF,0xFF,0xFF,0xFF,0xFF,0xF8,0xE3,0xCF,0x9F,0x7F,0xFF,0xFF,0xFF,0xFF,0x0F,
    0xE3,0xFD,0xFE,0xFF,0xFF,0xFF,0xFF,0xF7,0xCF,0xFC,0xFB,0xF7,0xFB,0xFC,0xFF,0xFF,
    0xFF,0xFF,0xFC,0x02,0x79,0xFF,0xFF,0xFF,0xE3,0xDF,0xDD,0xE3,0xFF,0xFF,0xFF,0xFF,
    0xFF,0xFF,0xFF,0xFF,0xFF,0xFF,0xFF,0xF7,0xCB,0xDD,0xEB,0xF7,0xFF,0xFF,0xFF,0x00,
    0xFF,0xFF,0xFF,0xFF,0xFF,0xFF,0xFF,0xFF,0xFF,0xFF,0xE3,0xED,0xED,0xE3,0xFF,0xFF,
    0xFF,0xFE,0xFE,0xFA,0xFC,0xF9,0xFB,0xE0,0x8F,0x3F,0x7F,0xFF,0xFF,0xFF,0xFF,0xFF,
    0xFF,0xFF,0xFF,0xFF,0xFF,0xFF,0xFF,0xFF,0xFF,0xFF,0xFF,0xFF,0x30,0x87,0xFF,0xFF,
    0xFF,0xFF,0xFF,0xFF,0xFF,0xFF,0xFF,0xFF,0xE3,0xED,0xE9,0xF3,0xFF,0xFF,0xFF,0xFF,
    0xFF,0xFF,0xFF,0xFF,0xFF,0xFF,0xFF,0x00,0xFF,0xFF,0xF3,0xED,0xED,0xE1,0xFF,0xFF,
    0xFF,0xFF,0xFF,0xFF,0xFF,0xFF,0xFF,0xFF,0xFF,0xFF,0xE1,0xED,0xE9,0xF3,0xFF,0xFF,
    0xFF,0xFF,0xFE,0xFD,0xF3,0xE7,0xEB,0xEF,0xEB,0xEB,0xEB,0xED,0xEF,0xE7,0xEF,0xEF,
    0xE5,0xF1,0xFD,0xFE,0xFE,0xFF,0xFF,0xFF,0xF3,0xED,0xED,0xE3,0xFF,0xFF,0xFF,0xFF,
    0xFF,0xFF,0xFF,0xFF,0xFF,0xFF,0xFF,0xF3,0xE5,0xED,0xE1,0xFF,0xFF,0xFF,0xFF,0x00,
  },
  {
    0xFF,0xFF,0xFF,0xFF,0xFF,0xFF,0xFF,0xFF,0xFF,0xEF,0xD7,0x9B,0xC7,0xFF,0xFF,0xFF,
    0xFF,0xFF,0xFF,0xFF,0xFF,0x1F,0x3F,0x7F,0xFF,0xC7,0xDF,0xD3,0xC7,0xFF,0xFF,0xFF,
    0xFF,0xFF,0xFF,0xFF,0xFF,0xFF,0xFF,0xFF,0xC7,0xDB,0xD3,0xC7,0xFF,0xFF,0xFF,0xFF,
    0xFF,0xFF,0xFF,0xFF,0xFF,0xFF,0xFF,0xC7,0xD3,0xDB,0xC7,0xFF,0xFF,0xFF,0xFF,0xFF,
    0xFF,0xFF,0xFF,0xFF,0xFF,0xFF,0xFF,0x00,0xFF,0xFF,0xC3,0xDB,0xDB,0xE7,0xFF,0xFF,
    0xFF,0xFF,0xFF,0xFF,0xFF,0xFF,0xFF,0xFF,0xFF,0xE7,0xDB,0xDB,0xC7,0xFF,0xF0,0xE7,
    0x3E,0x3C,0x7D,0x7B,0xF7,0xEF,0xDF,0xDF,0xBF,0x93,0xDB,0xDB,0xCF,0xDF,0xDF,0xDF,
    0xBF,0xBF,0xBF,0xBF,0xBF,0xBF,0xBF,0xBF,0xA3,0xBB,0xB3,0xB7,0xDF,0xDF,0xDF,0x0F,
    0xCF,0xFF,0xFF,0xFF,0xFF,0xFF,0xFF,0xC3,0xDB,0xDB,0xE7,0xFF,0xFF,0xFF,0xFF,0x00,
    0xFF,0xFF,0xFF,0xFF,0xFF,0xFF,0xFF,0xFF,0xFF,0xE7,0xCB,0xDB,0xC3,0xFF,0xFF,0xFF,
    0xFF,0xFF,0xFF,0xFF,0xFF,0xFF,0xFF,0xFF,0xFF,0xE3,0xDA,0xDE,0xFA,0xE1,0x5E,0x0F,
    0x37,0x27,0xF3,0xFF,0xFF,0xFF,0x7B,0xC7,0x9B,0x93,0xC7,0x7F,0x8D,0xE5,0xF9,0xFB,
    0xFB,0xEB,0xF1,0xF5,0xF9,0xF9,0xFC,0xE7,0xDB,0xDB,0xE3,0xFF,0xFF,0xFF,0xFF,0xFF,
    0xFF,0xFF,0xFF,0xFF,0xFF,0xFF,0xFF,0x00,0xFF,0xFF,0xE3,0xD9,0xEB,0xE3,0xFF,0xFF,
    0xFF,0xFF,0xFF,0xFF,0xFF,0xFF,0x3F,0x8F,0xE7,0xF1,0xFD,0xFC,0xFE,0xFE,0xFC,0xFD,
    0xFD,0xBB,0x13,0x4F,0x7F,0xF7,0x72,0x9D,0x0D,0x7D,0xF9,0xF9,0xFA,0xFA,0xF3,0xDD,
    0x3D,0xFD,0xFC,0xB2,0x77,0x0F,0xFF,0xFF,0xE3,0xCB,0xEB,0xF7,0xFF,0xFF,0xFF,0xFF,
    0xFF,0xFF,0xFF,0xFF,0xFF,0xFF,0xFF,0xE3,0xCB,0xEB,0xE3,0xFF,0xFF,0xFF,0xFF,0x00,
    0xFF,0xFF,0xFF,0xFF,0xFF,0xFF,0xFF,0xFF,0xFF,0xF3,0xE1,0xED,0xFF,0xF7,0x00,0xFF,
    0xFF,0xFF,0xFF,0xFF,0xFF,0xFF,0xFF,0xFF,0xFF,0xFF,0xFF,0x7D,0x86,0xF7,0xE4,0x9F,
    0x7F,0xFC,0xF9,0xE3,0xCF,0x9F,0xDF,0xEF,0xE2,0x9F,0x63,0x07,0xF0,0xFF,0xFF,0xFF,
    0xFF,0xFF,0xFF,0xFF,0xFF,0xFF,0xFF,0xF3,0xED,0xED,0xE3,0xFF,0xFF,0xFF,0xFF,0xFF,
    0xFF,0xFF,0xFF,0xFF,0xFF,0xFF,0xFF,0x00,0xFF,0xFF,0xE1,0xED,0xED,0xF3,0xFF,0xFF,
    0xFF,0xFF,0xFF,0xFF,0xFF,0xFF,0xF8,0xE3,0xCF,0x9F,0x7F,0xFF,0xFF,0xFF,0xFF,0x1F,
    0xE3,0xF9,0xFE,0xFF,0xFF,0xFF,0xFF,0xF7,0xCF,0xFC,0xFB,0xF7,0xFB,0xFC,0xFF,0xFF,
    0xFF,0xFF,0xFC,0x02,0x79,0xFF,0xFF,0xFF,0xE1,0xED,0xE1,0xF3,0xFF,0xFF,0xFF,0xFF,
    0xFF,0xFF,0xFF,0xFF,0xFF,0xFF,0xFF,0xF1,0xED,0xED,0xF3,0xFF,0xFF,0xFF,0xFF,0x00,
    0xFF,0xFF,0xFF,0xFF,0xFF,0xFF,0xFF,0xFF,0xFF,0xFB,0xE1,0xED,0xF1,0xFB,0xFF,0xFF,
    0xFF,0xFE,0xFE,0xFA,0xF8,0xF8,0xFB,0xE0,0x8F,0x3F,0x7F,0xFF,0xFF,0xFF,0xFF,0xFF,
    0xFF,0xFF,0xFF,0xFF,0xFF,0xFF,0xFF,0xFF,0xFF,0xFF,0xFF,0xFF,0x30,0x83,0xFF,0xFF,
    0xFF,0xFF,0xFF,0xFF,0xFF,0xFF,0xFF,0xF1,0xE5,0xED,0xF1,0xFF,0xFF,0xFF,0xFF,0xFF,
    0xFF,0xFF,0xFF,0xFF,0xFF,0xFF,0xFF,0x00,0xFF,0xFF,0xF1,0xFE,0xF4,0xF9,0xFF,0xFF,
    0xFF,0xFF,0xFF,0xFF,0xFF,0xFF,0xFF,0xFF,0xFF,0xF1,0xF6,0xF4,0xF1,0xFF,0xFF,0xFF,
    0xFF,0xFF,0xFE,0xFC,0xFB,0xE7,0xEB,0xEB,0xEB,0xEB,0xEB,0xED,0xEF,0xE7,0xEF,0xEF,
    0xE5,0xF1,0xFD,0xFE,0xFE,0xFF,0xFF,0xFF,0xF1,0xFC,0xF5,0xFB,0xFF,0xFF,0xFF,0xFF,
    0xFF,0xFF,0xFF,0xFF,0xFF,0xFF,0xFF,0xF1,0xF6,0xF4,0xF1,0xFF,0xFF,0xFF,0xFF,0x00,
  },
  {
    0xFF,0xFF,0xFF,0xFF,0xFF,0xFF,0xFF,0xFF,0xFF,0xE7,0xDB,0xDB,0xE3,0xFF,0xFF,0xFF,
    0xFF,0xFF,0xFF,0xFF,0xFF,0x87,0x0F,0xDF,0xB7,0x7B,0xDB,0xC3,0xFF,0xFF,0xFF,0xFF,
    0xFF,0xFF,0xFF,0xFF,0xFF,0xFF,0xFF,0xFF,0xC3,0xDB,0xC3,0xFF,0xFF,0xFF,0xFF,0xFF,
    0xFF,0xFF,0xFF,0xFF,0xFF,0xFF,0xFF,0xC7,0xDB,0xDB,0xE7,0xFF,0xFF,0xFF,0xFF,0xFF,
    0xFF,0xFF,0xFF,0xFF,0xFF,0xFF,0xFF,0x00,0xFF,0xE7,0xCB,0xDB,0xC3,0xFF,0xFF,0xFF,
    0xFF,0xFF,0xFF,0xFF,0xFF,0xFF,0xFF,0xFF,0xFF,0xE3,0xDB,0xCB,0xE7,0xFF,0xFC,0xF1,
    0xEF,0xDF,0x9E,0x9D,0xB9,0xF3,0xF7,0xEF,0xEF,0xEF,0xEF,0xE7,0xE7,0xEF,0xEF,0xCF,
    0xDF,0xDF,0xDF,0xDF,0x9F,0x9F,0xBF,0xB3,0xBB,0xBB,0x93,0xDF,0xDF,0x5F,0x1F,0xCF,
    0xFF,0xFF,0xFF,0xFF,0xFF,0xFF,0xE7,0xCB,0xDB,0xE3,0xFF,0xFF,0xFF,0xFF,0xFF,0x00,
    0xFF,0xFF,0xFF,0xFF,0xFF,0xFF,0xFF,0xFF,0xFF,0xE3,0xC9,0xEF,0xE3,0xFF,0xFF,0xFF,
    0xFF,0xFF,0xFF,0xFF,0xFF,0xFF,0xFF,0xFF,0xF3,0xEB,0xDB,0xFF,0xFF,0x7F,0xC3,0x9B,
    0xCB,0xFD,0xFF,0x3F,0xBF,0xFC,0xE3,0xCD,0xC9,0x63,0xBF,0xC6,0xFC,0xFD,0xF5,0xF5,
    0xF5,0xF5,0xFD,0xF9,0xFD,0xFE,0xFF,0xE3,0xDD,0xEB,0xE3,0xFF,0xFF,0xFF,0xFF,0xFF,
    0xFF,0xFF,0xFF,0xFF,0xFF,0xFF,0xFF,0x00,0xFF,0xF7,0xE1,0xED,0xE1,0xFF,0xFF,0xFF,
    0xFF,0xFF,0xFF,0xFF,0xFF,0xFF,0xFF,0xFF,0xFF,0xE1,0xED,0xED,0xF3,0xFF,0xFF,0xFF,
    0xFF,0xFF,0x1F,0xEF,0x3B,0x8D,0xE6,0xEE,0xF4,0xF6,0x36,0x85,0xE5,0xFE,0xFE,0xEE,
    0x9E,0xFE,0xFF,0xFC,0x28,0xD3,0xFF,0xE3,0xED,0xED,0xE3,0xFF,0xFF,0xFF,0xFF,0xFF,
    0xFF,0xFF,0xFF,0xFF,0xFF,0xFF,0xF3,0xE1,0xED,0xE1,0xFF,0xFF,0xFF,0xFF,0xFF,0x00,
    0xFF,0xFF,0xFF,0xFF,0xFF,0xFF,0xFF,0xFF,0xFF,0xF3,0xED,0xED,0xF1,0xFF,0xFF,0xFF,
    0x0F,0x7F,0x7F,0xDF,0x3F,0x9F,0xDF,0xDF,0xCF,0xEF,0x77,0x87,0xF8,0xFF,0xFB,0xFB,
    0xF1,0xEC,0xEF,0xEF,0xCF,0xDF,0xCF,0xE7,0xF1,0xF8,0xFB,0x81,0xFA,0xF9,0xF3,0x8F,
    0x3F,0xFF,0xFF,0xFF,0xFF,0xFF,0xFF,0xE1,0xED,0xED,0xF3,0xFF,0xFF,0xFF,0xFF,0xFF,
    0xFF,0xFF,0xFF,0xFF,0xFF,0xFF,0xFF,0x00,0xFF,0xFB,0xF5,0xFF,0xF5,0xFB,0xFF,0xFF,
    0xFF,0xFF,0xFF,0xFF,0xFF,0xFF,0xFF,0xFF,0xFC,0xE9,0xC7,0xBF,0xBF,0x7F,0x7F,0xFF,
    0x0F,0xF3,0xFC,0xFF,0xFF,0xFF,0xFF,0xFF,0xFF,0xFF,0xFF,0xFF,0xFF,0xFF,0xFF,0xFF,
    0xFB,0xF7,0xF7,0xF0,0xEB,0x1F,0x7F,0x8F,0xE0,0xFF,0xF1,0xFF,0xFF,0xFF,0xFF,0xFF,
    0xFF,0xFF,0xFF,0xFF,0xFF,0xFF,0xFB,0xF5,0xED,0xF1,0xFF,0xFF,0xFF,0xFF,0xFF,0x00,
    0xFF,0xFF,0xFF,0xFF,0xFF,0xFF,0xFF,0xFF,0xFF,0xF1,0xF4,0xF6,0xF1,0xFF,0xFF,0xFF,
    0xFF,0xFF,0xFF,0xFF,0xFF,0xFF,0xFE,0xFE,0xC0,0x1F,0x7F,0xFF,0xFF,0xFF,0xFF,0xFF,
    0xFF,0xFF,0xFF,0xFF,0xFF,0xFF,0xFF,0xFF,0xFF,0xFF,0xFF,0x3F,0x8F,0xE0,0xFF,0xFF,
    0xFF,0xFF,0xFF,0xFF,0xFF,0xFF,0xFF,0xF1,0xF6,0xF5,0xF1,0xFF,0xFF,0xFF,0xFF,0xFF,
    0xFF,0xFF,0xFF,0xFF,0xFF,0xFF,0xFF,0x00,0xFF,0xF9,0xF4,0xF6,0xF0,0xFF,0xFF,0xFF,
    0xFF,0xFF,0xFF,0xFF,0xFF,0xFF,0xFF,0xFF,0xFF,0xF1,0xF6,0xF4,0xF9,0xFF,0xFF,0xFF,
    0xFF,0xFF,0xFF,0xFE,0xFC,0xF3,0xEF,0xED,0xED,0xED,0xF3,0xEE,0xEE,0xEE,0xEE,0xEE,
    0xF6,0xF6,0xF9,0xFE,0xFF,0xFF,0xFF,0xF9,0xF6,0xF6,0xF1,0xFF,0xFF,0xFF,0xFF,0xFF,
    0xFF,0xFF,0xFF,0xFF,0xFF,0xFF,0xF9,0xF6,0xF6,0xF0,0xFF,0xFF,0xFF,0xFF,0xFF,0x00,
  },
  {
    0xFF,0xFF,0xFF,0xFF,0xFF,0xFF,0xFF,0xFF,0xF7,0xEB,0xDB,0xEB,0xEF,0xFF,0xFF,0xFF,
    0xFF,0xFF,0xFF,0xFF,0xFF,0x81,0x1B,0xF3,0xE7,0xCD,0x9B,0x77,0xFF,0xFF,0xFF,0xFF,
    0xFF,0xFF,0xFF,0xFF,0xFF,0xFF,0xFF,0xE3,0xDB,0xCB,0xE3,0xFF,0xFF,0xFF,0xFF,0xFF,
    0xFF,0xFF,0xFF,0xFF,0xFF,0xFF,0xE3,0xCB,0xD9,0xE3,0xFF,0xFF,0xFF,0xFF,0xFF,0xFF,
    0xFF,0xFF,0xFF,0xFF,0xFF,0xFF,0xFF,0x00,0xFF,0xE3,0xED,0xED,0xE3,0xFF,0xFF,0xFF,
    0xFF,0xFF,0xFF,0xFF,0xFF,0xFF,0xFF,0xFF,0xE3,0xE9,0xED,0xE3,0xFF,0xFF,0xFE,0xF9,
    0xF3,0xF7,0xD7,0x1F,0xEC,0xF9,0x7B,0xFB,0x7B,0xFB,0xFB,0xF9,0x73,0xFB,0x77,0xF7,
    0xE7,0xEF,0x6F,0x6F,0xEF,0xDF,0xDF,0xD9,0xDD,0xD9,0xDB,0xCF,0x6F,0xAF,0xCF,0xEF,
    0xFF,0xFF,0xFF,0xFF,0xFF,0xFF,0xE3,0xED,0xE9,0xF3,0xFF,0xFF,0xFF,0xFF,0xFF,0x00,
    0xFF,0xFF,0xFF,0xFF,0xFF,0xFF,0xFF,0xFF,0xF3,0xE1,0xED,0xE5,0xFB,0xFF,0xFF,0xFF,
    0xFF,0xFF,0xFF,0xFF,0xFF,0x2F,0x47,0x8F,0xD9,0x9D,0x7F,0x6E,0xDF,0xB0,0xA6,0x32,
    0x7F,0x7F,0x7F,0x7F,0x7F,0x60,0x66,0xB0,0x11,0x4F,0xE3,0xBA,0x7A,0x7A,0xF8,0xF8,
    0xFA,0xFA,0xFE,0xFD,0xFE,0xFF,0xF3,0xED,0xED,0xE3,0xFF,0xFF,0xFF,0xFF,0xFF,0xFF,
    0xFF,0xFF,0xFF,0xFF,0xFF,0xFF,0xFF,0x00,0xFF,0xF1,0xED,0xED,0xF3,0xFF,0xFF,0xFF,
    0xFF,0xFF,0xFF,0xFF,0xFF,0xFF,0xFF,0xFF,0xF3,0xED,0xED,0xF1,0xFF,0xFF,0xE0,0xCF,
    0xDF,0xDF,0x47,0xE0,0x9D,0xEF,0xF7,0xFF,0xFD,0xFE,0xFF,0xFF,0xFF,0xFF,0xFF,0xFF,
    0x0E,0x9F,0xFE,0x3E,0x4D,0x19,0xA1,0xFD,0xF9,0xF9,0xF3,0xF7,0xCF,0x1F,0x7F,0xFF,
    0xFF,0xFF,0xFF,0xFF,0xFF,0xFF,0xF1,0xED,0xED,0xF1,0xFF,0xFF,0xFF,0xFF,0xFF,0x00,
    0xFF,0xFF,0xFF,0xFF,0xFF,0xFF,0xFF,0xFF,0xFF,0xF5,0xF6,0xF5,0xFB,0xFF,0xFF,0xFF,
    0xFF,0xFF,0xFF,0xFF,0xFF,0xFF,0xFF,0xFF,0xF1,0xFF,0x38,0x80,0xF9,0xF3,0xE7,0xEB,
    0xE7,0xF3,0xF3,0xCD,0x3D,0x7C,0xFC,0xFD,0xFE,0x80,0x71,0x9E,0x7F,0xFE,0xFF,0xFF,
    0xFF,0xFF,0xFF,0xFF,0x7F,0x46,0xF0,0xFF,0xE4,0xF1,0xFF,0xFF,0xFF,0xFF,0xFF,0xFF,
    0xFF,0xFF,0xFF,0xFF,0xFF,0xFF,0xFF,0x00,0xFF,0xF4,0xF6,0xF6,0xF1,0xFF,0xFF,0xFF,
    0xFF,0xFF,0xFF,0xFF,0xFF,0xFF,0xFF,0xFF,0xF9,0xF6,0xF6,0xF1,0xFF,0xFF,0xFF,0xFF,
    0x7F,0x07,0xF0,0xFF,0xFF,0xFF,0xFF,0xFF,0xFF,0xFF,0xFF,0xFF,0xDF,0xE6,0xFE,0xFD,
    0xFB,0xFC,0xFF,0xFF,0xFE,0x61,0x1F,0xDF,0xC7,0xF3,0xF9,0xFC,0xFE,0xFF,0xFF,0xFF,
    0xFF,0xFF,0xFF,0xFF,0xFF,0xFF,0xF1,0xF6,0xF6,0xF9,0xFF,0xFF,0xFF,0xFF,0xFF,0x00,
    0xFF,0xFF,0xFF,0xFF,0xFF,0xFF,0xFF,0xFF,0xFD,0xF0,0xF6,0xF2,0xF9,0xFF,0xFF,0xFF,
    0xFF,0xFF,0x7F,0xFF,0xFF,0xFF,0xFF,0xFF,0xE0,0x9F,0xBF,0x3F,0x7F,0xFF,0xFF,0xFF,
    0xFF,0xEF,0x1F,0xBF,0x7F,0x7F,0xFF,0xFF,0xFF,0xFF,0xFF,0x1F,0xCF,0xF0,0xFF,0xFF,
    0x7F,0xFF,0xFF,0xFF,0xFF,0xFF,0xF8,0xF6,0xF6,0xF0,0xFF,0xFF,0xFF,0xFF,0xFF,0x7F,
    0x7F,0xFF,0xFF,0xFF,0xFF,0xFF,0xFF,0x00,0xFF,0xF8,0xF7,0xF6,0xF8,0xFF,0xFF,0xFF,
    0xFF,0x7F,0x7F,0x7F,0xFF,0xFF,0xFF,0xFF,0xF8,0xF6,0xF6,0xF8,0xFF,0xFF,0xFF,0xFF,
    0x7F,0x7F,0x7F,0xFF,0xFF,0xE0,0xEF,0xEF,0xEF,0xE0,0xFD,0xFF,0xE1,0xEE,0xEF,0x6F,
    0x67,0x73,0x79,0xFE,0xFF,0xFF,0xFF,0xFA,0xF6,0xFA,0xFD,0xFF,0xFF,0xFF,0xFF,0x7F,
    0x7F,0x7F,0xFF,0xFF,0xFF,0xFF,0xF8,0xFF,0xF2,0xF8,0xFF,0xFF,0xFF,0xFF,0xFF,0x00,
  },
  {
    0xFF,0xFF,0xFF,0xFF,0xFF,0xFF,0xFF,0xFF,0xE1,0xED,0xE9,0xF3,0xFF,0xFF,0xFF,0xFF,
    0xFF,0xFF,0xFF,0xFF,0xFF,0xFF,0xFF,0x00,0xFD,0xF9,0xC7,0x9F,0x7F,0xFF,0xFF,0xFF,
    0xFF,0xFF,0xFF,0xFF,0xFF,0xFF,0xF3,0xED,0xED,0xF1,0xFF,0xFF,0xFF,0xFF,0xFF,0xFF,
    0xFF,0xFF,0xFF,0xFF,0xFF,0xF3,0xE1,0xED,0xE1,0xFF,0xFF,0xFF,0xFF,0xFF,0xFF,0xFF,
    0xFF,0xFF,0xFF,0xFF,0xFF,0xE1,0xFF,0x00,0xFF,0xED,0xED,0xF1,0xFF,0xFF,0xFF,0xFF,
    0xFF,0xFF,0xFF,0xFF,0xFF,0xFF,0xFF,0xF3,0xE5,0xED,0xF1,0xFF,0xFF,0xFF,0xFF,0xFC,
    0xF1,0xE3,0xD7,0x5F,0xEE,0xEC,0xFB,0xF7,0xF3,0xF7,0xF7,0xFF,0xE7,0xEF,0xDF,0xDF,
    0xBF,0xBF,0xBF,0x7F,0x7F,0x7F,0xF1,0xED,0xE5,0xF3,0xFF,0xFF,0xFF,0xFF,0x7F,0xFF,
    0xFF,0xFF,0xFF,0xFF,0xFF,0xF1,0xED,0xED,0xF1,0xFF,0xFF,0xFF,0xFF,0xFF,0xFF,0x00,
    0xFF,0xFF,0xFF,0xFF,0xFF,0xFF,0xFF,0xFF,0xF1,0xF6,0xF4,0xF9,0xFF,0xFF,0xFF,0xFF,
    0xFF,0xFF,0xFF,0xFF,0xFF,0xFF,0xFF,0xF1,0xF6,0xFF,0xFF,0xF8,0x21,0x66,0x79,0x5F,
    0x9F,0xFF,0xFF,0xC2,0x9D,0xC9,0x43,0x7F,0x9F,0xCF,0xEB,0xDB,0xD3,0xD6,0xD6,0xD6,
    0xD6,0xE6,0xEE,0xF6,0xFA,0xF8,0xF4,0xF7,0xF1,0xFF,0xFF,0xFF,0xFF,0xFF,0xFF,0xFF,
    0xFF,0xFF,0xFF,0xFF,0xFB,0xF5,0xFF,0x00,0xFF,0xF6,0xF6,0xF1,0xFF,0xFF,0xFF,0xFF,
    0xFF,0xFF,0xFF,0xFF,0xFF,0xFF,0xFF,0xF9,0xF6,0xF6,0xF0,0x7F,0x7F,0x7F,0x7F,0x1F,
    0xDF,0xD7,0x99,0xBD,0xBE,0x9F,0xD9,0xED,0xEC,0x8E,0x3E,0xFE,0xFE,0xFE,0xFE,0xFD,
    0xFB,0xEB,0x97,0x7F,0x7F,0xFF,0xFD,0x39,0x83,0xFB,0xF7,0xF7,0xF7,0xEF,0x9F,0x3F,
    0x7F,0xFF,0xFF,0xFF,0xFF,0xF1,0xF6,0xF6,0xF1,0xFF,0xFF,0xFF,0xFF,0xFF,0xFF,0x00,
    0xFF,0xFF,0x7F,0xFF,0xFF,0xFF,0xFF,0xFF,0xF0,0xF6,0xF6,0xF9,0xFF,0xFF,0xFF,0xFF,
    0xFF,0x7F,0xFF,0xFE,0xFC,0xF9,0xF3,0xF6,0xF5,0xF3,0xFB,0x03,0x97,0xF7,0xF7,0xE3,
    0xE9,0xE4,0xF6,0xF1,0xFB,0xFB,0xF3,0xF3,0xFB,0xFB,0xF6,0xEA,0x9B,0x79,0xFD,0xFE,
    0xFD,0xFF,0xFF,0xFF,0xFF,0xFF,0xFF,0xFF,0xFC,0x01,0x0F,0xFF,0xFF,0xFF,0x7F,0xFF,
    0xFF,0xFF,0xFF,0xFF,0xFD,0xF0,0xFF,0x00,0xFF,0xFA,0xF7,0xF8,0xFF,0xFF,0xFF,0xFF,
    0xFF,0x7F,0x7F,0xFF,0xFF,0xFF,0xFF,0xFC,0xFA,0xF2,0xF8,0xFF,0xFF,0xFF,0xFF,0xFF,
    0x3F,0x83,0xF8,0xFE,0xFF,0xFB,0xE7,0xFF,0xFF,0xFF,0xFF,0x9F,0xCF,0xFF,0xFF,0xFF,
    0xFF,0xFF,0xFF,0xFF,0xFF,0xFC,0x03,0xFF,0xFF,0xFF,0x7F,0x7F,0x7F,0xBF,0xCF,0x67,
    0x73,0xFC,0xFF,0xFF,0xFF,0xF8,0xFA,0xFA,0xF8,0xFF,0xFF,0xFF,0xFF,0x7F,0xFF,0x00,
    0xFF,0x7F,0x7F,0x7F,0xFF,0xFF,0xFF,0xFF,0xF8,0xFB,0xFB,0xFC,0xFF,0xFF,0xFF,0xFF,
    0x7F,0x7F,0x7F,0xFF,0xFF,0xFF,0x7F,0x3F,0x9C,0xD9,0xC7,0xFF,0x7F,0x7F,0x7F,0x1F,
    0xCF,0x7F,0xE1,0x9F,0xBF,0x7F,0xFF,0xFF,0xFF,0xFF,0xFF,0x7F,0x07,0xF1,0x7C,0x7D,
    0x7C,0xFE,0xFF,0xFF,0xFF,0xFD,0xFB,0xFB,0xF8,0xFF,0xFF,0xFF,0xFF,0x7F,0x7F,0x7F,
    0x7F,0xFF,0xFF,0xFF,0xFF,0xF8,0xFF,0x00,0xFF,0xFB,0xFB,0xF8,0xFF,0xFF,0xFF,0xFF,
    0x7F,0x7F,0x7F,0x7F,0xFF,0xFF,0xFF,0xFC,0xFB,0xFB,0xF8,0xFF,0xFF,0xFF,0xFE,0x7C,
    0x7D,0x7C,0x7C,0xFE,0xFE,0xFF,0xFF,0xF9,0xFB,0xF8,0xFC,0xFF,0xE3,0xEC,0x6F,0x6F,
    0x67,0x77,0xF9,0xFC,0xFF,0xFF,0xFC,0xFB,0xFB,0xFC,0xFF,0xFF,0xFF,0x7F,0x7F,0x7F,
    0x7F,0xFF,0xFF,0xFF,0xFF,0xFC,0xFB,0xFB,0xFC,0xFF,0xFF,0xFF,0xFF,0xFF,0xFF,0x00,
  },
  {
    0xFF,0xFF,0xFF,0xFF,0xFF,0xFF,0xFF,0xF1,0xF5,0xED,0xF1,0xFF,0xFF,0xFF,0xFF,0xFF,
    0xFF,0xFF,0xFF,0xFF,0xFF,0xFF,0xF3,0xFD,0x03,0xF9,0xF9,0xE3,0x8F,0x7F,0xFF,0xFF,
    0xFF,0xFF,0xFF,0xFF,0xFF,0xFF,0xF1,0xED,0xF5,0xFB,0xFF,0xFF,0xFF,0xFF,0xFF,0xFF,
    0xFF,0xFF,0xFF,0xFF,0xFF,0xF1,0xFD,0xF5,0xF1,0xFF,0xFF,0xFF,0xFF,0xFF,0xFF,0xFF,
    0xFF,0xFF,0xFF,0xFF,0xF1,0xE5,0xFF,0x00,0xFF,0xF6,0xF4,0xF9,0xFF,0xFF,0xFF,0xFF,
    0xFF,0xFF,0xFF,0xFF,0xFF,0xFF,0xFF,0xF0,0xF6,0xF6,0xF9,0xFF,0xFF,0xFF,0xFF,0xFF,
    0xF8,0xD1,0x57,0xDF,0xDF,0xF8,0xE1,0xEE,0xEE,0xE9,0xDF,0x8F,0x9F,0x3F,0x7F,0xFF,
    0xFF,0xFF,0xFF,0xFF,0xFF,0xF9,0xF6,0xF6,0xF1,0xFF,0xFF,0xFF,0xFF,0xFF,0xFF,0xFF,
    0xFF,0xFF,0xFF,0xFF,0xF9,0xF6,0xF6,0xF0,0xFF,0xFF,0xFF,0xFF,0xFF,0xFF,0xFF,0x00,
    0xFF,0x7F,0xFF,0xFF,0xFF,0xFF,0xFF,0xF8,0xF6,0xF6,0xF0,0xFF,0xFF,0xFF,0xFF,0xFF,
    0x7F,0xFF,0xFF,0xFF,0x7F,0x3F,0x99,0x1A,0xEF,0x9E,0x61,0xE5,0xE5,0xFB,0xFF,0xFF,
    0xFF,0x8F,0x37,0x37,0x87,0xFF,0x7E,0x3E,0xBE,0xAD,0x5D,0xD9,0x9B,0xBB,0xBB,0xB3,
    0x33,0xFB,0xBB,0xCB,0xEB,0xF6,0xFE,0xF6,0xF9,0xFF,0xFF,0xFF,0xFF,0xFF,0x7F,0xFF,
    0xFF,0xFF,0xFF,0xFF,0xF8,0xF6,0xFF,0x00,0xFF,0xFE,0xF0,0xFF,0xFF,0xFF,0xFF,0xFF,
    0x7F,0x7F,0xFF,0xFF,0xFF,0xFF,0xFF,0xF8,0xF6,0xF2,0xF8,0xFF,0xC0,0x9F,0x3F,0x7E,
    0x79,0x7B,0x3F,0x82,0xCC,0xFD,0xFD,0xFD,0xFD,0xFD,0xFD,0xFD,0xFD,0xF0,0xE6,0xDF,
    0xBF,0x7F,0x7F,0x7E,0xFF,0xFB,0xF3,0xF7,0xF9,0xFF,0xFF,0xBF,0x3F,0x7F,0x3F,0x3F,
    0x7F,0x7F,0xFF,0xFF,0xF8,0xFA,0xF7,0xF8,0xFF,0xFF,0xFF,0xFF,0xFF,0x7F,0xFF,0x00,
    0xFF,0x7F,0x7F,0xFF,0xFF,0xFF,0xFF,0xFC,0xFA,0xFB,0xF8,0xFF,0xFF,0xFF,0xFF,0x7F,
    0x7F,0x7F,0xFF,0xFF,0xFF,0xFF,0x7D,0xB1,0x9F,0x43,0xDB,0x3B,0x6F,0x8F,0xE9,0xE3,
    0xFB,0xF3,0xE7,0xDF,0xE1,0xFB,0xFB,0xFB,0xFB,0xFB,0xE2,0xCF,0xDF,0x2F,0xEF,0xE7,
    0xE7,0xEF,0xEF,0xEF,0xE0,0xFF,0xFF,0xFF,0xFF,0xFE,0xF9,0xE3,0x0F,0xFF,0x7F,0x7F,
    0xFF,0xFF,0xFF,0xFF,0xF8,0xFB,0xFF,0x00,0xFF,0xFB,0xF8,0xFE,0xFF,0xFF,0xFF,0x7F,
    0x7F,0xFF,0x7F,0xFF,0xFF,0xFF,0xFF,0xF8,0xFB,0xFB,0xFC,0xFF,0xFF,0xFF,0xFE,0xFC,
    0x85,0x7D,0xFE,0xFF,0xFF,0xFF,0xF9,0xF7,0xFF,0xFF,0xFF,0xFF,0xFF,0xFF,0xFF,0xFF,
    0xFF,0xFF,0xFF,0xFF,0xFF,0xFE,0x01,0xFF,0xFF,0xFF,0xFF,0xFF,0xFF,0xFF,0xFF,0xFF,
    0x7F,0x1F,0xC7,0xF1,0xFC,0xFF,0xFB,0xF8,0xFF,0xFF,0xFF,0xFF,0x7F,0x7F,0xFF,0x00,
    0xFF,0xBF,0x3F,0xFF,0xFF,0xFF,0xFF,0xFC,0xFB,0xFB,0xFC,0xFF,0xFF,0xFF,0xFF,0x7F,
    0xBF,0x3F,0x7F,0xE3,0xEB,0xED,0xED,0xCD,0xCD,0xCE,0xCD,0xDF,0xCF,0xE3,0x79,0xB9,
    0xBD,0x7D,0xF8,0xC7,0x9F,0x3F,0x7F,0x7F,0x7F,0x7F,0xBF,0xFF,0x7F,0x83,0xFC,0xBF,
    0x7B,0xF3,0xFB,0xF3,0xFB,0xFB,0xFB,0xFD,0xFC,0xFF,0xFF,0xFF,0x7F,0x7F,0xBF,0x7F,
    0xFF,0xFF,0xFF,0xFF,0xFC,0xF9,0xFF,0x00,0xFF,0xFD,0xFD,0xFE,0xFF,0xFF,0xFF,0x7F,
    0xBF,0xBF,0x3F,0xFF,0xFF,0xFF,0xFF,0xFC,0xFD,0xFD,0xFC,0xFF,0xFF,0xFF,0x7F,0x3F,
    0xBF,0x3F,0xFF,0xFF,0xFF,0xFF,0xFC,0xFD,0xFD,0xFC,0xFF,0xFF,0xE7,0x68,0x6F,0xAF,
    0x2F,0x67,0xF1,0xFC,0xFF,0xFF,0xFD,0xFD,0xFC,0xFF,0xFF,0xFF,0xFF,0x3F,0xBF,0x3F,
    0x7F,0xFF,0xFF,0xFF,0xFE,0xFD,0xFD,0xFC,0xFF,0xFF,0xFF,0xFF,0xFF,0xFF,0xFF,0x00,
  },
  {
    0xFF,0xFF,0xFF,0xFF,0xFF,0xFF,0xFF,0xF1,0xF7,0xF5,0xF1,0xFF,0xFF,0xFF,0xFF,0xFF,
    0xFF,0xFF,0xFF,0xFF,0xFF,0xFF,0xF9,0xF5,0xBF,0x83,0xFD,0xF9,0xE3,0x1F,0xFF,0xFF,
    0xFF,0xFF,0xFF,0xFF,0xFF,0xF9,0xF5,0xF5,0xF1,0xFF,0xFF,0xFF,0xFF,0xFF,0xFF,0xFF,
    0xFF,0xFF,0xFF,0xFF,0xF9,0xF5,0xF7,0xF1,0xFF,0xFF,0xFF,0xFF,0xFF,0xFF,0xFF,0xFF,
    0xFF,0xFF,0xFF,0xFB,0xF1,0xF5,0xFF,0x00,0xF6,0xF6,0xF0,0xFF,0xFF,0xFF,0xFF,0xFF,
    0xFF,0xFF,0xFF,0xFF,0xFF,0xFF,0xF9,0xF0,0xF6,0xF0,0xFF,0xFF,0xFF,0xFF,0xFF,0x7F,
    0xFC,0xD0,0x13,0xD7,0xDF,0xFF,0xE8,0xEF,0xEF,0xEF,0xDF,0x8F,0xBF,0x7F,0xFF,0xFF,
    0xFF,0xFF,0xFF,0xFF,0xFF,0xF8,0xF6,0xF6,0xF9,0xFF,0xFF,0xFF,0xFF,0xFF,0x7F,0xFF,
    0xFF,0xFF,0xFF,0xFF,0xF8,0xF6,0xF6,0xF8,0xFF,0xFF,0xFF,0xFF,0xFF,0x7F,0xFF,0x00,
    0xFF,0x7F,0xFF,0xFF,0xFF,0xFF,0xFF,0xF8,0xF6,0xF2,0xF8,0xFF,0xFF,0xFF,0xFF,0x7F,
    0x7F,0xFF,0xFF,0xFF,0x3F,0x9F,0xC8,0x3A,0xCF,0xBC,0x41,0xED,0xB5,0xBE,0xBF,0x7F,
    0xFF,0x07,0x37,0x37,0x8F,0xFF,0x7E,0x3E,0xBD,0x5D,0xDB,0xBB,0xBB,0x37,0x37,0x37,
    0x77,0x77,0x37,0x97,0xC5,0xEE,0xFF,0xFE,0xFF,0xFF,0xFF,0xFF,0xFF,0x7F,0x7F,0xFF,
    0xFF,0xFF,0xFF,0xFD,0xFA,0xFB,0xFF,0x00,0xFF,0xFB,0xF8,0xFF,0xFF,0xFF,0xFF,0x7F,
    0x7F,0x7F,0xFF,0xFF,0xFF,0xFF,0xFC,0xFA,0xFB,0xF8,0xFF,0xFF,0xE0,0x9F,0x3F,0x7E,
    0x7D,0x7B,0xB2,0x86,0xE8,0xFD,0xFD,0xFD,0xFD,0xFD,0xFD,0xFD,0xFD,0xFA,0xE6,0xDF,
    0x3F,0xFF,0xFE,0xFE,0xFE,0xFA,0xFA,0xFA,0xFA,0xFF,0xFF,0xFF,0xFF,0x7F,0x7F,0xFF,
    0xFF,0xFF,0xFF,0xFF,0xF8,0xFB,0xFB,0xFC,0xFF,0xFF,0xFF,0xFF,0x7F,0x7F,0xFF,0x00,
    0xFF,0x7F,0x7F,0xFF,0xFF,0xFF,0xFF,0xF8,0xFB,0xFB,0xFC,0xFF,0xFF,0xFF,0xFF,0x7F,
    0x7F,0x7F,0xFF,0xFF,0xFF,0xFF,0x7D,0xB9,0xB7,0xDF,0xBF,0x3F,0x0E,0xE9,0xE3,0xEF,
    0xEF,0xE3,0xDF,0xE3,0xF3,0xFB,0xF7,0xEF,0xE2,0xF8,0xF7,0xEF,0xE7,0xBB,0x79,0xFD,
    0xFD,0xF9,0xFB,0xF3,0xF6,0xF7,0xF7,0xF3,0xF8,0xF9,0xE3,0x0F,0xFF,0xFF,0x7F,0x7F,
    0xFF,0xFF,0xFF,0xFD,0xF8,0xFB,0xFF,0x00,0xFF,0xFB,0xFC,0xFF,0xFF,0xFF,0xFF,0x7F,
    0xBF,0x3F,0x7F,0xFF,0xFF,0xFF,0xFC,0xF9,0xFB,0xFC,0xFF,0xFF,0xFF,0xFF,0xFE,0xFC,
    0x01,0xFC,0xFE,0xFF,0xFF,0xFF,0xFF,0xFF,0xFF,0xFF,0x3F,0xFF,0xFF,0xFF,0xFF,0xFF,
    0xFF,0xFF,0xFF,0xFF,0xFF,0xFF,0x78,0x07,0xFF,0xFF,0xFF,0xFF,0xFF,0xFF,0xFF,0xFF,
    0x3F,0x1F,0xE7,0xF0,0xFF,0xFB,0xF9,0xFC,0xFF,0xFF,0xFF,0xFF,0x7F,0xBF,0xFF,0x00,
    0xBF,0xBF,0x3F,0xFF,0xFF,0xFF,0xFF,0xFC,0xFD,0xFD,0xFC,0xFF,0xFF,0xFF,0x7F,0x3F,
    0xBF,0x7F,0xE7,0xEB,0xED,0xED,0xED,0xCD,0xEF,0xCE,0xDF,0xDF,0xE7,0xF3,0xBB,0xBD,
    0xBD,0x7D,0xF8,0xC7,0x9F,0x3F,0x7F,0x7F,0x7F,0x7F,0xBF,0xFF,0x7F,0x83,0xF8,0xF3,
    0xE7,0xF7,0xF7,0xF7,0xFB,0xF9,0xFC,0xFE,0xFE,0xFF,0xFF,0xFF,0x7F,0xBF,0xBF,0x7F,
    0xFF,0xFF,0xFF,0xFF,0xFC,0xFD,0xFF,0x00,0xFF,0xFD,0xFC,0xFF,0xFF,0xFF,0xFF,0x3F,
    0xBF,0xBF,0x7F,0xFF,0xFF,0xFF,0xFE,0xFD,0xFD,0xFC,0xFF,0xFF,0xFF,0xFF,0x3F,0xBF,
    0xBF,0x3F,0xFF,0xFF,0xFF,0xFE,0xFD,0xFD,0xFD,0xFE,0xFF,0xFF,0xE7,0x60,0xAF,0xAF,
    0x2F,0xE7,0xF3,0xFC,0xFE,0xFF,0xFD,0xFC,0xFE,0xFF,0xFF,0xFF,0x7F,0x3F,0xBF,0x3F,
    0x7F,0xFF,0xFF,0xFF,0xFE,0xFD,0xFD,0xFC,0xFF,0xFF,0xFF,0x7F,0xBF,0xBF,0xFF,0x00,
  },
  {
    0x7F,0x7F,0xFF,0xFF,0xFF,0xFF,0xF9,0xF9,0xF1,0xF9,0xFF,0xFF,0xFF,0xFF,0x7F,0x7F,
    0x7F,0xFF,0xFF,0xFF,0xFF,0xFF,0xC0,0x0D,0xF9,0xF7,0xCF,0x9F,0x7F,0xFF,0xFF,0xFF,
    0xFF,0xFF,0xFF,0xFF,0xFD,0xF9,0xFB,0xF9,0xFF,0xFF,0xFF,0xFF,0xFF,0x7F,0x7F,0xFF,
    0xFF,0xFF,0xFF,0xFF,0xF9,0xF1,0xF9,0xFD,0xFF,0xFF,0xFF,0xFF,0x7F,0x7F,0x7F,0xFF,
    0xFF,0xFF,0xFF,0xF9,0xF9,0xF9,0xFF,0x00,0xFB,0xF8,0xFF,0xFF,0xFF,0xFF,0x7F,0x7F,
    0x7F,0xFF,0xFF,0xFF,0xFF,0xFF,0xF8,0xFB,0xFA,0xFC,0xFF,0xFF,0xFF,0xFF,0x7F,0x7C,
    0x79,0xF3,0x47,0x8F,0xEF,0xFC,0x71,0xF7,0xF3,0xF7,0xF7,0xE3,0xE7,0xEF,0xDF,0xBF,
    0xBF,0x3F,0x7F,0x7F,0x7C,0x7B,0xFB,0xF8,0xFF,0xFF,0xFF,0xFF,0xFF,0xFF,0x7F,0xFF,
    0xFF,0xFF,0xFF,0xFC,0xFB,0xFB,0xF8,0xFF,0xFF,0xFF,0xFF,0x7F,0x7F,0x7F,0xFF,0x00,
    0xFF,0x7F,0xFF,0xFF,0xFF,0xFF,0xFC,0xFB,0xFB,0xFC,0xFF,0xFF,0xFF,0xFF,0x7F,0x3F,
    0x7F,0x7F,0xFF,0xFF,0xFF,0xFC,0xF9,0xFB,0xFC,0xFF,0xCE,0xB1,0x24,0x66,0x7D,0xFF,
    0xFF,0xFF,0xF6,0xC9,0xCD,0x43,0x67,0x3F,0xCF,0xEB,0xEB,0xD7,0x57,0x56,0x56,0x56,
    0xD6,0xF6,0xF6,0xF2,0xFA,0xFC,0xFE,0xFF,0xFF,0xFF,0xFF,0x7F,0x7F,0x7F,0x7F,0xFF,
    0xFF,0xFF,0xFF,0xFC,0xFB,0xF9,0xFF,0x00,0xFF,0xFC,0xFF,0xFF,0xFF,0xFF,0x7F,0x3F,
    0xBF,0x7F,0xFF,0xFF,0xFF,0xFF,0xFC,0xF9,0xFD,0xFE,0xFF,0xFF,0xFF,0xC3,0x07,0x47,
    0xF7,0x8F,0x27,0xFF,0xFF,0x4F,0x77,0x3E,0x3F,0x3E,0xFE,0xFE,0xFF,0xFF,0xFE,0xFC,
    0xF9,0x87,0xFF,0xFF,0xFC,0xF9,0x7D,0x7C,0x7F,0x7F,0xFF,0xFF,0x7F,0xBF,0x3F,0x7F,
    0xFF,0xFF,0xFF,0xFC,0xFD,0xFB,0xFC,0xFF,0xFF,0xFF,0xFF,0x7F,0xBF,0x3F,0xFF,0x00,
    0xBF,0x3F,0x7F,0xFF,0xFF,0xFF,0xFC,0xFD,0xFD,0xFC,0xFF,0xFF,0xFF,0xFF,0x3F,0xBF,
    0x3F,0x7F,0xFF,0xFF,0xFF,0xFE,0xF3,0xE3,0xEA,0x4D,0x6C,0x1E,0xDE,0xEF,0xEF,0xF7,
    0xF0,0xEA,0xEF,0xF3,0xF9,0xF9,0xFB,0xFB,0xFB,0xF8,0xF6,0xCF,0x39,0xFE,0xFE,0xFF,
    0xFF,0xFE,0xFE,0xFD,0xF9,0xF7,0xE5,0xEE,0xDF,0xEF,0x07,0xFF,0xBF,0xBF,0x7F,0xFF,
    0xFF,0xFF,0xFF,0xFC,0xFD,0xFD,0xFF,0x00,0xFD,0xFC,0xFF,0xFF,0xFF,0xFF,0x3F,0xBF,
    0xBF,0x3F,0xFF,0xFF,0xFF,0xFF,0xFC,0xFD,0xFD,0xFE,0xFF,0xFF,0xFF,0xFF,0xFF,0x03,
    0xF9,0xFE,0xFF,0xFF,0xFF,0xFF,0xFF,0xFF,0xFF,0xFF,0xFF,0xFF,0xFF,0xFF,0xFF,0xFF,
    0xFF,0xFF,0xFF,0xFF,0xFF,0xFC,0x13,0xFF,0xFF,0xFF,0xFF,0xFF,0xFF,0xFF,0x3F,0xCF,
    0xDF,0xEF,0xE0,0xFD,0xFF,0xFD,0xFE,0xFF,0xFF,0xFF,0xFF,0x3F,0xBF,0xBF,0xFF,0x00,
    0xDF,0x1F,0x7F,0xFF,0xFF,0xFF,0xFE,0xFC,0xFD,0xFE,0xFF,0xFF,0xFF,0xFF,0x3F,0xDF,
    0x9F,0x3F,0xFF,0xFF,0xFF,0xF1,0xE5,0xE5,0xEE,0xEE,0xDE,0xDD,0xDD,0x9F,0xDF,0xE7,
    0x33,0xFB,0xE0,0x8F,0xBF,0x3F,0xFF,0xFF,0xFF,0xFF,0xFF,0x7F,0x0F,0xF3,0xF8,0x27,
    0xF7,0xF7,0xF7,0xF3,0xFB,0xFD,0xFE,0xFF,0xFF,0xFF,0xFF,0x3F,0xDF,0xDF,0x3F,0xFF,
    0xFF,0xFF,0xFF,0xFE,0xFD,0xFE,0xFF,0x00,0xFE,0xFE,0xFF,0xFF,0xFF,0xFF,0xBF,0xDF,
    0xDF,0x3F,0xFF,0xFF,0xFF,0xFF,0xFE,0xFE,0xFE,0xFF,0xFF,0xFF,0xFF,0x3F,0xDF,0xDF,
    0x1F,0xFF,0xFF,0xFF,0xFF,0xFE,0xFE,0xFE,0xFF,0xFF,0xFF,0xFF,0xF7,0xE0,0xEF,0xEF,
    0xE7,0xF3,0xF8,0xFE,0xFF,0xFE,0xFE,0xFE,0xFF,0xFF,0xFF,0xFF,0x9F,0xDF,0x9F,0xBF,
    0xFF,0xFF,0xFF,0xFE,0xFE,0xFE,0xFE,0xFF,0xFF,0xFF,0xFF,0x1F,0xDF,0xDF,0xFF,0x00,
  },
  {
    0x7F,0x7F,0xFF,0xFF,0xFF,0xFD,0xF9,0xF9,0xF9,0xFD,0xFF,0xFF,0xFF,0x7F,0x7F,0x7F,
    0x7F,0xFF,0xFF,0xFF,0xFF,0x81,0x3B,0xF7,0xEF,0xDF,0xBF,0x7F,0xFF,0xFF,0x7F,0x7F,
    0xFF,0xFF,0xFF,0xFF,0xFD,0xF9,0xF9,0xFD,0xFF,0xFF,0xFF,0xFF,0x7F,0x3F,0x7F,0xFF,
    0xFF,0xFF,0xFF,0xFD,0xF9,0xF9,0xFD,0xFF,0xFF,0xFF,0xFF,0x7F,0x7F,0x7F,0xFF,0xFF,
    0xFF,0xFF,0xFD,0xF9,0xF9,0xFD,0xFF,0x00,0xF9,0xFC,0xFF,0xFF,0xFF,0xFF,0x7F,0xBF,
    0x3F,0x7F,0xFF,0xFF,0xFF,0xFC,0xF9,0xF9,0xFC,0xFF,0xFF,0xFF,0xFF,0x7F,0xBC,0x33,
    0x73,0xF7,0xC7,0x0F,0xEE,0xF1,0xF7,0xFA,0x7B,0xFB,0xFB,0xF9,0x73,0xF3,0xF7,0xEF,
    0xE7,0xEF,0x6F,0xEE,0xCC,0xDB,0xDC,0xDE,0xDF,0xDF,0xDF,0xEF,0x6F,0xAF,0xCF,0xEF,
    0xFF,0xFF,0xFF,0xFC,0xFB,0xF9,0xFC,0xFF,0xFF,0xFF,0x7F,0xBF,0xBF,0x7F,0xFF,0x00,
    0xBF,0x7F,0xFF,0xFF,0xFF,0xFE,0xFC,0xFD,0xFD,0xFE,0xFF,0xFF,0xFF,0x7F,0xBF,0xBF,
    0x3F,0xFF,0xFF,0xFF,0xFF,0xFC,0xFD,0xFD,0xFE,0xFF,0x1F,0xE4,0x17,0xF0,0x26,0x70,
    0x7F,0x7F,0x7F,0x7F,0x39,0x66,0x66,0xB0,0xDF,0xE7,0xFB,0xFA,0x3A,0xBA,0x3C,0xF8,
    0xFA,0xFA,0xFC,0xFD,0xFF,0xFD,0xFC,0xFF,0xFF,0xFF,0xFF,0x3F,0xBF,0xBF,0x7F,0xFF,
    0xFF,0xFF,0xFC,0xFD,0xFD,0xFC,0xFF,0x00,0xFD,0xFC,0xFF,0xFF,0xFF,0xFF,0x3F,0xBF,
    0x3F,0x7F,0xFF,0xFF,0xFF,0xFE,0xFD,0xFD,0xFC,0xFF,0xFF,0xFF,0xFF,0xBF,0x7F,0x4F,
    0xBF,0x71,0xC4,0x87,0xF3,0xF9,0xFC,0xFF,0xFF,0xFE,0xFF,0xFF,0xFF,0x7F,0x1F,0x1F,
    0xFD,0xFA,0xF5,0x4F,0xBC,0xCD,0xE4,0xE7,0xF7,0xE7,0xE7,0xE7,0xEF,0xEF,0xCF,0x3F,
    0x7F,0xFF,0xFF,0xFC,0xFD,0xFD,0xFE,0xFF,0xFF,0xFF,0x3F,0xBF,0xBF,0x3F,0xFF,0x00,
    0x9F,0x3F,0xFF,0xFF,0xFF,0xFF,0xFE,0xFD,0xFC,0xFF,0xFF,0xFF,0xFF,0x3F,0xDF,0xDF,
    0x3F,0xFF,0xFF,0xFF,0xFF,0xFE,0xFD,0xFF,0xFE,0xFE,0x0F,0xC0,0xFB,0xFF,0xF3,0xF5,
    0xF7,0x47,0xF3,0xF9,0xFE,0xFE,0x3F,0xC8,0xE2,0xFF,0xE0,0x9E,0x7F,0xFF,0xFF,0xFF,
    0xFF,0xFF,0xFF,0xFF,0xFF,0xFF,0xFF,0xFF,0xFC,0x41,0x07,0xFF,0xDF,0xBF,0x7F,0xFF,
    0xFF,0xFF,0xFE,0xFC,0xFD,0xFE,0xFF,0x00,0xFE,0xFE,0xFF,0xFF,0xFF,0xFF,0x1F,0xDF,
    0x1F,0x3F,0xFF,0xFF,0xFF,0xFE,0xFE,0xFE,0xFE,0xFF,0xFF,0xFF,0xFF,0x1F,0xFF,0x0F,
    0xE3,0xF9,0xFE,0xFF,0xEF,0x8F,0xFF,0xFF,0xFF,0xFE,0xFC,0xFE,0xCE,0xF7,0xFF,0xFF,
    0xFF,0xFF,0xFF,0xFF,0xFC,0xE1,0x1F,0xFF,0xFF,0xFF,0xFF,0xFF,0xFB,0x00,0xFE,0xFE,
    0xF1,0xF8,0xFF,0xFF,0xFE,0xFE,0xFF,0xFF,0xFF,0xFF,0x3F,0xDF,0xDF,0x1F,0xFF,0x00,
    0x5F,0x1F,0xFF,0xFF,0xFF,0xFF,0xFE,0xFE,0xFE,0xFF,0xFF,0xFF,0xFF,0x3F,0x5F,0xDF,
    0x1F,0xFF,0xFF,0xFF,0xFF,0xFE,0xFF,0xF8,0xE3,0xCF,0x5F,0x1F,0xFF,0xFF,0xFF,0x3F,
    0x9F,0xEF,0xDF,0xBF,0x7F,0x7F,0xFF,0xFF,0xFF,0xFF,0xFF,0x1F,0xEF,0xE3,0xEC,0xCF,
    0xEF,0xE7,0xF7,0xF3,0xF9,0xFC,0xFF,0xFF,0xFF,0xFF,0xFF,0x1F,0xDF,0x5F,0x3F,0xFF,
    0xFF,0xFF,0xFF,0xFE,0xFE,0xFE,0xFF,0x00,0xFE,0xFF,0xFF,0xFF,0xFF,0xBF,0x9F,0xEF,
    0x9F,0xFF,0xFF,0xFF,0xFF,0xFF,0xFE,0xFE,0xFF,0xFF,0xFF,0xFF,0xFF,0x9F,0xEF,0xDF,
    0x9F,0xFF,0xFC,0xF9,0xFB,0xF9,0xFD,0xFE,0xFF,0xFF,0xFF,0xFF,0xE1,0xEC,0xE7,0xEF,
    0xF7,0xFB,0xFC,0xFF,0xFF,0xFF,0xFF,0xFF,0xFF,0xFF,0xFF,0xFF,0xFF,0xCF,0x9F,0xFF,
    0xFF,0xFF,0xFF,0xFF,0xFE,0xFE,0xFF,0xFF,0xFF,0xFF,0x9F,0xCF,0xEF,0x9F,0xFF,0x00,
  },
  {
    0x3F,0xFF,0xFF,0xFF,0xFF,0xFD,0xFD,0xFD,0xFD,0xFF,0xFF,0xFF,0xFF,0x3F,0xBF,0xBF,
    0xFF,0xFF,0xFF,0xFF,0xFD,0xFD,0xFD,0xFD,0xFF,0xFF,0xFF,0xFF,0x7F,0xBF,0xBF,0x7F,
    0xFF,0xFF,0xFF,0xFF,0xFD,0xFD,0xFD,0xFF,0xFF,0xFF,0xFF,0x7F,0xBF,0xBF,0x7F,0xFF,
    0xFF,0xFF,0xFF,0xFD,0xFD,0xFD,0xFD,0xFF,0xFF,0xFF,0x7F,0xBF,0xBF,0x3F,0xFF,0xFF,
    0xFF,0xFF,0xFD,0xFD,0xFD,0xFD,0xFF,0x00,0xFC,0xFF,0xFF,0xFF,0xFF,0x7F,0xBF,0xBF,
    0x3F,0xFF,0xFF,0xFF,0xFF,0xFC,0xFF,0xFE,0xF0,0xE6,0xCD,0xDD,0xAD,0x69,0x5B,0x5B,
    0x9B,0x9B,0x13,0x7B,0xFA,0xFB,0xF3,0xFA,0xFB,0x7B,0xF9,0xFB,0xFB,0x7B,0xF3,0xF3,
    0xF3,0xF3,0xDB,0xDA,0xDB,0x9B,0xDB,0x5B,0x49,0xAD,0xBD,0xDD,0xE5,0x31,0xFC,0xFE,
    0xFF,0xFF,0xFE,0xFD,0xFD,0xFC,0xFF,0xFF,0xFF,0xFF,0x3F,0xBF,0xBF,0x7F,0xFF,0x00,
    0x3F,0x7F,0xFF,0xFF,0xFF,0xFE,0xFD,0xFD,0xFE,0xFF,0xFF,0xFF,0xFF,0x3F,0xDF,0xBF,
    0x3F,0xFF,0xFF,0xFF,0xFF,0xFD,0xFD,0xFE,0xFF,0xFF,0xFF,0xFE,0x62,0xB1,0x22,0x66,
    0x7C,0x7F,0x7F,0x7F,0x7F,0x39,0x26,0x26,0xB1,0x4F,0xF0,0xFE,0xBE,0xBE,0x3F,0xFF,
    0xFF,0xFF,0xFF,0xFC,0xFD,0xFC,0xFE,0xFF,0xFF,0xFF,0x3F,0xBF,0xDF,0x3F,0xFF,0xFF,
    0xFF,0xFF,0xFE,0xFD,0xFD,0xFE,0xFF,0x00,0xFE,0xFF,0xFF,0xFF,0xFF,0x3F,0xDF,0xDF,
    0x3F,0xFF,0xFF,0xFF,0xFF,0xFE,0xFE,0xFE,0xFF,0xFF,0xFF,0xFF,0x3F,0xDF,0xDF,0x1F,
    0xFF,0xFF,0xC7,0x79,0x1E,0xCE,0xEF,0xEF,0x6F,0x07,0xC6,0xFF,0x83,0x01,0xF3,0xF7,
    0xE7,0x8F,0x3F,0xFF,0x07,0x82,0xFA,0xFB,0xFB,0xFB,0xF7,0xF7,0xEF,0x9F,0x3F,0xFF,
    0xFF,0xFF,0xFE,0xFC,0xFE,0xFE,0xFF,0xFF,0xFF,0xFF,0x3F,0xDF,0xDF,0x3F,0xFF,0x00,
    0x1F,0xBF,0xFF,0xFF,0xFF,0xFF,0xFE,0xFE,0xFE,0xFF,0xFF,0xFF,0xFF,0x1F,0xDF,0xDF,
    0x3F,0xFF,0xFF,0xFF,0xFF,0xFE,0xFE,0xFE,0xFF,0xFE,0x0D,0xE0,0xFE,0xF9,0xFB,0xFD,
    0xFA,0xF7,0xE7,0xEF,0xEF,0xE7,0xF2,0xF8,0xFE,0xFE,0xF1,0x8F,0x7E,0xFF,0xFF,0xFF,
    0xFF,0xFF,0xFF,0xE3,0x0B,0x7B,0xFA,0xF0,0xFF,0xFF,0x3F,0xDF,0xDF,0x3F,0xFF,0xFF,
    0xFF,0xFF,0xFE,0xFE,0xFE,0xFF,0xFF,0x00,0xFE,0xFF,0xFF,0xFF,0xFF,0x1F,0x5F,0x4F,
    0x1F,0xFF,0xFF,0xFF,0xFF,0xFF,0xFE,0xFE,0xFF,0xFF,0xFF,0xFF,0x1F,0x5F,0xEF,0xFF,
    0x0F,0xF1,0xFE,0xFF,0xFF,0xF7,0xCF,0xFF,0xFF,0xFF,0xFF,0xFF,0xFF,0xFF,0xFF,0xFF,
    0xFF,0xFF,0xFF,0xFF,0xFE,0xF1,0x0F,0xFF,0xFF,0xFF,0xFF,0xFF,0xFF,0x00,0xFF,0xFF,
    0xFF,0xFF,0xFF,0xFE,0xFE,0xFF,0xFF,0xFF,0xFF,0xFF,0x1F,0xCF,0x5F,0x1F,0xFF,0x00,
    0x0F,0xBF,0xFF,0xFF,0xFF,0xFF,0xFE,0xFF,0xFF,0xFF,0xFF,0xFF,0xFF,0x1F,0x6F,0x4F,
    0x9F,0xFF,0xFF,0xFF,0xFF,0xFF,0xFF,0xFF,0xE0,0xCF,0x3F,0x7F,0xFF,0xFF,0xFF,0xFF,
    0xFF,0xFF,0x1F,0xBF,0xBF,0x7F,0xFF,0xFF,0xFF,0xFF,0xFF,0x3F,0x9F,0x6F,0x20,0xEF,
    0xE7,0xF7,0xF3,0xF9,0xFC,0xFF,0xFF,0xFF,0xFF,0xFF,0x9F,0x6F,0x6F,0x1F,0xFF,0xFF,
    0xFF,0xFF,0xFF,0xFE,0xFF,0xFF,0xFF,0x00,0xFF,0xFF,0xFF,0xFF,0xFF,0x8F,0xEF,0xEF,
    0x8F,0xFF,0xFF,0xFF,0xFF,0xFF,0xFF,0xFF,0xFF,0xFF,0xFF,0xFF,0xFF,0xEF,0xEF,0x8F,
    0xFF,0xFF,0xFF,0xFF,0xF8,0xE3,0xEF,0xEF,0xE7,0xF0,0xFF,0xFF,0xF7,0xE0,0xEF,0xE7,
    0xE7,0xF3,0xF8,0xFE,0xFF,0xFF,0xFF,0xFF,0xFF,0xFF,0xDF,0xAF,0xEF,0x8F,0xBF,0xFF,
    0xFF,0xFF,0xFF,0xFF,0xFF,0xFF,0xFF,0xFF,0xFF,0xFF,0x8F,0xEF,0xEF,0x9F,0xFF,0x00,
  },
  {
    0x3F,0xFF,0xFF,0xFF,0xFF,0xFD,0xFD,0xFD,0xFF,0xFF,0xFF,0xFF,0x3F,0xBF,0xBF,0x3F,
    0xFF,0xFF,0xFF,0xFF,0xFD,0xFD,0xFD,0xFF,0xFF,0xFF,0xFF,0x7F,0xBF,0xBF,0x3F,0xFF,
    0xFF,0xFF,0xFF,0xFD,0xFD,0xFD,0xFF,0xFF,0xFF,0xFF,0x7F,0xBF,0xCF,0xE7,0xF7,0x1B,
    0x81,0xFF,0xFE,0xFD,0xFD,0xFC,0xFF,0xFF,0xFF,0xFF,0x3F,0x9F,0xBF,0x3F,0xFF,0xFF,
    0xFF,0xFF,0xFD,0xFD,0xFD,0xFF,0xFF,0x00,0xFE,0xFF,0xFF,0xFF,0xFF,0x3F,0xDF,0xBF,
    0x3F,0xFF,0xFF,0xFF,0xFE,0xFC,0xED,0xCE,0x2F,0xEF,0xDF,0xDF,0xDF,0xDF,0xDF,0xDF,
    0xDF,0xCF,0xEF,0x6F,0xEE,0xE5,0xEE,0xF7,0xFB,0x73,0xF9,0xFB,0xFB,0x7B,0xFB,0xF7,
    0xF1,0xEE,0x1F,0x87,0xE7,0xF3,0xF9,0xFE,0xFF,0xFF,0x3F,0xDF,0xDF,0x3F,0xFF,0xFF,
    0xFF,0xFF,0xFE,0xFF,0xFC,0xFE,0xFF,0xFF,0xFF,0x3F,0x9F,0xDF,0x3F,0xFF,0xFF,0x00,
    0x1F,0xFF,0xFF,0xFF,0xFF,0xFE,0xFE,0xFE,0xFF,0xFF,0xFF,0xFF,0x3F,0xDF,0xDF,0x1F,
    0xFF,0xFE,0xFD,0xFC,0xFA,0xF8,0xFD,0xFC,0xFA,0xFA,0xFA,0x3B,0x47,0xB1,0xA0,0xA6,
    0x30,0x3F,0x5F,0x5F,0x6F,0x5F,0x72,0xA6,0xF0,0x37,0x1C,0x9F,0x7F,0xFF,0xFF,0xFF,
    0xFF,0xFF,0xFE,0xFE,0xFE,0xFE,0xFF,0xFF,0xFF,0xFF,0x1F,0xDF,0x1F,0x3F,0xFF,0xFF,
    0xFF,0xFF,0xFE,0xFE,0xFE,0xFF,0xFF,0x00,0xFE,0xFF,0xFF,0xFF,0xFF,0x1F,0xDF,0x5F,
    0xBF,0xFF,0xFF,0xFF,0xFF,0xFE,0xFE,0xFE,0xFF,0xFF,0xFF,0xFF,0x1F,0xDF,0x5F,0x3F,
    0xFF,0xFF,0x41,0xFE,0xFE,0x7F,0x1F,0x3F,0x7F,0xFF,0xFF,0xFE,0xFE,0xFF,0xFF,0xFD,
    0xF0,0xE6,0x0E,0xFF,0x04,0x7D,0x81,0xFD,0x39,0xB3,0x87,0x9F,0xFF,0x1F,0xFF,0xFF,
    0xFF,0xFF,0xFE,0xFE,0xFE,0xFF,0xFF,0xFF,0xFF,0x3F,0x5F,0xCF,0x1F,0xFF,0xFF,0x00,
    0x1F,0xFF,0xFF,0xFF,0xFF,0xFF,0xFE,0xFE,0xFF,0xFF,0xFF,0xFF,0x9F,0x4F,0x6F,0x1F,
    0xFF,0xFF,0xFF,0xFF,0xFF,0xFE,0xFE,0xFF,0xFF,0xFC,0x1C,0xC7,0xF3,0xF4,0xFE,0xDE,
    0xBE,0xBC,0xBD,0xF9,0xBD,0xBD,0xA9,0xC3,0xFD,0xFB,0xFE,0xE1,0x1E,0xFF,0xFF,0xFF,
    0xFC,0xF9,0xF3,0xE6,0x1E,0x7F,0xFF,0xFF,0xFF,0xFF,0x1F,0x6F,0x5F,0x9F,0xFF,0xFF,
    0xFF,0xFF,0xFF,0xFE,0xFF,0xFF,0xFF,0x00,0xFF,0xFF,0xFF,0xFF,0xFF,0x0F,0x6F,0x0F,
    0x9F,0xFF,0xFF,0xFF,0xFF,0xFF,0xFF,0xFF,0xFF,0xFF,0xFF,0xFF,0x0F,0x6F,0x6F,0xFF,
    0x07,0xE0,0xFF,0xFF,0xFF,0xFF,0xEF,0xDF,0xBF,0xFF,0xFF,0xFF,0xFF,0xFF,0xFF,0xFF,
    0xFF,0xFF,0xFF,0xFF,0xFF,0xF8,0xC7,0x3F,0xFF,0xFF,0xFF,0xFF,0x07,0x80,0xFF,0xFF,
    0xFF,0xFF,0xFF,0xFF,0xFF,0xFF,0xFF,0xFF,0xFF,0x9F,0x6F,0x6F,0x1F,0xFF,0xFF,0x00,
    0x8F,0xFF,0xFF,0xFF,0xFF,0xFF,0xFF,0xFF,0xFF,0xFF,0xFF,0xFF,0x9F,0x6F,0x6F,0x8F,
    0xFF,0xFF,0xFF,0xFF,0xFF,0xFF,0xFF,0xFF,0xF0,0x87,0x3F,0xFF,0xFF,0xFF,0xFF,0xFF,
    0xFF,0xFF,0x7F,0x3F,0xBF,0x3F,0x7F,0xFF,0xFF,0xFF,0xFF,0x7F,0x7F,0xBF,0xDF,0xC0,
    0xEF,0xF3,0xF9,0xFC,0xFE,0xFF,0xFF,0xFF,0xFF,0xFF,0x8F,0x6F,0x2F,0x9F,0xFF,0xFF,
    0xFF,0xFF,0xFF,0xFF,0xFF,0xFF,0xFF,0x00,0xFF,0xFF,0xFF,0xFF,0xFF,0x8F,0xB7,0xA7,
    0xDF,0xFF,0xFF,0xFF,0xFF,0xFF,0xFF,0xFF,0xFF,0xFF,0xFF,0xFF,0x8F,0xB7,0xAF,0x8F,
    0xFF,0xFF,0xFF,0xFE,0xF9,0xF3,0xEF,0xEF,0xEF,0xE1,0xFC,0x8F,0xBF,0xA0,0xA7,0xEF,
    0xE7,0xE7,0xF1,0xFC,0xFF,0xFF,0xFF,0xFF,0xFF,0xFF,0x8F,0xB7,0xB7,0x8F,0xFF,0xFF,
    0xFF,0xFF,0xFF,0xFF,0xFF,0xFF,0xFF,0xFF,0xFF,0xCF,0xAF,0xB7,0x8F,0xFF,0xFF,0x00,
  },
  {
    0x3F,0xFF,0xFF,0xFF,0xFE,0xFD,0xFD,0xFE,0xFF,0xFF,0xFF,0xFF,0x3F,0xDF,0xDF,0x3F,
    0xFF,0xFF,0xFF,0xFF,0xFD,0xFD,0xFD,0xFF,0xFF,0xFF,0xFF,0x3F,0xDF,0xDF,0x3F,0xFF,
    0xFF,0xFF,0xFF,0xFE,0xFD,0xFC,0xFF,0xFF,0x3F,0x9F,0xE7,0xF3,0xFD,0x01,0xFB,0xFF,
    0xFF,0xFF,0xFE,0xFD,0xFD,0xFF,0xFF,0xFF,0xFF,0x3F,0xDF,0xDF,0x3F,0xFF,0xFF,0xFF,
    0xFF,0xFE,0xFD,0xFD,0xFF,0xFF,0xFF,0x00,0xFE,0xFF,0xFF,0xFF,0x1F,0xDF,0xDF,0x1F,
    0xFF,0xFF,0xFF,0xFF,0xFE,0xFE,0x3E,0x7F,0x7F,0x7F,0x7F,0x7F,0x5F,0x5F,0x5F,0x7F,
    0x7F,0x3F,0xBF,0xBE,0x9E,0x9E,0xCE,0xEF,0xE7,0x73,0xF7,0xFB,0xFB,0x7F,0xF1,0x7C,
    0xEF,0x8F,0x67,0xF3,0xFC,0xFE,0xFF,0xFF,0xFF,0xFF,0x1F,0xDF,0x5F,0x3F,0xFF,0xFF,
    0xFF,0xFE,0xFE,0xFE,0xFE,0xFF,0xFF,0xFF,0xFF,0x1F,0xDF,0xDF,0x3F,0xFF,0xFF,0x00,
    0x1F,0xFF,0xFF,0xFF,0xFF,0xFE,0xFE,0xFE,0xFF,0xFF,0xFF,0xFF,0x1F,0xCF,0x5F,0x1E,
    0xFD,0xFB,0xF3,0xF3,0xEB,0xE3,0xF3,0xE3,0xEB,0xFB,0xFD,0x67,0x5F,0xBF,0x61,0x64,
    0x46,0x71,0x7F,0x7F,0x7F,0x7F,0x78,0x33,0xA0,0xD1,0x6F,0xFF,0x6F,0x1F,0xFF,0xFF,
    0xFF,0xFF,0xFE,0xFE,0xFE,0xFF,0xFF,0xFF,0xFF,0x9F,0x5F,0x6F,0x1F,0xFF,0xFF,0xFF,
    0xFF,0xFF,0xFE,0xFE,0xFF,0xFF,0xFF,0x00,0xFF,0xFF,0xFF,0xFF,0x9F,0x6F,0x6F,0x1F,
    0xFF,0xFF,0xFF,0xFF,0xFF,0xFE,0xFF,0xFF,0xFF,0xFF,0xFF,0x9F,0x6F,0x6F,0x1F,0xFF,
    0xFF,0xFF,0x07,0xFB,0xFD,0xFD,0x7F,0xFF,0xFF,0x1F,0x9F,0x9F,0xBE,0xBF,0xBF,0xDF,
    0xDE,0xDD,0x5C,0x0B,0xFF,0x1F,0x8F,0xAF,0x7F,0x7F,0x6F,0xEF,0x2F,0x9F,0xFF,0xFF,
    0xFF,0xFF,0xFF,0xFF,0xFF,0xFF,0xFF,0xFF,0xFF,0x0F,0x6F,0x4F,0x9F,0xFF,0xFF,0x00,
    0xFF,0xFF,0xFF,0xFF,0xFF,0xFF,0xFF,0xFF,0xFF,0xFF,0xFF,0xFF,0x0F,0x6F,0x6F,0x9F,
    0xFF,0xFF,0xFF,0xFF,0xFF,0xFF,0xFF,0xFF,0xFF,0x3F,0x1E,0xDD,0xE1,0xFB,0xF8,0xF3,
    0xE7,0xDE,0xF8,0xF7,0xF7,0xF7,0xFF,0xF7,0xD7,0xEB,0xFC,0xE3,0x1C,0xF5,0xF5,0xF4,
    0xF6,0xE8,0xCF,0x3F,0x7F,0xFF,0xFF,0xFF,0xFF,0x8F,0x6F,0x6F,0x8F,0xFF,0xFF,0xFF,
    0xFF,0xFF,0xFF,0xFF,0xFF,0xFF,0xFF,0x00,0xFF,0xFF,0xFF,0xFF,0x8F,0x2F,0x6F,0x8F,
    0xFF,0xFF,0xFF,0xFF,0xFF,0xFF,0xFF,0xFF,0xFF,0xFF,0xFF,0xDF,0xAF,0x67,0xFF,0x83,
    0x04,0xF9,0xFE,0xFF,0xFF,0xFF,0xFF,0xFF,0xFF,0xDF,0x1F,0xFF,0xFF,0xFF,0xFF,0xFF,
    0xFF,0xFF,0xFF,0xFF,0xFE,0xE1,0x1F,0xFF,0xFF,0xFF,0xFF,0xFF,0xF8,0x03,0xFF,0xFF,
    0xFF,0xFF,0xFF,0xFF,0xFF,0xFF,0xFF,0xFF,0xFF,0x8F,0x77,0xAF,0x9F,0xFF,0xFF,0x00,
    0xFF,0xFF,0xFF,0xFF,0xFF,0xFF,0xFF,0xFF,0xFF,0xFF,0xFF,0xFF,0x8F,0xB7,0xB7,0xCF,
    0xFF,0xFF,0xFF,0xFF,0xFF,0xFF,0xFF,0xFF,0xF0,0xC3,0x1F,0x7F,0xFF,0xFF,0xFF,0xFF,
    0xFF,0xFF,0xFF,0x7E,0x7F,0x7F,0x7F,0xFF,0xFF,0xFF,0xFF,0xFF,0xFF,0x7F,0x3F,0xC0,
    0xEF,0xE7,0xF7,0xF3,0xF8,0xFE,0xFF,0xFF,0xFF,0x8F,0xB7,0xB7,0x8F,0xFF,0xFF,0xFF,
    0xFF,0xFF,0xFF,0xFF,0xFF,0xFF,0xFF,0x00,0xFF,0xFF,0xFF,0xFF,0xCF,0xB7,0xB7,0x87,
    0xFF,0xFF,0xFF,0xFF,0xFF,0xFF,0xFF,0xFF,0xFF,0xFF,0xFF,0xCF,0xB7,0xB7,0xC7,0xFF,
    0xFF,0xFF,0xFF,0xFE,0xF8,0xF3,0xE7,0xEF,0xED,0xE1,0xFE,0xBF,0xBF,0xB1,0xEF,0xE7,
    0xEF,0xE7,0xE0,0xFE,0xFE,0xFF,0xFF,0xFF,0xFF,0xEF,0x97,0xB7,0x97,0xCF,0xFF,0xFF,
    0xFF,0xFF,0xFF,0xFF,0xFF,0xFF,0xFF,0xFF,0xFF,0x87,0xB7,0xB7,0xCF,0xFF,0xFF,0x00,
  },
  {
    0xFF,0xFF,0xFF,0xFF,0xFE,0xFE,0xFE,0xFF,0xFF,0xFF,0xFF,0x3F,0x5F,0xDF,0x1F,0xFF,
    0xFF,0xFF,0xFF,0xFF,0xFF,0xFF,0xFF,0xFF,0xFF,0xFF,0xBF,0x5F,0xDF,0x1F,0xFF,0xFF,
    0xFF,0xFF,0xFF,0xFF,0xFF,0xFF,0x3F,0x8F,0xF1,0xFC,0xFF,0x41,0xDF,0xFF,0xFF,0xFF,
    0xFF,0xFF,0xFF,0xFF,0xFF,0xFF,0xFF,0xFF,0xFF,0x1F,0xDF,0x5F,0xBF,0xFF,0xFF,0xFF,
    0xFF,0xFF,0xFF,0xFF,0xFF,0xFF,0xFF,0x00,0xFF,0xFF,0xFF,0xFF,0x1F,0x6F,0x4F,0x9F,
    0xFF,0xFF,0xFF,0xFF,0xFE,0xFE,0xFF,0xFF,0xFF,0xFF,0xFF,0x1F,0x6F,0x4F,0x9F,0xFF,
    0xFF,0xFF,0x7F,0x7F,0x7E,0x3F,0x9F,0xEF,0xE7,0xFF,0xF7,0xF3,0xF3,0xF1,0xBE,0x77,
    0x77,0xCB,0x28,0xFC,0xFF,0xFF,0xFF,0xFF,0xFF,0x9F,0x6F,0x6F,0x1F,0xFF,0xFF,0xFF,
    0xFF,0xFF,0xFE,0xFE,0xFF,0xFF,0xFF,0xFF,0x9F,0x6F,0x6F,0x1F,0xFF,0xFF,0xFF,0x00,
    0xFF,0xFF,0xFF,0xFF,0xFF,0xFE,0xFF,0xFF,0xFF,0xFF,0xFF,0x9F,0x6F,0x6F,0x9D,0xF9,
    0xF5,0xED,0xDD,0xDD,0xAD,0xAD,0xAD,0xAC,0xAE,0xA6,0xD6,0xDF,0xCF,0xBF,0x7F,0x63,
    0xCD,0x4D,0x61,0x7F,0x7F,0x5F,0x6F,0x5F,0x73,0xB0,0xD9,0x67,0x1F,0xE7,0xE7,0x1F,
    0x7F,0xFF,0xFF,0xFF,0xFF,0xFF,0xFF,0xFF,0xFF,0x0F,0x6F,0x4F,0x9F,0xFF,0xFF,0xFF,
    0xFF,0xFF,0xFF,0xFF,0xFF,0xFF,0xFF,0x00,0xFF,0xFF,0xFF,0xFF,0x8F,0x6F,0x2F,0xDF,
    0xFF,0xFF,0xFF,0xFF,0xFF,0xFF,0xFF,0xFF,0xFF,0xFF,0xFF,0x8F,0x6F,0x2F,0x9F,0xFF,
    0xFF,0xFF,0x3F,0xCF,0xF7,0xFF,0x7F,0xFE,0xFE,0xFF,0xFE,0xFE,0xFE,0xFE,0xFE,0xBB,
    0xC3,0xDD,0xDC,0xDE,0x5F,0xDF,0xAF,0xF0,0xFC,0x8F,0x27,0x6F,0x8F,0xFF,0xFF,0xFF,
    0xFF,0xFF,0xFF,0xFF,0xFF,0xFF,0xFF,0xFF,0x9F,0x2F,0x6F,0x8F,0xFF,0xFF,0xFF,0x00,
    0xFF,0xFF,0xFF,0xFF,0xFF,0xFF,0xFF,0xFF,0xFF,0xFF,0xFF,0xCF,0xA7,0xB7,0x8F,0xFF,
    0xFF,0xFF,0xFF,0xFF,0xFF,0xFF,0x0F,0xCF,0xF3,0xF9,0xFD,0x3D,0xC8,0xE7,0xF8,0xF1,
    0xE7,0xEF,0xEF,0xF9,0xF1,0xC6,0xDF,0xDF,0xEF,0xEF,0xF7,0xE1,0x0F,0xD8,0xBF,0x7F,
    0x7F,0x7F,0x3F,0x0F,0x1F,0x7F,0xFF,0xFF,0xFF,0x8F,0xB7,0xAF,0xDF,0xFF,0xFF,0xFF,
    0xFF,0xFF,0xFF,0xFF,0xFF,0xFF,0xFF,0x00,0xFF,0xFF,0xFF,0xFF,0x87,0xB7,0xA7,0xCF,
    0xFF,0xFF,0xFF,0xFF,0xFF,0xFF,0xFF,0xFF,0xFF,0xFF,0xFF,0x87,0xB7,0xBF,0xD4,0xCF,
    0x07,0xF9,0xFE,0xFF,0xFF,0xFF,0xFF,0xFF,0xFF,0xFF,0xFF,0xFF,0xFF,0xFF,0xFF,0xFF,
    0xFF,0xFF,0xFF,0xFF,0xF8,0x9B,0x76,0xF7,0xFB,0xF8,0xFF,0xFF,0xFF,0x00,0xFF,0xFF,
    0xFF,0xFF,0xFF,0xFF,0xFF,0xFF,0xFF,0xFF,0xCF,0xB7,0xB7,0x87,0xFF,0xFF,0xFF,0x00,
    0xFF,0xFF,0xFF,0xFF,0xFF,0xFF,0xFF,0xFF,0xFF,0xFF,0xFF,0xCF,0x97,0xB7,0xC7,0xFF,
    0xFF,0xFF,0xFF,0xFF,0xFF,0xFF,0xFF,0xFF,0xFC,0xE0,0x8F,0x3F,0xFF,0xFF,0xFF,0xFF,
    0xFF,0xFF,0xFF,0xFF,0x7F,0x7F,0x7F,0xFF,0xFF,0xFF,0xFF,0xFF,0xFF,0xFF,0x7E,0x09,
    0xE7,0xEF,0xEF,0xF7,0xF1,0xFC,0xFF,0xFF,0xFF,0xC7,0xB7,0xD7,0xCF,0xFF,0xFF,0xFF,
    0xFF,0xFF,0xFF,0xFF,0xFF,0xFF,0xFF,0x00,0xFF,0xFF,0xFF,0xFF,0xC7,0x9B,0xD3,0xE7,
    0xFF,0xFF,0xFF,0xFF,0xFF,0xFF,0xFF,0xFF,0xFF,0xFF,0xFF,0xC7,0xDB,0xD3,0xC7,0xFF,
    0xFF,0xFF,0xFF,0xFE,0xF9,0xF3,0xE7,0xE7,0xEF,0xE1,0xE6,0xDE,0xD9,0xF7,0xF6,0xEF,
    0xE7,0xEF,0xE5,0xE6,0xFC,0xFE,0xFE,0xFF,0xFF,0xE7,0xDB,0xD3,0xC7,0xFF,0xFF,0xFF,
    0xFF,0xFF,0xFF,0xFF,0xFF,0xFF,0xFF,0xFF,0xC7,0xD3,0xD3,0xC7,0xFF,0xFF,0xFF,0x00,
  },
  {
    0xFF,0xFF,0xFF,0xFF,0xFF,0xFF,0xFF,0xFF,0xFF,0xFF,0xFF,0x0F,0x6F,0x6F,0x9F,0xFF,
    0xFF,0xFF,0xFF,0xFF,0xFF,0xFF,0xFF,0xFF,0xFF,0xFF,0x1F,0x6F,0x6F,0x1F,0xFF,0xFF,
    0xFF,0xFF,0xFF,0xFF,0xFF,0xFF,0x3F,0x8F,0xF1,0xFC,0xFF,0x41,0xDF,0xFF,0xFF,0xFF,
    0xFF,0xFF,0xFF,0xFF,0xFF,0xFF,0xFF,0xFF,0x9F,0x6F,0x6F,0x1F,0xFF,0xFF,0xFF,0xFF,
    0xFF,0xFF,0xFF,0xFF,0xFF,0xFF,0xFF,0x00,0xFF,0xFF,0xFF,0x9F,0x6F,0x6F,0x8F,0xFF,
    0xFF,0xFF,0xFF,0xFF,0xFF,0xFF,0xFF,0xFF,0xFF,0xFF,0x9F,0x6F,0x6F,0x0F,0xFF,0xFF,
    0xFF,0xFF,0x7F,0x7F,0x7F,0x3F,0x9F,0xCF,0xE7,0xFF,0xF7,0xF3,0xF3,0xF9,0xBE,0x77,
    0x77,0xCB,0x28,0xFC,0xFF,0xFF,0xFF,0xFF,0xFF,0x2F,0x6F,0x2F,0x9F,0xFF,0xFF,0xFF,
    0xFF,0xFF,0xFF,0xFF,0xFF,0xFF,0xFF,0xFF,0x0F,0x6F,0x2F,0x9F,0xFF,0xFF,0xFF,0x00,
    0xFF,0xFF,0xFF,0xFF,0xFF,0xFF,0xFF,0xFF,0xFF,0xFF,0xFF,0x8F,0x77,0xAF,0xDD,0xF9,
    0xF5,0xED,0xDD,0xDD,0xAD,0xAD,0xAD,0xAC,0xAE,0xA6,0xD6,0xDF,0xCF,0xBF,0x7F,0x63,
    0xCD,0x4D,0x61,0x7F,0x7F,0x5F,0x6F,0x5F,0x73,0xB0,0xD9,0x67,0x1F,0xE7,0xE7,0x1F,
    0x7F,0xFF,0xFF,0xFF,0xFF,0xFF,0xFF,0xFF,0x8F,0xAF,0xA7,0x8F,0xFF,0xFF,0xFF,0xFF,
    0xFF,0xFF,0xFF,0xFF,0xFF,0xFF,0xFF,0x00,0xFF,0xFF,0xFF,0xCF,0xB7,0xB7,0x8F,0xFF,
    0xFF,0xFF,0xFF,0xFF,0xFF,0xFF,0xFF,0xFF,0xFF,0xFF,0xCF,0xB7,0xB7,0x8F,0xFF,0xFF,
    0xFF,0xFF,0x3F,0xCF,0xF7,0xFF,0x7F,0xFE,0xFE,0xFF,0xFE,0xFE,0xFE,0xFE,0xFE,0xFB,
    0xC3,0xDD,0xDE,0xDE,0x5F,0xDF,0xAF,0xF0,0xFC,0x8F,0xB7,0x87,0xDF,0xFF,0xFF,0xFF,
    0xFF,0xFF,0xFF,0xFF,0xFF,0xFF,0xFF,0xFF,0x8F,0xB7,0xB7,0xCF,0xFF,0xFF,0xFF,0x00,
    0xFF,0xFF,0xFF,0xFF,0xFF,0xFF,0xFF,0xFF,0xFF,0xFF,0xFF,0xC7,0xB7,0xB7,0xCF,0xFF,
    0xFF,0xFF,0xFF,0xFF,0xFF,0xFF,0x0F,0xCF,0xE3,0xF9,0xFD,0x3D,0xC8,0xE7,0xF8,0xF9,
    0xE7,0xEF,0xEF,0xF9,0xF1,0xC6,0xDF,0xDF,0xEF,0xEF,0xF7,0xE7,0x0F,0xD8,0xBF,0x7F,
    0x7F,0x7F,0x7F,0x0F,0x1F,0x7F,0xFF,0xFF,0xC7,0xB7,0xB7,0xC7,0xFF,0xFF,0xFF,0xFF,
    0xFF,0xFF,0xFF,0xFF,0xFF,0xFF,0xFF,0x00,0xFF,0xFF,0xFF,0xC7,0x97,0xB7,0xC7,0xFF,
    0xFF,0xFF,0xFF,0xFF,0xFF,0xFF,0xFF,0xFF,0xFF,0xFF,0xC7,0x97,0xB7,0xFF,0xD4,0xCF,
    0x07,0xF9,0xFE,0xFF,0xFF,0xFF,0xFF,0xFF,0xFF,0xFF,0xFF,0xFF,0xFF,0xFF,0xFF,0xFF,
    0xFF,0xFF,0xFF,0xFF,0xF8,0x9B,0x76,0xF7,0xFB,0xF8,0xFF,0xFF,0xFF,0x00,0xFF,0xFF,
    0xFF,0xFF,0xFF,0xFF,0xFF,0xFF,0xFF,0xFF,0xC7,0xFB,0xD7,0xC7,0xFF,0xFF,0xFF,0x00,
    0xFF,0xFF,0xFF,0xFF,0xFF,0xFF,0xFF,0xFF,0xFF,0xFF,0xFF,0xC7,0xDB,0xD3,0xE7,0xFF,
    0xFF,0xFF,0xFF,0xFF,0xFF,0xFF,0xFF,0xFF,0xFC,0xE0,0x8F,0x3F,0xFF,0xFF,0xFF,0xFF,
    0xFF,0xFF,0xFF,0xFF,0x7F,0x7F,0x7F,0xFF,0xFF,0xFF,0xFF,0xFF,0xFF,0xFF,0x7E,0x09,
    0xEF,0xEF,0xEF,0xF7,0xF1,0xFC,0xFF,0xFF,0xE7,0xDB,0xDB,0xC7,0xFF,0xFF,0xFF,0xFF,
    0xFF,0xFF,0xFF,0xFF,0xFF,0xFF,0xFF,0x00,0xFF,0xFF,0xFF,0xE7,0xDB,0xDB,0xE3,0xFF,
    0xFF,0xFF,0xFF,0xFF,0xFF,0xFF,0xFF,0xFF,0xFF,0xFF,0xE7,0xDB,0xDB,0xC3,0xFF,0xFF,
    0xFF,0xFF,0xFF,0xFE,0xF9,0xF3,0xE7,0xE7,0xEF,0xE1,0xE6,0xDE,0xD9,0xF7,0xF6,0xEF,
    0xE7,0xEF,0xE5,0xE6,0xFC,0xFE,0xFE,0xFF,0xEF,0xEB,0xDB,0xC3,0xF7,0xFF,0xFF,0xFF,
    0xFF,0xFF,0xFF,0xFF,0xFF,0xFF,0xFF,0xFF,0xC3,0xDB,0xDB,0xE7,0xFF,0xFF,0xFF,0x00,
  },
  {
    0xFF,0xFF,0xFF,0xFF,0xFF,0xFF,0xFF,0xFF,0xFF,0xFF,0x8F,0x27,0xA7,0x8F,0xFF,0xFF,
    0xFF,0xFF,0xFF,0xFF,0xFF,0xFF,0xFF,0xFF,0xFF,0x8F,0x27,0xAF,0x8F,0xFF,0xFF,0xFF,
    0xFF,0xFF,0xFF,0xFF,0xFF,0xFF,0xFF,0xFF,0x7F,0x8F,0xF3,0xFD,0xFC,0x01,0xFF,0xFF,
    0xFF,0xFF,0xFF,0xFF,0xFF,0xFF,0xFF,0xCF,0xAF,0xB7,0x8F,0xFF,0xFF,0xFF,0xFF,0xFF,
    0xFF,0xFF,0xFF,0xFF,0xFF,0xFF,0xFF,0x00,0xFF,0xFF,0xCF,0xA7,0xB7,0x87,0xFF,0xFF,
    0xFF,0xFF,0xFF,0xFF,0xFF,0xFF,0xFF,0xFF,0xFF,0xDF,0x87,0xB7,0x87,0xDF,0xFF,0xFF,
    0xFF,0xFF,0xFF,0xFF,0xFF,0xFF,0xFF,0x7F,0xBF,0xDF,0xCF,0xEF,0xEF,0xE7,0xEF,0x73,
    0xF4,0x6F,0xE7,0x83,0x71,0xF8,0xFF,0xFF,0x87,0xB7,0xB7,0xCF,0xFF,0xFF,0xFF,0xFF,
    0xFF,0xFF,0xFF,0xFF,0xFF,0xFF,0xFF,0xCF,0xB7,0xB7,0x8F,0xFF,0xFF,0xFF,0xFF,0x00,
    0xFF,0xFF,0xFF,0xFF,0xFF,0xFF,0xFF,0xFF,0xFF,0xFF,0xC7,0xB7,0xB7,0xCF,0xFF,0xFF,
    0xF9,0xF1,0xEB,0xDB,0xBB,0x9B,0x5B,0x5B,0x5B,0x5D,0x5D,0x6D,0xAE,0xDE,0x9E,0x7F,
    0xEF,0xC3,0x9B,0x93,0xEF,0xFF,0xFF,0x1F,0xDC,0xB3,0x70,0x21,0x9F,0xE7,0xFF,0x7F,
    0x9F,0x4F,0x8F,0x0F,0x3F,0xFF,0xFF,0xFF,0x87,0xB7,0x87,0xFF,0xFF,0xFF,0xFF,0xFF,
    0xFF,0xFF,0xFF,0xFF,0xFF,0xFF,0xFF,0x00,0xFF,0xFF,0xEF,0xD7,0x93,0xC7,0xFF,0xFF,
    0xFF,0xFF,0xFF,0xFF,0xFF,0xFF,0xFF,0x7F,0x3F,0x9F,0x97,0x7B,0x37,0x9F,0xFF,0xFF,
    0xFF,0xFF,0xFF,0xFF,0xFF,0x7F,0x9F,0xFF,0xE2,0xF0,0xFF,0xFE,0xFE,0xFE,0xFE,0xFE,
    0xFC,0x7E,0x9E,0xFF,0xFB,0xF3,0x60,0x0C,0x3F,0x3F,0x9F,0xC0,0xFF,0xFF,0xFF,0xFF,
    0xFF,0xFF,0xFF,0xFF,0xFF,0xFF,0xFF,0xC7,0x93,0x93,0xC7,0xFF,0xFF,0xFF,0xFF,0x00,
    0xFF,0xFF,0xFF,0xFF,0xFF,0xFF,0xFF,0xFF,0xFF,0xFF,0xFF,0x0F,0xE3,0xF9,0xFE,0xFF,
    0xFF,0xFF,0xF7,0xF7,0xF8,0xFB,0xFB,0xFB,0xF3,0xF7,0x77,0x8F,0xDF,0xE7,0xF3,0xF4,
    0xF3,0xC3,0x9F,0xBF,0x1F,0xDF,0xE7,0xF3,0xF3,0xE6,0xEF,0xEF,0xEF,0xDB,0x1C,0xBF,
    0xFF,0xFF,0xFF,0xFF,0xFF,0xFF,0xFF,0xE7,0xD3,0xDB,0xC3,0xFF,0xFF,0xFF,0xFF,0xFF,
    0xFF,0xFF,0xFF,0xFF,0xFF,0xFF,0xFF,0x00,0xFF,0xFF,0xE7,0xCB,0xDB,0xC3,0xFF,0xFF,
    0xFF,0xFF,0xFF,0xFC,0xE0,0x8F,0x3F,0x7F,0xFF,0xFF,0xFF,0xFF,0xFF,0xFF,0xFF,0xFF,
    0x9F,0x61,0xFE,0xFF,0xFF,0xFF,0xFF,0xFF,0xFF,0xFF,0xFF,0xFF,0xFF,0xFE,0xFE,0xFE,
    0xFD,0xFD,0xFD,0xFD,0xFD,0xFC,0xFB,0xF3,0xE7,0x9B,0x7B,0xE7,0xFF,0xFF,0xFF,0xFF,
    0xFF,0xFF,0xFF,0xFF,0xFF,0xFF,0xFF,0xE3,0xDB,0xDB,0xE3,0xFF,0xFF,0xFF,0xFF,0x00,
    0xFF,0xFF,0xFF,0xFF,0xFF,0xFF,0xFF,0xFF,0xFF,0xFF,0xE3,0xCB,0xC9,0xE3,0xFF,0xFE,
    0xFD,0xF9,0xFB,0xF3,0xF7,0xF7,0xF7,0xFB,0xF3,0xFC,0x87,0x3F,0xFF,0x7F,0x7F,0xFF,
    0xFF,0xFF,0x7F,0x3F,0x8F,0xE3,0xFD,0xFD,0xF9,0xFB,0xFB,0xFB,0xF7,0xF7,0xCF,0xBF,
    0xBF,0xBF,0x9E,0x9D,0x9D,0x9D,0x9D,0x99,0xDB,0xC7,0xFF,0xFF,0xFF,0xFF,0xFF,0xFF,
    0xFF,0xFF,0xFF,0xFF,0xFF,0xFF,0xFF,0x00,0xFF,0xFF,0xF3,0xE9,0xED,0xE3,0xFF,0xFF,
    0xFF,0xFF,0xFF,0xFF,0xFF,0xFF,0xFF,0xFF,0xFF,0xF7,0xE1,0xED,0xE1,0xF7,0xFF,0xFF,
    0xFF,0xFF,0xFF,0xFE,0xF9,0xF3,0xEF,0xEE,0xEF,0xE8,0xE7,0xFF,0xFF,0xFF,0xFF,0xFF,
    0xFF,0xFF,0xFF,0xFF,0xFF,0xFF,0xFF,0xFF,0xE1,0xED,0xED,0xE3,0xFF,0xFF,0xFF,0xFF,
    0xFF,0xFF,0xFF,0xFF,0xFF,0xFF,0xFF,0xE3,0xED,0xED,0xE3,0xFF,0xFF,0xFF,0xFF,0x00,
  },
  {
    0xFF,0xFF,0xFF,0xFF,0xFF,0xFF,0xFF,0xFF,0xFF,0xFF,0x87,0xB7,0xB7,0xCF,0xFF,0xFF,
    0xFF,0xFF,0xFF,0xFF,0xFF,0xFF,0xFF,0xFF,0xFF,0x87,0xB7,0xB7,0xCF,0xFF,0xFF,0xFF,
    0xFF,0xFF,0xFF,0xFF,0xFF,0xFF,0xFF,0xFF,0x7F,0x8F,0xF3,0xFD,0xFC,0x01,0xFF,0xFF,
    0xFF,0xFF,0xFF,0xFF,0xFF,0xFF,0xFF,0xCF,0xB7,0xB7,0x8F,0xFF,0xFF,0xFF,0xFF,0xFF,
    0xFF,0xFF,0xFF,0xFF,0xFF,0xFF,0xFF,0x00,0xFF,0xFF,0xC7,0xB7,0xB7,0xC7,0xFF,0xFF,
    0xFF,0xFF,0xFF,0xFF,0xFF,0xFF,0xFF,0xFF,0xFF,0xCF,0xB7,0xB7,0x87,0xFF,0xFF,0xFF,
    0xFF,0xFF,0xFF,0xFF,0xFF,0xFF,0xFF,0x7F,0xBF,0xDF,0xCF,0xEF,0xEF,0xE7,0xE7,0x73,
    0xF4,0x6F,0xE7,0x83,0x71,0xF8,0xFF,0xCF,0x97,0xB7,0x97,0xEF,0xFF,0xFF,0xFF,0xFF,
    0xFF,0xFF,0xFF,0xFF,0xFF,0xFF,0xEF,0x97,0xB7,0x97,0xCF,0xFF,0xFF,0xFF,0xFF,0x00,
    0xFF,0xFF,0xFF,0xFF,0xFF,0xFF,0xFF,0xFF,0xFF,0xFF,0xC7,0xB3,0xDF,0xE7,0xFF,0xFF,
    0xF9,0xF1,0xEB,0xDB,0xBB,0x9B,0x5B,0x5B,0x5B,0x5D,0x5D,0x6D,0xAE,0xDE,0x9E,0x7E,
    0xEF,0xC3,0x9B,0x93,0xEF,0xFF,0xFF,0x1F,0xDC,0xB3,0x70,0xA1,0x9F,0xE7,0xFF,0x7F,
    0x9F,0x4F,0x8F,0x0F,0x3F,0xFF,0xFF,0xC7,0xFB,0xFB,0xC7,0xFF,0xFF,0xFF,0xFF,0xFF,
    0xFF,0xFF,0xFF,0xFF,0xFF,0xFF,0xFF,0x00,0xFF,0xFF,0xE7,0xDB,0xDB,0xC7,0xFF,0xFF,
    0xFF,0xFF,0xFF,0xFF,0xFF,0xFF,0xFF,0x7F,0x3F,0x97,0x9B,0x5B,0x33,0x9F,0xFF,0xFF,
    0xFF,0xFF,0xFF,0xFF,0xFF,0xFF,0xFF,0xFF,0xE2,0xF0,0xFF,0xFE,0xFE,0xFE,0xFE,0xFE,
    0xFC,0x7E,0x9E,0xFF,0xFB,0xF3,0x60,0x0E,0x7F,0x3F,0x9F,0xC0,0xFF,0xFF,0xFF,0xFF,
    0xFF,0xFF,0xFF,0xFF,0xFF,0xFF,0xFF,0xC7,0xDB,0xDB,0xE7,0xFF,0xFF,0xFF,0xFF,0x00,
    0xFF,0xFF,0xFF,0xFF,0xFF,0xFF,0xFF,0xFF,0xFF,0xFF,0xFF,0x0F,0xE3,0xF9,0xFE,0xFE,
    0xFF,0xFF,0xF7,0xF7,0xF8,0xFB,0xFB,0xFB,0xFB,0xF3,0x77,0x8F,0xDF,0xEF,0xF3,0xF4,
    0xF3,0xC3,0x9F,0xBF,0x1F,0xDF,0xE7,0xF3,0xF3,0xE6,0xEF,0xEF,0xEF,0xDB,0x1C,0xBF,
    0xFF,0xFF,0xFF,0xFF,0xFF,0xFF,0xFF,0xE3,0xDB,0xDB,0xE3,0xFF,0xFF,0xFF,0xFF,0xFF,
    0xFF,0xFF,0xFF,0xFF,0xFF,0xFF,0xFF,0x00,0xFF,0xFF,0xE3,0xD9,0xDD,0xE3,0xFF,0xFF,
    0xFF,0xFF,0xFF,0xFC,0xE0,0x8F,0x3F,0xFF,0xFF,0xFF,0xFF,0xFF,0xFF,0xFF,0xFF,0xFF,
    0x9F,0x61,0xFE,0xFF,0xFF,0xFF,0xFF,0xFF,0xFF,0xFF,0xFF,0xFF,0x3F,0x7E,0xFE,0xFE,
    0xFD,0xFD,0xFD,0xFD,0xFD,0xFC,0xFB,0xF3,0xE7,0x9F,0x7F,0xFF,0xFF,0xFF,0xFF,0xFF,
    0xFF,0xFF,0xFF,0xFF,0xFF,0xFF,0xFF,0xFB,0xFD,0xCB,0xF7,0xFF,0xFF,0xFF,0xFF,0x00,
    0xFF,0xFF,0xFF,0xFF,0xFF,0xFF,0xFF,0xFF,0xFF,0xFF,0xE1,0xED,0xED,0xF3,0xFF,0xFE,
    0xFC,0xF9,0xFB,0xF3,0xF7,0xF7,0xF7,0xFB,0xF3,0xFC,0x87,0x3F,0xFF,0x7F,0x7F,0xFF,
    0xFF,0xFF,0x7F,0x3F,0x8F,0xE3,0xFD,0xFD,0xEB,0xEB,0xEB,0xFB,0xF7,0xF7,0xCF,0xBF,
    0xBF,0xBF,0x9E,0x9D,0x9D,0x9D,0x9D,0x9D,0xDB,0xC7,0xFF,0xFF,0xFF,0xFF,0xFF,0xFF,
    0xFF,0xFF,0xFF,0xFF,0xFF,0xFF,0xFF,0x00,0xFF,0xFF,0xF1,0xED,0xED,0xF1,0xFF,0xFF,
    0xFF,0xFF,0xFF,0xFF,0xFF,0xFF,0xFF,0xFF,0xFF,0xF3,0xED,0xED,0xE1,0xFF,0xFF,0xFF,
    0xFF,0xFF,0xFF,0xFE,0xF9,0xF3,0xEF,0xEE,0xEF,0xE8,0xE7,0xFF,0xFF,0xFF,0xFF,0xFF,
    0xFF,0xFF,0xFF,0xFF,0xFF,0xFF,0xFF,0xFB,0xE5,0xED,0xE5,0xF3,0xFF,0xFF,0xFF,0xFF,
    0xFF,0xFF,0xFF,0xFF,0xFF,0xFF,0xFF,0xE1,0xED,0xED,0xF3,0xFF,0xFF,0xFF,0xFF,0x00,
  },
  {
    0xFF,0xFF,0xFF,0xFF,0xFF,0xFF,0xFF,0xFF,0xFF,0xC7,0xD7,0xD7,0xC7,0xFF,0xFF,0xFF,
    0xFF,0xFF,0xFF,0xFF,0xFF,0xFF,0xFF,0xFF,0xC7,0xD7,0xD3,0xC7,0xFF,0xFF,0xFF,0xFF,
    0xFF,0xFF,0xFF,0xFF,0xFF,0xFF,0xFF,0xE7,0xF7,0x3F,0xC7,0xF3,0xFC,0xE1,0x07,0xFF,
    0xFF,0xFF,0xFF,0xFF,0xFF,0xFF,0xEF,0xD3,0xDB,0xC7,0xFF,0xFF,0xFF,0xFF,0xFF,0xFF,
    0xFF,0xFF,0xFF,0xFF,0xFF,0xFF,0xFF,0x00,0xFF,0xE7,0xD3,0xDB,0xC3,0xFF,0xFF,0xFF,
    0xFF,0xFF,0xFF,0xFF,0xFF,0xFF,0xFF,0xFF,0xEF,0xC3,0xDB,0xC3,0xFF,0xFF,0xFF,0xFF,
    0xFF,0xFF,0xFF,0xFF,0xFF,0xFF,0xFF,0x7F,0x33,0xDB,0x8B,0xDF,0xEF,0xE7,0xE7,0x6F,
    0xE0,0x7E,0xEF,0x97,0x53,0xF8,0xFC,0xCF,0xDB,0xDB,0xE7,0xFF,0xFF,0xFF,0xFF,0xFF,
    0xFF,0xFF,0xFF,0xFF,0xFF,0xFF,0xC7,0xDB,0xDB,0xE7,0xFF,0xFF,0xFF,0xFF,0xFF,0x00,
    0xFF,0xFF,0xFF,0xFF,0xFF,0xFF,0xFF,0xFF,0xFF,0xE3,0xDB,0xDB,0xE3,0xFF,0xFF,0xFF,
    0xF7,0xE7,0xD7,0xB7,0xB7,0x77,0xB7,0xB7,0xBB,0xBB,0x9B,0xDD,0x4D,0xAE,0x9E,0x3E,
    0x7F,0xC3,0x9B,0x1B,0xC7,0xFF,0xFF,0x1F,0xDC,0x9A,0xF2,0x21,0xB8,0xC7,0x7F,0x3F,
    0x8F,0xAF,0xE7,0x0F,0xBF,0xFF,0xF7,0xCB,0xDB,0xE3,0xFF,0xFF,0xFF,0xFF,0xFF,0xFF,
    0xFF,0xFF,0xFF,0xFF,0xFF,0xFF,0xFF,0x00,0xFF,0xF7,0xEB,0xE9,0xE3,0xFF,0xFF,0xFF,
    0xFF,0xFF,0xFF,0xFF,0xFF,0xFF,0xFF,0x7F,0x77,0x2B,0x69,0x63,0xFF,0xFF,0xFF,0xFE,
    0xFE,0xFE,0xFE,0xFE,0xFF,0xFF,0x3F,0xCF,0xF2,0xF8,0xFD,0xFE,0xFE,0xFE,0xFE,0xFE,
    0xFC,0xFC,0x1E,0xFF,0xFB,0xF1,0x24,0x0E,0xBF,0xBF,0xDF,0xE0,0xFF,0xFF,0xFF,0xFF,
    0xFF,0xFF,0xFF,0xFF,0xFF,0xFF,0xE3,0xEB,0xE9,0xE3,0xFF,0xFF,0xFF,0xFF,0xFF,0x00,
    0xFF,0xFF,0xFF,0xFF,0xFF,0xFF,0xFF,0xFF,0xFF,0xE3,0xED,0xFD,0x0F,0xF3,0xFC,0xFE,
    0xFF,0xFF,0xE8,0xE5,0xF7,0xF7,0xF7,0xF3,0xF3,0xF3,0x35,0xC7,0xEF,0xF7,0xF2,0xFD,
    0xE7,0xC1,0xDF,0xBF,0x5F,0xDF,0xEF,0xE3,0xE7,0xED,0xEE,0xEF,0xCF,0xDF,0x31,0xBF,
    0xFF,0xFF,0xFF,0xFF,0xFF,0xFF,0xF7,0xE5,0xED,0xE3,0xFF,0xFF,0xFF,0xFF,0xFF,0xFF,
    0xFF,0xFF,0xFF,0xFF,0xFF,0xFF,0xFF,0x00,0xFF,0xF3,0xE5,0xED,0xE1,0xFF,0xFF,0xFF,
    0xFF,0xFF,0xFF,0xFF,0xE0,0x8F,0x3F,0xFF,0xFF,0xFF,0xFF,0xFF,0xFF,0xFF,0xFF,0xFF,
    0xFF,0x01,0xFE,0xFF,0xFF,0xFF,0xFF,0xFF,0xFF,0xFF,0xFF,0xFF,0xFE,0xFE,0xFD,0xFD,
    0xFD,0xFD,0xFD,0xFD,0xFD,0xFC,0xF9,0xFB,0xF7,0xCF,0x3F,0xFF,0xFF,0xFF,0xFF,0xFF,
    0xFF,0xFF,0xFF,0xFF,0xFF,0xFF,0xF1,0xED,0xED,0xF1,0xFF,0xFF,0xFF,0xFF,0xFF,0x00,
    0xFF,0xFF,0xFF,0xFF,0xFF,0xFF,0xFF,0xFF,0xFF,0xF1,0xF4,0xF4,0xF1,0xFF,0xFE,0xFC,
    0xFD,0xFB,0xF3,0xF7,0xF7,0xF7,0xE7,0xF7,0xE7,0xFC,0x83,0x7F,0xBF,0x3F,0x7F,0x7F,
    0xFF,0x7F,0xBF,0xBF,0xCF,0xE3,0xFD,0xFD,0xFD,0xFD,0xF9,0xFB,0xFB,0xF7,0xF7,0xCF,
    0x9F,0x9F,0xDE,0xDC,0xDC,0xDC,0xDC,0xDD,0xDD,0xCB,0xE7,0xFF,0xFF,0xFF,0xFF,0xFF,
    0xFF,0xFF,0xFF,0xFF,0xFF,0xFF,0xFF,0x00,0xFF,0xF9,0xF6,0xF6,0xF1,0xFF,0xFF,0xFF,
    0xFF,0xFF,0xFF,0xFF,0xFF,0xFF,0xFF,0xFF,0xFF,0xF4,0xF6,0xF4,0xFF,0xFF,0xFF,0xFF,
    0xFF,0xFF,0xFF,0xFE,0xF9,0xF7,0xEF,0xEF,0xEF,0xEC,0xE5,0xFF,0xFF,0xFF,0xFF,0xFF,
    0xFF,0xFF,0xFF,0xFF,0xFF,0xFF,0xFF,0xF1,0xF6,0xF6,0xF9,0xFF,0xFF,0xFF,0xFF,0xFF,
    0xFF,0xFF,0xFF,0xFF,0xFF,0xFF,0xF1,0xF6,0xF6,0xF9,0xFF,0xFF,0xFF,0xFF,0xFF,0x00,
  },
  {
    0xFF,0xFF,0xFF,0xFF,0xFF,0xFF,0xFF,0xFF,0xEF,0xC3,0xDB,0xC3,0xF7,0xFF,0xFF,0xFF,
    0xFF,0xFF,0xFF,0xFF,0xFF,0xFF,0xFF,0xFF,0xC3,0xDB,0xC3,0xE7,0xFF,0xFF,0xFF,0xFF,
    0xFF,0xFF,0xFF,0xFF,0xFF,0xFF,0xFF,0xC3,0xFB,0x3B,0x9F,0xE7,0xF3,0xFD,0x00,0xFF,
    0xFF,0xFF,0xFF,0xFF,0xFF,0xFF,0xE7,0xDB,0xDB,0xE7,0xFF,0xFF,0xFF,0xFF,0xFF,0xFF,
    0xFF,0xFF,0xFF,0xFF,0xFF,0xE3,0xFF,0x00,0xFF,0xE3,0xDB,0xEB,0xE3,0xFF,0xFF,0xFF,
    0xFF,0xFF,0xFF,0xFF,0xFF,0xFF,0xFF,0x7F,0x63,0x6B,0x6B,0x63,0x7F,0x7F,0x7F,0x7F,
    0x7F,0x7F,0x3F,0xBF,0xBF,0xBF,0x9F,0xCF,0xED,0xE3,0x77,0xF7,0xFB,0xF3,0x77,0xF1,
    0x6C,0xEF,0x0F,0x77,0xF3,0xFC,0xEE,0xCF,0xE9,0xE3,0xFF,0xFF,0xFF,0xFF,0xFF,0xFF,
    0xFF,0xFF,0xFF,0xFF,0xFF,0xF7,0xEB,0xED,0xE3,0xFF,0xFF,0xFF,0xFF,0xFF,0xFF,0x00,
    0xFF,0xFF,0xFF,0xFF,0xFF,0xFF,0xFF,0xFF,0xF3,0xED,0xED,0xE3,0xFF,0xFF,0xFF,0xFF,
    0xFE,0xFD,0xFB,0xF6,0xEA,0xE2,0xF6,0xF7,0xF3,0xEB,0xEB,0xED,0xCF,0x9F,0xBF,0x61,
    0x44,0x4E,0x71,0x7F,0xDF,0x5F,0x5F,0x7A,0x32,0xA0,0xDA,0xFF,0xFF,0xFF,0xFF,0xFF,
    0xFF,0xFF,0xFF,0xFF,0xFF,0xFF,0xE3,0xED,0xE9,0xF3,0xFF,0xFF,0xFF,0xFF,0xFF,0xFF,
    0xFF,0xFF,0xFF,0xFF,0xFF,0xE3,0xFF,0x00,0xFF,0xF1,0xED,0xED,0xF3,0xFF,0xFF,0xFF,
    0xFF,0xFF,0xFF,0xFF,0xFF,0xFF,0xFF,0xFF,0xF1,0xED,0xED,0xF3,0xFF,0xFF,0xFF,0xFF,
    0xFF,0xFF,0x7F,0x87,0xFB,0xFC,0xFD,0xFF,0xFF,0xFF,0xFF,0xFF,0x1E,0xBE,0xBF,0xBF,
    0x9F,0xDD,0xDC,0x1A,0xD7,0xBF,0x33,0x25,0x6D,0x71,0x7F,0x7F,0xFF,0xFF,0xFF,0xFF,
    0xFF,0xFF,0xFF,0xFF,0xFF,0xF3,0xED,0xED,0xE1,0xFF,0xFF,0xFF,0xFF,0xFF,0xFF,0x00,
    0xFF,0xFF,0xFF,0xFF,0xFF,0xFF,0xFF,0xFF,0xFB,0xF5,0xEC,0xF5,0x1F,0x07,0xF9,0xFC,
    0xFC,0xF8,0xC2,0xEF,0xEF,0xEF,0xF7,0xF7,0xF7,0xF7,0x76,0x95,0xED,0xFB,0xF2,0xF8,
    0xE7,0xCF,0xDF,0xCF,0xF0,0xF7,0xEF,0xEF,0xE7,0xD7,0xE9,0x84,0x1B,0xF9,0xF7,0xF5,
    0xF4,0xF3,0xF8,0xFF,0xFF,0xFF,0xF1,0xFE,0xE5,0xF1,0xFF,0xFF,0xFF,0xFF,0xFF,0xFF,
    0xFF,0xFF,0xFF,0xFF,0xFF,0xF1,0xFF,0x00,0xFF,0xF1,0xF6,0xF6,0xF1,0xFF,0xFF,0xFF,
    0xFF,0xFF,0xFF,0xFF,0xF0,0x87,0x7F,0xFF,0xFF,0xFF,0xFF,0xFF,0xFF,0xFF,0xFF,0xFF,
    0x07,0xF9,0xFE,0xFF,0xFF,0xFF,0xFF,0xFF,0xFF,0xDF,0x1F,0xFF,0xFF,0xFF,0xFF,0xFF,
    0xFF,0xFF,0xFF,0xFF,0xF8,0xF3,0xCF,0x1E,0x76,0xF1,0xFF,0xFF,0xFF,0xFF,0xFF,0xFF,
    0xFF,0xFF,0xFF,0xFF,0xFF,0xFB,0xF4,0xF6,0xF4,0xFF,0xFF,0xFF,0xFF,0xFF,0xFF,0x00,
    0xFF,0xFF,0x7F,0xFF,0xFF,0xFF,0xFF,0xFF,0xF9,0xF6,0xF6,0xF0,0xFF,0xFF,0xFE,0xFC,
    0xF9,0xF3,0xF7,0xE7,0xEF,0xEF,0xEF,0xCF,0xE0,0xCF,0x1F,0x7F,0xFF,0xFF,0xFF,0xFF,
    0xFF,0xFF,0xFF,0x7E,0xBF,0xBF,0x3F,0x7F,0xFF,0xEF,0xEF,0xF7,0x77,0x37,0x37,0x82,
    0xD8,0xFF,0xFF,0xFF,0xFF,0xFF,0xF0,0xF6,0xF6,0xF9,0xFF,0xFF,0xFF,0xFF,0xFF,0x7F,
    0xFF,0xFF,0xFF,0xFF,0xFF,0xFF,0xFF,0x00,0xFF,0xF8,0xF7,0xF2,0xF8,0xFF,0xFF,0xFF,
    0xFF,0x7F,0x7F,0x7F,0xFF,0xFF,0xFF,0xFF,0xF8,0xF2,0xF6,0xF8,0xFF,0xFF,0xFF,0xFF,
    0x7F,0x7F,0x7F,0xFE,0xF8,0xF3,0xEF,0xEF,0xED,0xE1,0xFA,0xFF,0xFF,0xFF,0xFF,0x7F,
    0x7E,0x7E,0xFE,0xFE,0xFE,0xFF,0xFD,0xF3,0xF7,0xF8,0xFF,0xFF,0xFF,0xFF,0x7F,0x7F,
    0x7F,0xFF,0xFF,0xFF,0xFF,0xFD,0xF8,0xF6,0xFA,0xFD,0xFF,0xFF,0xFF,0xFF,0xFF,0x00,
  },
  {
    0xFF,0xFF,0xFF,0xFF,0xFF,0xFF,0xFF,0xFF,0xE3,0xCB,0xDB,0xE3,0xFF,0xFF,0xFF,0xFF,
    0xFF,0xFF,0xFF,0xFF,0xFF,0xFF,0xFF,0xE3,0xEB,0xDB,0xE3,0xFF,0xFF,0xFF,0xFF,0xFF,
    0xFF,0xFF,0xFF,0xFF,0xFF,0xFF,0xF7,0xEB,0xFD,0x3B,0xDF,0xE7,0xF3,0xFD,0x00,0xFF,
    0xFF,0xFF,0xFF,0xFF,0xFF,0xF7,0xCB,0xD9,0xEB,0xF7,0xFF,0xFF,0xFF,0xFF,0xFF,0xFF,
    0xFF,0xFF,0xFF,0xFF,0xFF,0xE3,0xFF,0x00,0xFF,0xE9,0xED,0xED,0xF7,0xFF,0xFF,0xFF,
    0xFF,0xFF,0xFF,0xFF,0xFF,0xFF,0xFF,0x7F,0x61,0x6D,0x49,0x73,0x7F,0x7F,0x7F,0x7F,
    0x7F,0x7F,0x3F,0xBF,0xBF,0xBF,0x9F,0xCF,0xEF,0xE7,0x77,0xF7,0xFB,0xF3,0x77,0xF1,
    0x6C,0xEF,0x0F,0x77,0xF3,0xFC,0xEE,0xEF,0xED,0xE3,0xFF,0xFF,0xFF,0xFF,0xFF,0xFF,
    0xFF,0xFF,0xFF,0xFF,0xFF,0xE3,0xED,0xED,0xE3,0xFF,0xFF,0xFF,0xFF,0xFF,0xFF,0x00,
    0xFF,0xFF,0xFF,0xFF,0xFF,0xFF,0xFF,0xFF,0xF3,0xED,0xED,0xE3,0xFF,0xFF,0xFF,0xFF,
    0xFE,0xFD,0xFB,0xF6,0xFA,0xE2,0xF6,0xF7,0xF3,0xEB,0xEB,0xED,0xCF,0x9F,0x3F,0x61,
    0x44,0x4E,0x71,0x7F,0x5F,0x5F,0x5F,0x7A,0x32,0xA0,0xDA,0xFF,0xFF,0xFF,0xFF,0xFF,
    0xFF,0xFF,0xFF,0xFF,0xFF,0xFB,0xED,0xED,0xED,0xF3,0xFF,0xFF,0xFF,0xFF,0xFF,0xFF,
    0xFF,0xFF,0xFF,0xFF,0xFF,0xFF,0xFF,0x00,0xFF,0xF5,0xEC,0xF5,0xF3,0xFF,0xFF,0xFF,
    0xFF,0xFF,0xFF,0xFF,0xFF,0xFF,0xFF,0xFF,0xF1,0xED,0xE5,0xF1,0xFF,0xFF,0xFF,0xFF,
    0xFF,0xFF,0x7F,0x87,0xFB,0xFC,0xFD,0xFF,0xFF,0xFF,0xFF,0xFF,0x1E,0xBE,0xBF,0xBF,
    0x9F,0xDD,0xDC,0x1A,0xD7,0xFF,0x31,0x2F,0x6C,0x71,0x7F,0x7F,0xFF,0xFF,0xFF,0xFF,
    0xFF,0xFF,0xFF,0xFF,0xFF,0xF1,0xED,0xEE,0xF1,0xFF,0xFF,0xFF,0xFF,0xFF,0xFF,0x00,
    0xFF,0xFF,0xFF,0xFF,0xFF,0xFF,0xFF,0xFF,0xF9,0xF6,0xF6,0xF1,0x1F,0x87,0xF1,0xFC,
    0xFC,0xF8,0xC2,0xEF,0xEF,0xEF,0xF7,0xF5,0xF6,0xF6,0x76,0x95,0xED,0xFB,0xFA,0xF0,
    0xE7,0xCF,0xDF,0xEF,0xF0,0xF7,0xEF,0xEF,0xE7,0xD7,0xE9,0xC4,0x1B,0xF9,0xF3,0xF5,
    0xF0,0xF3,0xF8,0xFF,0xFF,0xFB,0xF1,0xF6,0xF4,0xF9,0xFF,0xFF,0xFF,0xFF,0xFF,0xFF,
    0xFF,0xFF,0xFF,0xFF,0xFF,0xF1,0xFF,0x00,0xFF,0xF4,0xF6,0xF6,0xF9,0xFF,0xFF,0xFF,
    0xFF,0xFF,0xFF,0xFF,0xE0,0x83,0x7F,0xFF,0xFF,0xFF,0xFF,0xFF,0xFF,0xFF,0xFF,0xFF,
    0x07,0xF8,0xFE,0xFF,0xFF,0xFF,0xFF,0xFF,0xFF,0xFF,0x1F,0xFF,0xFF,0xFF,0xFF,0xFF,
    0xFF,0xFF,0xFF,0xFF,0xF8,0xF3,0xCF,0x1E,0x76,0xF9,0xFF,0xFF,0xFF,0xFF,0xFF,0x7F,
    0xFF,0xFF,0xFF,0xFF,0xFF,0xF8,0xF6,0xF6,0xF8,0xFF,0xFF,0xFF,0xFF,0xFF,0xFF,0x00,
    0xFF,0x7F,0x7F,0x7F,0xFF,0xFF,0xFF,0xFF,0xF8,0xF6,0xF6,0xF8,0xFF,0xFF,0xFE,0xFD,
    0xFB,0x73,0x77,0xE7,0xEF,0xEF,0xEF,0xCF,0xE0,0xCF,0x1F,0x7F,0xFF,0xFF,0xFF,0xFF,
    0xFF,0xFF,0xFF,0x7E,0xBF,0xBF,0x3F,0x7F,0xDF,0xEF,0xEF,0xF7,0x77,0x37,0x37,0x83,
    0xD8,0xFF,0xFF,0xFF,0xFF,0xFF,0xFA,0xF7,0xFA,0xFD,0xFF,0xFF,0xFF,0xFF,0x7F,0x7F,
    0xFF,0xFF,0xFF,0xFF,0xFF,0xF8,0xFF,0x00,0xFF,0xFA,0xFB,0xFA,0xFD,0xFF,0xFF,0xFF,
    0x7F,0x7F,0x7F,0x7F,0xFF,0xFF,0xFF,0xFF,0xFA,0xF7,0xFA,0xFD,0xFF,0xFF,0xFF,0x7F,
    0x7F,0x7F,0x7F,0xFE,0xF8,0xF3,0xEF,0xEF,0xED,0xE1,0xFA,0xFF,0xFF,0xFF,0xFF,0x7F,
    0x7E,0x7E,0xFE,0xFE,0xFE,0xFF,0xF9,0xFB,0xFB,0xF8,0xFF,0xFF,0xFF,0xFF,0x7F,0x7F,
    0x7F,0x7F,0xFF,0xFF,0xFF,0xFC,0xFB,0xFB,0xF8,0xFF,0xFF,0xFF,0xFF,0xFF,0xFF,0x00,
  },
  {
    0xFF,0xFF,0xFF,0xFF,0xFF,0xFF,0xFF,0xF3,0xE5,0xED,0xE1,0xFF,0xFF,0xFF,0xFF,0xFF,
    0xFF,0xFF,0xFF,0xFF,0xFF,0xFF,0xFB,0xE1,0xED,0xE1,0xF3,0xFF,0xFF,0xFF,0xFF,0xFF,
    0xFF,0xFF,0xFF,0xFF,0xFF,0xFF,0xF1,0xED,0xE5,0xF3,0x7F,0xBF,0xDF,0xEF,0xF7,0x1B,
    0x81,0xFF,0xFF,0xFF,0xFF,0xF1,0xED,0xED,0xF1,0xFF,0xFF,0xFF,0xFF,0xFF,0xFF,0xFF,
    0xFF,0xFF,0xFF,0xFF,0xF1,0xED,0xFF,0x00,0xFF,0xEF,0xE5,0xF1,0xFF,0xFF,0xFF,0xFF,
    0xFF,0xFF,0xFF,0xFF,0xFF,0xFF,0xEF,0xCF,0x2F,0x6D,0xD9,0xDF,0xDF,0xDF,0xDF,0xDF,
    0xDF,0xCF,0xEF,0x6F,0xEF,0xEF,0xE5,0xF6,0xFA,0x73,0xF9,0xFB,0xFB,0x7B,0xFB,0xF7,
    0xF5,0xEE,0x0F,0xC7,0xE7,0xF3,0xF1,0xEE,0xF7,0xFF,0xFF,0xFF,0xFF,0xFF,0xFF,0xFF,
    0xFF,0xFF,0xFF,0xFF,0xFF,0xF5,0xEC,0xF5,0xFB,0xFF,0xFF,0xFF,0xFF,0xFF,0xFF,0x00,
    0xFF,0xFF,0xFF,0xFF,0xFF,0xFF,0xFF,0xFB,0xF0,0xF6,0xF4,0xFB,0xFF,0xFF,0xFF,0xFF,
    0xFF,0xFE,0xFD,0xFE,0xFA,0xFA,0xFD,0xFC,0xFA,0xFA,0xFA,0xFB,0xC7,0x91,0x20,0x66,
    0x70,0x7F,0x5F,0xDF,0x5F,0x7F,0x72,0xA6,0xF0,0xF7,0x9C,0x7F,0xFF,0xFF,0xFF,0xFF,
    0xFF,0xFF,0xFF,0xFF,0xFF,0xF1,0xF6,0xF6,0xF9,0xFF,0xFF,0xFF,0xFF,0xFF,0xFF,0xFF,
    0xFF,0xFF,0xFF,0xFF,0xF9,0xF6,0xFF,0x00,0xFF,0xF6,0xF6,0xF9,0xFF,0xFF,0xFF,0xFF,
    0xFF,0x7F,0xFF,0xFF,0xFF,0xFF,0xFF,0xF8,0xF6,0xF6,0xF8,0xFF,0xFF,0xFF,0xFF,0xFF,
    0x7F,0xE3,0x8D,0xFE,0xFE,0xFE,0xFF,0x1F,0xFF,0xFF,0xFF,0xFE,0xC3,0x0B,0x7E,0x3F,
    0xBF,0x9F,0xC3,0xF8,0xFF,0xFD,0xFD,0xF6,0xF0,0xFF,0xFF,0xFF,0xFF,0xFF,0xFF,0xFF,
    0xFF,0xFF,0xFF,0xFF,0xF9,0xF2,0xF6,0xF0,0xF9,0xFF,0xFF,0xFF,0xFF,0xFF,0xFF,0x00,
    0xFF,0x7F,0x7F,0xFF,0xFF,0xFF,0xFF,0xFF,0xF8,0xF7,0xF8,0xFF,0xFF,0x7F,0x1F,0xC7,
    0x0F,0x7F,0xFF,0x7F,0x7F,0xBF,0xDF,0xCE,0xE7,0x76,0x16,0xE7,0xF7,0xF3,0xFF,0xE8,
    0xF4,0xFD,0xFD,0xF9,0xFB,0xF8,0xFD,0xF7,0xF3,0xC8,0xDD,0xBD,0x19,0xC3,0xFF,0x7F,
    0xFF,0xFF,0xFF,0xFF,0xFF,0xF8,0xF3,0xF6,0xF8,0xFF,0xFF,0xFF,0xFF,0x7F,0x7F,0x7F,
    0xFF,0xFF,0xFF,0xFF,0xF8,0xF2,0xFF,0x00,0xFF,0xFB,0xFB,0xF8,0xFF,0xFF,0xFF,0xFF,
    0x7F,0x7F,0x7F,0xFF,0xFF,0x80,0x3E,0xFF,0xFF,0xFF,0xFE,0xFF,0xFF,0xFF,0xFF,0xFF,
    0x03,0xFC,0xFF,0xFF,0xFF,0xFF,0xEF,0xCF,0xBF,0xFF,0xFF,0xFF,0xFF,0xFF,0xFF,0xFF,
    0xFF,0xFF,0xFF,0xFF,0xFE,0xF9,0x87,0x3F,0xF8,0xFF,0xFF,0xFF,0xFF,0x7F,0x7F,0x7F,
    0xFF,0xFF,0xFF,0xFF,0xFD,0xFA,0xFB,0xFA,0xFD,0xFF,0xFF,0xFF,0xFF,0x7F,0xFF,0x00,
    0xFF,0x3F,0x7F,0x7F,0xFF,0xFF,0xFF,0xFC,0xFB,0xFB,0xF8,0xFF,0xFF,0xFF,0xFC,0x79,
    0x73,0x67,0x6F,0xCF,0xDF,0x9F,0x9F,0x9F,0xC0,0xDF,0x3F,0x7F,0xFF,0xFF,0xFF,0xFF,
    0xFF,0xFF,0x7F,0xBF,0xBF,0x7F,0xFF,0xFF,0xFF,0xFF,0x7F,0x7F,0x7F,0x9F,0xC7,0x70,
    0x7F,0xFF,0xFF,0xFF,0xFF,0xF8,0xFB,0xFB,0xFC,0xFF,0xFF,0xFF,0xFF,0x7F,0x3F,0x7F,
    0xFF,0xFF,0xFF,0xFF,0xFC,0xFB,0xFF,0x00,0xFF,0xFB,0xF9,0xFC,0xFF,0xFF,0xFF,0x7F,
    0x7F,0x3F,0x7F,0xFF,0xFF,0xFF,0xFF,0xFC,0xFB,0xFB,0xFC,0xFF,0xFF,0xFF,0x7F,0x3F,
    0x3F,0x3F,0x7F,0xFE,0xF8,0xF3,0xEF,0xEF,0xEF,0xE1,0xF4,0xFF,0xFF,0xE0,0x67,0x2F,
    0x2F,0x67,0xF0,0xFF,0xFF,0xFD,0xFD,0xFB,0xF8,0xFF,0xFF,0xFF,0xFF,0x7F,0xBF,0x3F,
    0x7F,0xFF,0xFF,0xFF,0xFF,0xFC,0xFB,0xFC,0xFF,0xFF,0xFF,0xFF,0x7F,0x3F,0xFF,0x00,
  },
  {
    0xFF,0xFF,0xFF,0xFF,0xFF,0xFF,0xFF,0xF1,0xF5,0xF5,0xF1,0xFF,0xFF,0xFF,0xFF,0xFF,
    0xFF,0xFF,0xFF,0xFF,0xFF,0xFF,0xF9,0xF5,0xF5,0xF1,0xFF,0xFF,0xFF,0xFF,0xFF,0xFF,
    0xFF,0xFF,0xFF,0xFF,0xFF,0xF9,0xF5,0xE5,0xF1,0xFF,0xFF,0xFF,0xFF,0xFF,0xFF,0xFF,
    0xFF,0xFF,0xFF,0xFF,0xFB,0xF5,0xF5,0xF1,0xFB,0xFF,0xFF,0xFF,0xFF,0xFF,0xFF,0xFF,
    0xFF,0xFF,0xFF,0xFB,0xF1,0xE5,0xFF,0x00,0xF7,0xF6,0xF0,0xFF,0xFF,0xFF,0xFF,0xFF,
    0xFF,0xFF,0xFF,0xFF,0xFF,0xFF,0xFF,0xFE,0xF0,0xE6,0xCD,0xDD,0xAD,0x69,0x5B,0x5B,
    0x9B,0x9B,0x93,0x73,0xFB,0xFB,0xF2,0xFA,0x7A,0xFB,0xF9,0xFB,0xFB,0xFB,0xF3,0xF3,
    0xF3,0xF3,0xF3,0xDB,0xDB,0x9B,0xDB,0x59,0x4D,0xAD,0xBD,0xDD,0xE5,0xF1,0xF8,0xFE,
    0xFF,0xFF,0xFF,0xFF,0xF9,0xF6,0xF6,0xF1,0xFF,0xFF,0xFF,0xFF,0xFF,0xFF,0xFF,0x00,
    0xFF,0x7F,0xFF,0xFF,0xFF,0xFF,0xFF,0xF8,0xF6,0xF6,0xF8,0xFF,0xFF,0xFF,0xFF,0xFF,
    0x7F,0x7F,0xFF,0xFF,0xFF,0xFF,0xF9,0xF3,0xF2,0xFA,0xFF,0xFE,0x66,0x90,0xA6,0x62,
    0x7D,0x5F,0x5F,0x5F,0x7F,0x38,0x26,0x26,0xB1,0x5F,0x70,0xFE,0xFE,0xFE,0x7E,0x7F,
    0xFF,0xFF,0xFF,0xFF,0xFD,0xF0,0xF6,0xF0,0xFF,0xFF,0xFF,0xFF,0xFF,0x7F,0x7F,0xFF,
    0xFF,0xFF,0xFF,0xFF,0xF3,0xF7,0xFF,0x00,0xFF,0xFB,0xF8,0xFF,0xFF,0xFF,0xFF,0x7F,
    0x7F,0x7F,0xFF,0xFF,0xFF,0xFF,0xFD,0xFA,0xFB,0xFA,0xFD,0xFF,0xFF,0xFF,0xFF,0x7F,
    0x7F,0xFF,0x9F,0xE3,0xFF,0xFE,0xFF,0x3F,0xBF,0x9F,0xDE,0xDF,0x1F,0xDF,0x27,0x63,
    0xE7,0xEF,0xDF,0x3D,0x75,0xCE,0xFB,0xF2,0xF8,0xFF,0xFF,0xFF,0xFF,0x7F,0x7F,0x7F,
    0xFF,0xFF,0xFF,0xFF,0xF8,0xFB,0xFB,0xF8,0xFF,0xFF,0xFF,0xFF,0x7F,0x7F,0xFF,0x00,
    0x7F,0x7F,0x7F,0xFF,0xFF,0xFF,0xFF,0xF8,0xFB,0xFB,0xFC,0xFF,0xFF,0xFF,0xFF,0xFF,
    0xFF,0xFF,0xFF,0xFF,0xFF,0xFF,0xFC,0xFB,0xFB,0xFF,0x1D,0x82,0xF7,0xF1,0xF7,0xF0,
    0xF7,0xF7,0xF3,0xC9,0xDC,0xEF,0xE7,0xF6,0xF1,0xFB,0xE1,0x0C,0x7F,0xFF,0x7F,0x7F,
    0x7F,0xFF,0xFF,0xFF,0xFD,0xF8,0xFB,0xF8,0xFE,0xFF,0xFF,0xFF,0x7F,0x7F,0x7F,0x7F,
    0xFF,0xFF,0xFF,0xFF,0xF8,0xFB,0xFF,0x00,0xFF,0xFB,0xFC,0xFF,0xFF,0xFF,0xFF,0x7F,
    0xBF,0x3F,0x7F,0xFF,0xFF,0xFF,0x01,0x3C,0xF3,0xF7,0xF7,0xF7,0xF7,0xF3,0xF9,0x7C,
    0x06,0xF8,0xFE,0xFF,0xFF,0xF7,0xCF,0xFF,0xFF,0xFF,0xFF,0xFF,0xFF,0xFF,0xFF,0xFF,
    0xFF,0xFF,0xFF,0xFF,0xFE,0xF0,0x03,0xFF,0xFC,0xFF,0xFF,0xFF,0xFF,0x7F,0xBF,0x7F,
    0xFF,0xFF,0xFF,0xFF,0xFC,0xFB,0xFB,0xFC,0xFF,0xFF,0xFF,0xFF,0x7F,0xBF,0xFF,0x00,
    0xFF,0xBF,0x3F,0xFF,0xFF,0xFF,0xFF,0xFC,0xFD,0xFD,0xFC,0xFF,0xFF,0xFF,0xFF,0x3C,
    0xB9,0x37,0x67,0xEF,0xDF,0x9F,0x3F,0x7C,0x63,0x9F,0xBF,0x7F,0xFF,0xFF,0xFF,0xFF,
    0xFF,0xFF,0x5F,0x9F,0xBF,0x7F,0xFF,0xFF,0xFF,0xFF,0xFF,0x3F,0x9F,0xC1,0xF0,0xBF,
    0x7F,0xFF,0xFF,0xFF,0xFE,0xFD,0xFB,0xFC,0xFF,0xFF,0xFF,0xFF,0x7F,0xBF,0xBF,0x7F,
    0xFF,0xFF,0xFF,0xFF,0xFC,0xF9,0xFF,0x00,0xFD,0xFD,0xFC,0xFF,0xFF,0xFF,0xFF,0x3F,
    0xBF,0xBF,0x7F,0xFF,0xFF,0xFF,0xFF,0xFC,0xFD,0xFC,0xFF,0xFF,0xFF,0xFF,0x7F,0xBF,
    0xBF,0x3F,0xFF,0xFF,0xFC,0xE3,0xEF,0xEF,0xE7,0xF0,0xFD,0xFF,0xF7,0x60,0x2F,0xA7,
    0x2F,0xF3,0xF8,0xFE,0xFF,0xFC,0xFD,0xFD,0xFE,0xFF,0xFF,0xFF,0xFF,0x3F,0xBF,0x3F,
    0x7F,0xFF,0xFF,0xFF,0xFC,0xFD,0xFD,0xFC,0xFF,0xFF,0xFF,0xFF,0x3F,0xBF,0xFF,0x00,
  },
  {
    0xFF,0x7F,0xFF,0xFF,0xFF,0xFF,0xFF,0xF1,0xF7,0xF1,0xF9,0xFF,0xFF,0xFF,0xFF,0xFF,
    0xFF,0xFF,0xFF,0xFF,0xFF,0x81,0x1B,0xF3,0xE7,0xCF,0xBF,0x7F,0xFF,0xFF,0xFF,0xFF,
    0xFF,0xFF,0xFF,0xFF,0xFF,0xF9,0xF7,0xF5,0xF9,0xFF,0xFF,0xFF,0xFF,0xFF,0xFF,0xFF,
    0xFF,0xFF,0xFF,0xFF,0xF9,0xF5,0xF7,0xF1,0xFF,0xFF,0xFF,0xFF,0xFF,0x7F,0xFF,0xFF,
    0xFF,0xFF,0xFF,0xF9,0xF7,0xF7,0xFF,0x00,0xF7,0xF6,0xF8,0xFF,0xFF,0xFF,0xFF,0xFF,
    0x7F,0x7F,0xFF,0xFF,0xFF,0xFF,0xF9,0xFA,0xF6,0xF8,0xFD,0xFF,0xFF,0xFF,0xFE,0x79,
    0x73,0xE7,0xD7,0x1F,0xEE,0xFD,0xF7,0xFB,0x7B,0xFB,0xFB,0xF9,0x73,0xFB,0xF7,0xE7,
    0xE7,0xEF,0x6F,0x6F,0xEF,0xDE,0xDE,0xD2,0xD9,0xDF,0xDF,0xCF,0x4F,0x2F,0xCF,0xFF,
    0xFF,0xFF,0xFF,0xFF,0xF8,0xF6,0xF2,0xF9,0xFF,0xFF,0xFF,0xFF,0x7F,0x7F,0xFF,0x00,
    0xFF,0x7F,0x7F,0xFF,0xFF,0xFF,0xFF,0xF8,0xFB,0xFB,0xFC,0xFF,0xFF,0xFF,0xFF,0x7F,
    0x7F,0x7F,0xFF,0xFF,0xFF,0xFF,0xF8,0xFB,0xFA,0xFD,0xFF,0xEC,0xDB,0xB0,0x66,0x70,
    0x7F,0xDF,0x5F,0x5F,0x7F,0xA4,0x26,0x70,0x9B,0xC7,0xFB,0xFA,0xFA,0x7A,0x7C,0x78,
    0xFA,0xFA,0xFC,0xFD,0xFE,0xFB,0xFB,0xF8,0xFF,0xFF,0xFF,0xFF,0x7F,0x7F,0x7F,0xFF,
    0xFF,0xFF,0xFF,0xFD,0xFA,0xFB,0xFF,0x00,0xFF,0xFB,0xF8,0xFF,0xFF,0xFF,0xFF,0x7F,
    0x7F,0x7F,0xFF,0xFF,0xFF,0xFF,0xFC,0xFB,0xFB,0xF8,0xFF,0xFF,0xFF,0xFF,0x7F,0xFF,
    0x3F,0xFF,0x3D,0xFD,0x7E,0x1E,0x8F,0x3F,0x7F,0xFE,0xFE,0xFF,0xFC,0xF1,0xE7,0x0F,
    0x3F,0x80,0xFF,0x79,0xA5,0xDF,0xFB,0xFA,0xFC,0xFF,0xFF,0xFF,0x7F,0x7F,0x7F,0x7F,
    0xFF,0xFF,0xFF,0xFF,0xF8,0xFB,0xFB,0xFC,0xFF,0xFF,0xFF,0xFF,0x7F,0x7F,0xFF,0x00,
    0xFF,0xBF,0x7F,0xFF,0xFF,0xFF,0xFF,0xF9,0xFB,0xF9,0xFE,0xFF,0xFF,0xFF,0x7F,0x3F,
    0xBF,0x7F,0xFF,0xFF,0xFF,0xFF,0xFC,0xFB,0xFB,0xFE,0x1D,0x03,0xF0,0xCE,0xBF,0x7F,
    0x7C,0x79,0xE7,0xDB,0xFC,0xFB,0xFD,0xFE,0xF8,0xFB,0xF1,0xC6,0x37,0xCF,0x3F,0xFF,
    0xFF,0xFF,0xFF,0xFF,0xFC,0xFB,0xFB,0xFC,0xFF,0xFF,0xFF,0xFF,0x7F,0xBF,0x3F,0x7F,
    0xFF,0xFF,0xFF,0xFC,0xFB,0xFB,0xFF,0x00,0xFF,0xFD,0xFC,0xFF,0xFF,0xFF,0xFF,0x3F,
    0xBF,0xBF,0x7F,0xFF,0xFF,0xFF,0xFC,0xFD,0x0D,0xBC,0x3F,0x7F,0x3F,0xBF,0xDF,0xEF,
    0x07,0xE3,0xFC,0xFF,0xFF,0xCF,0xBF,0xFF,0xFF,0xFF,0xFE,0xFF,0xCF,0xE7,0xFF,0xFF,
    0xFF,0xFF,0xFF,0xFF,0xFE,0xF9,0x00,0xFF,0xFF,0xFF,0xFF,0xFF,0x7F,0xBF,0xBF,0x3F,
    0xFF,0xFF,0xFF,0xFF,0xFC,0xF9,0xFD,0xFE,0xFF,0xFF,0xFF,0x7F,0xBF,0xBF,0xFF,0x00,
    0xFF,0xBF,0x3F,0xFF,0xFF,0xFF,0xFF,0xFD,0xFD,0xFD,0xFE,0xFF,0xFF,0xFF,0x7F,0xBF,
    0xBC,0x31,0xE7,0xEF,0x8F,0x3F,0x7F,0x73,0x44,0x3F,0xBF,0xBF,0x7F,0xFF,0xFF,0xFF,
    0xFF,0x6F,0x9F,0xBF,0x7F,0x7F,0xFF,0xFF,0xFF,0xFF,0xFF,0x3F,0xCF,0xF3,0xBC,0xBF,
    0x7F,0xFF,0xFF,0xFF,0xFE,0xFD,0xFD,0xFC,0xFF,0xFF,0xFF,0xFF,0x3F,0xBF,0xBF,0x7F,
    0xFF,0xFF,0xFF,0xFE,0xFD,0xFD,0xFF,0x00,0xFD,0xFD,0xFE,0xFF,0xFF,0xFF,0xFF,0x3F,
    0xDF,0xBF,0x3F,0xFF,0xFF,0xFF,0xFE,0xFD,0xFD,0xFE,0xFF,0xFF,0xFF,0xFF,0x3F,0xDF,
    0x9F,0x3F,0xFF,0xFF,0xFF,0xE0,0xE7,0xEF,0xE7,0xF0,0xFF,0xFF,0xE1,0x2C,0xA7,0xAF,
    0x27,0xF3,0xF8,0xFE,0xFF,0xFE,0xFD,0xFC,0xFF,0xFF,0xFF,0xFF,0x3F,0x9F,0xDF,0x3F,
    0xFF,0xFF,0xFF,0xFF,0xFE,0xFD,0xFD,0xFE,0xFF,0xFF,0xFF,0x3F,0xBF,0xDF,0xFF,0x00,
  },
  {
    0x7F,0x7F,0xFF,0xFF,0xFF,0xFF,0xF9,0xF9,0xF9,0xF9,0xFF,0xFF,0xFF,0xFF,0x7F,0x7F,
    0x7F,0xFF,0xFF,0xFF,0xFF,0x07,0x6F,0xD9,0xB9,0x7F,0xFF,0xFF,0xFF,0x7F,0x7F,0x7F,
    0xFF,0xFF,0xFF,0xFF,0xFD,0xFB,0xFB,0xF9,0xFF,0xFF,0xFF,0xFF,0x7F,0x7F,0x7F,0xFF,
    0xFF,0xFF,0xFF,0xFD,0xF9,0xF9,0xF9,0xFD,0xFF,0xFF,0xFF,0xFF,0x7F,0x7F,0xFF,0xFF,
    0xFF,0xFF,0xFF,0xF9,0xFB,0xF9,0xFF,0x00,0xFB,0xF8,0xFF,0xFF,0xFF,0xFF,0x7F,0xFF,
    0x7F,0x7F,0xFF,0xFF,0xFF,0xFF,0xF8,0xFB,0xF9,0xFC,0xFF,0xFF,0xFF,0xFE,0x70,0xE7,
    0xEF,0xDF,0x5E,0x7D,0xBB,0xF6,0xEF,0xEB,0xEC,0xEF,0xE7,0xCF,0xEF,0xDF,0xDF,0xDF,
    0xDF,0xCF,0xEF,0xEF,0xEC,0xEF,0x67,0x74,0x37,0xB7,0x57,0x83,0xF1,0x7F,0x7F,0xFF,
    0xFF,0xFF,0xFF,0xFC,0xFB,0xFB,0xFC,0xFF,0xFF,0xFF,0xFF,0x7F,0x3F,0x7F,0xFF,0x00,
    0xBF,0x7F,0xFF,0xFF,0xFF,0xFF,0xFC,0xFB,0xFB,0xFC,0xFF,0xFF,0xFF,0xFF,0x7F,0xBF,
    0x3F,0xFF,0xFF,0xFF,0xFF,0xFC,0xF9,0xF9,0xFD,0xFF,0xFB,0x02,0xC7,0x83,0x9B,0xE1,
    0x7F,0x7F,0x7F,0xFF,0xE5,0x9B,0x9B,0xC7,0x7F,0x8F,0xF2,0xFA,0x7A,0xBE,0x3E,0x7D,
    0xFD,0xFE,0xFF,0xFF,0xFD,0xFB,0xFC,0xFE,0xFF,0xFF,0xFF,0x7F,0xBF,0xBF,0x7F,0xFF,
    0xFF,0xFF,0xFF,0xFC,0xFB,0xF9,0xFF,0x00,0xFF,0xFC,0xFF,0xFF,0xFF,0xFF,0x3F,0xBF,
    0xBF,0x7F,0xFF,0xFF,0xFF,0xFF,0xFD,0xFD,0xFD,0xFE,0xFF,0xFF,0xFF,0x7F,0xBF,0xBF,
    0xFF,0x1F,0xDF,0xF9,0xFE,0xFC,0x7D,0x7D,0x7D,0x7B,0xED,0x85,0x75,0xF5,0xCD,0x9E,
    0x7F,0xFD,0x73,0x07,0x7C,0xFD,0xFD,0xFC,0xFF,0xFF,0xFF,0xFF,0x3F,0xBF,0x3F,0x7F,
    0xFF,0xFF,0xFF,0xFC,0xFD,0xFD,0xFC,0xFF,0xFF,0xFF,0xFF,0x3F,0xBF,0xBF,0xFF,0x00,
    0xFF,0x3F,0xFF,0xFF,0xFF,0xFF,0xFE,0xFD,0xFD,0xFE,0xFF,0xFF,0xFF,0x7F,0x3F,0xBF,
    0xBF,0x7F,0xFF,0xFF,0xFF,0xFE,0xFD,0xFD,0xFF,0xEC,0x6F,0x1F,0xE1,0xDC,0xDE,0xDF,
    0xCF,0xB1,0xBC,0xC7,0xF4,0xFB,0xF7,0xF7,0xFA,0xFC,0xF8,0x8F,0x7F,0xFC,0xF1,0x07,
    0xFF,0xFF,0xFF,0xFF,0xFC,0xFD,0xFD,0xFF,0xFF,0xFF,0xFF,0x3F,0xBF,0xBF,0x3F,0xFF,
    0xFF,0xFF,0xFF,0xFC,0xFD,0xFD,0xFF,0x00,0xFD,0xFE,0xFF,0xFF,0xFF,0xFF,0x3F,0x9F,
    0xDF,0x3F,0xFF,0xFF,0xFF,0xFF,0xFE,0xFD,0xFC,0xFF,0xFF,0xFF,0xFF,0xFF,0x7F,0x3F,
    0x1F,0xC7,0xF8,0xFE,0xFF,0xFF,0xFF,0xFF,0xFF,0xFF,0xFF,0xFF,0xFF,0xFF,0xFF,0xFF,
    0xFF,0xFF,0xFF,0xFF,0xFE,0xB1,0x0F,0xE0,0xFB,0xFF,0xFF,0x7F,0xBF,0xDF,0xBF,0xFF,
    0xFF,0xFF,0xFF,0xFE,0xFD,0xFC,0xFE,0xFF,0xFF,0xFF,0xFF,0x3F,0xDF,0x9F,0xFF,0x00,
    0xDF,0x1F,0xFF,0xFF,0xFF,0xFF,0xFE,0xFE,0xFE,0xFE,0xFF,0xFF,0xFF,0xFF,0x1F,0xDF,
    0x9F,0x3F,0xFF,0xFF,0xFF,0xFE,0xFF,0xFE,0x80,0x7F,0xFF,0xFF,0xFF,0xFF,0xFF,0xFF,
    0xFF,0xFF,0xFF,0x7F,0xFF,0xFF,0xFF,0xFF,0xFF,0xFF,0xFF,0xFF,0xFF,0x1F,0xC0,0x3F,
    0xFF,0xFF,0xFF,0xFF,0xFE,0xFC,0xFE,0xFF,0xFF,0xFF,0xFF,0x3F,0xDF,0xDF,0x3F,0xFF,
    0xFF,0xFF,0xFF,0xFE,0xFE,0xFE,0xFF,0x00,0xFE,0xFE,0xFF,0xFF,0xFF,0xFF,0x1F,0xDF,
    0xDF,0x1F,0xFF,0xFF,0xFF,0xFF,0xFE,0xFE,0xFE,0xFF,0xFF,0xFF,0xFF,0x9F,0xDF,0xDF,
    0x1F,0xFF,0xFE,0xFC,0xF9,0xFB,0xF7,0xE7,0xF7,0xE7,0xF2,0xFF,0xF0,0xE5,0xE7,0xE7,
    0xF7,0xF7,0xFB,0xFD,0xFE,0xFF,0xFF,0xFF,0xFF,0xFF,0xFF,0xBF,0xDF,0xDF,0xDF,0xFF,
    0xFF,0xFF,0xFF,0xFF,0xFE,0xFE,0xFE,0xFF,0xFF,0xFF,0xFF,0x1F,0xDF,0xDF,0xFF,0x00,
  },
  {
    0x3F,0x7F,0xFF,0xFF,0xFF,0xFD,0xF9,0xF9,0xF9,0xFD,0xFF,0xFF,0xFF,0x7F,0x3F,0x7F,
    0x7F,0xFF,0xFF,0xFF,0x1D,0x1D,0x39,0x79,0xFD,0xFF,0xFF,0xFF,0x7F,0x3F,0x3F,0x7F,
    0xFF,0xFF,0xFF,0xFF,0xFD,0xF9,0xF9,0xFD,0xFF,0xFF,0xFF,0xFF,0x7F,0x3F,0x7F,0xFF,
    0xFF,0xFF,0x3F,0xFD,0xF9,0xF9,0xFD,0xFF,0xFF,0xFF,0xFF,0x7F,0x3F,0x7F,0xFF,0xFF,
    0xFF,0xFF,0xFD,0xF9,0xF9,0xFD,0xFF,0x00,0xF9,0xFC,0xFF,0xFF,0xFF,0x7F,0x3F,0xBF,
    0x3F,0xFF,0xFF,0xFF,0xFF,0xFC,0xFD,0xFD,0xFC,0xFF,0xFF,0xFF,0xFF,0xE0,0x9F,0x3E,
    0x7C,0x79,0xF3,0xE7,0xCE,0x3D,0xBD,0xBC,0xBF,0xBF,0x9F,0x3F,0xBF,0x7F,0x7F,0xBF,
    0x9F,0xDF,0xEF,0xE6,0xF7,0x7B,0x3B,0xBD,0xCD,0x6E,0x80,0xF7,0xBF,0xBF,0x7F,0xFF,
    0xFF,0xFF,0xFF,0xFC,0xFD,0xFC,0xFE,0xFF,0xFF,0xFF,0x7F,0x3F,0xBF,0x7F,0xFF,0x00,
    0x3F,0x7F,0xFF,0xFF,0xFF,0xFE,0xFC,0xFD,0xFC,0xFF,0xFF,0xFF,0xFF,0x3F,0xBF,0xBF,
    0x3F,0xFF,0xFF,0xFF,0xFF,0xFC,0xFD,0xFF,0xFE,0xFF,0xE8,0x5B,0x1E,0x6F,0x6F,0xD7,
    0xFF,0xFF,0xFF,0xF7,0x17,0x6F,0x4F,0x1F,0xFF,0x1F,0xEE,0xF6,0xBA,0xBB,0x3D,0xFD,
    0xFE,0xFF,0xFF,0xFC,0xFD,0xFD,0xFC,0xFF,0xFF,0xFF,0xFF,0x3F,0xBF,0x3F,0x7F,0xFF,
    0xFF,0xFF,0xFE,0xFD,0xFD,0xFC,0xFF,0x00,0xFC,0xFE,0xFF,0xFF,0xFF,0x7F,0x3F,0x9F,
    0x3F,0x7F,0xFF,0xFF,0xFF,0xFE,0xFD,0xFD,0xFE,0xFF,0xFF,0xFF,0xFF,0x3F,0x9F,0x3F,
    0xFF,0x6F,0xB7,0xD4,0xFB,0xF2,0xF6,0xF7,0xF5,0xC5,0xF5,0xF7,0xF7,0xF6,0xF2,0xFB,
    0xFC,0xE3,0xCF,0x9E,0x1C,0x3D,0x7C,0xFF,0xFF,0xFF,0xFF,0x3F,0x9F,0x9F,0x3F,0xFF,
    0xFF,0xFF,0xFF,0xFC,0xFD,0xFC,0xFF,0xFF,0xFF,0xFF,0x3F,0xBF,0x9F,0x3F,0xFF,0x00,
    0x1F,0x3F,0xFF,0xFF,0xFF,0xFF,0xFE,0xFC,0xFE,0xFF,0xFF,0xFF,0xFF,0x3F,0xDF,0xDF,
    0x3F,0xFF,0xFF,0xFF,0xFF,0xFE,0xFE,0xFE,0xFF,0xE4,0xCE,0x39,0x5F,0xCF,0xF3,0xF9,
    0x3C,0xBE,0x3C,0xFD,0xFB,0xF7,0xE7,0x8F,0x7F,0x9F,0xBF,0x87,0xF0,0xFF,0xFC,0xF1,
    0x07,0xFF,0xFF,0xFE,0xFE,0xFC,0xFE,0xFF,0xFF,0xFF,0xFF,0x1F,0xDF,0x1F,0x7F,0xFF,
    0xFF,0xFF,0xFE,0xFE,0xFE,0xFE,0xFF,0x00,0xFE,0xFF,0xFF,0xFF,0xFF,0x3F,0x1F,0xDF,
    0x1F,0xFF,0xFF,0xFF,0xFF,0xFF,0xFE,0xFE,0xFE,0xFF,0xFF,0xFF,0xFF,0x1F,0xDF,0xDF,
    0xFF,0x1D,0xC3,0xF0,0xFF,0xFE,0xFE,0xFE,0xFE,0xFC,0xFD,0xFC,0xFE,0xFD,0xFE,0xFE,
    0xFF,0xFF,0xFF,0xFE,0xF9,0xE7,0x1F,0xE7,0xF8,0xFF,0xFF,0x1F,0xDF,0xDF,0x3F,0xFF,
    0xFF,0xFF,0xFF,0xFE,0xFE,0xFE,0xFF,0xFF,0xFF,0xFF,0x3F,0xDF,0xDF,0x1F,0xFF,0x00,
    0x5F,0x1F,0xFF,0xFF,0xFF,0xFF,0xFE,0xFE,0xFE,0xFF,0xFF,0xFF,0xFF,0x1F,0x5F,0x5F,
    0x1F,0xFF,0xFF,0xFF,0xFF,0xFE,0xFE,0x0F,0x01,0xFE,0xFF,0xFE,0xF9,0xFF,0xFF,0xFF,
    0xFF,0xFF,0xFF,0xFF,0xFF,0xFF,0xFF,0xFF,0xFF,0xFF,0xFF,0xFF,0xFF,0xFF,0x3E,0x80,
    0xFF,0xFF,0xFF,0xFF,0xFE,0xFE,0xFF,0xFF,0xFF,0xFF,0xBF,0x1F,0x4F,0x1F,0xFF,0xFF,
    0xFF,0xFF,0xFF,0xFE,0xFE,0xFF,0xFF,0x00,0xFE,0xFF,0xFF,0xFF,0xFF,0x9F,0x8F,0xEF,
    0x9F,0xFF,0xFF,0xFF,0xFF,0xFF,0xFE,0xFE,0xFF,0xFF,0xFF,0xFF,0xFF,0x8F,0xEF,0x9F,
    0xBE,0xFC,0xFD,0xFB,0xF3,0xF7,0xF7,0xF7,0xF7,0xF7,0xF7,0xF9,0xF5,0xF7,0xF7,0xF7,
    0xF7,0xF7,0xF3,0xFB,0xF9,0xFC,0xFE,0xFF,0xFF,0xFF,0xFF,0x9F,0xEF,0xEF,0x9F,0xFF,
    0xFF,0xFF,0xFF,0xFF,0xFF,0xFE,0xFF,0xFF,0xFF,0xFF,0x9F,0xCF,0xEF,0x9F,0xFF,0x00,
  },
  {
    0x3F,0xFF,0xFF,0xFF,0xFF,0xFD,0xFD,0xFD,0xFF,0xFF,0xFF,0xFF,0x7F,0xBF,0xBF,0x3F,
    0xFF,0xFF,0xFF,0xFF,0xDD,0x1D,0xBD,0x7D,0xFF,0xFF,0xFF,0x7F,0x3F,0xBF,0xBF,0x7F,
    0xFF,0xFF,0xFF,0xFD,0xFD,0xFD,0xFD,0xFF,0xFF,0xFF,0xFF,0xBF,0xBF,0xBF,0x7F,0xFF,
    0xFF,0x7F,0x3D,0xFD,0xFD,0xFD,0xFF,0xFF,0xFF,0xFF,0x3F,0xBF,0xBF,0x7F,0xFF,0xFF,
    0xFF,0xFF,0xFD,0xFD,0xFD,0xFF,0xFF,0x00,0xFC,0xFF,0xFF,0xFF,0xFF,0x3F,0x9F,0xBF,
    0x3F,0xFF,0xFF,0xFF,0xFE,0xFD,0xFD,0xFE,0xFF,0xFF,0xFF,0xFF,0x3F,0xF0,0x8F,0x3E,
    0x7C,0x79,0xF3,0xEE,0xDC,0x3D,0x7E,0x3F,0xBF,0xBF,0x9F,0x3F,0xBF,0x7F,0x7F,0xBF,
    0x9F,0xDF,0xEF,0xE7,0xF7,0x7B,0x3B,0x9D,0xCC,0x3E,0xC0,0xF7,0xBF,0x3F,0xFF,0xFF,
    0xFF,0xFF,0xFE,0xFD,0xFD,0xFE,0xFF,0xFF,0xFF,0x7F,0xBF,0x9F,0x3F,0xFF,0xFF,0x00,
    0x3F,0xFF,0xFF,0xFF,0xFF,0xFE,0xFD,0xFE,0xFE,0xFF,0xFF,0xFF,0x3F,0xDF,0xDF,0x3F,
    0xFF,0xFF,0xFF,0xFF,0xFE,0xFE,0xFF,0xFF,0xFF,0xFA,0xE8,0x19,0x1E,0x4F,0x6F,0xD7,
    0xFF,0xFF,0xFF,0xFF,0x1F,0x6F,0x4F,0x1F,0xFF,0x1F,0xED,0x36,0xFA,0x9B,0x3D,0xFD,
    0xFE,0xFF,0xFF,0xFE,0xFD,0xFE,0xFF,0xFF,0xFF,0xFF,0x1F,0xDF,0xDF,0x3F,0xFF,0xFF,
    0xFF,0xFF,0xFE,0xFE,0xFE,0xFF,0xFF,0x00,0xFE,0xFF,0xFF,0xFF,0xFF,0x1F,0xDF,0x5F,
    0x3F,0xFF,0xFF,0xFF,0xFF,0xFE,0xFE,0xFE,0xFF,0xFF,0xFF,0xFF,0x1F,0xDF,0xDF,0x3F,
    0xFF,0x7F,0x8F,0xDC,0xF3,0xF6,0xF6,0xF7,0xF3,0xF5,0xF3,0xF7,0xF7,0xF6,0xF6,0xF3,
    0xFD,0xE7,0xA7,0x0E,0xCE,0x9E,0x3F,0x7F,0xFF,0xFF,0x3F,0xDF,0xDF,0x1F,0xFF,0xFF,
    0xFF,0xFF,0xFE,0xFE,0xFE,0xFF,0xFF,0xFF,0xFF,0x3F,0x5F,0xDF,0x1F,0xFF,0xFF,0x00,
    0x1F,0xFF,0xFF,0xFF,0xFF,0xFF,0xFE,0xFE,0xFF,0xFF,0xFF,0xFF,0x9F,0x5F,0xCF,0x1F,
    0xFF,0xFF,0xFF,0xFF,0xFF,0xFE,0xFE,0xFF,0xFF,0x80,0xAE,0x7F,0x7F,0x8F,0xE7,0xF9,
    0x78,0x84,0x78,0xF9,0xF3,0xF7,0xEF,0x9F,0x7F,0x3F,0x7F,0x06,0xF8,0xFF,0xFF,0xFC,
    0x61,0x07,0xFF,0xFE,0xFE,0xFF,0xFF,0xFF,0xFF,0xFF,0x1F,0xCF,0x5F,0x3F,0xFF,0xFF,
    0xFF,0xFF,0xFE,0xFE,0xFE,0xFF,0xFF,0x00,0xFF,0xFF,0xFF,0xFF,0xFF,0x1F,0x6F,0x6F,
    0x9F,0xFF,0xFF,0xFF,0xFF,0xFF,0xFE,0xFF,0xFF,0xFF,0xFF,0xFF,0x1F,0x6F,0x6F,0x9F,
    0xFF,0x1F,0xC1,0xF8,0xFE,0xFE,0xFD,0xFE,0xFE,0xFD,0xFB,0xF8,0xFD,0xFD,0xFD,0xFE,
    0xFF,0xFF,0xFF,0xFF,0xF9,0xE7,0x0F,0x4F,0xE0,0xFE,0x1F,0x4F,0x6F,0x1F,0xFF,0xFF,
    0xFF,0xFF,0xFF,0xFE,0xFF,0xFF,0xFF,0xFF,0xFF,0x9F,0x4F,0x6F,0x1F,0xFF,0xFF,0x00,
    0x0F,0xFF,0xFF,0xFF,0xFF,0xFF,0xFF,0xFF,0xFF,0xFF,0xFF,0xFF,0x9F,0x6F,0x6F,0x0F,
    0xFF,0xFF,0xFF,0xFF,0xFF,0xFF,0xFF,0x07,0x60,0xFE,0xFF,0xFE,0xF9,0xFF,0xFF,0xFF,
    0xFF,0xFF,0xFF,0xFF,0xFF,0xFF,0xFF,0xFF,0xFF,0xFF,0xFF,0xFF,0xFF,0xFF,0x3F,0x80,
    0xFF,0xFF,0xFF,0xFF,0xFF,0xFF,0xFF,0xFF,0xFF,0xFF,0x0F,0x6F,0x6F,0x9F,0xFF,0xFF,
    0xFF,0xFF,0xFF,0xFF,0xFF,0xFF,0xFF,0x00,0xFF,0xFF,0xFF,0xFF,0xFF,0x8F,0xAF,0xAF,
    0x9F,0xFF,0xFF,0xFF,0xFF,0xFF,0xFF,0xFF,0xFF,0xFF,0xFF,0xFF,0x8F,0xEF,0xAF,0x8F,
    0xFE,0xFC,0xF9,0xFB,0xF3,0xF7,0xF7,0xF7,0xF7,0xF7,0xF7,0xB3,0xB5,0xB7,0xB7,0xF7,
    0xF7,0xF7,0xF3,0xFB,0xF9,0xFC,0xFF,0xFF,0xFF,0xFF,0x9F,0xAF,0xAF,0x8F,0xFF,0xFF,
    0xFF,0xFF,0xFF,0xFF,0xFF,0xFF,0xFF,0xFF,0xFF,0xDF,0xAF,0xEF,0xEF,0xFF,0xFF,0x00,
  },
  {
    0xFF,0xFF,0xFF,0xFF,0xFE,0xFD,0xFD,0xFE,0xFF,0xFF,0xFF,0xFF,0x1F,0xDF,0xDF,0x3F,
    0xFF,0xFF,0xFF,0xFF,0xFF,0x1F,0xBF,0x7F,0xFF,0xFF,0xFF,0x3F,0xDF,0xDF,0x3F,0xFF,
    0xFF,0xFF,0xFF,0xFE,0xFD,0xFD,0xFF,0xFF,0xFF,0xFF,0x3F,0xDF,0xDF,0x3F,0xFF,0xFF,
    0xFF,0x3F,0xFE,0xFD,0xFD,0xFF,0xFF,0xFF,0xFF,0x3F,0xDF,0xDF,0x3F,0xFF,0xFF,0xFF,
    0xFF,0xFE,0xFD,0xFD,0xFF,0xFF,0xFF,0x00,0xFF,0xFF,0xFF,0xFF,0x1F,0xDF,0xDF,0x1F,
    0xFF,0xFF,0xFF,0xFF,0xFE,0xFE,0xFE,0xFF,0xFF,0xFF,0xFF,0x3F,0xDF,0xF0,0x87,0x3F,
    0x7E,0x79,0xF3,0xE6,0xDE,0x3E,0x7F,0x3F,0xBF,0xFF,0x1F,0x3F,0x7F,0x7F,0x7F,0x3F,
    0xBF,0xDF,0xEE,0xE6,0xF6,0x7B,0x39,0x9D,0xCC,0x3E,0xC0,0xFF,0xDF,0x3F,0xFF,0xFF,
    0xFF,0xFF,0xFE,0xFE,0xFE,0xFF,0xFF,0xFF,0xFF,0x1F,0xDF,0xDF,0x3F,0xFF,0xFF,0x00,
    0xFF,0xFF,0xFF,0xFF,0xFF,0xFE,0xFE,0xFF,0xFF,0xFF,0xFF,0xFF,0x1F,0xEF,0x5F,0xBF,
    0xFF,0xFF,0xFF,0xFF,0xFE,0xFE,0xFF,0xFF,0xFE,0xFA,0xCA,0x19,0x1F,0x4F,0x6F,0x97,
    0xFF,0xFF,0xFF,0xEF,0x1F,0xEF,0x4F,0x1F,0xFF,0x1F,0xED,0x76,0x7A,0x1B,0xFD,0xFD,
    0xFE,0xFF,0xFF,0xFE,0xFE,0xFF,0xFF,0xFF,0xFF,0x1F,0x5F,0x5F,0x1F,0xFF,0xFF,0xFF,
    0xFF,0xFF,0xFE,0xFE,0xFF,0xFF,0xFF,0x00,0xFF,0xFF,0xFF,0xFF,0x1F,0x6F,0x6F,0x1F,
    0xFF,0xFF,0xFF,0xFF,0xFF,0xFE,0xFF,0xFF,0xFF,0xFF,0xFF,0x9F,0x6F,0x6F,0x1F,0xFF,
    0xFF,0xFF,0xDF,0x99,0xD3,0xF6,0xF6,0xF7,0xF3,0xF1,0xF3,0xF7,0xF7,0xF6,0xF6,0xF2,
    0xF1,0x97,0x17,0x66,0xEF,0xDF,0x9F,0x3F,0xFF,0xFF,0x5F,0x6F,0x6F,0xBF,0xFF,0xFF,
    0xFF,0xFF,0xFF,0xFE,0xFF,0xFF,0xFF,0xFF,0xFF,0x0F,0x6F,0x4F,0xBF,0xFF,0xFF,0x00,
    0xFF,0xFF,0xFF,0xFF,0xFF,0xFF,0xFF,0xFF,0xFF,0xFF,0xFF,0xFF,0x2F,0x6F,0x2F,0x9F,
    0xFF,0xFF,0xFF,0xFF,0xFF,0xFF,0xFF,0xFF,0xDF,0xD0,0x4C,0x7F,0xB0,0x9F,0xE7,0xF3,
    0xF9,0x7D,0x79,0xFB,0xF7,0xE7,0xCF,0x1F,0xFF,0xFF,0xE7,0x08,0xF3,0xFF,0xFF,0xFE,
    0xF8,0x03,0xFF,0xFF,0xFF,0xFF,0xFF,0xFF,0xFF,0x8F,0x6F,0x6F,0x8F,0xFF,0xFF,0xFF,
    0xFF,0xFF,0xFF,0xFF,0xFF,0xFF,0xFF,0x00,0xFF,0xFF,0xFF,0xFF,0x8F,0x2F,0x2F,0x8F,
    0xFF,0xFF,0xFF,0xFF,0xFF,0xFF,0xFF,0xFF,0xFF,0xFF,0xFF,0x8F,0x6F,0x2F,0x8F,0xFF,
    0xFF,0x1F,0xC3,0xF8,0xFE,0xFD,0xFD,0xFD,0xF8,0xF3,0xF6,0xF0,0xFD,0xFD,0xFD,0xFC,
    0xFD,0xFD,0xFE,0xFE,0xF9,0xF7,0x0F,0x6F,0xE0,0xF8,0x8F,0x37,0xAF,0xDF,0xFF,0xFF,
    0xFF,0xFF,0xFF,0xFF,0xFF,0xFF,0xFF,0xFF,0xFF,0x8F,0x77,0xAF,0xDF,0xFF,0xFF,0x00,
    0xFF,0xFF,0xFF,0xFF,0xFF,0xFF,0xFF,0xFF,0xFF,0xFF,0xFF,0xFF,0x87,0xB7,0xA7,0xDF,
    0xFF,0xFF,0xFF,0xFF,0xFF,0xFF,0xFF,0x07,0x70,0xFE,0xFF,0xFE,0xF9,0xFF,0xFF,0xFF,
    0xFF,0xFF,0xFF,0xFF,0xFF,0xFF,0xFF,0xFF,0xFF,0xFF,0xFF,0xFF,0xFF,0xFF,0x3F,0x80,
    0xFF,0xFF,0xFF,0xFF,0xFF,0xFF,0xFF,0xFF,0xFF,0x8F,0xB7,0xB7,0x8F,0xFF,0xFF,0xFF,
    0xFF,0xFF,0xFF,0xFF,0xFF,0xFF,0xFF,0x00,0xFF,0xFF,0xFF,0xFF,0xC7,0xB7,0xB7,0x8F,
    0xFF,0xFF,0xFF,0xFF,0xFF,0xFF,0xFF,0xFF,0xFF,0xFF,0xFF,0xCF,0xB7,0xB7,0x87,0xFF,
    0xFE,0xFD,0xF9,0xFB,0xF3,0xF7,0xF7,0xF7,0xF7,0xF7,0xF7,0xB3,0xB5,0xB7,0xF7,0xF7,
    0xF7,0xF7,0xF3,0xFB,0xF9,0xFC,0xFE,0xFF,0xFF,0xFF,0x87,0xB7,0xB7,0xCF,0xFF,0xFF,
    0xFF,0xFF,0xFF,0xFF,0xFF,0xFF,0xFF,0xFF,0xFF,0x87,0xB7,0xB7,0xCF,0xFF,0xFF,0x00,
  },
  {
    0xFF,0xFF,0xFF,0xFF,0xFE,0xFE,0xFE,0xFF,0xFF,0xFF,0xFF,0x1F,0x5F,0x5F,0x1F,0xFF,
    0xFF,0xFF,0xFF,0xFE,0xFE,0xFE,0xEF,0x0F,0x5F,0xBF,0xBF,0x7F,0xDF,0x9F,0xFF,0xFF,
    0xFF,0xFF,0xFF,0xFF,0xFF,0xFF,0xFF,0xFF,0xFF,0xBF,0x1F,0xDF,0x1F,0xFF,0xFF,0xFF,
    0xFF,0xFF,0xFF,0xFF,0xFF,0xFF,0xFF,0xFF,0xFF,0x1F,0x4F,0x1F,0xBF,0xFF,0xFF,0xFF,
    0xFF,0xFE,0xFE,0xFE,0xFF,0xFF,0xFF,0x00,0xFF,0xFF,0xFF,0xBF,0x1F,0x6F,0x1F,0xBF,
    0xFF,0xFF,0xFF,0xFF,0xFE,0xFE,0xFF,0xFF,0xFF,0xFF,0xFF,0x2F,0x6F,0x0F,0xFF,0xFF,
    0xF8,0xF3,0xCF,0x9F,0xBE,0xBD,0xBB,0x73,0xD7,0xEF,0xEF,0xE7,0xF7,0xFF,0xE7,0xE7,
    0xF7,0xEF,0xEF,0xEE,0xEF,0xEF,0xEF,0xCF,0xCF,0xEF,0xEF,0xEF,0xEF,0x6F,0x6F,0x77,
    0x97,0xE7,0xFE,0xFF,0xFF,0xFF,0xFF,0xFF,0x1F,0x4F,0x6F,0x1F,0xFF,0xFF,0xFF,0x00,
    0xFF,0xFF,0xFF,0xFF,0xFF,0xFF,0xFF,0xFF,0xFF,0xFF,0xFF,0x9F,0x6F,0x6F,0x9F,0xFF,
    0xFF,0xFF,0xFF,0xFF,0xFF,0x7F,0xFF,0x7F,0x7F,0xFF,0x9F,0xEF,0x6F,0x0E,0xFA,0xF0,
    0xCF,0xC3,0x9D,0xC3,0xFD,0xBF,0xDF,0xDE,0x91,0xEC,0x66,0xA1,0xF7,0x87,0x3A,0xFA,
    0xFA,0xFA,0xFA,0xFA,0xFA,0xFC,0xFE,0xFE,0xFF,0x0F,0x6F,0x0F,0x9F,0xFF,0xFF,0xFF,
    0xFF,0xFF,0xFF,0xFF,0xFF,0xFF,0xFF,0x00,0xFF,0xFF,0xFF,0xDF,0x8F,0x6F,0x0F,0xFF,
    0xFF,0xFF,0xFF,0xFF,0xFF,0x3F,0xCF,0xE7,0xF3,0xFD,0xFC,0xFE,0xFE,0xFE,0xFE,0xFE,
    0xFE,0x92,0x38,0x7D,0xFF,0x9F,0xB7,0xF9,0xFB,0xFF,0xFF,0xFE,0x8E,0x26,0x72,0x7A,
    0x5B,0x3E,0xDF,0xEF,0x1F,0x3F,0xC0,0xFF,0xFF,0x8F,0xA7,0xEF,0x8F,0xFF,0xFF,0xFF,
    0xFF,0xFF,0xFF,0xFF,0xFF,0xFF,0xFF,0xFF,0x8F,0x2F,0x6F,0x8F,0xFF,0xFF,0xFF,0x00,
    0xFF,0xFF,0xFF,0xFF,0xFF,0xFF,0xFF,0xFF,0xFF,0xFF,0xFF,0xFF,0xC3,0x00,0x7F,0xFF,
    0xFF,0xFF,0xFF,0xFF,0xFF,0xFF,0xFF,0xFF,0xFF,0xFF,0x3F,0x90,0xEF,0xF3,0xF8,0xF3,
    0xE7,0xFF,0xE7,0xF6,0xC1,0xDF,0xEF,0xEF,0xEF,0xE7,0xF3,0xEE,0x0C,0xFE,0xFF,0xFF,
    0xFF,0xFF,0xFF,0xFF,0xFF,0xFF,0xFF,0xFF,0xFF,0x8F,0xB7,0x8F,0xFF,0xFF,0xFF,0xFF,
    0xFF,0xFF,0xFF,0xFF,0xFF,0xFF,0xFF,0x00,0xFF,0xFF,0xFF,0xFF,0x87,0xB7,0x87,0xFF,
    0xFF,0xFF,0xFF,0xFF,0xFF,0xFF,0xFC,0xF9,0xF3,0xE7,0xEF,0x9F,0xBF,0xBF,0x3F,0x7F,
    0x07,0xF8,0xFF,0xFF,0xFF,0xFF,0xFF,0xFF,0xFF,0xFF,0xE7,0xDF,0xFF,0xFF,0xFF,0xFF,
    0xFF,0xFF,0xFF,0xFF,0xFE,0x01,0xFF,0xFF,0xFF,0xCF,0xB7,0xB7,0xCF,0xFF,0xFF,0xFF,
    0xFF,0xFF,0xFF,0xFF,0xFF,0xFF,0xFF,0xFF,0xCF,0xB7,0xB7,0x8F,0xFF,0xFF,0xFF,0x00,
    0xFF,0xFF,0xFF,0xFF,0xFF,0xFF,0xFF,0xFF,0xFF,0xFF,0xFF,0xC7,0x97,0x97,0xC7,0xFF,
    0xFF,0xFF,0xFF,0xFF,0xFF,0xFF,0xFF,0xFF,0xFE,0xF9,0xE7,0xCF,0x1F,0xFF,0xFF,0xFF,
    0xFF,0xFF,0x3F,0xBF,0x3F,0x7F,0xFF,0xFF,0xFF,0xFF,0x7F,0x3F,0xC7,0xF0,0xFF,0xFF,
    0xFF,0xFF,0xFF,0xFF,0xFF,0xFF,0xFF,0xFF,0xFF,0x87,0xB7,0x87,0xFF,0xFF,0xFF,0xFF,
    0xFF,0xFF,0xFF,0xFF,0xFF,0xFF,0xFF,0x00,0xFF,0xFF,0xFF,0xFF,0xC3,0xDB,0xC7,0xFF,
    0xFF,0xFF,0xFF,0xFF,0xFF,0xFF,0xFF,0xFF,0xFF,0xFF,0xFF,0xC7,0xFB,0xD3,0xEF,0xFF,
    0xFF,0xFF,0xFF,0xFF,0xFC,0xF9,0xF7,0xF7,0xF7,0xF7,0xD6,0x93,0xD4,0xD7,0xF7,0xF7,
    0xF7,0xF9,0xFC,0xFF,0xFF,0xFF,0xFF,0xFF,0xFF,0xC7,0xDB,0xDB,0xC7,0xFF,0xFF,0xFF,
    0xFF,0xFF,0xFF,0xFF,0xFF,0xFF,0xFF,0xFF,0xE7,0xD3,0xD3,0xC7,0xFF,0xFF,0xFF,0x00,
  },
  {
    0xFF,0xFF,0xFF,0xFF,0xFF,0xFF,0xFF,0xFF,0xFF,0xFF,0xFF,0x5F,0x6F,0x4F,0x9F,0xFF,
    0xFF,0xFF,0xFF,0xFF,0xFF,0xFF,0xEF,0x0F,0x5F,0xBF,0xBF,0x6F,0xEF,0x9F,0xFF,0xFF,
    0xFF,0xFF,0xFF,0xFF,0xFF,0xFF,0xFF,0xFF,0xFF,0x1F,0x6F,0x6F,0x1F,0xFF,0xFF,0xFF,
    0xFF,0xFF,0xFF,0xFF,0xFF,0xFF,0xFF,0xFF,0x1F,0x6F,0x6F,0x1F,0xFF,0xFF,0xFF,0xFF,
    0xFF,0xFF,0xFF,0xFF,0xFF,0xFF,0xFF,0x00,0xFF,0xFF,0xFF,0x9F,0x6F,0x6F,0x9F,0xFF,
    0xFF,0xFF,0xFF,0xFF,0xFF,0xFF,0xFF,0xFF,0xFF,0xFF,0x9F,0x6F,0x6F,0x0F,0xFF,0xFF,
    0xF8,0xF3,0xCF,0x9F,0xBE,0xBD,0xBB,0x73,0xD7,0xEF,0xEF,0xE7,0xF7,0xFB,0xE7,0xE7,
    0xF7,0xEF,0xEF,0xEF,0xEF,0xEF,0xEF,0xCF,0xCF,0xEF,0xEF,0xEF,0xEF,0x6F,0x6F,0x37,
    0x97,0xE7,0xFF,0xFF,0xFF,0xFF,0xFF,0xFF,0x0F,0x6F,0x6F,0x9F,0xFF,0xFF,0xFF,0x00,
    0xFF,0xFF,0xFF,0xFF,0xFF,0xFF,0xFF,0xFF,0xFF,0xFF,0xFF,0x8F,0x6F,0x2F,0x9F,0xFF,
    0xFF,0xFF,0xFF,0xFF,0xFF,0x7F,0xFF,0x7F,0x7F,0xFF,0x8F,0xEF,0x2F,0x8E,0xFA,0xF0,
    0xCF,0xC3,0x9D,0xC1,0xFD,0xBF,0xDF,0xDE,0x91,0xEC,0x66,0xA1,0xF7,0x87,0x3A,0xFA,
    0xFA,0xFA,0xFA,0xFA,0xFE,0xFC,0xFE,0xFF,0x8F,0x2F,0x6F,0x8F,0xFF,0xFF,0xFF,0xFF,
    0xFF,0xFF,0xFF,0xFF,0xFF,0xFF,0xFF,0x00,0xFF,0xFF,0xFF,0x8F,0xA7,0xB7,0x8F,0xFF,
    0xFF,0xFF,0xFF,0xFF,0xFF,0x3F,0xCF,0xE7,0xF3,0xFD,0xFC,0xFE,0xFE,0xFE,0xFE,0xFE,
    0xFE,0xD2,0x38,0x7D,0xFF,0x8F,0xB7,0xF9,0xFB,0xFF,0xFF,0xFE,0x8E,0x26,0x72,0x7A,
    0x7B,0xBE,0xDF,0xEF,0x1F,0x3F,0xC0,0xFF,0xFF,0x8F,0xB7,0x8F,0xCF,0xFF,0xFF,0xFF,
    0xFF,0xFF,0xFF,0xFF,0xFF,0xFF,0xFF,0xFF,0x8F,0xB7,0xA7,0x8F,0xFF,0xFF,0xFF,0x00,
    0xFF,0xFF,0xFF,0xFF,0xFF,0xFF,0xFF,0xFF,0xFF,0xFF,0xFF,0xFF,0xE3,0x00,0xFF,0xFF,
    0xFF,0xFF,0xFF,0xFF,0xFF,0xFF,0xFF,0xFF,0xFF,0xFF,0x3F,0x90,0xEF,0xF3,0xF8,0xF3,
    0xE7,0xFF,0xE5,0xF6,0xC1,0xDF,0xEF,0xEF,0xEF,0xE7,0xF3,0xEE,0x0C,0xFE,0xF1,0xFE,
    0xFF,0xFF,0xFF,0xFF,0xFF,0xFF,0xFF,0xFF,0xCF,0xB7,0xB7,0x87,0xFF,0xFF,0xFF,0xFF,
    0xFF,0xFF,0xFF,0xFF,0xFF,0xFF,0xFF,0x00,0xFF,0xFF,0xFF,0xC7,0xB7,0xB7,0xC7,0xFF,
    0xFF,0xFF,0xFF,0xFF,0xFF,0xFF,0xFC,0xF9,0xF3,0xE7,0xEF,0x9F,0xBF,0xBF,0x3F,0x7F,
    0x07,0xF8,0xFF,0xFF,0xFF,0xFF,0xFF,0xFF,0xFF,0xFF,0xE7,0xDF,0xFF,0xFF,0xFF,0xFF,
    0xFF,0xFF,0xFF,0xFF,0xFC,0x01,0xFF,0xFF,0xFF,0xC7,0xB7,0x87,0xEF,0xFF,0xFF,0xFF,
    0xFF,0xFF,0xFF,0xFF,0xFF,0xFF,0xFF,0xFF,0xC7,0xB7,0x97,0xCF,0xFF,0xFF,0xFF,0x00,
    0xFF,0xFF,0xFF,0xFF,0xFF,0xFF,0xFF,0xFF,0xFF,0xFF,0xFF,0xC7,0xDB,0xD3,0xE7,0xFF,
    0xFF,0xFF,0xFF,0xFF,0xFF,0xFF,0xFF,0xFF,0xFE,0xF9,0xE7,0xDF,0x1F,0xFF,0xFF,0xFF,
    0xFF,0xFF,0x3F,0xBF,0x3F,0x7F,0xFF,0xFF,0xFF,0xFF,0x7F,0x3F,0xC7,0xF0,0xFF,0xFF,
    0xFF,0xFF,0xFF,0xFF,0xFF,0xFF,0xFF,0xFF,0xC7,0xD3,0xDB,0xC7,0xFF,0xFF,0xFF,0xFF,
    0xFF,0xFF,0xFF,0xFF,0xFF,0xFF,0xFF,0x00,0xFF,0xFF,0xFF,0xE7,0xDB,0xDB,0xE7,0xFF,
    0xFF,0xFF,0xFF,0xFF,0xFF,0xFF,0xFF,0xFF,0xFF,0xFF,0xE7,0xDB,0xDB,0xC3,0xFF,0xFF,
    0xFF,0xFF,0xFF,0xFF,0xFC,0xF9,0xF7,0xF7,0xF7,0xF7,0xD6,0xD3,0xD4,0xF7,0xF7,0xF7,
    0xF7,0xF9,0xFC,0xFF,0xFF,0xFF,0xFF,0xFF,0xFF,0xCB,0xDB,0xC3,0xE7,0xFF,0xFF,0xFF,
    0xFF,0xFF,0xFF,0xFF,0xFF,0xFF,0xFF,0xFF,0xC3,0xDB,0xDB,0xE7,0xFF,0xFF,0xFF,0x00,
  },
  {
    0xFF,0xFF,0xFF,0xFF,0xFF,0xFF,0xFF,0xFF,0xFF,0xFF,0x8F,0xAF,0xAF,0x8F,0xFF,0xFF,
    0xFF,0xFF,0xFF,0xFF,0xFF,0xFF,0xFF,0xF7,0x0F,0xCF,0xDF,0xBF,0x7F,0xFF,0xFF,0xFF,
    0xFF,0xFF,0xFF,0xFF,0xFF,0xFF,0xFF,0xFF,0x9F,0x2F,0x6F,0x8F,0xFF,0xFF,0xFF,0xFF,
    0xFF,0xFF,0xFF,0xFF,0xFF,0xFF,0xFF,0xDF,0x8F,0x6F,0x8F,0xFF,0xFF,0xFF,0xFF,0xFF,
    0xFF,0xFF,0xFF,0xFF,0xFF,0xFF,0xFF,0x00,0xFF,0xFF,0xDF,0xAF,0xB7,0x8F,0xDF,0xFF,
    0xFF,0xFF,0xFF,0xFF,0xFF,0xFF,0xFF,0xFF,0xFF,0xFF,0x87,0xB7,0x87,0xDF,0xFF,0xFF,
    0xFE,0xF8,0xEF,0xCF,0x9F,0x9E,0xBD,0x7B,0xB7,0xCF,0xEF,0xE7,0xF7,0xFF,0xF3,0xE7,
    0xF7,0xEF,0xEF,0xEF,0xEF,0xEF,0x6F,0x6F,0x6F,0xEF,0xEF,0x6F,0x6F,0x77,0x37,0x3B,
    0xCB,0xE3,0xFF,0xFF,0xFF,0xFF,0xFF,0x8F,0xB7,0xB7,0x8F,0xFF,0xFF,0xFF,0xFF,0x00,
    0xFF,0xFF,0xFF,0xFF,0xFF,0xFF,0xFF,0xFF,0xFF,0xFF,0xC7,0xB7,0xB7,0xCF,0xFF,0xFF,
    0xFF,0xFF,0xFF,0xFF,0xFF,0xFF,0xFF,0xFF,0xFF,0xCF,0xB7,0xB7,0x87,0xFE,0xFE,0x70,
    0x1F,0x43,0x9D,0xCB,0xFD,0xFF,0xBF,0xBF,0x7E,0xE4,0x66,0xA1,0xD3,0xCF,0x33,0x39,
    0xFE,0xFE,0xFE,0xFC,0xFD,0xFF,0xFE,0xFF,0x87,0xB7,0x87,0xFF,0xFF,0xFF,0xFF,0xFF,
    0xFF,0xFF,0xFF,0xFF,0xFF,0xFF,0xFF,0x00,0xFF,0xFF,0xEF,0xD7,0xB3,0xC7,0xEF,0xFF,
    0xFF,0xFF,0xFF,0xFF,0xFF,0xFF,0xFF,0xFF,0xFF,0x7F,0x37,0x93,0xD7,0xEF,0xFF,0xFF,
    0xFF,0xFF,0xFF,0xFF,0xFF,0x03,0xED,0xFD,0xFF,0xFF,0xFF,0xFE,0xCE,0x86,0x32,0x3A,
    0x39,0x1E,0xDF,0xEF,0x07,0x7F,0x80,0xFF,0xFF,0xF7,0xF7,0xC7,0xFF,0xFF,0xFF,0xFF,
    0xFF,0xFF,0xFF,0xFF,0xFF,0xFF,0xFF,0xC7,0x97,0x97,0xC7,0xFF,0xFF,0xFF,0xFF,0x00,
    0xFF,0xFF,0xFF,0xFF,0xFF,0xFF,0xFF,0xFF,0xFF,0xFF,0xC7,0xDB,0xDB,0xFF,0x0F,0xF3,
    0xFC,0xFF,0xFE,0xF8,0xFB,0xF7,0xF7,0xF7,0xF7,0x77,0xB7,0xCF,0xEF,0xF3,0xFC,0xF9,
    0xF3,0xF7,0xFB,0xF3,0xE5,0xEE,0xE7,0xF7,0xF7,0xF7,0xE3,0xEF,0x06,0xF6,0xEF,0xF0,
    0xFF,0xFF,0xFF,0xFF,0xFF,0xFF,0xFF,0xEF,0xD3,0xDB,0xC3,0xFF,0xFF,0xFF,0xFF,0xFF,
    0xFF,0xFF,0xFF,0xFF,0xFF,0xFF,0xFF,0x00,0xFF,0xFF,0xE7,0xC3,0xDB,0xC3,0xFF,0xFF,
    0xFF,0xFF,0xFF,0xFF,0xFF,0xFF,0xF8,0xE3,0xCF,0x1F,0x7F,0xFF,0xFF,0xFF,0xFF,0xFF,
    0x01,0xFE,0xFF,0xFF,0xFF,0xFF,0xFF,0xFF,0xFF,0xFB,0xE7,0xFF,0xFF,0xFF,0xFF,0xFF,
    0xDF,0xCF,0xFF,0xFF,0xFC,0x01,0xFF,0xFF,0xC3,0xDB,0xDB,0xE7,0xFF,0xFF,0xFF,0xFF,
    0xFF,0xFF,0xFF,0xFF,0xFF,0xFF,0xFF,0xE7,0xDB,0xDB,0xC3,0xFF,0xFF,0xFF,0xFF,0x00,
    0xFF,0xFF,0xFF,0xFF,0xFF,0xFF,0xFF,0xFF,0xFF,0xFF,0xE3,0xDB,0xCB,0xE3,0xFF,0xFF,
    0xFF,0xFF,0xFE,0xFE,0xFE,0xFD,0xFD,0xF9,0xFC,0xF3,0xE7,0x1F,0x3F,0xFF,0xFF,0xFF,
    0xFF,0xFF,0x7F,0xBF,0x7F,0xFF,0xFF,0xFF,0xFF,0xFF,0x7F,0x9F,0xC3,0xF8,0xFF,0xFF,
    0xFF,0xFF,0xFF,0xFF,0xFF,0xFF,0xFF,0xF7,0xCB,0xD9,0xE3,0xFF,0xFF,0xFF,0xFF,0xFF,
    0xFF,0xFF,0xFF,0xFF,0xFF,0xFF,0xFF,0x00,0xFF,0xFF,0xF3,0xE9,0xED,0xE3,0xFF,0xFF,
    0xFF,0xFF,0xFF,0xFF,0xFF,0xFF,0xFF,0xFF,0xFF,0xFF,0xE3,0xED,0xE9,0xF7,0xFF,0xFF,
    0xFF,0xFF,0xFF,0xFF,0xFC,0xF9,0xF7,0xF7,0xF7,0xF7,0xF4,0xF3,0xF4,0xF7,0xF7,0xF7,
    0xF3,0xF9,0xFC,0xFF,0xFF,0xFF,0xFF,0xFF,0xE3,0xED,0xED,0xF3,0xFF,0xFF,0xFF,0xFF,
    0xFF,0xFF,0xFF,0xFF,0xFF,0xFF,0xFF,0xE3,0xE9,0xED,0xE3,0xFF,0xFF,0xFF,0xFF,0x00,
  },
  {
    0xFF,0xFF,0xFF,0xFF,0xFF,0xFF,0xFF,0xFF,0xFF,0xFF,0xA7,0x77,0xA7,0xCF,0xFF,0xFF,
    0xFF,0xFF,0x7F,0x7F,0xFF,0xFF,0xFF,0xFF,0xFF,0x8F,0xB7,0xB7,0xCF,0xFF,0xFF,0xFF,
    0xFF,0xFF,0xFF,0xFF,0xFF,0xFF,0xFF,0xFF,0x8F,0xB7,0xB7,0x8F,0xFF,0x7F,0x7F,0xBF,
    0x1F,0xFF,0xFF,0xFF,0xFF,0xFF,0xFF,0x8F,0xB7,0xB7,0x8F,0xFF,0xFF,0xFF,0xFF,0xFF,
    0xFF,0xFF,0xFF,0xFF,0xFF,0xFF,0xFF,0x00,0xFF,0xFF,0x87,0xB7,0xB7,0xC7,0xFF,0xFF,
    0xFF,0xFF,0xFF,0xFF,0xFF,0xFF,0xFF,0xFF,0xFF,0xDF,0xE8,0x9F,0x4E,0x9D,0x39,0x7B,
    0x77,0xF7,0xEF,0xDF,0xDF,0xBF,0x7F,0x7F,0xAF,0x37,0x97,0xB7,0xBF,0xBF,0xBF,0xBF,
    0xDF,0xEF,0xF7,0x7B,0x7C,0x3E,0x5F,0xC7,0xF0,0xBF,0xB7,0xCF,0xFF,0xFF,0xFF,0xFF,
    0xFF,0xFF,0xFF,0xFF,0xFF,0xFF,0xFF,0x87,0xB7,0xB7,0xCF,0xFF,0xFF,0xFF,0xFF,0x00,
    0xFF,0xFF,0xFF,0xFF,0xFF,0xFF,0xFF,0xFF,0xFF,0xFF,0xC7,0xBB,0xD7,0xEF,0xFF,0xFF,
    0xFF,0xFF,0xFF,0xFF,0xFF,0xFE,0xFD,0xFB,0xFA,0xF2,0xE6,0x9F,0x7F,0x1F,0x0F,0x6F,
    0x0F,0xF7,0xFF,0xFF,0xFF,0xF7,0x0F,0x6F,0x0F,0x3E,0xC0,0xFD,0xFF,0xFE,0xFF,0xFF,
    0xFF,0xFF,0xFF,0xFF,0xFF,0xFF,0xFF,0xC7,0xBF,0xBF,0xC7,0xFF,0xFF,0xFF,0xFF,0xFF,
    0xFF,0xFF,0xFF,0xFF,0xFF,0xFF,0xFF,0x00,0xFF,0xFF,0xC7,0xDB,0xDB,0xC7,0xFF,0xFF,
    0xFF,0xFF,0xFF,0xFF,0xFF,0xFF,0xFF,0xFF,0xFF,0xC7,0xDB,0xDB,0xC7,0xFF,0xFF,0xFF,
    0xFF,0xFF,0x1F,0xFF,0xFC,0xF9,0xFA,0xF6,0xF7,0x37,0xB5,0x25,0xB1,0x77,0xF7,0xF6,
    0xFA,0x35,0xEF,0xD7,0xBF,0x7F,0xFF,0xEF,0xD3,0xFB,0xC3,0xE7,0xFF,0xFF,0xFF,0xFF,
    0xFF,0xFF,0xFF,0xFF,0xFF,0xFF,0xFF,0xC7,0x9B,0xDB,0xE7,0xFF,0xFF,0xFF,0xFF,0x00,
    0xFF,0xFF,0xFF,0xFF,0xFF,0xFF,0xFF,0xFF,0xFF,0xFF,0xCB,0xDB,0xDB,0xE7,0xFF,0xFF,
    0x3F,0xFF,0xFF,0xFF,0xFF,0xFF,0xFF,0xFF,0xFF,0xFF,0x73,0x0F,0xBF,0xC7,0xB3,0xF9,
    0xBC,0xBE,0x1F,0x4E,0x69,0x6F,0x9E,0xDE,0xDC,0xE1,0x9F,0x3E,0xAC,0x62,0xFF,0xFF,
    0xFF,0xFF,0xFF,0xFF,0xFF,0xFF,0xFF,0xE7,0xDB,0xDB,0xC3,0xFF,0xFF,0xFF,0xFF,0xFF,
    0xFF,0xFF,0xFF,0xFF,0xFF,0xFF,0xFF,0x00,0xFF,0xFF,0xE3,0xDB,0xDB,0xE3,0xFF,0xFF,
    0xFF,0xFF,0xFF,0xFF,0xFF,0xFF,0xFF,0xC0,0x1E,0x7C,0xFD,0xFD,0xFD,0xFD,0xFD,0x3D,
    0xCE,0xF6,0xFE,0xFF,0xFF,0x3F,0xFF,0xFF,0xFF,0xFF,0xFF,0xFF,0xFF,0xFF,0xFF,0xFF,
    0xFF,0xFF,0xFF,0xFC,0xE3,0x1E,0x80,0xFF,0xFF,0xDB,0xEB,0xF7,0xFF,0xFF,0xFF,0xFF,
    0xFF,0xFF,0xFF,0xFF,0xFF,0xFF,0xFF,0xE3,0xDB,0xCB,0xE3,0xFF,0xFF,0xFF,0xFF,0x00,
    0xFF,0xFF,0xFF,0xFF,0xFF,0xFF,0xFF,0xFF,0xFF,0xFF,0xEB,0xED,0xE9,0xF3,0xFF,0xFF,
    0xFF,0xFE,0xFC,0xF3,0xF7,0xE7,0xEF,0x80,0x7F,0xFF,0xFF,0xFF,0xFF,0xFF,0xFE,0xFF,
    0xFF,0xFF,0xFF,0xFF,0xFF,0xFF,0xFF,0xFF,0xFF,0xFF,0xFC,0xFE,0xFF,0xFC,0x01,0xDF,
    0xFF,0xFF,0xFF,0xFF,0xFF,0xFF,0xFF,0xE3,0xED,0xED,0xE3,0xFF,0xFF,0xFF,0xFF,0xFF,
    0xFF,0xFF,0xFF,0xFF,0xFF,0xFF,0xFF,0x00,0xFF,0xFF,0xE1,0xED,0xED,0xF3,0xFF,0xFF,
    0xFF,0xFF,0xFF,0xFF,0xFF,0xFF,0xFF,0xFF,0xFF,0xF3,0xED,0xED,0xE1,0xFF,0xFF,0xFF,
    0xFE,0xFE,0xFD,0xF9,0xFB,0xF7,0xF7,0xF7,0xF7,0xE7,0xF7,0xF7,0xF7,0xF7,0xF7,0xF7,
    0xF7,0xF7,0xF7,0xFB,0xFD,0xFC,0xFE,0xF7,0xED,0xED,0xED,0xFB,0xFF,0xFF,0xFF,0xFF,
    0xFF,0xFF,0xFF,0xFF,0xFF,0xFF,0xFF,0xE9,0xED,0xED,0xF3,0xFF,0xFF,0xFF,0xFF,0x00,
  },
  {
    0xFF,0xFF,0xFF,0xFF,0xFF,0xFF,0xFF,0xFF,0xFF,0xC7,0x97,0x97,0xC7,0xFF,0xFF,0xFF,
    0xFF,0xFF,0xFF,0xFF,0xFF,0xFF,0xFF,0xFF,0xC7,0x97,0xB3,0xC7,0xFF,0xFF,0xFF,0xFF,
    0xFF,0xFF,0xFF,0xFF,0xFF,0xFF,0xFF,0xCF,0x97,0xF7,0xC7,0xFF,0xFF,0x7F,0xBF,0x1F,
    0xFF,0xFF,0xFF,0xFF,0xFF,0xFF,0xFF,0xC7,0xB7,0xC7,0xEF,0xFF,0xFF,0xFF,0xFF,0xFF,
    0xFF,0xFF,0xFF,0xFF,0xFF,0xFF,0xFF,0x00,0xFF,0xEF,0xC7,0xDB,0xC7,0xFF,0xFF,0xFF,
    0xFF,0xFF,0xFF,0xFF,0xFF,0xFF,0xFF,0xFF,0xFF,0xF0,0x84,0x5D,0xBB,0x73,0x77,0xF7,
    0xEF,0xCF,0xDF,0xBF,0xBF,0x7F,0xFF,0x7F,0x67,0x3B,0x13,0xB7,0xBF,0x3F,0x7F,0xBF,
    0xDF,0xE7,0xF3,0x79,0x7E,0xBF,0x4F,0xC0,0xFF,0xDF,0xC7,0xFF,0xFF,0xFF,0xFF,0xFF,
    0xFF,0xFF,0xFF,0xFF,0xFF,0xFF,0xC7,0xD3,0xDB,0xC7,0xFF,0xFF,0xFF,0xFF,0xFF,0x00,
    0xFF,0xFF,0xFF,0xFF,0xFF,0xFF,0xFF,0xFF,0xFF,0xC7,0xDB,0xDB,0xE7,0xFF,0xFF,0xFF,
    0xFF,0xFF,0xFF,0xFF,0xFE,0xFD,0xFE,0xFE,0xEE,0xE5,0xED,0x4F,0xFF,0x3F,0x0F,0x6F,
    0x1F,0xFF,0xFF,0xFF,0xFF,0xF7,0x4F,0x6F,0x0F,0x3D,0xC0,0xF9,0xFF,0xFE,0xFF,0xFF,
    0xFF,0xFF,0xFF,0xFF,0xFF,0xFF,0xFF,0xC3,0xDB,0xC3,0xFF,0xFF,0xFF,0xFF,0xFF,0xFF,
    0xFF,0xFF,0xFF,0xFF,0xFF,0xFF,0xFF,0x00,0xFF,0xFF,0xC3,0xDB,0xE3,0xF7,0xFF,0xFF,
    0xFF,0xFF,0xFF,0xFF,0xFF,0xFF,0xFF,0xFF,0xFF,0xE3,0xDB,0xE3,0xF7,0xFF,0xFF,0xFF,
    0xFF,0xFF,0x7F,0xB7,0xC4,0xFB,0xF6,0xF6,0x76,0x37,0x35,0x25,0x71,0xF7,0xF6,0xF6,
    0xF2,0xE5,0xCF,0x6F,0xFF,0xFF,0xFF,0xE3,0xCB,0xEB,0xE3,0xFF,0xFF,0xFF,0xFF,0xFF,
    0xFF,0xFF,0xFF,0xFF,0xFF,0xFF,0xE3,0xCB,0xDB,0xE3,0xFF,0xFF,0xFF,0xFF,0xFF,0x00,
    0xFF,0xFF,0xFF,0xFF,0xFF,0xFF,0xFF,0xFF,0xFF,0xE3,0xE9,0xE9,0xE3,0xFF,0xFF,0xFF,
    0xFF,0xFF,0xFF,0xFF,0xFF,0xFF,0xFF,0xFF,0xE3,0xFB,0x4C,0xF7,0x3F,0x87,0x73,0x79,
    0x7C,0x3F,0x9E,0xE9,0x5F,0x1E,0xBC,0xBD,0xD1,0xC7,0x7E,0x5D,0xDE,0xBF,0x7F,0xFF,
    0xFF,0xFF,0xFF,0xFF,0xFF,0xFF,0xFF,0xE3,0xE9,0xE3,0xFF,0xFF,0xFF,0xFF,0xFF,0xFF,
    0xFF,0xFF,0xFF,0xFF,0xFF,0xFF,0xFF,0x00,0xFF,0xF3,0xE1,0xED,0xE1,0xFF,0xFF,0xFF,
    0xFF,0xFF,0xFF,0xFF,0xFF,0xFF,0xFF,0x01,0x77,0xF5,0xE5,0xF5,0xF7,0xF7,0xF3,0x3B,
    0xCD,0xF1,0xFC,0xFE,0xFF,0x7F,0xFF,0xFF,0xFF,0xFD,0xFD,0xFD,0xFE,0xFF,0xFF,0xFF,
    0xFF,0xFF,0xFF,0x78,0xE7,0x1F,0xCC,0xE1,0xFF,0xED,0xF3,0xFF,0xFF,0xFF,0xFF,0xFF,
    0xFF,0xFF,0xFF,0xFF,0xFF,0xFF,0xF3,0xED,0xED,0xE3,0xFF,0xFF,0xFF,0xFF,0xFF,0x00,
    0xFF,0xFF,0xFF,0xFF,0xFF,0xFF,0xFF,0xFF,0xFF,0xF3,0xED,0xE5,0xF1,0xFF,0xFF,0xFF,
    0xFC,0xF9,0xF3,0xF7,0xCF,0xEF,0xC9,0x9E,0x7F,0xFF,0xFF,0xFF,0xFF,0xFE,0xFC,0xFF,
    0xFF,0xFF,0xFF,0xFF,0xFF,0xFF,0xFF,0xFF,0xFF,0xFF,0xFC,0xFE,0xFF,0xFC,0x01,0xDF,
    0xFF,0xFF,0xFF,0xFF,0xFF,0xFF,0xFB,0xE1,0xED,0xE1,0xF7,0xFF,0xFF,0xFF,0xFF,0xFF,
    0xFF,0xFF,0xFF,0xFF,0xFF,0xFF,0xFF,0x00,0xFF,0xFB,0xF0,0xF5,0xF1,0xFF,0xFF,0xFF,
    0xFF,0xFF,0xFF,0xFF,0xFF,0xFF,0xFF,0xFF,0xFF,0xF1,0xF6,0xF5,0xFB,0xFF,0xFF,0xFF,
    0xFE,0xFC,0xFD,0xFB,0xF3,0xF7,0xF7,0xF7,0xF7,0xF7,0xF5,0xF5,0xF5,0xF7,0xF7,0xF7,
    0xF7,0xF7,0xF7,0xFB,0xFD,0xFC,0xFE,0xF3,0xF5,0xF4,0xF1,0xFF,0xFF,0xFF,0xFF,0xFF,
    0xFF,0xFF,0xFF,0xFF,0xFF,0xFF,0xF1,0xF5,0xF4,0xF1,0xFF,0xFF,0xFF,0xFF,0xFF,0x00,
  },
  {
    0xFF,0xFF,0xFF,0xFF,0xFF,0xFF,0xFF,0xFF,0xE7,0xDB,0xDB,0xC3,0xFF,0xFF,0xFF,0xFF,
    0xFF,0xFF,0xFF,0xFF,0xFF,0xFF,0xFF,0xE7,0xC3,0xDB,0xC3,0xFF,0xFF,0xFF,0xFF,0xFF,
    0xFF,0xFF,0xFF,0xFF,0xFF,0xFF,0xFF,0xC3,0xDB,0xDB,0x67,0x3F,0xBF,0xDF,0x0F,0xEF,
    0xFF,0xFF,0xFF,0xFF,0xFF,0xFF,0xC3,0xDB,0xDB,0xE7,0xFF,0xFF,0xFF,0xFF,0xFF,0xFF,
    0xFF,0xFF,0xFF,0xFF,0xFF,0xE3,0xFF,0x00,0xFF,0xE3,0xDB,0xCB,0xE7,0xFF,0xFF,0xFF,
    0xFF,0xFF,0xFF,0xFB,0xE7,0x97,0x77,0x67,0x6F,0xEB,0xE9,0xEB,0xEF,0xCF,0xEF,0x6F,
    0xEF,0xEF,0xEF,0xEF,0xEF,0xE7,0xF7,0xE7,0xF3,0xF7,0xF7,0xE7,0xEF,0xC7,0xB3,0x7B,
    0xBD,0xBE,0x9F,0xCF,0xE7,0xF8,0xFE,0xEF,0xE9,0xE3,0xFF,0xFF,0xFF,0xFF,0xFF,0xFF,
    0xFF,0xFF,0xFF,0xFF,0xFF,0xF7,0xEB,0xDB,0xEB,0xF7,0xFF,0xFF,0xFF,0xFF,0xFF,0x00,
    0xFF,0xFF,0xFF,0xFF,0xFF,0xFF,0xFF,0xFF,0xF3,0xEB,0xCD,0xE3,0xFF,0xFF,0xFF,0xFE,
    0xFD,0xFE,0xFA,0xFA,0xFA,0xFA,0xFA,0x3A,0x87,0x7F,0xF1,0xE4,0xEE,0xF1,0x9E,0x5F,
    0xBF,0xFF,0xC1,0x8F,0xC3,0xC7,0xF7,0xFA,0xEE,0xE3,0xFB,0xFF,0xFF,0xFF,0xFF,0xFF,
    0x7F,0xFF,0xFF,0xFF,0xFF,0xFF,0xE3,0xED,0xE9,0xE3,0xFF,0xFF,0xFF,0xFF,0xFF,0xFF,
    0xFF,0xFF,0xFF,0xFF,0xFF,0xE3,0xFF,0x00,0xFF,0xE1,0xED,0xED,0xF3,0xFF,0xFF,0xFF,
    0xFF,0xFF,0xFF,0xFF,0xFF,0xFF,0xFF,0xFF,0xE3,0xED,0xED,0xF3,0xFF,0xFF,0x3F,0xBC,
    0xC0,0x3E,0x3D,0x13,0xEF,0xEF,0xEF,0xCF,0xDE,0xC0,0xFE,0xFF,0xFF,0xFF,0xFD,0xFA,
    0xFF,0x07,0xE3,0xF9,0xFD,0xFE,0xFE,0xFE,0xFE,0xFE,0xFE,0xFC,0xFD,0xF9,0xF3,0xE7,
    0xCF,0x1F,0x7F,0xFF,0xFF,0xF7,0xE1,0xED,0xE1,0xFF,0xFF,0xFF,0xFF,0xFF,0xFF,0x00,
    0xFF,0xFF,0xFF,0xFF,0xFF,0xFF,0xFF,0xFF,0xF3,0xE5,0xED,0xE1,0xFF,0xFF,0xFF,0xFF,
    0xFF,0xFF,0xFF,0xFF,0xFF,0xFF,0xFE,0xF1,0xEF,0x1F,0xBF,0xBF,0xAF,0x87,0xEF,0xEF,
    0xCF,0xDE,0xD8,0xE1,0xCF,0xE7,0xF7,0xFB,0xF0,0xEE,0xDF,0x3F,0xFF,0xFF,0xFF,0xFF,
    0xFF,0xFF,0xFF,0xFF,0xFF,0xFF,0x7F,0x1F,0xC2,0xFC,0xF0,0xFF,0xFF,0xFF,0xFF,0xFF,
    0xFF,0xFF,0xFF,0xFF,0xFF,0xF1,0xFF,0x00,0xFF,0xF1,0xF6,0xF5,0xF9,0xFF,0xFF,0xFF,
    0xFF,0xFF,0xFF,0xFF,0xFF,0xFF,0xFF,0xFF,0xF1,0xE4,0xE4,0xF9,0xFF,0xFF,0xFF,0xFF,
    0x03,0xFC,0xFF,0xFF,0xFF,0xFF,0xFF,0xFF,0xFF,0xFF,0xFF,0xFF,0xFF,0xFF,0xFF,0xFF,
    0xFF,0xFF,0xFF,0xFF,0xFC,0x03,0x7F,0x3F,0xDF,0xEF,0xF7,0xF3,0xFB,0xFC,0xFE,0xFF,
    0xFF,0xFF,0xFF,0xFF,0xFF,0xFB,0xF5,0xEE,0xF1,0xFB,0xFF,0xFF,0xFF,0xFF,0xFF,0x00,
    0xFF,0xFF,0xFF,0xFF,0xFF,0xFF,0xFF,0xFF,0xF9,0xF4,0xF6,0xF0,0xFF,0xFF,0xFF,0xFF,
    0xFF,0xFF,0xFF,0xFF,0xFF,0xFF,0xFF,0xFF,0xF0,0xC7,0x9F,0x7F,0xFF,0xFF,0xFF,0xFF,
    0xFF,0x7F,0xBF,0x3F,0xFF,0xFF,0xFF,0xFF,0xFF,0x3F,0x8F,0xE7,0xF0,0xFD,0xFF,0xFF,
    0xFF,0xFF,0xFF,0xFF,0xFF,0xFF,0xF1,0xF6,0xF6,0xF9,0xFF,0xFF,0xFF,0xFF,0xFF,0xFF,
    0xFF,0xFF,0xFF,0xFF,0xFF,0xFF,0xFF,0x00,0xFF,0xF0,0xF6,0xF2,0xF9,0xFF,0xFF,0xFF,
    0xFF,0xFF,0xFF,0xFF,0xFF,0xFF,0xFF,0xFF,0xF8,0xF6,0xF6,0xF8,0xFF,0xFF,0xFF,0xFF,
    0x7F,0x7F,0x7F,0xFC,0xF9,0xF7,0xF7,0xF7,0xF7,0xF4,0xF3,0xF4,0xF7,0xE7,0xF7,0xF7,
    0xFB,0xFC,0xFF,0xFF,0xFF,0xFF,0xF9,0xF6,0xF6,0xF8,0xFF,0xFF,0xFF,0xFF,0x7F,0x7F,
    0x7F,0xFF,0xFF,0xFF,0xFF,0xFD,0xF0,0xF6,0xF0,0xFF,0xFF,0xFF,0xFF,0xFF,0xFF,0x00,
  },
  {
    0xFF,0xFF,0xFF,0xFF,0xFF,0xFF,0xFF,0xFF,0xE3,0xED,0xE9,0xE3,0xFF,0xFF,0xFF,0xFF,
    0xFF,0xFF,0xFF,0xFF,0xFF,0xFF,0xFF,0xE3,0xE9,0xE9,0xE3,0xFF,0xFF,0xFF,0xFF,0xFF,
    0xFF,0xFF,0xFF,0xFF,0xFF,0xFF,0xE3,0xED,0x69,0x33,0xBF,0xDF,0x6F,0x07,0xFF,0xFF,
    0xFF,0xFF,0xFF,0xFF,0xFF,0xF7,0xE9,0xE9,0xE3,0xF7,0xFF,0xFF,0xFF,0xFF,0xFF,0xFF,
    0xFF,0xFF,0xFF,0xFF,0xFF,0xE3,0xFF,0x00,0xFF,0xED,0xED,0xE3,0xFF,0xFF,0xFF,0xFF,
    0xFF,0xFF,0xFF,0xFB,0xC3,0x9B,0x77,0x37,0x75,0x6D,0x69,0xEF,0x6F,0x6F,0x6F,0x6F,
    0xEF,0xEF,0xEF,0xEF,0xF7,0xF7,0xF7,0xF3,0xF7,0xF7,0xE7,0xEF,0xE7,0xB3,0x79,0x3C,
    0x9E,0xDF,0xCF,0xE3,0xF8,0xFF,0xE1,0xED,0xE5,0xF3,0xFF,0xFF,0xFF,0xFF,0xFF,0xFF,
    0xFF,0xFF,0xFF,0xFF,0xFF,0xE3,0xED,0xED,0xE3,0xFF,0xFF,0xFF,0xFF,0xFF,0xFF,0x00,
    0xFF,0xFF,0xFF,0xFF,0xFF,0xFF,0xFF,0xFF,0xF1,0xED,0xE5,0xF3,0xFF,0xFF,0xFF,0xFE,
    0xFD,0xFD,0xFE,0xFE,0xFE,0xFC,0x1D,0x03,0xFF,0xF1,0xE0,0xE6,0xE0,0xFE,0xBF,0x7F,
    0xBF,0xFC,0x49,0x4D,0x43,0x37,0xF8,0xEE,0xEF,0xF1,0xFF,0xFF,0xFF,0x7F,0x3F,0xBF,
    0xBF,0xBF,0xBF,0x3F,0x7F,0x7B,0xE1,0xED,0xE1,0xFF,0xFF,0xFF,0xFF,0xFF,0xFF,0xFF,
    0xFF,0xFF,0xFF,0xFF,0xFF,0xE1,0xFF,0x00,0xFF,0xF4,0xF6,0xF1,0xFF,0xFF,0xFF,0xFF,
    0xFF,0xFF,0xFF,0xFF,0xFF,0xFF,0xFF,0xFB,0xF5,0xEE,0xF1,0xFF,0x6F,0x9F,0xF8,0xE3,
    0x9C,0x0B,0xF7,0xF7,0xE7,0xEF,0xCF,0xCE,0xC0,0xFE,0xFF,0xFF,0xFF,0xFD,0xFD,0xFB,
    0xF7,0xFF,0x03,0xFD,0xFC,0xFF,0xFF,0xFF,0xFF,0xFF,0xFF,0xFF,0xFF,0xFF,0xFE,0xFC,
    0xF3,0x97,0x37,0xFF,0xFF,0xF1,0xF6,0xF4,0xF1,0xFF,0xFF,0xFF,0xFF,0xFF,0xFF,0x00,
    0xFF,0xFF,0xFF,0xFF,0xFF,0xFF,0xFF,0xFF,0xF1,0xF6,0xF4,0xF1,0xFF,0xFF,0xFF,0xFF,
    0xFF,0xFF,0xFF,0xFF,0xFF,0xFE,0xFC,0xEF,0xCF,0x1C,0xDB,0xC7,0xEF,0xEF,0xEF,0xEF,
    0xEF,0xF3,0xE3,0xE7,0xF3,0xFB,0xF9,0xFC,0xF3,0xFE,0xCF,0x9F,0x7F,0xFF,0xFF,0xFF,
    0xFF,0xFF,0xFF,0xFF,0xFF,0xFF,0xFF,0x7F,0x1F,0xC0,0xFF,0xFF,0xFF,0xFF,0xFF,0xFF,
    0xFF,0xFF,0xFF,0xFF,0xFF,0xF1,0xFF,0x00,0xFF,0xF6,0xF6,0xF0,0xFF,0xFF,0xFF,0xFF,
    0xFF,0xFF,0xFF,0xFF,0xFF,0xFF,0xFF,0xF9,0xF6,0xF6,0xF0,0xFF,0xFF,0xFF,0xFF,0xFF,
    0x07,0xF1,0xFF,0xFF,0xFF,0xFF,0xFF,0xFF,0xFF,0xFF,0xFF,0xFF,0xFF,0xFF,0xFF,0xFF,
    0xFF,0xFF,0xFF,0xFF,0xFE,0x41,0x1F,0x7F,0xBF,0xDF,0xCF,0xE7,0xF3,0xFB,0xFD,0x7E,
    0xFF,0xFF,0xFF,0xFF,0xFF,0xF9,0xF6,0xF6,0xF8,0xFF,0xFF,0xFF,0xFF,0xFF,0xFF,0x00,
    0xFF,0x7F,0x7F,0xFF,0xFF,0xFF,0xFF,0xFF,0xF8,0xF6,0xFA,0xF8,0xFF,0xFF,0xFF,0xFF,
    0xFF,0x7F,0xFF,0xFF,0xFF,0xFF,0xFF,0xFB,0xFC,0xE1,0x8F,0x3F,0xFF,0xFF,0xFF,0xFF,
    0xFF,0x7F,0xBF,0xBF,0xFF,0xFF,0xFF,0xFF,0xFF,0x7F,0x1F,0xE7,0xF3,0xFC,0xFF,0x7F,
    0x7F,0xFF,0xFF,0xFF,0xFF,0xFD,0xF0,0xF7,0xF8,0xFF,0xFF,0xFF,0xFF,0xFF,0x7F,0x7F,
    0xFF,0xFF,0xFF,0xFF,0xFF,0xF8,0xFF,0x00,0xFF,0xFA,0xFB,0xF8,0xFF,0xFF,0xFF,0xFF,
    0x7F,0x7F,0x7F,0x7F,0xFF,0xFF,0xFF,0xFD,0xFA,0xF3,0xF8,0xFF,0xFF,0xFF,0xFF,0x7F,
    0x7F,0x7F,0x7F,0xFC,0xF9,0xF7,0xF7,0xF7,0xF7,0xF4,0xF3,0xF4,0xF7,0xE7,0x77,0x77,
    0x73,0x7C,0xFF,0xFF,0xFF,0xFF,0xF8,0xFB,0xFA,0xFC,0xFF,0xFF,0xFF,0x7F,0x7F,0x7F,
    0x7F,0xFF,0xFF,0xFF,0xFF,0xF8,0xFB,0xFB,0xF8,0xFF,0xFF,0xFF,0xFF,0xFF,0xFF,0x00,
  },
  {
    0xFF,0xFF,0xFF,0xFF,0xFF,0xFF,0xFF,0xF3,0xED,0xED,0xE1,0xFF,0xFF,0xFF,0xFF,0xFF,
    0xFF,0xFF,0xFF,0xFF,0xFF,0xFF,0xFB,0xE1,0xED,0xE1,0xFB,0xFF,0xFF,0xFF,0xFF,0xFF,
    0xFF,0xFF,0xFF,0xFF,0xFF,0xFF,0xE5,0xED,0x6D,0x33,0x9F,0xDF,0x6F,0x07,0xFF,0xFF,
    0xFF,0xFF,0xFF,0xFF,0xFF,0xF1,0xED,0xED,0xF1,0xFF,0xFF,0xFF,0xFF,0xFF,0xFF,0xFF,
    0xFF,0xFF,0xFF,0xFF,0xF3,0xED,0xFF,0x00,0xFF,0xEC,0xE5,0xF3,0xFF,0xFF,0xFF,0xFF,
    0xFF,0xFF,0xFF,0xFB,0xC3,0x9B,0x33,0x37,0x74,0x6D,0x69,0xEF,0x6F,0x6F,0x6F,0x6F,
    0xEF,0xEF,0xEF,0xEF,0xF7,0xF7,0xF7,0xF3,0xF7,0xF7,0xE7,0xEF,0xE7,0xB3,0x39,0x3C,
    0x9E,0xDF,0xCF,0xE3,0xF8,0xFF,0xF7,0xEC,0xF1,0xFF,0xFF,0xFF,0xFF,0xFF,0xFF,0xFF,
    0xFF,0xFF,0xFF,0xFF,0xFF,0xF1,0xEE,0xF5,0xFB,0xFF,0xFF,0xFF,0xFF,0xFF,0xFF,0x00,
    0xFF,0xFF,0xFF,0xFF,0xFF,0xFF,0xFF,0xF9,0xF6,0xF6,0xF1,0xFF,0xFF,0xFF,0xFF,0xFE,
    0xFD,0xFD,0xFE,0xFE,0xFE,0xFD,0x1D,0x03,0xFF,0xF1,0xE0,0xE6,0xE0,0xFF,0xBF,0x7F,
    0xBF,0xFC,0x49,0x4D,0x43,0x37,0xF8,0xFE,0xF7,0xF1,0xFF,0xFF,0xFF,0x7F,0x3F,0xBF,
    0xBF,0xBF,0xBF,0xBF,0x3F,0x71,0xF6,0xF6,0xF1,0xFF,0xFF,0xFF,0xFF,0xFF,0xFF,0xFF,
    0xFF,0xFF,0xFF,0xFF,0xF9,0xF4,0xFF,0x00,0xFE,0xF6,0xF6,0xF9,0xFF,0xFF,0xFF,0xFF,
    0xFF,0xFF,0xFF,0xFF,0xFF,0xFF,0xFF,0xF1,0xF6,0xF6,0xF9,0xFF,0x6F,0x9F,0xF8,0xE3,
    0x9C,0x0B,0xF7,0xF7,0xE7,0xEF,0xCF,0xCE,0x40,0xFE,0xFF,0xFF,0xFF,0xFD,0xFD,0xFB,
    0xF3,0xFF,0x03,0xF9,0xFE,0xFF,0xFF,0xFF,0xFF,0xFF,0xFF,0xFF,0xFF,0xFF,0xFC,0xFC,
    0xF3,0xC7,0x37,0xFF,0xFF,0xF0,0xF6,0xF4,0xF9,0xFF,0xFF,0xFF,0xFF,0xFF,0xFF,0x00,
    0xFF,0x7F,0xFF,0xFF,0xFF,0xFF,0xFF,0xF9,0xF6,0xF6,0xF0,0xFF,0xFF,0xFF,0xFF,0xFF,
    0x7F,0xFF,0xFF,0xFF,0xFF,0xFE,0xF8,0xEF,0xCF,0x1C,0xDB,0xC7,0xEF,0xEF,0xEF,0xEF,
    0xEE,0xF1,0xF3,0xE7,0xF3,0xFB,0xF9,0xFC,0xF1,0xFE,0xCE,0x9F,0x7F,0xFF,0xFF,0xFF,
    0xFF,0xFF,0xFF,0xFF,0xFF,0xFF,0xFF,0x7F,0x1F,0xC0,0xFF,0xFF,0xFF,0xFF,0x7F,0x7F,
    0xFF,0xFF,0xFF,0xFF,0xF9,0xF2,0xFF,0x00,0xFF,0xF6,0xFA,0xFD,0xFF,0xFF,0xFF,0xFF,
    0x7F,0x7F,0xFF,0xFF,0xFF,0xFF,0xFF,0xF8,0xF7,0xF2,0xF8,0xFF,0xFF,0xFF,0xFF,0xFF,
    0x07,0xF1,0xFF,0xFF,0xFF,0xFF,0xFF,0xFF,0xFF,0xFF,0xFF,0xFF,0xFF,0xFF,0xFF,0xFF,
    0xFF,0xFF,0xFF,0xFF,0xFE,0x61,0x1F,0x7F,0x9F,0xDF,0xCF,0xE7,0xF3,0xFB,0x79,0x7E,
    0xFF,0xFF,0xFF,0xFF,0xFF,0xF8,0xF7,0xFA,0xF9,0xFF,0xFF,0xFF,0xFF,0x7F,0xFF,0x00,
    0xFF,0x7F,0x7F,0xFF,0xFF,0xFF,0xFF,0xF8,0xFB,0xFB,0xF8,0xFF,0xFF,0xFF,0xFF,0x7F,
    0x7F,0x7F,0xFF,0xFF,0xFF,0xFF,0xFF,0xFF,0xFC,0xE1,0x8F,0x3F,0xFF,0xFF,0xFF,0xFF,
    0xFF,0x7F,0xBF,0xBF,0xFF,0xFF,0xFF,0xFF,0xFF,0xFF,0x1F,0xEF,0xF3,0xF8,0x7F,0x7F,
    0x7F,0xFF,0xFF,0xFF,0xFF,0xF8,0xFB,0xFA,0xF8,0xFF,0xFF,0xFF,0xFF,0x7F,0x7F,0x7F,
    0xFF,0xFF,0xFF,0xFF,0xFC,0xFA,0xFF,0x00,0xFF,0xFB,0xF9,0xFC,0xFF,0xFF,0xFF,0x7F,
    0x7F,0x7F,0x7F,0xFF,0xFF,0xFF,0xFF,0xF8,0xFB,0xFB,0xFC,0xFF,0xFF,0xFF,0xFF,0x7F,
    0x7F,0x7F,0xFF,0xFC,0xF9,0xF7,0xF7,0xF7,0xF7,0xF4,0xF3,0xF4,0xF7,0xE7,0x77,0x77,
    0x73,0x78,0xFE,0xFF,0xFF,0xFC,0xFB,0xFB,0xF9,0xFF,0xFF,0xFF,0xFF,0x7F,0x7F,0x7F,
    0x7F,0xFF,0xFF,0xFF,0xFF,0xF8,0xFB,0xFA,0xFC,0xFF,0xFF,0xFF,0xFF,0xFF,0xFF,0x00,
  },
  {
    0xFF,0xFF,0xFF,0xFF,0xFF,0xFF,0xFD,0xF1,0xF7,0xF5,0xF9,0xFF,0xFF,0xFF,0xFF,0xFF,
    0xFF,0xFF,0x3F,0x7F,0xFF,0xFF,0xF1,0xF5,0xF5,0xF1,0xFF,0xFF,0xFF,0xFF,0xFF,0xFF,
    0xFF,0xFF,0xFF,0xFF,0xFF,0xF9,0xF5,0xF5,0xF1,0xFF,0xFF,0xFF,0xFF,0x7F,0x3F,0x9F,
    0x0F,0xFF,0xFF,0xFF,0xFF,0xF1,0xF5,0xF5,0xF9,0xFF,0xFF,0xFF,0xFF,0xFF,0xFF,0xFF,
    0xFF,0xFF,0xFF,0xFF,0xF1,0xF5,0xFF,0x00,0xFE,0xF6,0xF8,0xFF,0xFF,0xFF,0xFF,0xFF,
    0xFF,0xFF,0xFF,0xFF,0xFF,0xFF,0xF9,0xF2,0xF6,0xFF,0xE0,0xAF,0x4C,0x9D,0x39,0x7B,
    0x77,0xF7,0xEF,0xDF,0xDF,0xBF,0x70,0x76,0xB6,0xB9,0x9F,0xBF,0xBF,0xBF,0xBF,0x9F,
    0xCF,0xE7,0xF3,0x79,0x7C,0xBE,0x4F,0xC7,0xF0,0xFF,0xFF,0xFF,0xFF,0xFF,0xFF,0xFF,
    0xFF,0xFF,0xFF,0xFF,0xF9,0xF6,0xF6,0xF0,0xFF,0xFF,0xFF,0xFF,0xFF,0xFF,0xFF,0x00,
    0xFF,0x7F,0xFF,0xFF,0xFF,0xFF,0xFF,0xF8,0xF6,0xF2,0xF9,0xFF,0xFF,0xFF,0xFF,0xFF,
    0x7F,0xFF,0xFF,0xFF,0xFE,0xFE,0xFD,0xFB,0xF2,0xE2,0xEE,0x0F,0xFF,0x1F,0x4F,0x6F,
    0x0F,0xF7,0xFF,0xFF,0xFF,0xD7,0x2F,0x6F,0x0F,0x1E,0xE1,0xFD,0xFF,0xFE,0xFF,0x7F,
    0xFF,0xFF,0xFF,0xFF,0xFF,0xF2,0xF6,0xFA,0xF9,0xFF,0xFF,0xFF,0xFF,0xFF,0x7F,0xFF,
    0xFF,0xFF,0xFF,0xFF,0xF8,0xF6,0xFF,0x00,0xFF,0xF3,0xF8,0xFF,0xFF,0xFF,0xFF,0x7F,
    0x7F,0x7F,0xFF,0xFF,0xFF,0xFF,0xFD,0xFA,0xF7,0xF8,0xFF,0xFF,0xFF,0xFF,0xFF,0x7F,
    0x7F,0x5F,0x9F,0xFF,0xF4,0xFB,0xFA,0xF6,0x77,0x37,0xB1,0x05,0xB7,0x77,0x77,0xF2,
    0xBB,0x6C,0xEF,0xDF,0x1F,0x98,0xB7,0x32,0xB8,0xBF,0xFF,0xFF,0xFF,0x7F,0x7F,0x7F,
    0xFF,0xFF,0xFF,0xFF,0xFC,0xF2,0xFF,0xF8,0xFF,0xFF,0xFF,0xFF,0xFF,0x7F,0xFF,0x00,
    0x7F,0x7F,0xFF,0xFF,0xFF,0xFF,0xFF,0xF8,0xFB,0xFA,0xFC,0xFF,0xFF,0xFF,0xFF,0x7F,
    0x7F,0x7F,0xFF,0xFF,0xFF,0xFF,0x1C,0xC7,0xE0,0xC7,0x5F,0x8F,0xBF,0xC7,0xB3,0xB9,
    0xFC,0x3F,0x9F,0x6C,0x69,0x9F,0xFE,0xDE,0xDC,0xE1,0x9F,0x5E,0x44,0xB1,0xDF,0x6F,
    0xE6,0xE1,0xEF,0xFF,0xFF,0xFA,0xFB,0xFA,0xFC,0xFF,0xFF,0xFF,0xFF,0x7F,0x7F,0x7F,
    0xFF,0xFF,0xFF,0xFF,0xF8,0xFB,0xFF,0x00,0xFB,0xFB,0xFC,0xFF,0xFF,0xFF,0xFF,0x7F,
    0xFF,0x7F,0xFF,0xFF,0xFF,0xFF,0xFC,0xFB,0xFB,0xF8,0xFF,0xFF,0xFF,0xEF,0xC0,0x3F,
    0xCF,0xF3,0xFC,0xFF,0xFF,0x7F,0xFF,0xFF,0xFF,0xFF,0xFE,0xFE,0xFF,0xFF,0xFF,0xFF,
    0xFF,0xFF,0xFF,0xF0,0x87,0x3F,0xFB,0xFB,0xFC,0xFF,0xFF,0xFF,0xFF,0x7F,0x7F,0x7F,
    0xFF,0xFF,0xFF,0xFF,0xFC,0xFB,0xFB,0xF8,0xFF,0xFF,0xFF,0xFF,0x7F,0x7F,0xFF,0x00,
    0xFF,0x3F,0x7F,0xFF,0xFF,0xFF,0xFF,0xF8,0xFB,0xFB,0xFC,0xFF,0xFF,0xFF,0xFF,0x3F,
    0xBF,0x7F,0xFF,0xFF,0xFF,0xFF,0xFF,0x80,0x7F,0xFF,0xFF,0xFF,0xFF,0xFE,0xFD,0xFF,
    0xFF,0xFF,0xFF,0xFF,0xFF,0xFF,0xFF,0xFF,0xFF,0xFF,0xF9,0xFE,0xFF,0xFC,0x00,0x1F,
    0xFF,0xFF,0xFF,0xFF,0xFF,0xF8,0xFB,0xF9,0xFC,0xFF,0xFF,0xFF,0x7F,0x3F,0xBF,0x7F,
    0xFF,0xFF,0xFF,0xFF,0xFC,0xFB,0xFF,0x00,0xFF,0xF9,0xFC,0xFF,0xFF,0xFF,0xFF,0x7F,
    0xBF,0x3F,0x7F,0xFF,0xFF,0xFF,0xFE,0xFD,0xFB,0xFC,0xFF,0xFF,0xFF,0xFF,0x7F,0x3F,
    0x3E,0x7C,0xFD,0xFB,0xF3,0xF7,0xF7,0xE7,0xF7,0xF7,0xF5,0xF5,0xF5,0x77,0x37,0x37,
    0x37,0xF7,0xF7,0xF3,0xF9,0xFD,0xFE,0xFB,0xFC,0xFF,0xFF,0xFF,0xFF,0x7F,0x3F,0x3F,
    0x7F,0xFF,0xFF,0xFF,0xFC,0xFD,0xFD,0xFC,0xFF,0xFF,0xFF,0xFF,0xFF,0xFF,0xFF,0x00,
  },
  {
    0x7F,0x7F,0xFF,0xFF,0xFF,0xFF,0xF9,0xFB,0xF3,0xF9,0xFF,0xFF,0xFF,0xFF,0xFF,0x7F,
    0x7F,0xFF,0xFF,0x3F,0xBF,0x7D,0xF9,0xF7,0xF9,0xFD,0xFF,0xFF,0xFF,0xFF,0x7F,0x7F,
    0xFF,0xFF,0xFF,0xFF,0xFF,0xF9,0xF7,0xF1,0xF9,0xFF,0xFF,0xFF,0xFF,0xFF,0xFF,0xFF,
    0xFF,0x7F,0x3F,0xFF,0xF9,0xF1,0xF7,0xF9,0xFF,0xFF,0xFF,0xFF,0xFF,0x7F,0x7F,0xFF,
    0xFF,0xFF,0xFF,0xFD,0xF9,0xF7,0xFF,0x00,0xFF,0xF8,0xFD,0xFF,0xFF,0xFF,0xFF,0x7F,
    0x7F,0xFF,0xFF,0xFF,0xFF,0xFF,0xF8,0xFB,0xFB,0xF8,0xFF,0xE0,0xB7,0x4E,0x9C,0x3D,
    0x7B,0x73,0xE7,0xEF,0xDF,0xB8,0x7B,0x7A,0x7C,0x3F,0x1F,0xFF,0xBF,0xBF,0x3F,0x7F,
    0xBF,0xDF,0xEF,0xF7,0xF3,0x79,0x7D,0x1E,0x8E,0xE0,0xFF,0xFF,0xFF,0x7F,0x7F,0xFF,
    0xFF,0xFF,0xFF,0xFF,0xF8,0xFA,0xFA,0xF8,0xFF,0xFF,0xFF,0xFF,0x7F,0x7F,0xFF,0x00,
    0x7F,0x7F,0xFF,0xFF,0xFF,0xFF,0xFC,0xFB,0xFB,0xF8,0xFF,0xFF,0xFF,0xFF,0x7F,0x7F,
    0x7F,0xFF,0xFF,0xFF,0xFF,0xFE,0xFE,0xFD,0xFF,0xF2,0xE6,0xCF,0x7F,0x3F,0x1F,0x6F,
    0x4F,0xB7,0xFF,0xFF,0xFF,0xFF,0x17,0x6F,0x0F,0x3E,0x01,0xEA,0xFE,0x7C,0x7F,0x7E,
    0xFF,0xFF,0xFF,0xFF,0xFC,0xFB,0xFB,0xF8,0xFF,0xFF,0xFF,0xFF,0x7F,0x7F,0x7F,0xFF,
    0xFF,0xFF,0xFF,0xFC,0xF8,0xFB,0xFF,0x00,0xFB,0xF9,0xFC,0xFF,0xFF,0xFF,0x7F,0x7F,
    0x7F,0x7F,0xFF,0xFF,0xFF,0xFF,0xFC,0xFB,0xFB,0xFC,0xFF,0xFF,0xFF,0xFF,0xFF,0xFF,
    0xFF,0xFF,0xFF,0x3F,0xE4,0xEB,0xF6,0xF6,0xF6,0xF7,0x77,0x6D,0x6B,0x77,0xF7,0xF6,
    0xF6,0xEB,0xFD,0x9F,0x7F,0xF8,0xFB,0xFA,0xFC,0xFF,0xFF,0xFF,0xFF,0x7F,0x7F,0x7F,
    0xFF,0xFF,0xFF,0xFF,0xFC,0xFB,0xFB,0xFC,0xFF,0xFF,0xFF,0xFF,0xFF,0xFF,0xFF,0x00,
    0xBF,0x7F,0xFF,0xFF,0xFF,0xFF,0xFC,0xF9,0xF9,0xFC,0xFF,0xFF,0xFF,0xFF,0x7F,0x3F,
    0xFF,0x7F,0x9F,0xC7,0xF3,0xFB,0xFD,0xFE,0xFE,0xF2,0x0C,0x3F,0x7F,0x3F,0x87,0x73,
    0xF9,0x7C,0x3E,0xFF,0xD8,0x37,0xBE,0xFD,0xBD,0xA3,0x87,0x3E,0xD4,0x4D,0xBF,0x7F,
    0xFF,0xFF,0xFF,0xFF,0xFC,0xFB,0xFB,0xFC,0xFF,0xFF,0xFF,0xFF,0x7F,0x3F,0x7F,0x7F,
    0xFF,0xFF,0xFF,0xFD,0xFD,0xFB,0xFF,0x00,0xFB,0xFC,0xFE,0xFF,0xFF,0xFF,0x7F,0xBF,
    0xBF,0x7F,0xFF,0xFF,0xFF,0xFF,0xFC,0xFF,0xFF,0xE0,0x9F,0x3F,0xFF,0xFF,0xFF,0x1F,
    0xCF,0xF3,0xFC,0xFF,0xFF,0xFF,0xFF,0xFF,0xFF,0xFF,0xF9,0xFC,0xFE,0xFF,0xFF,0xFF,
    0xFF,0xFF,0xFF,0xF8,0x83,0x1F,0xFB,0xFD,0xFE,0xFF,0xFF,0xFF,0x7F,0x3F,0xBF,0x7F,
    0xFF,0xFF,0xFF,0xFF,0xFC,0xFD,0xFD,0xFC,0xFF,0xFF,0xFF,0xFF,0x3F,0xBF,0xFF,0x00,
    0xBF,0x3F,0xFF,0xFF,0xFF,0xFF,0xFC,0xFD,0xFD,0xFC,0xFF,0xFF,0xFF,0xFF,0x3F,0xBF,
    0xBF,0x7F,0xFF,0xFE,0xFC,0xFD,0xC8,0x07,0xFF,0xFF,0xFF,0xFF,0xFF,0xFF,0xFF,0xFF,
    0xFF,0xFF,0xFF,0xFF,0xFF,0xFF,0xFF,0xFF,0xFF,0xFF,0xF9,0xFE,0xFF,0xFC,0x01,0x8F,
    0xFF,0xFF,0xFF,0xFF,0xFC,0xFD,0xFD,0xFC,0xFF,0xFF,0xFF,0xFF,0x3F,0xBF,0xBF,0x7F,
    0xFF,0xFF,0xFF,0xFE,0xFC,0xFD,0xFF,0x00,0xFD,0xFC,0xFF,0xFF,0xFF,0xFF,0x3F,0xBF,
    0xBF,0x7F,0xFF,0xFF,0xFF,0xFF,0xFC,0xFD,0xFD,0xFE,0xFF,0xFF,0xFF,0x7F,0x3F,0xBF,
    0x3E,0xFD,0xF9,0xFB,0xF7,0xF7,0xF7,0xE7,0xE7,0xF7,0xE5,0xF5,0xF5,0x37,0xB7,0xA7,
    0x77,0xE7,0xF7,0xF3,0xF9,0xFD,0xFE,0xFF,0xFF,0xFF,0xFF,0xFF,0x7F,0x3F,0xBF,0x3F,
    0xFF,0xFF,0xFF,0xFF,0xFC,0xFD,0xFD,0xFE,0xFF,0xFF,0xFF,0x7F,0x3F,0xBF,0xFF,0x00,
  },
  {
    0x7F,0xFF,0xFF,0xFF,0xFF,0xFF,0xF9,0xFB,0xF9,0xFD,0xFF,0xFF,0xFF,0x7F,0x7F,0x7F,
    0x7F,0xFF,0xFF,0x3F,0xBF,0x7D,0xF9,0xFB,0xF9,0xFF,0xFF,0xFF,0xFF,0x7F,0x7F,0x7F,
    0xFF,0xFF,0xFF,0xFF,0xFD,0xF9,0xFB,0xF9,0xFD,0xFF,0xFF,0xFF,0x7F,0x7F,0xFF,0xFF,
    0xFF,0x7F,0x3F,0xFF,0xFD,0xF9,0xF9,0xFD,0xFF,0xFF,0xFF,0xFF,0x7F,0x7F,0x7F,0xFF,
    0xFF,0xFF,0xFF,0xFD,0xF9,0xFB,0xFF,0x00,0xF9,0xFC,0xFF,0xFF,0xFF,0xFF,0x7F,0xBF,
    0x7F,0xFF,0xFF,0xFF,0xFF,0xFC,0xFB,0xFB,0xFC,0xFF,0xFF,0xE0,0xB7,0x4E,0x9C,0xBD,
    0x79,0x73,0xF7,0xEF,0xDF,0x98,0x3B,0x79,0x7E,0x3F,0x3F,0xBF,0xBF,0xBF,0xBF,0x7F,
    0xBF,0xDF,0xEF,0xF7,0xF2,0x79,0x7D,0x9E,0x8E,0xC0,0xFD,0xFF,0x7F,0x3F,0xFF,0x7F,
    0xFF,0xFF,0xFF,0xFF,0xF9,0xFB,0xF8,0xFE,0xFF,0xFF,0xFF,0x7F,0x7F,0xBF,0xFF,0x00,
    0xBF,0x7F,0xFF,0xFF,0xFF,0xFF,0xFC,0xFB,0xFD,0xFE,0xFF,0xFF,0xFF,0x7F,0x3F,0xBF,
    0x7F,0xFF,0xFF,0xFF,0xFF,0xFE,0xFE,0xFD,0xFF,0xF2,0xE2,0xCF,0x7F,0x3F,0x1F,0x6F,
    0x4F,0x97,0xFF,0xFF,0xFF,0xFF,0x17,0x6F,0x0F,0x1E,0x01,0xEA,0x7E,0x3C,0xBF,0x7E,
    0xFF,0xFF,0xFF,0xFF,0xFC,0xFB,0xFD,0xFC,0xFF,0xFF,0xFF,0xFF,0x7F,0xBF,0x3F,0xFF,
    0xFF,0xFF,0xFF,0xFC,0xFB,0xFB,0xFF,0x00,0xFD,0xFC,0xFF,0xFF,0xFF,0xFF,0x3F,0xBF,
    0x3F,0x7F,0xFF,0xFF,0xFF,0xFC,0xFD,0xFD,0xFC,0xFF,0xFF,0xFF,0xFF,0x7F,0xBF,0xBF,
    0xFF,0xFF,0xFF,0x3F,0xE4,0xEB,0xF6,0xF6,0xF6,0xF7,0x77,0x6D,0x6B,0x77,0xF7,0xF6,
    0xF6,0xEB,0xFD,0x9F,0x7C,0xFD,0xFD,0xFC,0xFF,0xFF,0xFF,0xFF,0x3F,0xBF,0xBF,0x7F,
    0xFF,0xFF,0xFF,0xFE,0xFC,0xFD,0xFD,0xFE,0xFF,0xFF,0xFF,0x7F,0xBF,0xBF,0xFF,0x00,
    0xBF,0x7F,0xFF,0xFF,0xFF,0xFF,0xFD,0xFD,0xFD,0xFF,0xFF,0xFF,0xFF,0x7F,0xBF,0xBF,
    0xFF,0x7F,0x9F,0xCF,0xF3,0xFB,0xFD,0xFE,0xFE,0xF2,0x44,0x3F,0x7F,0x3F,0x87,0x73,
    0xF9,0x7D,0x7E,0xBF,0xD8,0x37,0xBE,0xFD,0xBD,0xB1,0x87,0x7E,0xD5,0xCD,0xBF,0x7F,
    0xFF,0xFF,0xFF,0xFF,0xFC,0xFD,0xFD,0xFC,0xFF,0xFF,0xFF,0x7F,0x3F,0xBF,0xBF,0x7F,
    0xFF,0xFF,0xFF,0xFE,0xFD,0xFD,0xFF,0x00,0xFD,0xFE,0xFF,0xFF,0xFF,0x7F,0x3F,0xBF,
    0xBF,0x7F,0xFF,0xFF,0xFF,0xFE,0xFD,0xFF,0xFF,0xE0,0x9F,0x3F,0xFF,0xFF,0xFF,0x3F,
    0xCF,0xF3,0xFC,0xFF,0xFF,0x7F,0xFF,0xFF,0xFF,0xFF,0xFB,0xFC,0xFC,0xFE,0xFF,0xFF,
    0xFF,0xFF,0xFF,0xFC,0xC3,0x1F,0xFF,0xFF,0xFF,0xFF,0xFF,0xFF,0x3F,0xBF,0xBF,0x7F,
    0xFF,0xFF,0xFF,0xFE,0xFD,0xFD,0xFD,0xFE,0xFF,0xFF,0xFF,0x7F,0xBF,0xBF,0xFF,0x00,
    0xBF,0x3F,0xFF,0xFF,0xFF,0xFF,0xFC,0xFD,0xFE,0xFE,0xFF,0xFF,0xFF,0x3F,0xBF,0x9F,
    0xBF,0xFF,0xFF,0xFE,0xFD,0xFD,0xE8,0x07,0xFF,0xFF,0xFF,0xFF,0xFF,0xFE,0xFD,0xFF,
    0xFF,0xFF,0xFF,0xFF,0xFF,0xFF,0xFF,0xFF,0xFF,0xFF,0xF9,0xFE,0xFF,0xFC,0x00,0x07,
    0xFF,0xFF,0xFF,0xFF,0xFE,0xFD,0xFD,0xFE,0xFF,0xFF,0xFF,0xFF,0xBF,0xBF,0xBF,0x7F,
    0xFF,0xFF,0xFF,0xFE,0xFD,0xFD,0xFF,0x00,0xFE,0xFE,0xFF,0xFF,0xFF,0xFF,0x3F,0x9F,
    0xBF,0x7F,0xFF,0xFF,0xFF,0xFE,0xFD,0xFD,0xFE,0xFF,0xFF,0xFF,0xFF,0xFF,0xFF,0xDF,
    0x3E,0xFD,0xF9,0xFB,0xF7,0xF7,0xF7,0xE7,0xE7,0xE7,0xE5,0xF1,0xF5,0xE7,0xEF,0xE7,
    0xE7,0xE7,0xF7,0xF3,0xFB,0xFD,0xFE,0xFF,0xFF,0xFF,0xFF,0xFF,0x3F,0xDF,0xDF,0x3F,
    0xFF,0xFF,0xFF,0xFF,0xFC,0xFD,0xFC,0xFE,0xFF,0xFF,0xFF,0x3F,0xBF,0x9F,0xFF,0x00,
  },
  {
    0x3F,0xFF,0xFF,0xFF,0xFF,0xFD,0xFD,0xFD,0xFD,0xFF,0xFF,0xFF,0xFF,0x7F,0xBF,0xBF,
    0xFF,0x7F,0xFF,0xFF,0xFF,0xFD,0xFD,0xFD,0xFD,0xFF,0xFF,0xFF,0x7F,0xBF,0xBF,0x3F,
    0xFF,0xFF,0xFF,0xFF,0xFD,0xF9,0xFD,0xFD,0xFF,0xFF,0xFF,0xFF,0x7F,0xBF,0xBF,0xFF,
    0xFF,0xFF,0x7F,0x7F,0x3D,0xFD,0xFD,0xFF,0xFF,0xFF,0xFF,0x7F,0xBF,0xBF,0x3F,0xFF,
    0xFF,0xFF,0xFF,0xFD,0xFD,0xFD,0xFF,0x00,0xFC,0xFF,0xFF,0xFF,0xFF,0x3F,0xBF,0xBF,
    0x3F,0xFF,0xFF,0xFF,0xFF,0xFC,0xFD,0xFD,0xFF,0xFE,0xF8,0xE5,0x8D,0x5B,0x9B,0xBB,
    0x37,0x77,0x77,0xE7,0xEE,0xED,0xCD,0xDC,0xEF,0xEF,0xE7,0xEF,0xEF,0xE7,0xE7,0xEF,
    0xEF,0xAF,0xB7,0x37,0x3B,0x3B,0xBD,0x5C,0xAE,0xDE,0xE3,0x78,0x3F,0xBF,0x3F,0xFF,
    0xFF,0xFF,0xFF,0xFE,0xFD,0xFD,0xFC,0xFF,0xFF,0xFF,0xFF,0x3F,0xBF,0xBF,0xFF,0x00,
    0x3F,0xFF,0xFF,0xFF,0xFF,0xFE,0xFD,0xFD,0xFE,0xFF,0xFF,0xFF,0xFF,0x3F,0xBF,0xBF,
    0x7F,0xFF,0xFF,0xFF,0xFF,0xFD,0xFE,0xFE,0xFD,0xFD,0xFD,0xE3,0x8F,0x77,0xF7,0xE7,
    0xE7,0xF7,0x3F,0xBF,0x3F,0x7F,0xAF,0xCF,0xCF,0xBF,0x02,0x7D,0xFF,0xBE,0xBF,0x7F,
    0xFF,0xFF,0xFF,0xFF,0xFC,0xFD,0xFC,0xFE,0xFF,0xFF,0xFF,0x7F,0xBF,0xBF,0x3F,0xFF,
    0xFF,0xFF,0xFF,0xFC,0xFD,0xFD,0xFF,0x00,0xFC,0xFF,0xFF,0xFF,0xFF,0x3F,0xBF,0xBF,
    0x3F,0xFF,0xFF,0xFF,0xFF,0xFC,0xFD,0xFD,0xFE,0xFF,0xFF,0xFF,0xFF,0x3F,0xBF,0x3F,
    0xFF,0x4F,0xC7,0xF9,0xFD,0xFE,0xFE,0xFE,0x84,0x32,0x7A,0x7E,0x3E,0xBF,0xDF,0xEF,
    0xC7,0x98,0xBF,0xB0,0x47,0x7F,0xFD,0xFE,0xFF,0xFF,0xFF,0x7F,0xBF,0xBF,0x3F,0x7F,
    0xFF,0xFF,0xFF,0xFE,0xFC,0xFD,0xFE,0xFF,0xFF,0xFF,0xFF,0x3F,0xBF,0xBF,0xFF,0x00,
    0x3F,0xFF,0xFF,0xFF,0xFF,0xFE,0xFD,0xFC,0xFE,0xFF,0xFF,0xFF,0xFF,0x3F,0x9F,0xBF,
    0xFF,0x7F,0xBF,0xDF,0xEF,0xF6,0x83,0x09,0xFF,0xFE,0x71,0x0F,0xE3,0xF7,0xEF,0xEB,
    0xE3,0xF6,0xE6,0xEF,0xDF,0xDF,0xE7,0xE7,0xEF,0xCF,0xDF,0xDB,0x14,0xFF,0xBF,0x3F,
    0xFF,0xFF,0xFF,0xFF,0xFE,0xFD,0xFC,0xFF,0xFF,0xFF,0xFF,0x3F,0xBF,0x9F,0x3F,0xFF,
    0xFF,0xFF,0xFF,0xFE,0xFD,0xFD,0xFF,0x00,0xFE,0xFF,0xFF,0xFF,0xFF,0x3F,0xDF,0xDF,
    0x3F,0xFF,0xFF,0xFF,0xFF,0xFE,0x1F,0x07,0xF8,0xFE,0xFF,0xFF,0xFF,0xFF,0x7F,0x8E,
    0xF0,0xFD,0xFE,0xFF,0xFF,0xFF,0xFF,0xFF,0xFF,0xFF,0xFF,0xFF,0xFF,0xFF,0xFF,0xFF,
    0xFF,0xFF,0x7F,0xFF,0xF0,0x01,0x3F,0xFE,0xFF,0xFF,0xFF,0x7F,0x9F,0xDF,0x9F,0x7F,
    0xFF,0xFF,0xFF,0xFE,0xFD,0xFC,0xFE,0xFF,0xFF,0xFF,0xFF,0x3F,0xDF,0xDF,0xFF,0x00,
    0x1F,0xFF,0xFF,0xFF,0xFF,0xFE,0xFE,0xFC,0xFE,0xFF,0xFF,0xFF,0xFF,0x3C,0xE1,0xCF,
    0xBF,0x3F,0x7F,0x7F,0xFF,0xFF,0xFC,0xE1,0xDF,0x3F,0xFF,0xFF,0xFF,0xFF,0xFF,0xFF,
    0xFF,0xFF,0xFF,0xFF,0xFF,0xFF,0xFF,0xFF,0xFF,0xFE,0xFE,0xFF,0xFF,0x3F,0x80,0x7F,
    0xFF,0xFF,0xFF,0xFF,0xFE,0xFE,0xFE,0xFF,0xFF,0xFF,0xFF,0x3F,0xDF,0xDF,0x3F,0xFF,
    0xFF,0xFF,0xFF,0xFE,0xFE,0xFE,0xFF,0x00,0xFE,0xFF,0xFF,0xFF,0xFF,0x3F,0xDF,0xDF,
    0x1F,0xFF,0xFF,0xFF,0xFF,0xFE,0xFE,0xFE,0xFF,0xFF,0xFF,0xFE,0xFE,0x9E,0xDE,0x9C,
    0xBE,0xFE,0xFC,0xF9,0xFB,0xF7,0xE7,0xEF,0xEF,0xEF,0xE4,0xEE,0x36,0xAF,0xEF,0xE7,
    0xEF,0xF7,0xF3,0xF9,0xFE,0xFF,0xFF,0xFE,0xFF,0xFF,0xFF,0xFF,0x9F,0xDF,0x1F,0xFF,
    0xFF,0xFF,0xFF,0xFF,0xFE,0xFE,0xFE,0xFF,0xFF,0xFF,0xFF,0x3F,0xDF,0xDF,0xFF,0x00,
  },
  {
    0x3F,0xFF,0xFF,0xFF,0xFF,0xFE,0xFD,0xFC,0xFF,0xFF,0xFF,0xFF,0x3F,0x9F,0xDF,0x3F,
    0xFF,0xFF,0xFF,0xFF,0xFE,0xFC,0xFD,0xFE,0xFF,0xFF,0xFF,0xFF,0x3F,0xDF,0xDF,0x3F,
    0xFF,0xFF,0xFF,0xFF,0xFC,0xFD,0xFC,0xFF,0xFF,0xFF,0xFF,0x3F,0x9F,0xDF,0xBF,0xFF,
    0xFF,0x7F,0x7F,0x7E,0x3D,0xFD,0xFE,0xFF,0xFF,0xFF,0xFF,0x3F,0xDF,0xDF,0x3F,0xFF,
    0xFF,0xFF,0xFF,0xFE,0xFD,0xFD,0xFF,0x00,0xFE,0xFF,0xFF,0xFF,0x7F,0xBF,0xDF,0x1F,
    0xFF,0xFF,0xFF,0xFF,0xFF,0xFD,0xF1,0xCD,0xBB,0x3B,0xB7,0x37,0x77,0x77,0x77,0x77,
    0x77,0x37,0xF7,0xF7,0xF6,0xB6,0x76,0x7B,0xFB,0xFB,0x7D,0xBF,0xCB,0xF3,0xFF,0xFB,
    0xFB,0x97,0xE3,0x3B,0x1D,0x1D,0x5C,0x8E,0xCE,0xE6,0xF9,0x3E,0xDF,0xDF,0x3F,0xFF,
    0xFF,0xFF,0xFF,0xFE,0xFE,0xFE,0xFE,0xFF,0xFF,0xFF,0xFF,0x1F,0xDF,0x9F,0xFF,0x00,
    0xFF,0xFF,0xFF,0xFF,0xFF,0xFE,0xFE,0xFE,0xFF,0xFF,0xFF,0xFF,0x3F,0xDF,0xDF,0x1F,
    0xFF,0xFF,0xFE,0xFE,0xFD,0xFD,0xFD,0xFD,0xFD,0x7D,0xE3,0xCF,0xDC,0xCE,0xFE,0x1E,
    0x66,0xF9,0xFE,0xFF,0xFF,0x7F,0xBF,0x7F,0xFF,0xFF,0xFD,0x01,0xFF,0xDF,0x1F,0xFF,
    0xFF,0xFF,0xFF,0xFE,0xFE,0xFE,0xFE,0xFF,0xFF,0xFF,0xFF,0x3F,0xDF,0xDF,0x3F,0xFF,
    0xFF,0xFF,0xFF,0xFE,0xFE,0xFE,0xFF,0x00,0xFF,0xFF,0xFF,0xFF,0x3F,0x5F,0xDF,0x9F,
    0xFF,0xFF,0xFF,0xFF,0xFF,0xFE,0xFE,0xFE,0xFF,0xFF,0xFF,0xFF,0x1F,0xDF,0xDF,0x3F,
    0xC0,0xFE,0x43,0xFF,0xFF,0xFF,0xFF,0xF0,0xE7,0xF7,0xF3,0xFB,0xFC,0xFE,0xFF,0xFE,
    0xFD,0xF9,0x70,0xFE,0x03,0xFE,0xFE,0xFF,0xFF,0xFF,0xFF,0x3F,0xDF,0xDF,0x1F,0xFF,
    0xFF,0xFF,0xFF,0xFE,0xFE,0xFE,0xFF,0xFF,0xFF,0xFF,0xFF,0x1F,0xDF,0x5F,0xFF,0x00,
    0x1F,0xFF,0xFF,0xFF,0xFF,0xFE,0xFE,0xFE,0xFF,0xFF,0xFF,0xFF,0x1F,0xDF,0xDF,0x1F,
    0xFF,0xFF,0xFF,0xFF,0xFE,0xFE,0xFE,0xFE,0xFF,0xFF,0x3C,0x8D,0xE3,0xFB,0xFB,0xF9,
    0xFD,0xFE,0xFE,0xFE,0xFE,0xFE,0xFE,0xFC,0xF9,0xFB,0xFC,0xF8,0xC7,0x1F,0xFF,0xFF,
    0xFF,0xFF,0xFF,0xFF,0xFE,0xFE,0xFE,0xFF,0xFF,0xFF,0xFF,0x1F,0xDF,0xDF,0x3F,0xFF,
    0xFF,0xFF,0xFF,0xFE,0xFE,0xFE,0xFF,0x00,0xFF,0xFF,0xFF,0xFF,0x3F,0x5F,0xFF,0x1F,
    0xFF,0xFF,0xFF,0xFF,0xFF,0x7E,0xDE,0x9F,0xBF,0x3F,0x7F,0xBF,0xBF,0xDF,0xCF,0xEF,
    0x07,0xF8,0xFE,0xFF,0xFF,0xFF,0xFF,0xFF,0xFF,0xFF,0xF3,0xCF,0xFF,0xFF,0xFF,0xFF,
    0xFF,0xFF,0xFF,0xFF,0xFF,0xF8,0x03,0xFF,0xFF,0xFF,0xFF,0x1F,0xDF,0xDF,0x1F,0xFF,
    0xFF,0xFF,0xFF,0xFE,0xFE,0xFE,0xFF,0xFF,0xFF,0xFF,0xBF,0x1F,0xDF,0xDF,0xFF,0x00,
    0x1F,0xFF,0xFF,0xFF,0xFF,0xFE,0xFE,0xFE,0xFF,0xFF,0xFF,0xFF,0xC0,0x9F,0x7E,0x7E,
    0xFF,0xFF,0xFF,0xFF,0xFF,0xFF,0xFF,0xFF,0xFC,0xF3,0xEF,0x1F,0xFF,0xFF,0xFF,0xFF,
    0xFF,0xFF,0xFF,0x7F,0x7F,0xFF,0xFF,0xFF,0xFF,0xFF,0xFF,0x7F,0x1F,0xC3,0xF8,0xFF,
    0xFF,0xFF,0xFF,0xFF,0xFE,0xFE,0xFF,0xFF,0xFF,0xFF,0xFF,0x1F,0xDF,0x5F,0x1F,0xFF,
    0xFF,0xFF,0xFF,0xFE,0xFE,0xFE,0xFF,0x00,0xFF,0xFF,0xFF,0xFF,0x9F,0xDF,0xEF,0x9F,
    0xFF,0xFF,0xFF,0xFF,0xFF,0xFF,0xFD,0xFD,0xFC,0xFD,0xFB,0xFB,0x9B,0xDB,0xD7,0x97,
    0xF7,0xF7,0xF7,0xF7,0xF4,0xF3,0xF7,0xEF,0xEF,0xEF,0xEF,0xE0,0xF6,0xE6,0xEF,0xE7,
    0xEF,0xE7,0xF1,0xFC,0xFF,0xFF,0xFF,0xFF,0xFF,0xFF,0xFF,0x9F,0xDF,0xCF,0x9F,0xFF,
    0xFF,0xFF,0xFF,0xFF,0xFE,0xFE,0xFF,0xFF,0xFF,0xFF,0xBF,0xDF,0xEF,0xDF,0xFF,0x00,
  },
  {
    0xFF,0xFF,0xFF,0xFF,0xFE,0xFE,0xFE,0xFE,0xFF,0xFF,0xFF,0xFF,0x1F,0xDF,0xDF,0x1F,
    0xFF,0xFF,0xFF,0xFF,0xFE,0xFE,0xFE,0xFF,0xFF,0xFF,0xFF,0x3F,0x1F,0xFF,0x1F,0xFF,
    0xFF,0xFF,0xFF,0xFF,0xFE,0xFE,0xFE,0xFF,0xFF,0xFF,0xFF,0x1F,0xDF,0xDF,0xBF,0xFF,
    0xFF,0x7F,0x7F,0x7E,0x3E,0xFE,0xFF,0xFF,0xFF,0xFF,0xFF,0x1F,0xDF,0x5F,0x3F,0xFF,
    0xFF,0xFF,0xFF,0xFE,0xFE,0xFE,0xFF,0x00,0xFF,0xFF,0xFF,0xFF,0x1F,0xFF,0x5F,0x1F,
    0xFF,0xFF,0xFF,0xFF,0xFF,0xFF,0xF1,0xCD,0x9B,0x3B,0xB3,0xB7,0x77,0x77,0x77,0x77,
    0x77,0x37,0xF7,0xF7,0xF6,0xB6,0x36,0x7B,0x7B,0xFB,0x79,0xBF,0xCB,0xF3,0xFB,0xFB,
    0xF9,0x83,0xE3,0x7B,0x1D,0x1D,0x5C,0x8E,0xCE,0xE6,0xF9,0x1C,0xDF,0x5F,0x1F,0xFF,
    0xFF,0xFF,0xFF,0xFE,0xFE,0xFE,0xFF,0xFF,0xFF,0xFF,0x3F,0x5F,0xDF,0x1F,0xFF,0x00,
    0xFF,0xFF,0xFF,0xFF,0xFF,0xFE,0xFF,0xFF,0xFF,0xFF,0xFF,0xFF,0x1F,0xEF,0x5F,0x1F,
    0xFF,0xFF,0xFE,0xFE,0xFD,0xFD,0xFD,0xFD,0xFD,0x7D,0xE3,0xCF,0xDF,0xCE,0xFE,0x5E,
    0x0E,0xF9,0xFE,0xFF,0xFF,0x7F,0xBF,0x3F,0xFF,0xFF,0xFF,0x00,0xFF,0x7F,0x1F,0xFF,
    0xFF,0xFF,0xFF,0xFF,0xFE,0xFE,0xFF,0xFF,0xFF,0xFF,0xFF,0x1F,0xEF,0x5F,0x3F,0xFF,
    0xFF,0xFF,0xFF,0xFE,0xFE,0xFF,0xFF,0x00,0xFF,0xFF,0xFF,0xFF,0x1F,0x6F,0x6F,0x1F,
    0xFF,0xFF,0xFF,0xFF,0xFF,0xFE,0xFE,0xFF,0xFF,0xFF,0xFF,0xFF,0x1F,0x5F,0x5F,0xFF,
    0xC1,0xBE,0x47,0xFF,0xFF,0xFF,0xFF,0x70,0x60,0xE7,0xF7,0xFB,0xFC,0xFE,0xFF,0xFE,
    0xFC,0xF9,0x71,0xFE,0x63,0x97,0xFF,0xFF,0xFF,0xFF,0xFF,0x1F,0x6F,0x4F,0x1F,0xFF,
    0xFF,0xFF,0xFF,0xFF,0xFE,0xFE,0xFF,0xFF,0xFF,0xFF,0xBF,0x5F,0x6F,0x1F,0xFF,0x00,
    0xFF,0xFF,0xFF,0xFF,0xFF,0xFF,0xFF,0xFF,0xFF,0xFF,0xFF,0xFF,0x1F,0xEF,0x4F,0x1F,
    0xFF,0xFF,0xFF,0xFF,0xFF,0xFE,0xFF,0xFF,0xFF,0xFF,0x7E,0x9D,0xC3,0xFB,0xFB,0xFB,
    0xFD,0xFE,0xFE,0xFE,0xFE,0xFE,0xFE,0xFC,0xF9,0xFB,0xFC,0xFC,0xE3,0x0F,0xFF,0xFF,
    0xFF,0xFF,0xFF,0xFF,0xFF,0xFF,0xFF,0xFF,0xFF,0xFF,0xFF,0x1F,0x6F,0x4F,0xBF,0xFF,
    0xFF,0xFF,0xFF,0xFF,0xFE,0xFF,0xFF,0x00,0xFF,0xFF,0xFF,0xFF,0x1F,0x6F,0x4F,0x1F,
    0xFF,0xFF,0xFF,0xFF,0xFF,0x7F,0xFF,0x8F,0xBF,0x7F,0x7F,0xBF,0xBF,0x9F,0xCF,0xEF,
    0x07,0xF1,0xFE,0xFF,0xFF,0xFF,0xFF,0xFF,0xFF,0xFF,0xF3,0xCF,0xFF,0xFF,0xFF,0xFF,
    0xFF,0xFF,0xFF,0xFF,0xFF,0xFC,0x03,0xFF,0xFF,0xFF,0xFF,0x1F,0x6F,0x6F,0x1F,0xFF,
    0xFF,0xFF,0xFF,0xFF,0xFF,0xFF,0xFF,0xFF,0xFF,0xFF,0x9F,0x4F,0x6F,0x1F,0xFF,0x00,
    0xFF,0xFF,0xFF,0xFF,0xFF,0xFF,0xFF,0xFF,0xFF,0xFF,0xFF,0xFF,0xC0,0x9F,0x7E,0x7E,
    0xFF,0xFF,0xFF,0xFF,0xFF,0xFF,0xFF,0xFF,0xFE,0xF1,0xEF,0x1F,0x7F,0xFF,0xFF,0xFF,
    0xFF,0xFF,0xFF,0x7F,0x7F,0xFF,0xFF,0xFF,0xFF,0xFF,0xFF,0xFF,0x3F,0xC7,0xF0,0xFF,
    0xFF,0xFF,0xFF,0xFF,0xFF,0xFF,0xFF,0xFF,0xFF,0xFF,0xFF,0x0F,0x6F,0x0F,0xBF,0xFF,
    0xFF,0xFF,0xFF,0xFF,0xFF,0xFF,0xFF,0x00,0xFF,0xFF,0xFF,0xFF,0x9F,0xEF,0xEF,0x9F,
    0xFF,0xFF,0xFF,0xFF,0xFF,0xFF,0xFD,0xFD,0xFD,0xFD,0xFB,0xBB,0x9B,0xFB,0x97,0x97,
    0xF7,0xF7,0xF7,0xF7,0xF4,0xF3,0xF7,0xEF,0xEF,0xEF,0xEF,0xEC,0xF6,0xEE,0xEF,0xEF,
    0xEF,0xE7,0xF3,0xF8,0xFF,0xFF,0xFF,0xFF,0xFF,0xFF,0xFF,0x8F,0xEF,0xEF,0x9F,0xFF,
    0xFF,0xFF,0xFF,0xFF,0xFF,0xFF,0xFF,0xFF,0xFF,0xFF,0x9F,0xCF,0xEF,0x8F,0xFF,0x00,
  },
  {
    0xFF,0xFF,0xFF,0xFF,0xFF,0xFF,0xFF,0xFF,0xFF,0xFF,0xFF,0x9F,0x4F,0x6F,0x0F,0xFF,
    0xFF,0xFF,0xFF,0xFF,0xFF,0xFF,0xFF,0xFF,0xFF,0xFF,0xFF,0x9F,0x6F,0xEF,0x7F,0x3F,
    0xCF,0xE7,0xF7,0xFB,0xF9,0x85,0xF1,0xFF,0xFF,0xFF,0xFF,0x0F,0x6F,0x4F,0x9F,0xFF,
    0xFF,0xFF,0xFF,0xFF,0xFF,0xFF,0xFF,0xFF,0xFF,0xFF,0xDF,0x4F,0x6F,0x0F,0xFF,0xFF,
    0xFF,0xFF,0xFF,0xFF,0xFF,0xFF,0xFF,0x00,0xFF,0xFF,0xFF,0x9F,0x4F,0x6F,0x4F,0xBF,
    0xFF,0xFF,0xFF,0xFF,0xFF,0xFF,0xFF,0xFF,0xFF,0xFF,0xFF,0x9F,0x6F,0x6F,0x1F,0xFF,
    0x0F,0xE3,0xF9,0xE3,0xAF,0x9F,0xE0,0xFF,0x7B,0xB9,0xFD,0xFD,0xFC,0xFD,0x7D,0x3D,
    0xBD,0x3B,0x79,0xF9,0xFB,0x5B,0x5B,0x5B,0x9B,0x9B,0x1B,0x5B,0x5D,0xAD,0xDE,0xE6,
    0xF8,0xFE,0xFF,0xFF,0xFF,0xFF,0xFF,0xFF,0xFF,0xFF,0x9F,0x6F,0x6F,0x0F,0xFF,0x00,
    0xFF,0xFF,0xFF,0xFF,0xFF,0xFF,0xFF,0xFF,0xFF,0xFF,0xFF,0x9F,0x6F,0x6F,0x0F,0xFF,
    0xFF,0xFF,0xFF,0xFF,0xFF,0xFF,0xFF,0xFF,0xFE,0xE0,0x8F,0x7F,0xFF,0x7E,0x7D,0x90,
    0xA6,0xA2,0xBF,0x3B,0x27,0xAF,0xBE,0xDD,0xC9,0xBC,0x24,0x17,0xF5,0xFA,0xF7,0xCF,
    0x1F,0xFF,0xFF,0xFF,0xFF,0xFF,0xFF,0xFF,0xFF,0xFF,0x9F,0x2F,0x6F,0x0F,0xBF,0xFF,
    0xFF,0xFF,0xFF,0xFF,0xFF,0xFF,0xFF,0x00,0xFF,0xFF,0xFF,0xBF,0x2F,0x6F,0x2F,0xFF,
    0xFF,0xFF,0xFF,0xFF,0xFF,0xFF,0xFF,0xFF,0xFF,0xFF,0xFF,0x9F,0x6F,0x6F,0x0F,0xFF,
    0xFF,0xFF,0x8F,0x76,0x18,0xFE,0xFF,0xFB,0x79,0xFE,0xFF,0xFF,0xFF,0xFF,0xFF,0xFF,
    0xFF,0x3F,0xFF,0x7E,0xE0,0xE3,0x7B,0x8C,0xD6,0x7F,0x7F,0x4F,0x6F,0x6F,0x5F,0xFF,
    0xFF,0xFF,0xFF,0xFF,0xFF,0xFF,0xFF,0xFF,0xFF,0xFF,0x9F,0x2F,0x6F,0x0F,0xFF,0x00,
    0xFF,0xFF,0xFF,0xFF,0xFF,0xFF,0xFF,0xFF,0xFF,0xFF,0xFF,0x9F,0x6F,0x6F,0x0F,0xFF,
    0xFF,0xFF,0xFF,0xFF,0xFF,0xFF,0xFF,0xFF,0xFF,0xFF,0xFF,0xFF,0x1E,0xC1,0xFB,0xF9,
    0xFC,0xF9,0xFB,0xF3,0xF7,0xF3,0xFB,0xF3,0xF8,0xFE,0xFE,0xFC,0xF9,0xEE,0x9A,0x7D,
    0xFE,0xFE,0xFE,0xFF,0xFF,0xFF,0xFE,0xFE,0xFE,0xFC,0xF9,0xF3,0xE7,0x1F,0xFF,0xFF,
    0xFF,0xFF,0xFF,0xFF,0xFF,0xFF,0xFF,0x00,0xFF,0xFF,0xFF,0x9F,0x2F,0x6F,0x2F,0x9F,
    0xFF,0xFF,0xFF,0xFF,0xFF,0xFF,0xFF,0xFF,0xFF,0xFF,0xFF,0x9F,0x6F,0x6F,0x8F,0xFF,
    0xFF,0xFF,0x1F,0x01,0xFC,0xFF,0xFF,0xFF,0xFF,0xFF,0xFF,0xFF,0xFF,0xFF,0xFF,0xFF,
    0xFF,0xFF,0xEF,0xF3,0xFF,0xFF,0xFF,0xFE,0xF9,0xC7,0x3F,0xFF,0xFF,0xFF,0xFF,0x7F,
    0x3F,0xBF,0xDF,0xE7,0xF1,0xFC,0xFF,0xFF,0xFF,0xFF,0x9F,0x6F,0x6F,0x0F,0xFF,0x00,
    0xFF,0xFF,0xFF,0xFF,0xFF,0xFF,0xFF,0xFF,0xFF,0xFF,0xFF,0x9F,0x6F,0x6F,0x8F,0xFF,
    0xFF,0xFF,0xFF,0xFF,0xFF,0xFF,0xFF,0xFF,0xFF,0xFF,0xFC,0xA0,0x4F,0x9F,0x3F,0xFF,
    0xFF,0xFF,0xFF,0x7F,0xBF,0xBF,0x9F,0xDF,0xDF,0xDF,0x3F,0xBF,0xBF,0xBF,0xFF,0xFF,
    0x3F,0x87,0xF8,0xFF,0xFE,0xFE,0xFE,0xFE,0xFE,0xFF,0x9F,0x2F,0x6F,0x0F,0xFF,0xFF,
    0xFF,0xFF,0xFF,0xFF,0xFF,0xFF,0xFF,0x00,0xFF,0xFF,0xFF,0xFF,0xEF,0xEF,0xAF,0xDF,
    0xFF,0xFF,0xFF,0xFF,0xFF,0xFF,0xFF,0xFF,0xFF,0xFF,0xFF,0x8F,0xAF,0xEF,0x8F,0xFF,
    0xFF,0xFF,0xFF,0xFF,0xFF,0xFF,0xF8,0xE0,0xE7,0xEF,0xE7,0xE0,0xF8,0xEF,0x8F,0xFF,
    0xFF,0xFF,0xF0,0xE7,0xE3,0xF7,0xF7,0xF9,0xFE,0xFF,0xFF,0x8F,0xE7,0xAF,0x9F,0xFF,
    0xFF,0xFF,0xFF,0xFF,0xFF,0xFF,0xFF,0xFF,0xFF,0xFF,0x9F,0xAF,0xEF,0x8F,0xFF,0x00,
  },
  {
    0xFF,0xFF,0xFF,0xFF,0xFF,0xFF,0xFF,0xFF,0xFF,0xFF,0xFF,0x8F,0x37,0x2F,0x8F,0xFF,
    0xFF,0xFF,0xFF,0xFF,0xFF,0xFF,0xFF,0xFF,0xFF,0xFF,0xFF,0x8F,0xB7,0xA7,0x8F,0xFF,
    0xFF,0xFF,0xFF,0xFF,0xFF,0xFF,0xFF,0xFF,0xFF,0xFF,0xCF,0xAF,0x77,0x0F,0xFF,0xFF,
    0xFF,0xFF,0xFF,0xFF,0xFF,0xFF,0xFF,0xFF,0xFF,0xFF,0x8F,0x27,0x37,0x8F,0xFF,0xFF,
    0xFF,0xFF,0xFF,0xFF,0xFF,0xFF,0xFF,0x00,0xFF,0xFF,0xFF,0x8F,0x27,0x27,0x8F,0xFF,
    0xFF,0xFF,0xFF,0xFF,0xFF,0xFF,0xFF,0xFF,0xFF,0xFF,0xFF,0x8F,0x37,0xA7,0x8F,0xFF,
    0xFF,0xFF,0xFF,0xFF,0xFF,0xFF,0xFF,0xFF,0xFF,0xFF,0xDF,0x8F,0xBF,0xAF,0xDF,0x7F,
    0xBF,0xCF,0xCF,0xEF,0xFF,0xEF,0xEF,0xE7,0xE7,0xEB,0xEB,0xED,0xE0,0xEC,0xEF,0xEF,
    0xEF,0xEF,0xEF,0xEF,0xEF,0xEF,0xEF,0xEF,0x6F,0xB7,0xC7,0x77,0x3F,0x8F,0xFF,0x00,
    0xFF,0xFF,0xFF,0xFF,0xFF,0xFF,0xFF,0xFF,0xFF,0xFF,0xFF,0x8F,0x37,0xA7,0x8F,0xFF,
    0xFF,0xFF,0xFF,0xFF,0xFF,0xFF,0xFF,0xFF,0xFF,0xFF,0xFF,0xEF,0x87,0x37,0xEF,0xEF,
    0xDF,0xDF,0xBF,0xBF,0x7F,0x7F,0xD8,0x2C,0xBF,0x3E,0xD1,0xAE,0xE0,0xFB,0x9F,0xEF,
    0x2F,0xFF,0xDE,0xDE,0xBC,0x6D,0xE5,0xF5,0xF5,0xFD,0x89,0x2A,0x3A,0x8D,0xFD,0xFE,
    0xFF,0xFF,0xFF,0xFF,0xFF,0xFF,0xFF,0x00,0xFF,0xFF,0xFF,0x8F,0x37,0xB7,0x8F,0xFF,
    0xFF,0xFF,0xFF,0xFF,0xFF,0xFF,0xFF,0xFF,0xFF,0xFF,0xFF,0x8F,0x37,0xA7,0x8F,0xFF,
    0xFF,0xFF,0xFF,0xFF,0xFF,0xFF,0xFE,0xFD,0xFB,0xF3,0xE7,0x0F,0x67,0xF2,0xFA,0x78,
    0xBA,0xFD,0xFC,0xFC,0xFE,0xBE,0x3E,0xFE,0xF9,0xE3,0xEF,0xCF,0xDF,0x9F,0xDE,0x9C,
    0x63,0xF7,0xF7,0xF3,0xFB,0xFB,0xFB,0xFB,0xFB,0xE7,0xD7,0x8F,0x7F,0x8F,0xFF,0x00,
    0xFF,0xFF,0xFF,0xFF,0xFF,0xFF,0xFF,0xFF,0xFF,0xFF,0xFF,0x8F,0xB7,0x27,0x8F,0xFF,
    0xFF,0xFF,0xFF,0xFF,0xFF,0xFF,0xFF,0xFF,0xFF,0xFF,0xFF,0x8F,0xB7,0xA7,0x8F,0xFF,
    0xFF,0x7F,0x3F,0x8E,0xE4,0xEB,0xE6,0xDF,0xBF,0xBF,0xBF,0xBF,0xC7,0xF9,0xF9,0xF3,
    0xF7,0xE7,0x0F,0xBF,0x9F,0xEF,0xDF,0xC0,0xE2,0xFF,0xFF,0xFF,0xFF,0xFF,0xFF,0xFF,
    0xFF,0xFF,0xFF,0xFF,0xFE,0xF0,0xFF,0x00,0xFF,0xFF,0xFF,0x8F,0x37,0xB7,0x8F,0xFF,
    0xFF,0xFF,0xFF,0xFF,0xFF,0xFF,0xFF,0xFF,0xFF,0xFF,0xFF,0x8F,0x37,0xA7,0x8F,0xFF,
    0xFF,0xFF,0xFF,0x3F,0xCF,0xF7,0xFB,0xFD,0xFC,0xFE,0xFF,0xFF,0xFF,0xFF,0xFF,0xFF,
    0xFF,0xFF,0xFF,0xFF,0xFF,0xFF,0xFF,0xFF,0xFF,0xFF,0xFC,0x83,0x7F,0xFF,0xFF,0xFF,
    0xFF,0xFF,0xFF,0xFF,0x3F,0x87,0xF1,0xFD,0xFE,0xEE,0xA1,0x2F,0xA7,0x91,0xFF,0x00,
    0xFF,0xFF,0xFF,0xFF,0xFF,0xFF,0xFF,0xFF,0xFF,0xFF,0xFF,0x8F,0x37,0xA7,0x8F,0xFF,
    0xFF,0xFF,0xFF,0xFF,0xFF,0xFF,0xFF,0xFF,0xFF,0xFF,0xFF,0xF8,0xE7,0xCF,0xDF,0x3F,
    0xFF,0xFF,0xFF,0xFF,0x7F,0xBF,0xDF,0xDF,0x1F,0xFF,0xFF,0xFF,0xFF,0xFF,0xFF,0xFF,
    0xFF,0xFF,0xFF,0xFF,0xFE,0x8B,0x37,0xF7,0xF7,0xF3,0x9B,0xBC,0xB6,0x8F,0xFF,0xFF,
    0xFF,0xFF,0xFF,0xFF,0xFF,0xFF,0xFF,0x00,0xFF,0xFF,0xFF,0x8F,0xB7,0xB7,0x8F,0xFF,
    0xFF,0xFF,0xFF,0xFF,0xFF,0xFF,0xFF,0xFF,0xFF,0xFF,0xFF,0x8F,0xB7,0xA7,0xCF,0xFF,
    0xFF,0xFF,0xFF,0xFF,0xFF,0xFF,0xEF,0xE0,0xEF,0xEF,0xEF,0xAF,0xB0,0x9E,0xDF,0xFF,
    0xFF,0xFE,0xFD,0xFD,0xF9,0xF9,0xFD,0xFD,0xFE,0xFC,0xE3,0xDF,0xCF,0xDF,0xE0,0xFF,
    0xFF,0xFF,0xFF,0xFF,0xFF,0xFF,0xFF,0xFF,0xFF,0xFF,0x8F,0xA7,0xB7,0x8F,0xFF,0x00,
  },
  {
    0xFF,0xFF,0xFF,0xFF,0xFF,0xFF,0xFF,0xFF,0xFF,0xFF,0xCF,0xB7,0xB7,0x87,0xFF,0xFF,
    0xFF,0xFF,0xFF,0xFF,0xFF,0xFF,0xFF,0xFF,0xFF,0xFF,0xC7,0xB7,0xB7,0x87,0xFF,0xFF,
    0xFF,0xFF,0xFF,0xFF,0xFF,0xFF,0xFF,0xFF,0xFF,0xFF,0x87,0xB7,0xB7,0xCF,0xFF,0xFF,
    0xFF,0xFF,0xFF,0xFF,0xFF,0xFF,0xFF,0xFF,0xFF,0xCF,0x87,0xB7,0x87,0xEF,0xFF,0xFF,
    0xFF,0xFF,0xFF,0xFF,0xFF,0xFF,0xFF,0x00,0xFF,0xFF,0xCF,0xB7,0xB7,0x87,0xFF,0xFF,
    0xFF,0xFF,0xFF,0xFF,0xFF,0xFF,0xFF,0xFF,0xFF,0xFF,0xC7,0xB7,0xB7,0x87,0xFF,0xFF,
    0xFF,0xFF,0xFF,0xFF,0xFF,0xFF,0xFF,0xFF,0xFF,0xFF,0x87,0xB7,0xB7,0xC7,0xFF,0x7F,
    0x3F,0xAF,0xCF,0xFF,0xDF,0xCF,0xEF,0xE7,0xE7,0xEB,0xEB,0xED,0xE9,0xE8,0xEF,0xCF,
    0xEF,0xEF,0xEF,0xEF,0xEF,0xEF,0xEF,0xEF,0x6F,0xB7,0xC7,0xF7,0xFF,0xFF,0xFF,0x00,
    0xFF,0xFF,0xFF,0xFF,0xFF,0xFF,0xFF,0xFF,0xFF,0xFF,0xCF,0xB7,0xB7,0x87,0xFF,0xFF,
    0xFF,0xFF,0xFF,0xFF,0xFF,0xFF,0xFF,0xFF,0xFF,0xFF,0xFF,0xCF,0xA7,0x2F,0xEF,0xCF,
    0xDF,0x9F,0xBF,0x3F,0x7F,0xFF,0xDA,0x08,0xA3,0x3E,0xD1,0xAE,0xE0,0xFB,0x9F,0xEF,
    0x2F,0xEF,0xDF,0xDF,0xBD,0x4D,0x65,0xF5,0xF5,0xFD,0x99,0xB9,0x8A,0xED,0xFD,0xFE,
    0xFF,0xFF,0xFF,0xFF,0xFF,0xFF,0xFF,0x00,0xFF,0xFF,0xCF,0xB7,0xB7,0x87,0xFF,0xFF,
    0xFF,0xFF,0xFF,0xFF,0xFF,0xFF,0xFF,0xFF,0xFF,0xFF,0xC7,0xB7,0xB7,0xC7,0xFF,0xFF,
    0xFF,0xFF,0xFF,0xFF,0xFF,0xFE,0xFC,0xF9,0xFB,0xF7,0xEF,0x0F,0xE7,0xF2,0xFA,0x7A,
    0xFA,0xFF,0xFD,0xFD,0xFC,0x9E,0x3E,0x7E,0xF9,0xE3,0xEF,0xDF,0x9F,0x9F,0xBE,0xBC,
    0x43,0xFB,0xFB,0xFD,0xFD,0xFD,0xFD,0xFD,0xF5,0xF3,0xE7,0xDF,0x9F,0x3F,0xFF,0x00,
    0xFF,0xFF,0xFF,0xFF,0xFF,0xFF,0xFF,0xFF,0xFF,0xFF,0xCF,0xB7,0xB7,0x87,0xFF,0xFF,
    0xFF,0xFF,0xFF,0xFF,0xFF,0xFF,0xFF,0xFF,0xFF,0xFF,0x87,0xB7,0xB7,0x87,0xFF,0xFF,
    0xFF,0x7F,0x3F,0x8E,0xF6,0xF3,0xEC,0xCF,0x9F,0xBF,0x9F,0xBF,0xAF,0xE3,0xFB,0xF3,
    0xF4,0xF7,0x17,0xDF,0xEF,0xDF,0xEF,0xDE,0xE0,0xFF,0xFF,0xFF,0xFF,0xFF,0xFF,0xFF,
    0xFF,0x7F,0x7F,0x7F,0xFF,0xFE,0xFF,0x00,0xFF,0xFF,0xC7,0xB7,0xB7,0x87,0xFF,0xFF,
    0xFF,0xFF,0xFF,0xFF,0xFF,0xFF,0xFF,0xFF,0xFF,0xFF,0xC7,0xB7,0xB7,0xC7,0xFF,0xFF,
    0xFF,0xFF,0xFF,0x1F,0xCF,0xF7,0xFB,0xFD,0xFE,0xFF,0xFF,0xFF,0xFF,0xFF,0xFF,0xFF,
    0xFF,0xFF,0xFF,0xFF,0xFF,0xFF,0xFF,0xFF,0xFF,0xFF,0xF8,0x03,0x7F,0xFF,0xFF,0xFF,
    0xFF,0xFF,0xFF,0x7F,0x1F,0xE3,0xF9,0xFE,0xFE,0xCF,0xB7,0xBE,0x90,0xFD,0xFF,0x00,
    0xFF,0xFF,0xFF,0xFF,0xFF,0xFF,0xFF,0xFF,0xFF,0xFF,0xCF,0xB7,0xB7,0x87,0xFF,0xFF,
    0xFF,0xFF,0xFF,0xFF,0xFF,0xFF,0xFF,0xFF,0xFF,0xFF,0xCF,0xB8,0xE7,0xCF,0xDF,0x3F,
    0xFF,0xFF,0xFF,0xFF,0x3F,0xBF,0xDF,0xDF,0x3F,0xFF,0xFF,0xFF,0xFF,0xFF,0xFF,0xFF,
    0xFF,0xFF,0xFF,0xFF,0xF8,0x03,0x77,0xF7,0xFB,0xFB,0x9D,0xB6,0x87,0xCF,0xFF,0xFF,
    0xFF,0xFF,0xFF,0xFF,0xFF,0xFF,0xFF,0x00,0xFF,0xFF,0xCF,0xB7,0xB7,0x87,0xFF,0xFF,
    0xFF,0xFF,0xFF,0xFF,0xFF,0xFF,0xFF,0xFF,0xFF,0xFF,0xC7,0xB7,0xB7,0xC7,0xFF,0xFF,
    0xFF,0xFF,0xFF,0xFF,0xFF,0xFF,0xE3,0xE0,0xEF,0xE7,0xEF,0xA7,0xB8,0xCF,0xFF,0xFF,
    0xFF,0xFE,0xFD,0xFD,0xF9,0xF9,0xFD,0xFD,0xFE,0xFC,0xE3,0xDF,0xCF,0xDF,0xE0,0xFF,
    0xFF,0xFF,0xFF,0xFF,0xFF,0xFF,0xFF,0xFF,0xFF,0xCF,0x97,0xB7,0x87,0xFF,0xFF,0x00,
  },
  {
    0xFF,0xFF,0xFF,0xFF,0xFF,0xFF,0xFF,0xFF,0xFF,0xC7,0xD3,0xBB,0xC7,0xFF,0xFF,0xFF,
    0xFF,0xFF,0xFF,0xFF,0xFF,0xFF,0xFF,0xFF,0xFF,0xC7,0x93,0x9B,0xC7,0xFF,0xFF,0xFF,
    0xFF,0xFF,0xFF,0xFF,0xFF,0xFF,0xFF,0xFF,0xFF,0xC7,0x97,0x93,0xC7,0xFF,0xFF,0xFF,
    0xFF,0xFF,0xFF,0xFF,0xFF,0xFF,0xFF,0xFF,0xEF,0xC7,0x9B,0xD7,0xEF,0xFF,0xFF,0xFF,
    0xFF,0xFF,0xFF,0xFF,0xFF,0xFF,0xFF,0x00,0xFF,0xCF,0xD7,0xBB,0xC3,0xEF,0xFF,0xFF,
    0xFF,0xFF,0xFF,0xFF,0xFF,0xFF,0xFF,0xFF,0xFF,0xC7,0x93,0xDB,0xC7,0xFF,0xFF,0xFF,
    0xFF,0xFF,0xFF,0xFF,0xFF,0xFF,0xFF,0xFF,0xFF,0xC7,0xDB,0xD3,0xC7,0xFF,0xFF,0x7F,
    0xBF,0xCF,0xDF,0xFF,0xDF,0xEF,0xEF,0xE7,0xE7,0xEB,0xEB,0xED,0xE0,0xEF,0xDF,0xCF,
    0xEF,0xEF,0xEF,0xEF,0xEF,0xEF,0xEF,0xEF,0x2F,0x87,0xC7,0xFF,0xFF,0xFF,0xFF,0x00,
    0xFF,0xFF,0xFF,0xFF,0xFF,0xFF,0xFF,0xFF,0xFF,0xE7,0xD3,0xDB,0xC7,0xFF,0xFF,0xFF,
    0xFF,0xFF,0xFF,0xFF,0xFF,0xFF,0xFF,0xFF,0xFF,0xC7,0xFF,0x87,0x27,0x6F,0xEF,0xDF,
    0xDF,0xBF,0xBF,0x7F,0x7F,0xFE,0x98,0xA0,0xBF,0x7E,0xE1,0x2E,0xE1,0xFF,0x9F,0x2F,
    0x2F,0xEF,0xDF,0xFD,0x8D,0x6D,0xE5,0xF5,0xFD,0xDD,0xD9,0xDA,0xEA,0xFD,0xFC,0xFE,
    0xFF,0xFF,0xFF,0xFF,0xFF,0xFF,0xFF,0x00,0xFF,0xE7,0xD3,0xDB,0xC3,0xEF,0xFF,0xFF,
    0xFF,0xFF,0xFF,0xFF,0xFF,0xFF,0xFF,0xFF,0xFF,0xE7,0xDB,0x9B,0xC7,0xFF,0xFF,0xFF,
    0xFF,0xFF,0xFF,0xFF,0xFF,0xFE,0xFD,0xF9,0xF3,0xE7,0xEF,0x0F,0xF7,0xF2,0x7B,0x78,
    0xFF,0xFC,0xFD,0xFC,0xFE,0x1E,0x3E,0x7E,0xF9,0xE7,0xCF,0xDF,0x9F,0x9F,0xBE,0x9D,
    0xE3,0xFB,0xF9,0xFD,0xFD,0xFD,0xFD,0xF5,0xF3,0xF3,0xE7,0xDF,0x3F,0x7F,0xFF,0x00,
    0xFF,0xFF,0xFF,0xFF,0xFF,0xFF,0xFF,0xFF,0xFF,0xE7,0xD3,0x9B,0xC3,0xFF,0xFF,0xFF,
    0xFF,0xFF,0xFF,0xFF,0xFF,0xFF,0xFF,0xFF,0xFF,0xC7,0xDB,0xDB,0xC7,0xFF,0xFF,0xFF,
    0x7F,0x7F,0x1F,0xE6,0xF3,0xFB,0xE6,0xDF,0xBF,0xBF,0x9F,0xBF,0x87,0xF9,0xFB,0xF6,
    0xF5,0xE7,0x17,0xFF,0xEF,0xDF,0xCF,0xE0,0xFA,0xFF,0xFF,0xFF,0xFF,0xFF,0xFF,0xFF,
    0x7F,0x7F,0x7F,0xFF,0xFF,0x7C,0xFB,0x00,0xFF,0xE7,0xD3,0xDB,0xD3,0xEF,0xFF,0xFF,
    0xFF,0xFF,0xFF,0xFF,0xFF,0xFF,0xFF,0xFF,0xFF,0xE7,0xD3,0xDB,0xC7,0xFF,0xFF,0xFF,
    0xFF,0xFF,0x7F,0x1F,0xE7,0xF3,0xF9,0xFD,0xFE,0xFF,0xFF,0xFF,0xFF,0xFF,0xFF,0xFF,
    0xFF,0xFF,0xFF,0xFF,0xFF,0xFF,0xFF,0xFF,0xFF,0xFF,0xE0,0x1F,0xFF,0xFF,0xFF,0xFF,
    0xFF,0xFF,0xFF,0x3F,0x8F,0xF1,0xFC,0xFE,0xE6,0xD3,0xDF,0xD2,0xF8,0xFC,0xFF,0x00,
    0xFF,0xFF,0xFF,0xFF,0xFF,0xFF,0xFF,0xFF,0xFF,0xC7,0xD3,0xDB,0xC3,0xFF,0xFF,0xFF,
    0xFF,0xFF,0xFF,0xFF,0xFF,0xFF,0xFF,0xFF,0xFF,0xC7,0xDC,0xF0,0xEF,0xDF,0x1F,0xFF,
    0xFF,0xFF,0xFF,0xFF,0x3F,0x9F,0xDF,0x9F,0x3F,0xFF,0xFF,0xFF,0xFF,0xFF,0xFF,0xFF,
    0xFF,0xFF,0xFF,0xFE,0xC1,0x1F,0xF7,0xFB,0xFB,0xC9,0xDC,0xD7,0xE7,0xFF,0xFF,0xFF,
    0xFF,0xFF,0xFF,0xFF,0xFF,0xFF,0xFF,0x00,0xFF,0xE7,0xD3,0xDB,0xC3,0xEF,0xFF,0xFF,
    0xFF,0xFF,0xFF,0xFF,0xFF,0xFF,0xFF,0xFF,0xFF,0xC7,0xD3,0xDB,0xC7,0xFF,0xFF,0xFF,
    0xFF,0xFF,0xFF,0xFF,0xFF,0xFF,0xE0,0xEF,0xEF,0xE7,0xEF,0xE3,0xDC,0xFF,0xFF,0xFF,
    0xFE,0xFC,0xFD,0xFD,0xFD,0xFD,0xFD,0xFD,0xFE,0xF1,0xC7,0xDF,0xCF,0xCC,0xE1,0xFF,
    0xFF,0xFF,0xFF,0xFF,0xFF,0xFF,0xFF,0xFF,0xE7,0xCB,0xDB,0xC3,0xEF,0xFF,0xFF,0x00,
  },
  {
    0xFF,0xFF,0xFF,0xFF,0xFF,0xFF,0xFF,0xFF,0xE7,0xD3,0xDB,0xC3,0xEF,0xFF,0xFF,0xFF,
    0xFF,0xFF,0xFF,0xFF,0xFF,0xFF,0xFF,0xFF,0xE7,0xDB,0xDB,0xC3,0xFF,0xFF,0xFF,0xFF,
    0xFF,0xFF,0xFF,0xFF,0xFF,0xFF,0xFF,0xFF,0xE3,0xDB,0xDB,0xE7,0xFF,0xFF,0xFF,0xFF,
    0xFF,0xFF,0xFF,0xFF,0xFF,0xFF,0xFF,0xFF,0xC3,0xDB,0xC3,0xE7,0xFF,0xFF,0xFF,0xFF,
    0xFF,0xFF,0xFF,0xFF,0xFF,0xFF,0xFF,0x00,0xFF,0xC3,0xDB,0xDB,0xE7,0xFF,0xFF,0xFF,
    0xFF,0xFF,0xFF,0xFF,0xFF,0xFF,0xFF,0xFF,0xE7,0xCB,0xDB,0xC3,0xFF,0xFF,0xFF,0xFF,
    0xFF,0xFF,0xFF,0xFF,0xFF,0xFF,0xFF,0xFF,0xE3,0xDB,0xDB,0xE3,0xFF,0xFF,0xFF,0x7F,
    0xBF,0xCF,0xDF,0xDF,0xDF,0xCF,0xEF,0xE7,0xE7,0xEB,0xEB,0xED,0xE0,0xEF,0xEF,0xEF,
    0xEF,0xEF,0xEF,0xEF,0xEF,0xEF,0xEF,0x6F,0xB7,0xC7,0xF7,0xFF,0xFF,0xFF,0xFF,0x00,
    0xFF,0xFF,0xFF,0xFF,0xFF,0xFF,0xFF,0xFF,0xF7,0xCB,0xDB,0xC3,0xE7,0xFF,0xFF,0xFF,
    0xFF,0xFF,0xFF,0xFF,0xFF,0xFF,0xFF,0xFF,0xE7,0xFB,0xDB,0x8F,0x2F,0xEF,0xDF,0xDF,
    0xBF,0xBF,0x3F,0x7F,0x7F,0xFA,0x18,0xA0,0xBF,0xFF,0xE4,0x6E,0xE1,0xBF,0x9F,0x2F,
    0xBF,0xDF,0xDF,0xBD,0x8D,0x6D,0xE5,0xF5,0xDD,0xD9,0xCA,0xFA,0xFD,0xFD,0xFE,0xFF,
    0xFF,0xFF,0xFF,0xFF,0xFF,0xFF,0xFF,0x00,0xFF,0xC3,0xDB,0xCB,0xE7,0xFF,0xFF,0xFF,
    0xFF,0xFF,0xFF,0xFF,0xFF,0xFF,0xFF,0xFF,0xE7,0xCB,0xDB,0xE3,0xFF,0xFF,0xFF,0xFF,
    0xFF,0xFF,0xFF,0xFF,0xFF,0xFC,0xF9,0xF3,0xF7,0xEF,0xEF,0x8F,0xE6,0xF2,0x7B,0xFA,
    0xFF,0xFD,0xFD,0xFD,0xEC,0x1C,0xBE,0x7E,0xF1,0xE3,0xDF,0xDF,0x9F,0x9F,0x5E,0x1D,
    0xE3,0xFD,0xFD,0xFE,0xFE,0xFE,0xFA,0xFA,0xF9,0xF3,0xE7,0xEF,0xCF,0xBF,0x7F,0x00,
    0xFF,0xFF,0xFF,0xFF,0xFF,0xFF,0xFF,0xFF,0xF7,0xC3,0xDB,0xC3,0xFF,0xFF,0xFF,0xFF,
    0xFF,0xFF,0xFF,0xFF,0xFF,0xFF,0xFF,0xFF,0xE3,0xDB,0xDB,0xE3,0xFF,0xFF,0xFF,0xFF,
    0x7F,0x3F,0x9F,0xE4,0xF3,0xEF,0xE0,0xDF,0xBF,0xBF,0x1F,0xBF,0x87,0xB3,0xF3,0xF6,
    0xF3,0x73,0x83,0xDF,0xDF,0xDF,0xE7,0xE8,0xF3,0xFF,0xFF,0xFF,0xFF,0xFF,0xFF,0x3F,
    0xBF,0xDF,0xCF,0xEF,0xEF,0xCF,0xDF,0x00,0xFF,0xE3,0xD9,0xCB,0xE7,0xFF,0xFF,0xFF,
    0xFF,0xFF,0xFF,0xFF,0xFF,0xFF,0xFF,0xFF,0xE7,0xCB,0xDB,0xE3,0xFF,0xFF,0xFF,0xFF,
    0xFF,0xFF,0x1F,0xCF,0xF7,0xFB,0xFD,0xFE,0xF3,0xEB,0xFF,0xFF,0xFF,0xFF,0xFF,0xFF,
    0xFF,0xFF,0xFF,0xFF,0xFF,0xFF,0xFF,0xFF,0xFF,0xFE,0x80,0x7F,0xFF,0xFF,0xFF,0xFF,
    0xFF,0xFF,0x3F,0x8F,0xE7,0xF9,0xFE,0xF7,0xCB,0xD9,0xC3,0xFF,0xFF,0xFF,0xFF,0x00,
    0xFF,0xFF,0xFF,0xFF,0xFF,0xFF,0xFF,0xFF,0xF7,0xCB,0xD9,0xE3,0xF7,0xFF,0xFF,0xFF,
    0xFF,0xFF,0xFF,0xFF,0xFF,0xFF,0xFF,0xFF,0xE3,0xCF,0xF8,0xF7,0xEF,0xDF,0x3F,0xFF,
    0xFF,0xFF,0xFF,0x7F,0xBF,0xDF,0xDF,0x1F,0x7F,0xFF,0xFF,0xFF,0xFF,0xFF,0xFF,0xFF,
    0xFF,0xFF,0xFF,0xFC,0x8B,0x3B,0xF3,0xFB,0xED,0xEE,0xE3,0xF7,0xFF,0xFF,0xFF,0xFF,
    0xFF,0xFF,0xFF,0xFF,0xFF,0xFF,0xFF,0x00,0xFF,0xE3,0xD9,0xEB,0xF3,0xFF,0xFF,0xFF,
    0xFF,0xFF,0xFF,0xFF,0xFF,0xFF,0xFF,0xFF,0xE7,0xCB,0xD9,0xE3,0xFF,0xFF,0xFF,0xFF,
    0xFF,0xFF,0xFF,0xFF,0xFF,0xE7,0xE0,0xE7,0xE7,0xE7,0xE7,0xF0,0xFF,0xFF,0xFF,0xFF,
    0xFE,0xFC,0xFD,0xFD,0xFD,0xFD,0xFD,0xFE,0xFC,0xE3,0xEF,0xCF,0xCF,0xE0,0xF3,0xFF,
    0xFF,0xFF,0xFF,0xFF,0xFF,0xFF,0xFF,0xE7,0xCB,0xD9,0xE3,0xFF,0xFF,0xFF,0xFF,0x00,
  },
  {
    0xFF,0xFF,0xFF,0xFF,0xFF,0xFF,0xFF,0xF7,0xE3,0xED,0xE9,0xF3,0xFF,0xFF,0xFF,0xFF,
    0xFF,0xFF,0xFF,0xFF,0xFF,0xFF,0xFF,0xE7,0xE9,0xED,0xE3,0xFF,0xFF,0xFF,0xFF,0xFF,
    0xFF,0xFF,0xFF,0xFF,0xFF,0xFF,0xFF,0xE3,0xCD,0xE9,0xE3,0xFF,0xFF,0xFF,0xFF,0xFF,
    0xFF,0xFF,0xFF,0xFF,0xFF,0xFF,0xFF,0xE3,0xCD,0xE9,0xF7,0xFF,0xFF,0xFF,0xFF,0xFF,
    0xFF,0xFF,0xFF,0xFF,0xFF,0xFF,0xFF,0x00,0xEF,0xED,0xED,0xF3,0xFF,0xFF,0xFF,0xFF,
    0xFF,0xFF,0xFF,0xFF,0xFF,0xFF,0xFF,0xF3,0xE9,0xED,0xE1,0xF7,0xFF,0xFF,0xFF,0xFF,
    0xFF,0xFF,0xFF,0xFF,0xFF,0xFF,0xFF,0xE3,0xED,0xED,0xE3,0xFF,0xFF,0xFF,0xFF,0x3F,
    0xAF,0xCF,0xFF,0xDF,0xCF,0xEF,0xEF,0xE7,0xEB,0xEB,0xED,0xE1,0xE8,0xEF,0xEF,0xEF,
    0xEF,0xEF,0xEF,0xEF,0xEF,0xEF,0xEF,0x37,0x87,0xC7,0xFF,0xFF,0xFF,0xFF,0xFF,0x00,
    0xFF,0xFF,0xFF,0xFF,0xFF,0xFF,0xFF,0xF7,0xE9,0xED,0xE9,0xF3,0xFF,0xFF,0xFF,0xFF,
    0xFF,0xFF,0xFF,0xFF,0xFF,0xFF,0xFF,0xF3,0xED,0xFD,0xCB,0x2F,0x6F,0xCF,0xDF,0xDF,
    0xBF,0xBF,0x7F,0x7F,0xFF,0xDA,0x08,0xA3,0x3E,0xD1,0xAE,0xE4,0xF9,0x1F,0xEF,0x2F,
    0xFE,0xDE,0xDD,0xBD,0x0D,0x65,0xE5,0xFD,0xDD,0xE8,0xEA,0xFE,0xFD,0xFC,0xFE,0xFF,
    0xFF,0xFF,0xFF,0xFF,0xFF,0xFF,0xFF,0x00,0xFF,0xED,0xED,0xF3,0xFF,0xFF,0xFF,0xFF,
    0xFF,0xFF,0xFF,0xFF,0xFF,0xFF,0xFF,0xF3,0xE9,0xED,0xE1,0xF7,0xFF,0xFF,0xFF,0xFF,
    0xFF,0xFF,0xFF,0xFF,0xFE,0xFC,0xFB,0xF3,0xF7,0xEF,0x2F,0xC7,0xF6,0xFA,0x79,0xFA,
    0xFD,0xFD,0xFD,0xFC,0xEC,0x1E,0x3E,0xFE,0xE3,0xE7,0xCF,0xDF,0x9F,0xDE,0x5E,0x21,
    0xFD,0xFD,0xFC,0xFE,0xFE,0xFA,0xFA,0xF9,0xF9,0xF7,0xE7,0xEF,0xDF,0x3F,0xFF,0x00,
    0xFF,0xFF,0xFF,0xFF,0xFF,0xFF,0xFF,0xFF,0xE1,0xED,0xE9,0xF3,0xFF,0xFF,0xFF,0xFF,
    0xFF,0xFF,0xFF,0xFF,0xFF,0xFF,0xFF,0xF3,0xED,0xED,0xE1,0xFF,0xFF,0xFF,0xFF,0xFF,
    0x7F,0xBF,0xCC,0xF5,0xF3,0xED,0xC6,0x9F,0xBF,0xFF,0xBF,0xAF,0x83,0xF3,0xF7,0xF2,
    0xF3,0x03,0xDB,0xCF,0xDF,0xE7,0xEE,0xE1,0xFF,0xFF,0xFF,0xFF,0xFF,0xFF,0x7F,0xBF,
    0x9F,0xDF,0xEF,0xEF,0xEF,0xCF,0xFE,0x00,0xFF,0xED,0xED,0xF3,0xFF,0xFF,0xFF,0xFF,
    0xFF,0xFF,0xFF,0xFF,0xFF,0xFF,0xFF,0xF3,0xED,0xED,0xE1,0xF3,0xFF,0xFF,0xFF,0xFF,
    0xFF,0x7F,0x1F,0xE7,0xF3,0xF9,0xFC,0xFE,0xFF,0xFF,0xFF,0xFF,0xFF,0xFF,0xFF,0xFF,
    0xFF,0xFF,0xFF,0xFF,0xFF,0xFF,0xFF,0xFF,0xFF,0xF0,0x0F,0xFF,0xFF,0xFF,0xFF,0xFF,
    0xFF,0x7F,0x1F,0xC7,0xF3,0xFC,0xF6,0xE3,0xED,0xE1,0xF3,0xFF,0xFF,0xFF,0xFF,0x00,
    0xFF,0xFF,0xFF,0xFF,0xFF,0xFF,0xFF,0xF7,0xE1,0xED,0xE1,0xF3,0xFF,0xFF,0xFF,0xFF,
    0xFF,0xFF,0xFF,0xFF,0xFF,0xFF,0xFF,0xF3,0xEF,0xEC,0xF0,0xE7,0xCF,0x5F,0x7F,0xFF,
    0xFF,0xFF,0xFF,0x3F,0x9F,0xDF,0xDF,0x1F,0xFF,0xFF,0xFF,0xFF,0xFF,0xFF,0xFF,0xFF,
    0xFF,0xFF,0xFF,0xE0,0x0B,0x7B,0xFB,0xEB,0xEC,0xEE,0xF3,0xFF,0xFF,0xFF,0xFF,0xFF,
    0xFF,0xFF,0xFF,0xFF,0xFF,0xFF,0xFF,0x00,0xFF,0xED,0xED,0xF3,0xFF,0xFF,0xFF,0xFF,
    0xFF,0xFF,0xFF,0xFF,0xFF,0xFF,0xFF,0xF3,0xE5,0xED,0xE1,0xFB,0xFF,0xFF,0xFF,0xFF,
    0xFF,0xFF,0xFF,0xFF,0xFF,0xE0,0xE6,0xEF,0xE7,0xEF,0xE3,0xFC,0xFF,0xFF,0xFF,0xFF,
    0xFE,0xFD,0xFD,0xFD,0xFD,0xFD,0xFD,0xFE,0xFC,0xE3,0xEF,0xEF,0xEF,0xE0,0xFF,0xFF,
    0xFF,0xFF,0xFF,0xFF,0xFF,0xFF,0xF3,0xE5,0xED,0xE1,0xFF,0xFF,0xFF,0xFF,0xFF,0x00,
  },
  {
    0xFF,0xFF,0xFF,0xFF,0xFF,0xFF,0xFF,0xE1,0xED,0xE5,0xFB,0xFF,0xFF,0xFF,0xFF,0xFF,
    0xFF,0xFF,0xFF,0xFF,0xFF,0xFF,0xF1,0xE5,0xED,0xE1,0xFF,0xFF,0xFF,0xFF,0xFF,0xFF,
    0xFF,0xFF,0xFF,0xFF,0xFF,0xFF,0xF1,0xED,0xED,0x39,0xCF,0x73,0xF9,0x3D,0x80,0xFF,
    0xFF,0xFF,0xFF,0xFF,0xFF,0xFF,0xE1,0xED,0xE5,0xF1,0xFF,0xFF,0xFF,0xFF,0xFF,0xFF,
    0xFF,0xFF,0xFF,0xFF,0xFF,0xF1,0xFF,0x00,0xEF,0xE5,0xF1,0xFF,0xFF,0xFF,0xFF,0xFF,
    0xFF,0xFF,0xFF,0xFF,0xFF,0xFF,0xF3,0xE5,0xED,0xE5,0xFB,0xFF,0xFF,0xFF,0xFF,0xFF,
    0xFF,0xFF,0xFF,0xFF,0xFF,0xFF,0xF1,0xE5,0xED,0xF1,0xFF,0xFF,0xFF,0x97,0x23,0xF9,
    0xFC,0xFE,0xFE,0xFE,0xFE,0xFE,0xFD,0xFD,0xF9,0xFB,0xF7,0xB7,0x37,0x77,0x77,0x67,
    0x77,0x77,0x67,0x6F,0x2F,0xAF,0x29,0x2D,0xAD,0xCB,0xEF,0xFF,0xFF,0xFF,0xFF,0x00,
    0xFF,0xFF,0xFF,0xFF,0xFF,0xFF,0xFB,0xE1,0xEF,0xE5,0xF3,0xFF,0xFF,0xFF,0xFF,0xFF,
    0xFF,0xFF,0xFF,0xFF,0xFF,0xFF,0xF3,0xE5,0xED,0xE1,0xFF,0xFF,0xFF,0xFF,0x3F,0x07,
    0xF3,0xFC,0xF8,0x48,0x13,0xB7,0xE4,0xCC,0xDC,0xDF,0x17,0x97,0xD7,0xDC,0xDE,0xDE,
    0xDE,0x5E,0x6F,0x19,0xD5,0xE5,0xF5,0x0D,0xFF,0xFF,0xFF,0xFF,0xFF,0xFE,0xFF,0xFF,
    0xFF,0xFF,0xFF,0xFF,0xFF,0xF1,0xFF,0x00,0xED,0xE5,0xF1,0xFF,0xFF,0xFF,0xFF,0xFF,
    0xFF,0xFF,0xFF,0xFF,0xFF,0xFF,0xFB,0xE5,0xEE,0xE5,0xFB,0xFF,0xFF,0xFF,0xFF,0xFF,
    0xFF,0xFF,0xFF,0xFF,0xFF,0xFF,0xF7,0xEC,0xEB,0xFB,0xD8,0xBE,0x1F,0xFF,0x7F,0xFF,
    0xE3,0xFF,0xFF,0xFF,0xFF,0xFF,0xFF,0xFF,0xFF,0xFF,0x3C,0xE1,0xEF,0xE7,0x07,0xF8,
    0xFF,0xFF,0xFF,0xFF,0xFF,0xF3,0xE5,0xEC,0xE5,0xFB,0xFF,0xFF,0xFF,0xFF,0xFF,0x00,
    0xFF,0xFF,0xFF,0xFF,0xFF,0xFF,0xFF,0xF1,0xEC,0xE5,0xF1,0xFF,0xFF,0xFF,0xFF,0xFF,
    0xFF,0xFF,0xFF,0xFF,0xFF,0xFF,0xF1,0xE4,0xEC,0x35,0x9B,0xEF,0xF7,0xF3,0xFB,0x7B,
    0xBB,0xCB,0xE3,0xF9,0xFE,0xFE,0xFE,0xFD,0xFB,0xF9,0xFB,0xFB,0xFC,0xFD,0xF9,0xF7,
    0xF3,0xFB,0x83,0x3E,0xFB,0xFD,0xF2,0xE7,0xE4,0xF9,0x7F,0x1F,0xFF,0xFF,0xFF,0xFF,
    0xFF,0xFF,0xFF,0xFF,0xFF,0xFF,0xFF,0x00,0xEF,0xE4,0xF1,0xFF,0xFF,0xFF,0xFF,0xFF,
    0xFF,0xFF,0xFF,0xFF,0xFF,0xFF,0xFB,0xE4,0xEE,0xF5,0xFB,0xFF,0xFF,0xFF,0xFF,0xFF,
    0xFF,0xC0,0x9F,0xFF,0xFF,0x9F,0x71,0xFE,0xFF,0xFF,0xFF,0xFF,0xFF,0xFF,0xFF,0xFF,
    0xFF,0xFF,0xFF,0xFF,0xFF,0xFF,0xFF,0xFF,0xE7,0xF7,0xFF,0xFE,0xFD,0xC3,0x3D,0xF9,
    0xF9,0xFD,0xFE,0x14,0x82,0xFF,0xF1,0xEE,0xE5,0xF9,0xFF,0xFF,0xFF,0xFF,0xFF,0x00,
    0xFF,0xFF,0xFF,0xFF,0xFF,0xFF,0xFB,0xF1,0xE6,0xF4,0xF9,0xFF,0xFF,0xFF,0xFF,0xFF,
    0xFF,0xFF,0xFF,0xFF,0xFF,0xFF,0xF1,0xF4,0xF6,0xF3,0xFE,0xFC,0xFB,0xFB,0xF0,0xF3,
    0xE7,0xD9,0x36,0x76,0xFE,0xF9,0xFF,0x3F,0xBF,0xBF,0xBF,0x7F,0x7F,0xFF,0xFF,0xFF,
    0xFF,0xFF,0x7F,0xBF,0xDF,0xC3,0xDC,0xDF,0xEF,0xE7,0xF0,0xFA,0xFF,0xFF,0xFF,0xFF,
    0xFF,0xFF,0xFF,0xFF,0xFF,0xFF,0xFF,0x00,0xFE,0xE4,0xF1,0xFF,0xFF,0xFF,0xFF,0xFF,
    0xFF,0xFF,0xFF,0xFF,0xFF,0xFF,0xFB,0xF0,0xF6,0xF1,0xFB,0xFF,0xFF,0xFF,0xFF,0xFF,
    0xFF,0xFF,0xFF,0xFF,0xFF,0xFF,0xF1,0xF4,0xF6,0xF1,0xFF,0xFE,0xFE,0xFE,0xFE,0xFF,
    0xFF,0xFF,0xFF,0xFF,0xFE,0xFE,0xE1,0xEF,0xEF,0xEF,0xE1,0xF8,0xFF,0xFF,0xFF,0xFF,
    0xFF,0xFF,0xFF,0xFF,0xFF,0xFB,0xF4,0xF6,0xF4,0xF9,0xFF,0xFF,0xFF,0xFF,0xFF,0x00,
  },
  {
    0xFF,0xFF,0xFF,0xFF,0xFF,0xFB,0xF1,0xF7,0xF1,0xFD,0xFF,0xFF,0xFF,0xFF,0xFF,0xFF,
    0xFF,0xFF,0xFF,0xFF,0xFF,0xF9,0xF1,0xF7,0xF1,0xFF,0xFF,0xFF,0xFF,0xFF,0xFF,0xFF,
    0xFF,0xFF,0xFF,0xFF,0xFF,0xFF,0xE0,0x1D,0xF3,0xEF,0xDF,0x3F,0x7F,0xFF,0xFF,0xFF,
    0xFF,0xFF,0xFF,0xFF,0xFF,0xF1,0xF7,0xF5,0xF9,0xFF,0xFF,0xFF,0xFF,0xFF,0xFF,0xFF,
    0xFF,0xFF,0xFF,0xFF,0xF9,0xF1,0xFF,0x00,0xF0,0xF9,0xFF,0xFF,0xFF,0xFF,0xFF,0xFF,
    0xFF,0xFF,0xFF,0xFF,0xFF,0xFD,0xF2,0xF6,0xF0,0xFD,0xFF,0xFF,0xFF,0xFF,0xFF,0xFF,
    0xFF,0xFF,0xFF,0xFF,0xFF,0xF8,0xF6,0xF6,0xF8,0xFF,0xFF,0xFF,0xFF,0xFF,0xFF,0xE4,
    0xD8,0x31,0xA7,0xFF,0xFE,0xF9,0xFB,0xFB,0xF9,0xFB,0xFB,0xFB,0xFB,0xF7,0xEF,0xCF,
    0x2F,0x6F,0x67,0x67,0x77,0x74,0x66,0x2E,0xAD,0xAF,0x6F,0x2F,0xAF,0xCF,0xEF,0x00,
    0xFF,0xFF,0xFF,0xFF,0xFF,0xF9,0xF2,0xF6,0xF2,0xF9,0xFF,0xFF,0xFF,0xFF,0xFF,0xFF,
    0xFF,0xFF,0xFF,0xFF,0xFF,0xF9,0xF6,0xF6,0xF0,0xFF,0xFF,0xFF,0xFF,0xFF,0xFF,0xFF,
    0xFF,0x7F,0x7F,0x7F,0x43,0xB9,0xFE,0xFE,0x7E,0x7E,0x06,0xDB,0xDE,0x9E,0xBC,0x39,
    0x7B,0x7F,0x7F,0x7F,0x77,0x77,0x77,0x43,0xFD,0xE7,0xED,0xCD,0x39,0xFD,0xFD,0xFD,
    0xFD,0xFE,0xFF,0xFF,0xFD,0xF0,0xFF,0x00,0xF6,0xF8,0xFF,0xFF,0xFF,0xFF,0xFF,0x7F,
    0xFF,0xFF,0xFF,0xFF,0xFF,0xF9,0xF2,0xF6,0xF0,0xFD,0xFF,0xFF,0xFF,0xFF,0xFF,0xFF,
    0xFF,0x3F,0x9F,0xE7,0xF3,0xF9,0xFD,0xFC,0xFE,0xFE,0xFE,0xFD,0x41,0xBC,0x19,0x7C,
    0xFE,0x1F,0xFF,0xFF,0x7F,0xFF,0xFF,0xFF,0xFF,0xFE,0xFC,0xF2,0xED,0xFB,0xE7,0xBE,
    0x78,0xC1,0xE7,0xF3,0xF8,0xFF,0xF6,0xFA,0xF9,0xFF,0xFF,0xFF,0xFF,0xFF,0xFF,0x00,
    0xFF,0xFF,0xFF,0xFF,0xFF,0xFB,0xF0,0xF6,0xF2,0xFD,0xFF,0xFF,0xFF,0xFF,0xFF,0xFF,
    0xFF,0xFF,0xFF,0xFF,0xFF,0xF8,0xF6,0xFF,0x01,0x7E,0xFF,0xFF,0xFF,0xFF,0xFF,0xFF,
    0xFF,0x3F,0xC7,0xF9,0xFE,0xFF,0xFF,0xFE,0xFE,0xFF,0xFC,0xFF,0xFC,0xF0,0xF7,0xF7,
    0xE7,0xEF,0xE7,0xF7,0x83,0x2F,0x6F,0xF3,0xF8,0xFE,0xFF,0xFF,0xFF,0xFF,0xFF,0xFF,
    0xFF,0xFF,0xFF,0xFF,0xF9,0xF2,0xFF,0x00,0xF2,0xF8,0xFF,0xFF,0xFF,0xFF,0xFF,0x7F,
    0xFF,0xFF,0xFF,0xFF,0xFF,0xF9,0xF2,0xF6,0xFA,0xFD,0xFF,0xFF,0xFF,0xFF,0xFF,0xFF,
    0xFF,0xF8,0xE3,0x9F,0x3F,0x7F,0xFF,0xFF,0x01,0xFC,0xFF,0xFF,0xFF,0xFF,0xFF,0xFF,
    0xFF,0xFF,0xFF,0xFF,0xFF,0xFF,0xFF,0xFF,0xFF,0xFF,0xFF,0xFF,0xFF,0xFF,0xFE,0xF8,
    0x03,0x3F,0xFF,0xFF,0xFD,0xF0,0xF6,0xF2,0xFF,0xFF,0xFF,0xFF,0xFF,0xFF,0xFF,0x00,
    0x7F,0xFF,0xFF,0xFF,0xFF,0xF9,0xF2,0xF6,0xF2,0xFD,0xFF,0xFF,0xFF,0xFF,0xFF,0x7F,
    0xFF,0xFF,0xFF,0xFF,0xFF,0xF8,0xF2,0xF6,0xF8,0xFD,0xFF,0xFF,0xFD,0xFD,0xF8,0x73,
    0xF7,0xF0,0xCF,0x9F,0x7F,0xFF,0xFF,0xFF,0xFF,0xFF,0x1F,0xDF,0x5F,0x2F,0xFF,0xFF,
    0xFF,0xFF,0x7F,0x3F,0xBF,0x9F,0xDF,0xE7,0xF0,0xFF,0xFF,0xFF,0xFF,0xFF,0x7F,0xFF,
    0xFF,0xFF,0xFF,0xFF,0xF9,0xFA,0xFF,0x00,0xF2,0xF8,0xFF,0xFF,0xFF,0xFF,0x7F,0x7F,
    0x7F,0xFF,0xFF,0xFF,0xFF,0xF9,0xF2,0xF6,0xF8,0xFF,0xFF,0xFF,0xFF,0xFF,0x7F,0x7F,
    0x7F,0xFF,0xFF,0xFF,0xFF,0xF8,0xF6,0xF6,0xF8,0xFF,0xFF,0xFF,0xFE,0x79,0x73,0x6F,
    0xE7,0xEF,0xE0,0xFB,0xFE,0xE0,0xEF,0xE7,0xEF,0xE7,0xF0,0xFF,0xFF,0x7F,0x7F,0x7F,
    0xFF,0xFF,0xFF,0xFF,0xFD,0xF8,0xF6,0xFA,0xFD,0xFF,0xFF,0xFF,0xFF,0xFF,0xFF,0x00,
  },
  {
    0x7F,0xFF,0xFF,0xFF,0xFF,0xF9,0xFB,0xFB,0xF9,0xFF,0xFF,0xFF,0xFF,0xFF,0x7F,0x7F,
    0xFF,0xFF,0xFF,0xFF,0xFF,0xF9,0xFB,0xFB,0xF9,0xFF,0xFF,0xFF,0xFF,0x7F,0x7F,0x7F,
    0xFF,0xFF,0xFF,0xFF,0xFD,0xF9,0xFF,0x1F,0xF8,0x0D,0x19,0xF3,0xCF,0x3F,0xFF,0xFF,
    0xFF,0xFF,0xFF,0xFF,0xF9,0xF9,0xFB,0xF9,0xFF,0xFF,0xFF,0xFF,0xFF,0xFF,0xFF,0xFF,
    0xFF,0xFF,0xFF,0xFF,0xF9,0xFB,0xFF,0x00,0xF8,0xFD,0xFF,0xFF,0xFF,0xFF,0x7F,0x7F,
    0xFF,0xFF,0xFF,0xFF,0xFF,0xF8,0xFB,0xFB,0xF8,0xFF,0xFF,0xFF,0xFF,0xFF,0x7F,0x7F,
    0xFF,0xFF,0xFF,0xFF,0xFF,0xF8,0xFB,0xFA,0xFC,0xFF,0xFF,0xFF,0xFF,0x7F,0x7F,0xFF,
    0x73,0x8C,0xF8,0xF0,0xE7,0xFF,0xF9,0xF9,0xFD,0xFD,0xFD,0xF9,0xF3,0xF7,0xE7,0x1B,
    0xFB,0xBB,0xBB,0xBB,0x99,0xDD,0xCD,0xED,0xF1,0xF9,0xFC,0xFF,0xFF,0x7F,0xFF,0x00,
    0x7F,0xFF,0xFF,0xFF,0xFF,0xF8,0xFB,0xFB,0xF8,0xFF,0xFF,0xFF,0xFF,0xFF,0x7F,0x7F,
    0xFF,0xFF,0xFF,0xFF,0xFF,0xF8,0xFB,0xFB,0xF8,0xFF,0xFF,0xFF,0xFF,0xFF,0xFF,0x7F,
    0x7F,0x7F,0x7F,0x7F,0x7F,0xB8,0xFF,0x07,0xF8,0xFE,0xFE,0xFE,0x0E,0xD3,0x9E,0xBE,
    0x1D,0x6B,0x4F,0x7F,0x3F,0x3F,0x5D,0xE4,0x0F,0xFF,0xFF,0xFF,0xFF,0x7F,0x7F,0xFF,
    0xFF,0xFF,0xFF,0xFF,0xF8,0xFB,0xFF,0x00,0xF8,0xFF,0xFF,0xFF,0xFF,0xFF,0x7F,0x7F,
    0x7F,0xFF,0xFF,0xFF,0xFF,0xF8,0xFB,0xFB,0xF8,0xFF,0xFF,0xFF,0xFF,0xFF,0x3F,0xCF,
    0xE7,0xF3,0xFB,0xFD,0xFC,0xFE,0xFE,0xFE,0x87,0x38,0xFD,0xFB,0xE0,0x1F,0x7F,0xFE,
    0x78,0xE7,0xF3,0xF9,0x7C,0x7F,0xFF,0xFF,0xFF,0xFE,0xFB,0x87,0xFF,0xFF,0x7E,0x64,
    0x18,0xFF,0xFF,0xFF,0xFC,0xFB,0xFB,0xF8,0xFF,0xFF,0xFF,0xFF,0xFF,0x7F,0xFF,0x00,
    0x7F,0xFF,0xFF,0xFF,0xFF,0xF8,0xFB,0xFB,0xF8,0xFF,0xFF,0xFF,0xFF,0xFF,0x7F,0x7F,
    0xFF,0xFF,0xFF,0xFF,0x07,0x00,0xFF,0xFF,0xFF,0xFF,0xFF,0xFF,0xFF,0xFF,0xFF,0xFF,
    0xFF,0x3F,0xCE,0xF3,0xFD,0xFE,0xFF,0xFE,0xFE,0xFE,0xFD,0xFD,0xFD,0xFE,0xF1,0xF7,
    0xF3,0xFF,0xF7,0x83,0x1F,0xF3,0xF9,0xFA,0xFF,0xFF,0xFF,0xFF,0xFF,0x7F,0x7F,0x7F,
    0xFF,0xFF,0xFF,0xFF,0xF8,0xFB,0xFF,0x00,0xF8,0xFD,0xFF,0xFF,0xFF,0xFF,0x7F,0x7F,
    0x7F,0xFF,0xFF,0xFF,0xFF,0xF8,0xFB,0xFB,0xF8,0xFF,0xFF,0xFF,0xFE,0xE0,0x8F,0x7F,
    0xFF,0xFF,0xFF,0xFF,0xFF,0xFF,0xFF,0xFF,0x07,0x7C,0xFF,0xFF,0xFF,0xFF,0xFF,0xFF,
    0xFF,0xFF,0xFF,0xFF,0xFF,0xFD,0xF3,0x0F,0xFF,0xFF,0xFF,0xFF,0xFE,0xF1,0x07,0x7F,
    0xFF,0xFF,0xFF,0xFF,0xFC,0xFB,0xFB,0xF8,0xFF,0xFF,0xFF,0xFF,0xFF,0x7F,0xFF,0x00,
    0x7F,0xFF,0xFF,0xFF,0xFF,0xFC,0xFB,0xFB,0xF8,0xFF,0xFF,0xFF,0xFF,0xFF,0x7F,0x7F,
    0xFF,0xFF,0xFF,0xFF,0xFF,0xF8,0xFF,0xFD,0xFC,0xFD,0xF9,0xFB,0xFB,0x7B,0x7B,0x7B,
    0xFB,0xFC,0xE3,0xCF,0x9F,0x7F,0xFF,0xFF,0xFF,0xFF,0x3F,0xFF,0x7F,0xFF,0xFF,0xFE,
    0xBF,0x7F,0x7F,0x7F,0x3F,0x9F,0xE0,0xFC,0xFF,0xFF,0xFF,0xFF,0xFF,0x7F,0x7F,0xFF,
    0xFF,0xFF,0xFF,0xFF,0xF8,0xFB,0xFF,0x00,0xF8,0xFF,0xFF,0xFF,0xFF,0x7F,0x7F,0x7F,
    0x7F,0xFF,0xFF,0xFF,0xFF,0xFC,0xFB,0xFB,0xF8,0xFF,0xFF,0xFF,0xFF,0x7F,0x7F,0x7F,
    0x7F,0xFF,0xFF,0xFF,0xFF,0xF8,0xFB,0xFB,0xFC,0xFF,0xFF,0xFF,0xFF,0x7E,0x79,0x73,
    0xEF,0xE7,0xE6,0xE7,0xF0,0xF7,0xF7,0xF3,0xF9,0xFE,0xFF,0xFF,0x7F,0x7F,0x7F,0x7F,
    0xFF,0xFF,0xFF,0xFF,0xFC,0xFB,0xFB,0xF8,0xFF,0xFF,0xFF,0xFF,0xFF,0xFF,0xFF,0x00,
  },
  {
    0x7F,0xFF,0xFF,0xFF,0xFF,0xF9,0xF9,0xF9,0xFD,0xFF,0xFF,0xFF,0xFF,0x7F,0x3F,0x7F,
    0xFF,0xFF,0xFF,0xFF,0xFD,0xF9,0xF9,0xFD,0xFF,0xFF,0xFF,0xFF,0x7F,0x7F,0x7F,0x7F,
    0xFF,0xFF,0xFF,0xFF,0xFD,0x05,0xE5,0x9D,0x3F,0x7F,0xFF,0xFF,0x7F,0x3F,0xFF,0xFF,
    0x7F,0x3F,0xBF,0xDF,0xCF,0x67,0x03,0xFF,0xFF,0xFF,0xFF,0xFF,0x7F,0x3F,0x7F,0xFF,
    0xFF,0xFF,0xFF,0xFD,0xF9,0xF9,0xFF,0x00,0xFC,0xFF,0xFF,0xFF,0xFF,0x7F,0xFF,0x7F,
    0xFF,0xFF,0xFF,0xFF,0xFC,0xF9,0xFB,0xFC,0xFF,0xFF,0xFF,0xFF,0x7F,0x7F,0xBF,0x7F,
    0xFF,0xFF,0xFF,0xFF,0xFC,0xF9,0xF9,0xFC,0xFF,0xFF,0xFF,0xFF,0xFF,0x00,0x7F,0xFF,
    0xFF,0xFE,0xF9,0xF9,0xF3,0xFB,0xFD,0xFE,0xFE,0xFF,0xFF,0x3F,0x87,0xB8,0xFF,0xFF,
    0xFF,0xFF,0xFF,0xFC,0xF9,0xF9,0xFC,0xFF,0xFF,0xFF,0xFF,0x7F,0x7F,0xBF,0xFF,0x00,
    0x7F,0xFF,0xFF,0xFF,0xFE,0xF9,0xFB,0xFD,0xFE,0xFF,0xFF,0xFF,0xFF,0x3F,0xBF,0x7F,
    0xFF,0xFF,0xFF,0xFF,0xFC,0xF9,0xFD,0xFC,0xFF,0xFF,0xFF,0xFF,0x7F,0x3F,0xBF,0x7F,
    0xFF,0xFF,0x3F,0x0F,0xC7,0xE0,0xEF,0xEF,0xEF,0xEF,0xCF,0x6F,0xEF,0xEF,0xEF,0xCF,
    0xD3,0x1D,0xFE,0xFC,0xF3,0x0F,0x1F,0xFF,0xFF,0xFF,0xFF,0x7F,0x3F,0xBF,0x7F,0xFF,
    0xFF,0xFF,0xFF,0xFC,0xF9,0xF9,0xFF,0x00,0xFC,0xFF,0xFF,0xFF,0xFF,0x7F,0xBF,0x3F,
    0x7F,0xFF,0xFF,0xFF,0xFE,0xFD,0xF9,0xFC,0xFF,0xFF,0xFF,0xFF,0xFF,0xFF,0xFF,0xFF,
    0xFF,0xFF,0xFF,0xFF,0xFC,0xFD,0xFD,0xFC,0xFF,0xFF,0xE0,0xFF,0x3F,0xFF,0xFF,0xFF,
    0xFF,0xFF,0x7F,0x7F,0x38,0x7F,0x7F,0xFF,0xFF,0x3E,0xE0,0xF7,0xFB,0x18,0x86,0xFF,
    0xFF,0xFF,0xFF,0xFC,0xFD,0xFD,0xFC,0xFF,0xFF,0xFF,0xFF,0x7F,0xBF,0xBF,0xFF,0x00,
    0x7F,0xFF,0xFF,0xFF,0xFE,0xFD,0xFD,0xFD,0xFE,0xFF,0xFF,0xFF,0x7F,0xBF,0xBF,0x3F,
    0xFF,0xFF,0x07,0x03,0xFD,0xBC,0x98,0xE7,0xF7,0xF7,0xF3,0xFB,0xF9,0xFD,0xFD,0xFC,
    0xFC,0xFC,0xFD,0xFD,0xFC,0xFC,0xF8,0xF5,0xED,0x9E,0x7E,0xFF,0xFF,0xFF,0xFE,0xFE,
    0xFE,0xFE,0xF9,0x03,0xFC,0xFE,0xFD,0xFE,0xFF,0xFF,0xFF,0x7F,0x3F,0xBF,0x7F,0xFF,
    0xFF,0xFF,0xFF,0xFC,0xFD,0xFD,0xFF,0x00,0xFC,0xFF,0xFF,0xFF,0x7F,0x3F,0xBF,0x3F,
    0xFF,0xFF,0xFF,0xFF,0xFE,0xFD,0xFD,0xFC,0xFF,0xFF,0xFC,0xE0,0x8F,0x7F,0xFF,0xFF,
    0xFF,0xFF,0xFF,0xFF,0xFF,0xFF,0xFF,0xFF,0xFF,0xFF,0xFF,0xFF,0xFF,0xFF,0xFF,0xFF,
    0xFF,0xFF,0x7E,0x1F,0xFF,0xFF,0xFF,0xFF,0xFF,0xFF,0xFF,0xFE,0xF8,0x03,0x3F,0xFF,
    0xFF,0xFF,0xFF,0xFE,0xFD,0xFD,0xFC,0xFF,0xFF,0xFF,0xFF,0x7F,0xBF,0xBF,0xFF,0x00,
    0x7F,0xFF,0xFF,0xFF,0xFE,0xFC,0xFD,0xFD,0xFE,0xFF,0xFF,0xFF,0x7F,0x3F,0xBF,0x3F,
    0xFF,0xFF,0xFF,0xFF,0xFF,0xFF,0xFE,0xFD,0xFD,0xF9,0xFB,0xFB,0x7B,0xBB,0xBB,0x7B,
    0xFB,0xF3,0xC3,0x1B,0xFB,0x7B,0x7B,0xF3,0x1F,0xDD,0xDC,0x3E,0xFF,0xFF,0xFF,0xFF,
    0x7F,0x7F,0x3F,0x9F,0xCF,0xF1,0xFC,0xFF,0xFF,0xFF,0xFF,0x7F,0xBF,0xBF,0x3F,0xFF,
    0xFF,0xFF,0xFF,0xFC,0xFD,0xFD,0xFF,0x00,0xFC,0xFF,0xFF,0xFF,0x7F,0x3F,0xBF,0x3F,
    0x7F,0xFF,0xFF,0xFF,0xFE,0xFD,0xFD,0xFC,0xFF,0xFF,0xFF,0xFF,0x7F,0xBF,0xBF,0x3F,
    0xFF,0xFF,0xFF,0xFF,0xFC,0xFD,0xFD,0xFC,0xFF,0xFF,0xFF,0xFE,0x39,0xBA,0x3A,0x79,
    0xFC,0xFF,0xFF,0xFE,0xF0,0xF7,0xE7,0xE7,0xE0,0xE1,0xFF,0x7F,0x3F,0xBF,0x3F,0x7F,
    0xFF,0xFF,0xFF,0xFE,0xFD,0xFD,0xFC,0xFF,0xFF,0xFF,0xFF,0x7F,0xBF,0xBF,0xFF,0x00,
  },
  {
    0xFF,0xFF,0xFF,0xFF,0xFD,0xFD,0xFD,0xFD,0xFF,0xFF,0xFF,0xFF,0x7F,0xBF,0xBF,0x7F,
    0xFF,0xFF,0xFF,0xFF,0xFD,0xFD,0xFD,0xFF,0xFF,0xFF,0xFF,0xEF,0x0F,0xDF,0xBF,0x7F,
    0x7F,0xFF,0xFF,0xFF,0xFD,0xFD,0xFD,0xFF,0xFF,0xFF,0xFF,0x7F,0xBF,0xBF,0x3F,0xFF,
    0xFF,0xFF,0xFF,0xFD,0xFD,0xFD,0xFC,0xFF,0xFF,0x7F,0x7F,0x7F,0x3F,0xBF,0xFF,0xFF,
    0xFF,0xFF,0xFF,0xFD,0xFD,0xFD,0xFF,0x00,0xFF,0xFF,0xFF,0xFF,0x7F,0xBF,0xBF,0x3F,
    0xFF,0xFF,0xFF,0xFF,0xFC,0xFD,0xFD,0xFE,0xFF,0xFF,0xFF,0xFF,0x3F,0xBF,0xBF,0x7F,
    0xFF,0xFF,0xFF,0xFF,0xFC,0xF1,0xC7,0x9F,0x3F,0x7E,0xFC,0xFD,0xFB,0xE7,0xF7,0xF3,
    0xFB,0xFB,0xFB,0xF9,0xFB,0xFB,0xF6,0xF7,0xFB,0xFB,0xFD,0x7D,0xFD,0x7E,0xBE,0x9E,
    0xDE,0xEF,0xF3,0xF9,0xFE,0xFF,0xFF,0xFF,0xFF,0xFF,0x7F,0x3F,0xBF,0x3F,0xFF,0x00,
    0xFF,0xFF,0xFF,0xFF,0xFC,0xFD,0xFD,0xFE,0xFF,0xFF,0xFF,0xFF,0x3F,0xBF,0xBF,0x7F,
    0xFF,0xFF,0xFF,0xFF,0xFC,0xFD,0xFC,0xFE,0xFF,0xFF,0xFF,0x7F,0xFF,0x3F,0x1F,0xEF,
    0xF7,0x37,0x36,0xA5,0x9F,0xBF,0x9F,0x9F,0xDF,0xCF,0xE7,0xEF,0xF7,0xF7,0xE7,0xEF,
    0xCF,0xC8,0x9A,0xBE,0x7E,0xFC,0xF9,0x33,0x87,0xFF,0xFF,0x3F,0xBF,0xBF,0x7F,0xFF,
    0xFF,0xFF,0xFE,0xFC,0xFD,0xFC,0xFF,0x00,0xFF,0xFF,0xFF,0xFF,0x7F,0xBF,0xBF,0x3F,
    0xFF,0xFF,0xFF,0xFF,0xFC,0xFD,0xFD,0xFE,0xFF,0xFF,0xFF,0xFF,0x3F,0xBF,0xBF,0x7F,
    0xFF,0xFF,0xFF,0xFE,0xFC,0xFF,0xFC,0xF9,0xF0,0xD6,0xBF,0x7F,0xFF,0xFF,0xFF,0x7F,
    0xFF,0xFF,0xFF,0xFF,0xFF,0xFF,0xFF,0xFF,0xFE,0x39,0x3F,0xBF,0x7F,0x8C,0x5C,0xFB,
    0xFF,0xFF,0xFF,0xFC,0xFD,0xFD,0xFE,0xFF,0xFF,0xFF,0x7F,0xBF,0xBF,0x3F,0xFF,0x00,
    0xFF,0xFF,0xFF,0xFF,0xFE,0xFD,0xFD,0xFE,0xFF,0xFF,0xFF,0xFF,0x3F,0xBF,0xBF,0x3F,
    0xFF,0xFF,0xFF,0xBF,0x7E,0x7D,0x7D,0x7E,0xBF,0x9F,0xCF,0xE7,0xF7,0xFB,0xFB,0xF9,
    0xF9,0xFD,0xFD,0xFC,0xFC,0xFD,0xFD,0xFA,0xF8,0xF9,0xF7,0xF7,0xE9,0xDD,0xDD,0xBD,
    0x7E,0xFF,0xFF,0xC0,0x8F,0x7D,0xFE,0xFF,0xFF,0xFF,0xFF,0x3F,0xBF,0xBF,0x7F,0xFF,
    0xFF,0xFF,0xFE,0xFC,0xFD,0xFC,0xFF,0x00,0xFF,0xFF,0xFF,0xFF,0x3F,0xBF,0xBF,0x3F,
    0xFF,0xFF,0xFF,0xFF,0xFE,0xFF,0xFD,0xFE,0xFF,0xFF,0xFF,0xFF,0x3D,0xF1,0xCF,0x3F,
    0xFF,0xFF,0xFF,0xFF,0xFF,0xFF,0xFF,0xFF,0xFF,0xFF,0xFF,0xFF,0xFF,0xFF,0xFF,0xFF,
    0xFF,0xFF,0xFF,0xFF,0xFF,0xFF,0xFF,0xFF,0xFF,0xFC,0x83,0x1F,0xFF,0xFE,0xF9,0x07,
    0xFF,0xFF,0xFF,0xFE,0xFD,0xFC,0xFE,0xFF,0xFF,0xFF,0x7F,0xBF,0x9F,0x3F,0xFF,0x00,
    0xFF,0xFF,0xFF,0xFF,0xFE,0xFD,0xFE,0xFE,0xFF,0xFF,0xFF,0xFF,0x3F,0x9F,0xBF,0x3F,
    0xFF,0xFF,0xFF,0xFF,0xFE,0xFC,0xFF,0xFF,0xFE,0xFC,0xFD,0x79,0x39,0x9D,0x3D,0x7F,
    0xF1,0xE5,0x1D,0xFD,0xFD,0xFD,0xFB,0xFB,0x3B,0x57,0xDF,0xD7,0xCF,0x0F,0xF7,0xF7,
    0xF7,0xFB,0xFC,0x3F,0xD7,0xE7,0xF0,0xFE,0xFF,0xFF,0xFF,0x3F,0x9F,0xBF,0x7F,0xFF,
    0xFF,0xFF,0xFF,0xFC,0xFD,0xFC,0xFF,0x00,0xFF,0xFF,0xFF,0xFF,0x3F,0xBF,0xDF,0x3F,
    0xFF,0xFF,0xFF,0xFF,0xFE,0xFC,0xFE,0xFE,0xFF,0xFF,0xFF,0xFF,0x3F,0xDF,0x1F,0x3F,
    0xFF,0xFF,0xFF,0xFF,0xFE,0xFD,0xFE,0xFF,0xFF,0xFF,0xFF,0x3C,0xB3,0xF7,0xF7,0xF7,
    0xF7,0xF0,0xFF,0xFF,0xFF,0xF8,0xF3,0xF1,0xF5,0xF3,0xFC,0xFE,0xFF,0x9F,0x3F,0xFF,
    0xFF,0xFF,0xFF,0xFE,0xFD,0xFE,0xFE,0xFF,0xFF,0xFF,0x7F,0xBF,0xDF,0x3F,0xFF,0x00,
  },
  {
    0xFF,0xFF,0xFF,0xFF,0xFC,0xFD,0xFD,0xFF,0xFF,0xFF,0xFF,0x7F,0xBF,0xBF,0x3F,0xFF,
    0xFF,0xFF,0xFF,0xFE,0xFD,0xFD,0xFC,0xFF,0xFF,0xFF,0xFF,0xFF,0x0F,0xDF,0xBF,0x7F,
    0x7F,0xFF,0xFF,0xFC,0xFD,0xFD,0xFE,0xFF,0xFF,0xFF,0x7F,0xBF,0xBF,0xBF,0x7F,0xFF,
    0xFF,0xFF,0xFF,0xFD,0xFD,0xFC,0xFF,0xFF,0xFF,0x7F,0x7F,0x7F,0x3F,0xBF,0xFF,0xFF,
    0xFF,0xFF,0xFE,0xFD,0xFD,0xFE,0xFF,0x00,0xFF,0xFF,0xFF,0x7F,0x3F,0x9F,0xBF,0x3F,
    0xFF,0xFF,0xFF,0xFF,0xFC,0xFD,0xFE,0xFF,0xFF,0xFF,0xFF,0x3F,0xBF,0x9F,0x3F,0xFF,
    0xFF,0xFF,0xFF,0xFF,0xFE,0xF0,0xC7,0x9F,0x3F,0x7E,0xFC,0xFD,0xFB,0xE7,0xF7,0xF3,
    0xF3,0xFB,0xFB,0xF9,0xF9,0xFB,0xF7,0xF7,0xF3,0xFB,0xF9,0xFD,0x7D,0x7C,0xBE,0xBE,
    0xDE,0xCE,0xF3,0xF9,0xFE,0xFF,0xFF,0xFF,0xFF,0xFF,0x3F,0xBF,0xBF,0x3F,0xFF,0x00,
    0xFF,0xFF,0xFF,0xFF,0xFE,0xFD,0xFE,0xFE,0xFF,0xFF,0xFF,0x7F,0x1F,0xDF,0x3F,0xFF,
    0xFF,0xFF,0xFF,0xFE,0xFC,0xFD,0xFE,0xFF,0xFF,0xFF,0xFF,0x3F,0xFF,0xBF,0x1F,0xEF,
    0xF7,0x37,0x36,0xA5,0x9D,0xBF,0xBF,0x9F,0xDF,0xDF,0xE7,0xE7,0xE7,0xF7,0xE7,0xEF,
    0xCF,0xC8,0xBB,0xBE,0x7F,0xFD,0xF9,0x33,0x87,0xFF,0x3F,0x9F,0x9F,0x3F,0xFF,0xFF,
    0xFF,0xFF,0xFE,0xFC,0xFC,0xFE,0xFF,0x00,0xFF,0xFF,0xFF,0xFF,0x1F,0xDF,0xBF,0x3F,
    0xFF,0xFF,0xFF,0xFF,0xFE,0xFE,0xFE,0xFF,0xFF,0xFF,0xFF,0x3F,0x9F,0xDF,0x3F,0xFF,
    0xFF,0xFF,0xFF,0xFE,0xFF,0xFF,0xFC,0xF9,0xF1,0xC6,0xBF,0x7F,0xF3,0xFB,0xFF,0xFF,
    0xFF,0xFF,0xFF,0xFF,0xFF,0xFF,0xFF,0xFF,0xFE,0x39,0x7F,0xBF,0x7F,0x8C,0x9C,0xFB,
    0xFF,0xFF,0xFE,0xFE,0xFC,0xFE,0xFF,0xFF,0xFF,0xFF,0x3F,0x9F,0xDF,0x3F,0xFF,0x00,
    0xFF,0xFF,0xFF,0xFF,0xFE,0xFE,0xFE,0xFF,0xFF,0xFF,0xFF,0x7F,0x1F,0xDF,0x1F,0xFF,
    0xFF,0xFF,0xFF,0xBE,0x7E,0x7E,0x7E,0x7F,0x3F,0x9F,0xCF,0xE7,0xF7,0xF3,0xFB,0xF9,
    0xF9,0xF9,0xFD,0xFD,0xFC,0xFD,0xFD,0xFA,0xFA,0xF9,0xF3,0xF7,0xEB,0xDD,0xDD,0xBD,
    0x7E,0xFF,0xFF,0xC0,0x8F,0x7E,0xFF,0xFF,0xFF,0xFF,0x3F,0x9F,0xDF,0x3F,0xFF,0xFF,
    0xFF,0xFF,0xFE,0xFE,0xFE,0xFE,0xFF,0x00,0xFF,0xFF,0xFF,0xFF,0x1F,0xDF,0x1F,0x3F,
    0xFF,0xFF,0xFF,0xFF,0xFE,0xFE,0xFE,0xFF,0xFF,0xFF,0xFF,0x3F,0xBD,0xF0,0xCF,0x1F,
    0xFF,0xFF,0xFF,0xFF,0xFF,0xFF,0xFF,0xFF,0xFF,0xFF,0xFF,0xFF,0xFF,0xFF,0xFF,0xFF,
    0xFF,0xFF,0xFF,0xFF,0xFF,0xFF,0xFF,0xFF,0xFF,0xFC,0x83,0x1F,0xFF,0xFE,0xF8,0x07,
    0xFF,0xFF,0xFF,0xFE,0xFE,0xFE,0xFF,0xFF,0xFF,0xFF,0x3F,0xDF,0xDF,0x3F,0xFF,0x00,
    0xFF,0xFF,0xFF,0xFF,0xFE,0xFE,0xFE,0xFF,0xFF,0xFF,0xFF,0x3F,0x9F,0xDF,0x1F,0xFF,
    0xFF,0xFF,0xFF,0xFF,0xFE,0xFE,0xFF,0xFF,0xFE,0xFD,0xFD,0x39,0xD9,0xDD,0x3D,0xFF,
    0xF9,0xE5,0x1D,0x7D,0xFD,0xFD,0xFB,0xFB,0xBF,0x5F,0xDF,0xD7,0xCF,0x0F,0xEF,0xF7,
    0xF7,0xFB,0xF8,0x3F,0x97,0xE7,0xF0,0xFE,0xFF,0xFF,0x3F,0xDF,0xDF,0x1F,0xFF,0xFF,
    0xFF,0xFF,0xFE,0xFE,0xFE,0xFE,0xFF,0x00,0xFF,0xFF,0xFF,0xFF,0x1F,0xDF,0xDF,0xBF,
    0xFF,0xFF,0xFF,0xFF,0xFE,0xFE,0xFE,0xFF,0xFF,0xFF,0xFF,0x3F,0xDF,0xDF,0x1F,0xFF,
    0xFF,0xFF,0xFF,0xFF,0xFE,0xFE,0xFF,0xFF,0xFF,0xFF,0xFF,0x1C,0xD1,0xF7,0xF7,0xF7,
    0xE7,0xF0,0xFF,0xFF,0xFF,0xF8,0xF3,0xF1,0xF5,0xF3,0xF9,0xDE,0xDF,0x1F,0xFF,0xFF,
    0xFF,0xFF,0xFF,0xFE,0xFE,0xFE,0xFF,0xFF,0xFF,0xFF,0x1F,0xDF,0xDF,0x3F,0xFF,0x00,
  },
  {
    0xFF,0xFF,0xFF,0xFF,0xFC,0xFD,0xFE,0xFF,0xFF,0xFF,0xFF,0x3F,0x9F,0x9F,0x3F,0xFF,
    0xFF,0xFF,0xFF,0xFE,0xFD,0xFC,0xFE,0xFF,0xFF,0xCF,0x0F,0xDF,0xBF,0xBF,0x7F,0x7F,
    0xFF,0xFF,0xFE,0xFC,0xFD,0xFE,0xFF,0xFF,0xFF,0xFF,0x3F,0x9F,0x9F,0x3F,0xFF,0xFF,
    0xFF,0xFF,0xFE,0xFD,0xFD,0xFE,0xFF,0x7F,0x7F,0xBF,0x3F,0x9F,0xFF,0x3F,0xFF,0xFF,
    0xFF,0xFF,0xFC,0xFD,0xFE,0xFF,0xFF,0x00,0xFF,0xFF,0xFF,0x3F,0x9F,0xDF,0x3F,0xFF,
    0xFF,0xFF,0xFF,0xFE,0xFE,0xFE,0xFE,0xFF,0xFF,0xFF,0xFF,0x3F,0xDF,0x9F,0x3F,0xFF,
    0xFF,0xFF,0xFE,0xF8,0xE3,0xCF,0x9F,0xBF,0x7E,0x7E,0xFD,0xF9,0xFB,0xF7,0xF7,0xFB,
    0xFB,0xFB,0xFA,0xFF,0xF1,0xF6,0xF7,0xF7,0xF3,0xFB,0xF9,0xFD,0x7C,0x3E,0x9E,0xCF,
    0xE3,0xF9,0xFE,0xFF,0xFE,0xFE,0xFF,0xFF,0xFF,0xBF,0x1F,0xDF,0x1F,0x7F,0xFF,0x00,
    0xFF,0xFF,0xFF,0xFF,0xFE,0xFE,0xFE,0xFF,0xFF,0xFF,0xFF,0x3F,0xDF,0xDF,0x3F,0xFF,
    0xFF,0xFF,0xFF,0xFE,0xFE,0xFE,0xFF,0xFF,0xFF,0xFF,0xFF,0x1F,0xFF,0x9F,0x47,0xF3,
    0xF9,0xFD,0xE4,0x59,0x3F,0xBF,0x9F,0x9F,0xBF,0xBF,0xBF,0xDF,0xDF,0xCF,0xCF,0xFF,
    0x8D,0x92,0x7A,0xF6,0x0F,0x1F,0xFF,0xFF,0xFF,0xFF,0x1F,0xDF,0x5F,0x3F,0xFF,0xFF,
    0xFF,0xFF,0xFE,0xFE,0xFE,0xFF,0xFF,0x00,0xFF,0xFF,0xFF,0x3F,0xDF,0xDF,0x1F,0xFF,
    0xFF,0xFF,0xFF,0xFF,0xFE,0xFE,0xFF,0xFF,0xFF,0xFF,0xFF,0x1F,0xDF,0xDF,0x3F,0xFF,
    0xFF,0xFF,0xFF,0xFE,0xFE,0xFF,0xFE,0xB9,0x13,0xF3,0xFC,0xFE,0xFF,0xFF,0xFF,0xFF,
    0xFF,0xFF,0xFF,0xFF,0xFF,0xFF,0xFF,0xFF,0xFF,0xFF,0xFE,0xF8,0x9E,0x33,0xFB,0xFF,
    0xFF,0xFF,0xFE,0xFE,0xFE,0xFF,0xFF,0xFF,0xFF,0x3F,0x1F,0xDF,0x1F,0xFF,0xFF,0x00,
    0xFF,0xFF,0xFF,0xFF,0xFE,0xFE,0xFE,0xFF,0xFF,0xFF,0xFF,0x1F,0xDF,0xDF,0x1F,0xFF,
    0xFF,0xFF,0xFF,0xFE,0xFE,0xFE,0xFF,0xFF,0xFF,0x7F,0x3F,0xDF,0xCF,0xEF,0xEF,0xE7,
    0xF7,0xF6,0xF9,0xF8,0xF9,0xFB,0xFB,0xF3,0xF7,0xF7,0xF1,0xE9,0xE7,0xD3,0xDB,0xA9,
    0x2D,0xEC,0xE2,0xEE,0xCE,0xDF,0x9F,0x3F,0xFF,0xFF,0x1F,0xDF,0x1F,0x3F,0xFF,0xFF,
    0xFF,0xFF,0xFE,0xFE,0xFE,0xFF,0xFF,0x00,0xFF,0xFF,0xFF,0x3F,0x5F,0xDF,0x1F,0xFF,
    0xFF,0xFF,0xFF,0xFF,0xFE,0xFE,0xFF,0xFF,0xFF,0xFF,0xFF,0x1F,0xDF,0x5F,0x3F,0xFF,
    0xFE,0xFE,0xFE,0xFE,0xFE,0xFC,0x05,0xF3,0xF7,0xEF,0xDF,0xBF,0x7F,0xFF,0xFF,0xFF,
    0xFF,0xFF,0xFF,0xFF,0xFF,0xFF,0xFF,0xFF,0xFF,0xFF,0xFF,0xFF,0xFF,0xFF,0xFF,0xFF,
    0xF8,0x03,0xFE,0xFE,0xFE,0xFF,0xFF,0xFF,0xFF,0x3F,0x5F,0xCF,0x1F,0xFF,0xFF,0x00,
    0xFF,0xFF,0xFF,0xFF,0xFE,0xFE,0xFF,0xFF,0xFF,0xFF,0xFF,0x1F,0x5F,0x5F,0x1F,0xFF,
    0xFF,0xFF,0xFF,0xFF,0xFE,0xFE,0xFF,0xFF,0xFF,0xFF,0xFF,0x1F,0x5F,0x5F,0xB8,0xF3,
    0xEF,0xCF,0x1F,0x7F,0xFF,0xFE,0xFD,0xFB,0x0B,0xD7,0xD7,0x4F,0xAF,0xDF,0xDF,0xBF,
    0xBF,0xBF,0x3F,0xBF,0xBF,0xDF,0xCF,0xE7,0xF9,0xFE,0x1F,0xCF,0x5F,0x9F,0xFF,0xFF,
    0xFF,0xFF,0xFE,0xFE,0xFE,0xFF,0xFF,0x00,0xFF,0xFF,0xFF,0xBF,0xDF,0xCF,0x9F,0xFF,
    0xFF,0xFF,0xFF,0xFF,0xFE,0xFE,0xFF,0xFF,0xFF,0xFF,0xFF,0x9F,0xCF,0xCF,0x9F,0xFF,
    0xFF,0xFF,0xFF,0xFF,0xFE,0xFF,0xFF,0xFF,0xFF,0xFF,0xBF,0xDC,0xD9,0x99,0xF3,0xF1,
    0xFC,0xFB,0xF1,0xF6,0xF7,0xF7,0xF7,0xFB,0xFD,0xFE,0x9F,0xCF,0xDF,0x9F,0xFF,0xFF,
    0xFF,0xFF,0xFF,0xFE,0xFF,0xFF,0xFF,0xFF,0xFF,0xBF,0x9F,0xCF,0x9F,0xBF,0xFF,0x00,
  },
  {
    0xFF,0xFF,0xFF,0xFE,0xFC,0xFC,0xFE,0xFF,0xFF,0xFF,0xFF,0x9F,0xDF,0xDF,0x3F,0xFF,
    0xFF,0xFF,0xFF,0xFE,0xFD,0xFE,0xEF,0x8F,0x5F,0x9F,0xBF,0xBF,0x3F,0x7F,0x7F,0xFF,
    0xFF,0xFF,0xFE,0xFE,0xFC,0xFE,0xFF,0xFF,0xFF,0xFF,0x1F,0xDF,0xDF,0x3F,0xFF,0xFF,
    0xFF,0xFF,0xFE,0xFD,0xFE,0xFF,0x7F,0x3F,0x3F,0xFF,0xDF,0xDF,0x9F,0xFF,0xFF,0xFF,
    0xFF,0xFE,0xFE,0xFE,0xFE,0xFF,0xFF,0x00,0xFF,0xFF,0xFF,0x5F,0xDF,0xDF,0x1F,0xFF,
    0xFF,0xFF,0xFF,0xFE,0xFE,0xFE,0xFF,0xFF,0xFF,0xFF,0x3F,0xDF,0xDF,0xDF,0x3F,0xFF,
    0xFE,0xFD,0xF3,0xE7,0xEF,0xDF,0x9F,0xBE,0xBE,0xBE,0x7D,0xF9,0xFB,0xFB,0xFB,0xFB,
    0xF9,0xFB,0xFA,0xF6,0xE2,0xEE,0xEF,0xF7,0xF3,0xFB,0xFD,0xFD,0x7E,0x9E,0xC7,0xF0,
    0xFE,0xFF,0xFE,0xFE,0xFE,0xFF,0xFF,0xFF,0xFF,0x1F,0xDF,0xDF,0x1F,0xFF,0xFF,0x00,
    0xFF,0xFF,0xFF,0xFE,0xFE,0xFE,0xFE,0xFF,0xFF,0xFF,0xFF,0xFF,0xFF,0xDF,0x1F,0xFF,
    0xFF,0xFF,0xFF,0xFE,0xFE,0xFE,0xFF,0xFF,0xFF,0xFF,0x3F,0xDF,0xFF,0x87,0x03,0xFD,
    0xFE,0xFE,0xFE,0x42,0x1D,0xBF,0xBF,0xBF,0xBF,0xBF,0x3F,0x3F,0xBF,0xBF,0xBF,0xD3,
    0x6D,0x1D,0x1C,0x7E,0xFF,0xFF,0xFF,0xFF,0xFF,0xBF,0xDF,0xDF,0x5F,0xFF,0xFF,0xFF,
    0xFF,0xFF,0xFE,0xFE,0xFE,0xFF,0xFF,0x00,0xFF,0xFF,0xFF,0x5F,0x5F,0xDF,0x1F,0xFF,
    0xFF,0xFF,0xFF,0xFE,0xFE,0xFE,0xFF,0xFF,0xFF,0xFF,0xBF,0xDF,0xEF,0x5F,0x3F,0xFF,
    0xFF,0xFF,0xFF,0xFE,0xFB,0xB3,0x0E,0xFD,0xF9,0xFD,0xFC,0xFE,0xFF,0xFF,0xFF,0xFF,
    0xFF,0xFF,0xFF,0xE9,0xF3,0xFF,0xFF,0xFF,0xFF,0xFF,0x5E,0xBF,0x9F,0xFF,0xFF,0xFF,
    0xFF,0xFF,0xFE,0xFE,0xFE,0xFF,0xFF,0xFF,0xFF,0x1F,0xDF,0xEF,0x1F,0xFF,0xFF,0x00,
    0xFF,0xFF,0xFF,0xFF,0xFE,0xFE,0xFF,0xFF,0xFF,0xFF,0xFF,0x1F,0xEF,0xDF,0x1F,0xFF,
    0xFF,0xFF,0xFF,0xFE,0xFE,0xFE,0xFF,0xFF,0xFF,0xFF,0x1F,0xEF,0xEF,0xBF,0xBF,0x8D,
    0x53,0xE9,0xEC,0xED,0xEB,0xEB,0xE7,0xD3,0xD7,0xD7,0xB7,0xB8,0xB9,0x71,0x77,0x39,
    0x81,0xDE,0xEF,0xEE,0xEF,0xE7,0xEF,0xEF,0xCF,0x9F,0x3F,0x7F,0xFF,0xFF,0xFF,0xFF,
    0xFF,0xFF,0xFE,0xFE,0xFF,0xFF,0xFF,0x00,0xFF,0xFF,0xFF,0x1F,0xEF,0x6F,0x1F,0xFF,
    0xFF,0xFF,0xFF,0xFF,0xFE,0xFE,0xFF,0xFF,0xFF,0xFF,0xBF,0x7F,0x6F,0x4F,0xBF,0xFF,
    0xFF,0xFF,0xFF,0xFE,0x07,0xF1,0xFC,0xFF,0xFF,0xFE,0xF9,0xC7,0x9F,0x7F,0xFF,0xFF,
    0xFF,0xFF,0xFF,0xFF,0xFF,0xFF,0xFF,0xFF,0xFF,0xFF,0xFF,0xFF,0xFF,0xFF,0xFF,0xFF,
    0xFF,0xFF,0xFF,0xFE,0x01,0x87,0xFF,0xFF,0xFF,0x1F,0xEF,0x6F,0x1F,0xFF,0xFF,0x00,
    0xFF,0xFF,0xFF,0xFF,0xFE,0xFF,0xFF,0xFF,0xFF,0xFF,0xBF,0x3F,0x6F,0x6F,0x9F,0xFF,
    0xFF,0xFF,0xFF,0xFF,0xFF,0xFF,0xFF,0xFF,0xFF,0xFF,0x9F,0x7F,0x78,0x63,0xCF,0xDF,
    0xBF,0xBF,0x7F,0xFF,0xFF,0xFE,0xFC,0xFD,0x1B,0xD3,0x57,0x97,0xEF,0xEF,0xEF,0xDF,
    0x5F,0x1F,0xDF,0xDF,0xDF,0xDF,0xDF,0xCF,0xEF,0xA7,0x73,0x78,0x0E,0xFF,0xFF,0xFF,
    0xFF,0xFF,0xFF,0xFF,0xFF,0xFF,0xFF,0x00,0xFF,0xFF,0xFF,0x9F,0xEF,0xEF,0x8F,0xFF,
    0xFF,0xFF,0xFF,0xFF,0xFF,0xFF,0xFF,0xFF,0xFF,0xFF,0x9F,0xEF,0xEF,0xEF,0x9F,0xFF,
    0xFF,0xFF,0xFF,0xFF,0xFF,0xFF,0xFF,0xFF,0xFF,0xFF,0xF8,0xE3,0xEF,0xEF,0xEF,0xE0,
    0xF8,0xFF,0xF8,0xF7,0xF3,0xF5,0xFB,0xFD,0xFE,0xDF,0xAF,0xEF,0xEF,0x9F,0xFF,0xFF,
    0xFF,0xFF,0xFF,0xFF,0xFF,0xFF,0xFF,0xFF,0xFF,0x9F,0xEF,0xEF,0x8F,0xFF,0xFF,0x00,
  },
  {
    0xFF,0xFF,0xFF,0xFE,0xFE,0xFE,0xFF,0xFF,0xFF,0xFF,0x3F,0x5F,0xDF,0x1F,0xFF,0xFF,
    0xFF,0xFF,0xFF,0xFE,0xFE,0xFE,0xFF,0xFF,0xFF,0xFF,0x1F,0x5F,0x5F,0x1F,0xFF,0xFF,
    0x0F,0xC3,0xE6,0xCE,0x9E,0x3F,0x7F,0xFF,0xFF,0x7F,0x3F,0x9F,0xDF,0x0F,0xDF,0xFF,
    0xFF,0xFE,0xFE,0xFE,0xFF,0xFF,0xFF,0xFF,0xBF,0x1F,0x5F,0x5F,0x3F,0xFF,0xFF,0xFF,
    0xFF,0xFE,0xFE,0xFE,0xFF,0xFF,0xFF,0x00,0xFF,0xFF,0xBF,0x1F,0xEF,0x5F,0xFF,0xFF,
    0xFF,0xFF,0xFF,0xFE,0xFE,0xFF,0xFF,0xFF,0xFF,0xFF,0x1F,0x4F,0x4F,0x1F,0xFF,0xFF,
    0xFF,0xFF,0xFF,0xFE,0xFE,0xFF,0xFF,0xDF,0xD0,0xC7,0xBF,0xFF,0xFF,0xFF,0xFC,0xFF,
    0x83,0xFE,0xF7,0xE7,0xFF,0x00,0xC0,0xFF,0xFF,0x1F,0x4F,0x5F,0x1F,0xFF,0xFF,0xFF,
    0xFF,0xFF,0xFE,0xFF,0xFF,0xFF,0xFF,0xFF,0x9F,0x5F,0x4F,0x1F,0xFF,0xFF,0xFF,0x00,
    0xFF,0xFF,0xFF,0xFF,0xFE,0xFE,0xFF,0xFF,0xFF,0xFF,0x9F,0x4F,0x6F,0x1F,0xFF,0xFF,
    0xFF,0xFF,0xFF,0xFF,0xFE,0xFF,0xFF,0xFF,0xFF,0xFF,0x1F,0x4F,0xFF,0x3F,0x87,0xF1,
    0xFD,0xFE,0xF9,0x0F,0xBF,0xBF,0xBF,0xBF,0xBF,0xBF,0x9F,0xDF,0x9F,0xE0,0x3F,0x3F,
    0xFF,0xFF,0xFE,0xFF,0xFF,0xFF,0xFF,0xFF,0xFF,0x1F,0x6F,0x4F,0x9F,0xFF,0xFF,0xFF,
    0xFF,0xFF,0xFF,0xFF,0xFF,0xFF,0xFF,0x00,0xFF,0xFF,0xFF,0x0F,0x6F,0x0F,0xDF,0xFF,
    0xFF,0xFF,0xFF,0xFF,0xFF,0xFF,0xFF,0xFF,0xFF,0xFF,0x1F,0x6F,0x6F,0x1F,0xFF,0xFF,
    0xFF,0xFF,0xFF,0xFF,0xA7,0x4F,0xFC,0xF9,0xF3,0xF7,0xE7,0xE0,0xFF,0xFF,0xFF,0xFF,
    0xFF,0xFF,0xFF,0xFF,0xFF,0xF1,0xFF,0x3F,0x80,0x73,0x5F,0x6F,0x1F,0xFF,0xFF,0xFF,
    0xFF,0xFF,0xFF,0xFF,0xFF,0xFF,0xFF,0xFF,0x9F,0x4F,0x6F,0x0F,0xFF,0xFF,0xFF,0x00,
    0xFF,0xFF,0xFF,0xFF,0xFF,0xFF,0xFF,0xFF,0xFF,0xFF,0x9F,0x6F,0x6F,0x0F,0xFF,0xFF,
    0xFF,0xFF,0xFF,0xFF,0xFF,0xFF,0xFF,0xFF,0xFF,0xFF,0x0F,0x6F,0x6F,0xFE,0x7D,0x03,
    0xF8,0xF3,0xF7,0x77,0x73,0x79,0x71,0x77,0xFB,0xF9,0xFB,0xF9,0xF9,0xFB,0xF0,0x47,
    0x9F,0xCF,0xEF,0xE7,0xF7,0xF7,0xF7,0xF7,0xE7,0xEF,0xCF,0x9F,0x3F,0xFF,0xFF,0xFF,
    0xFF,0xFF,0xFF,0xFF,0xFF,0xFF,0xFF,0x00,0xFF,0xFF,0xFF,0x0F,0x6F,0x0F,0x9F,0xFF,
    0xFF,0xFF,0xFF,0xFF,0xFF,0xFF,0xFF,0xFF,0xFF,0xFF,0x8F,0x6F,0x6F,0x8F,0xFF,0xFF,
    0xFF,0xFF,0xFF,0xFF,0x7F,0x0F,0xF0,0xFC,0xFF,0xFF,0xFF,0xFD,0xF6,0xCD,0x3F,0xFF,
    0xFF,0xFE,0xFE,0xFE,0xFE,0xFE,0xFE,0xFF,0xFF,0xFF,0xFF,0xFF,0xFF,0xFF,0xFF,0xFF,
    0xFF,0xFF,0xFF,0xFF,0xFF,0x00,0x03,0xFF,0x9F,0x2F,0x6F,0x0F,0xFF,0xFF,0xFF,0x00,
    0xFF,0xFF,0xFF,0xFF,0xFF,0xFF,0xFF,0xFF,0xFF,0xFF,0x9F,0x2F,0x6F,0x8F,0xFF,0xFF,
    0xFF,0xFF,0xFF,0xFF,0xFF,0xFF,0xFF,0xFF,0xFF,0xFF,0x8F,0x3F,0x70,0xCE,0xBF,0x3F,
    0x7F,0x7F,0x7F,0x3F,0xBF,0x1F,0xFF,0xFE,0xFD,0xFB,0x3B,0xC7,0xF7,0x2F,0x8F,0xEF,
    0xEF,0xCF,0xDF,0xDF,0xDF,0xDF,0xDF,0xDF,0xCF,0xAF,0x6F,0x33,0x99,0xFC,0xFF,0xFF,
    0xFF,0xFF,0xFF,0xFF,0xFF,0xFF,0xFF,0x00,0xFF,0xFF,0xDF,0x8F,0xA7,0xAF,0x9F,0xFF,
    0xFF,0xFF,0xFF,0xFF,0xFF,0xFF,0xFF,0xFF,0xFF,0xFF,0x8F,0xA7,0xA7,0x8F,0xFF,0xFF,
    0xFF,0xFF,0xFF,0xFF,0xFF,0xFF,0xFF,0xFF,0xFF,0xDF,0x8F,0xB7,0x8F,0xFE,0xF1,0xF3,
    0xF3,0xF5,0xF6,0xF3,0xF9,0xFE,0xFF,0xFF,0xFF,0x8F,0xA7,0xAF,0x8F,0xFF,0xFF,0xFF,
    0xFF,0xFF,0xFF,0xFF,0xFF,0xFF,0xFF,0xFF,0xDF,0x8F,0xB7,0x8F,0xFF,0xFF,0xFF,0x00,
  },
  {
    0xFF,0xFF,0xFF,0xFF,0xFF,0xFF,0xFF,0xFF,0xFF,0xFF,0x1F,0x4F,0x4F,0x1F,0xFF,0xFF,
    0xFF,0xFF,0xFF,0xFF,0xFF,0xFF,0xFF,0xFF,0x7F,0x7F,0xDF,0xCF,0x1F,0xFF,0xFF,0xFF,
    0xFF,0xFF,0xFF,0xFF,0xFF,0xFF,0xFF,0x3F,0x9F,0xCF,0xEF,0xE7,0x1B,0xFF,0xFF,0xFF,
    0xFF,0xFE,0xFE,0xFE,0xFF,0xFF,0xFF,0xFF,0xBF,0x4F,0x6F,0x1F,0xFF,0xFF,0xFF,0xFF,
    0xFF,0xFF,0xFF,0xFF,0xFF,0xFF,0xFF,0x00,0xFF,0xFF,0x9F,0x0F,0x6F,0x1F,0xFF,0xFF,
    0xFF,0xFF,0xFF,0xFF,0xFF,0xFF,0xFF,0xFF,0xFF,0xFF,0x1F,0x6F,0x4F,0x9F,0xFF,0xFF,
    0xF8,0xC3,0x9E,0x3D,0x3D,0x3B,0xDB,0xF3,0xF7,0xF7,0xF3,0xF7,0xE7,0xF9,0xFE,0xBF,
    0x9F,0xCF,0x63,0xDC,0xFA,0xFF,0xFF,0xFF,0xFF,0x1F,0x6F,0x0F,0x9F,0xFF,0xFF,0xFF,
    0xFF,0xFF,0xFF,0xFF,0xFF,0xFF,0xFF,0xFF,0x1F,0x6F,0x6F,0x1F,0xFF,0xFF,0xFF,0x00,
    0xFF,0xFF,0xFF,0xFF,0xFF,0xFF,0xFF,0xFF,0xFF,0xFF,0x9F,0x6F,0x6F,0x0F,0xFF,0xFF,
    0xFF,0xFF,0xFF,0xFF,0xFF,0xFF,0xFF,0xFF,0xFF,0xFF,0x0F,0xEF,0xFF,0x08,0x73,0x37,
    0x33,0x79,0x87,0xFB,0xFD,0xFD,0xF3,0x0F,0xBF,0xDF,0xC0,0xDE,0xBF,0x7F,0xFF,0xFF,
    0xFF,0xFF,0xFF,0xFF,0xFF,0xFF,0xFF,0xFF,0x9F,0x0F,0x6F,0x0F,0xFF,0xFF,0xFF,0xFF,
    0xFF,0xFF,0xFF,0xFF,0xFF,0xFF,0xFF,0x00,0xFF,0xFF,0x9F,0x0F,0x6F,0x0F,0xFF,0xFF,
    0xFF,0xFF,0xFF,0xFF,0xFF,0xFF,0xFF,0xFF,0xFF,0xFF,0x0F,0x6F,0x6F,0x9F,0xFF,0xFF,
    0xFF,0xFF,0xFF,0x7F,0x9E,0xFD,0xFF,0xFF,0xFF,0xFF,0xF0,0xEF,0xDF,0xC7,0xF0,0xFE,
    0xFF,0xFF,0xFF,0xFF,0x7D,0xAB,0xE0,0xFF,0xBF,0x0F,0x6F,0x0F,0xBF,0xFF,0xFF,0xFF,
    0xFF,0xFF,0xFF,0xFF,0xFF,0xFF,0xFF,0xFF,0x8F,0x6F,0x6F,0x0F,0xFF,0xFF,0xFF,0x00,
    0xFF,0xFF,0xFF,0xFF,0xFF,0xFF,0xFF,0xFF,0xFF,0xFF,0x8F,0x2F,0x6F,0x8F,0xFF,0xFF,
    0xFF,0xFF,0xFF,0xFF,0xFF,0xFF,0xFF,0xFF,0xFF,0xFF,0x0F,0x6E,0x8C,0xFB,0x07,0xE7,
    0xEF,0xE7,0xF7,0xF9,0xFD,0xFC,0xFB,0xFB,0xFB,0xFD,0xFD,0xFC,0xF8,0xE7,0xDF,0x3F,
    0x0F,0xF7,0xF7,0xFB,0xFB,0xFB,0xFB,0xFB,0xFB,0xFB,0xF7,0xE7,0xCF,0x9F,0x3F,0xFF,
    0xFF,0xFF,0xFF,0xFF,0xFF,0xFF,0xFF,0x00,0xFF,0xFF,0x9F,0xAF,0xAF,0x8F,0xFF,0xFF,
    0xFF,0xFF,0xFF,0xFF,0xFF,0xFF,0xFF,0xFF,0xFF,0xFF,0x8F,0xAF,0x2F,0x8F,0xFF,0xFF,
    0xFF,0xFF,0xFF,0xFF,0x3F,0x03,0x80,0xF9,0xFE,0xFF,0xFF,0xFF,0xFF,0xFF,0xEF,0xCF,
    0x5F,0xDF,0xDF,0xDF,0xEF,0xF7,0xF9,0xFC,0xFF,0xFF,0xFF,0xFF,0xFF,0xFF,0xFF,0xFF,
    0xFF,0xFF,0xFF,0xFF,0xFF,0xFF,0xFF,0x38,0x87,0xFF,0xA7,0x8F,0xFF,0xFF,0xFF,0x00,
    0xFF,0xFF,0xFF,0xFF,0xFF,0xFF,0xFF,0xFF,0xFF,0xFF,0x8F,0xBF,0xA7,0x8F,0xFF,0xFF,
    0xFF,0xFF,0xFF,0xFF,0xFF,0xFF,0xFF,0xFF,0xFF,0xFF,0x8F,0xFF,0xC0,0xB0,0x4F,0x3F,
    0xBF,0x7F,0x7F,0x7F,0x7F,0xFF,0xFF,0xFF,0xFF,0xFE,0x7D,0x8B,0x17,0xC7,0xEF,0xEF,
    0xEF,0xCF,0xDF,0xDF,0xDF,0xDF,0xDF,0xDF,0xDF,0xDF,0xEF,0xEF,0xF7,0xF9,0xFC,0xFE,
    0xFF,0xFF,0xFF,0xFF,0xFF,0xFF,0xFF,0x00,0xFF,0xFF,0xCF,0x87,0xB7,0x87,0xFF,0xFF,
    0xFF,0xFF,0xFF,0xFF,0xFF,0xFF,0xFF,0xFF,0xFF,0xFF,0x8F,0xB7,0xA7,0xCF,0xFF,0xFF,
    0xFF,0xFF,0xFF,0xFF,0xFF,0xFF,0xFF,0xFF,0xFE,0xCE,0xB6,0xBF,0xA1,0xEC,0xEF,0xE7,
    0xF7,0xF3,0xF4,0xF1,0xFC,0xFF,0xFF,0xFF,0xFF,0x8F,0xB7,0xA7,0xCF,0xFF,0xFF,0xFF,
    0xFF,0xFF,0xFF,0xFF,0xFF,0xFF,0xFF,0xFF,0xCF,0xB7,0xB7,0x8F,0xFF,0xFF,0xFF,0x00,
  },
  {
    0xFF,0xFF,0xFF,0xFF,0xFF,0xFF,0xFF,0xFF,0xFF,0xFF,0x7F,0x7F,0x6F,0x9F,0xFF,0xFF,
    0xFF,0xFF,0xFF,0xFF,0xFF,0x7F,0xFF,0xFF,0xFF,0x8F,0x6F,0x6F,0x8F,0xFF,0xFF,0xFF,
    0xFF,0xFF,0xFF,0xFF,0xFF,0xFF,0xFF,0xFF,0x9F,0xEF,0xEF,0xCF,0x7F,0x7F,0xBF,0x9F,
    0xDF,0x0F,0xCF,0xFF,0xFF,0xFF,0xFF,0xFF,0x0F,0x6F,0x6F,0x9F,0xFF,0xFF,0xFF,0xFF,
    0xFF,0xFF,0xFF,0xFF,0xFF,0xFF,0xFF,0x00,0xFF,0xFF,0xBF,0x7F,0x37,0x8F,0xFF,0xFF,
    0xFF,0xFF,0xFF,0xFF,0xFF,0xFF,0xFF,0xFF,0xFF,0x8F,0x2F,0x7F,0xBF,0xFE,0xF8,0xF2,
    0xCE,0xDD,0x9D,0x3D,0x7B,0x3B,0x93,0xE7,0xF7,0xF7,0xF7,0xF3,0xFB,0xF7,0xF7,0xF3,
    0xFB,0xB9,0x9D,0xDE,0x4E,0xA7,0xD3,0xED,0xF9,0xFE,0x37,0x8F,0xFF,0xFF,0xFF,0xFF,
    0xFF,0xFF,0xFF,0xFF,0xFF,0xFF,0xFF,0xDF,0x2F,0x77,0xAF,0xDF,0xFF,0xFF,0xFF,0x00,
    0xFF,0xFF,0xFF,0xFF,0xFF,0xFF,0xFF,0xFF,0xFF,0xDF,0x8F,0xF7,0xA7,0xDF,0xFF,0xFF,
    0xFF,0xFF,0xFF,0xFF,0xFF,0xFF,0xFF,0xFF,0xFF,0x8F,0xF7,0x3F,0x8F,0x77,0x97,0x37,
    0x7F,0x3F,0x77,0x73,0x3B,0x39,0x8F,0x31,0xFD,0xFB,0xF7,0xC0,0x1F,0x7F,0xFF,0xFF,
    0xFF,0xFF,0xFF,0xFF,0xFF,0xFF,0xFF,0xFF,0x87,0xB7,0xB7,0xCF,0xFF,0xFF,0xFF,0xFF,
    0xFF,0xFF,0xFF,0xFF,0xFF,0xFF,0xFF,0x00,0xFF,0xFF,0x8F,0xB7,0xB7,0xCF,0xFF,0xFF,
    0xFF,0xFF,0xFF,0xFF,0xFF,0xFF,0xFF,0xFF,0xFF,0xCF,0xB7,0xB7,0x87,0xFF,0xFF,0xFF,
    0xFF,0xFF,0xFF,0xE8,0x2C,0xF6,0xFB,0xFF,0xFF,0xFD,0xFE,0xFE,0xFF,0xFF,0xDF,0xCC,
    0xF9,0xE3,0xE7,0xF3,0xF8,0xFF,0xEF,0xE7,0x9F,0xB7,0xB7,0x8F,0xFF,0xFF,0xFF,0xFF,
    0xFF,0xFF,0xFF,0xFF,0xFF,0xFF,0xFF,0xCF,0xB7,0xB7,0xA7,0xFF,0xFF,0xFF,0xFF,0x00,
    0xFF,0xFF,0xFF,0xFF,0xFF,0xFF,0xFF,0xFF,0xFF,0xFF,0x87,0xB7,0xA7,0xEF,0xFF,0xFF,
    0xFF,0xFF,0xFF,0xFF,0xFF,0xFF,0xFF,0xFF,0xFF,0xC7,0xB7,0xB7,0xFC,0xFF,0x01,0xFB,
    0xF7,0xF7,0xF3,0xF7,0xF3,0xF9,0xFC,0xFB,0xFF,0xF9,0xFB,0xFD,0xFC,0x70,0xAF,0xCF,
    0xD3,0xDB,0xD9,0xFD,0xFD,0xFD,0xFD,0xFD,0xF9,0xFB,0xF3,0xE7,0xEF,0xDF,0xBF,0x7F,
    0xFF,0xFF,0xFF,0xFF,0xFF,0xFF,0xFF,0x00,0xFF,0xFF,0xC7,0xB7,0xB7,0xC7,0xFF,0xFF,
    0xFF,0xFF,0xFF,0xFF,0xFF,0xFF,0xFF,0xFF,0xFF,0xCF,0xB7,0xBF,0xC7,0xFF,0xFF,0xFF,
    0xFF,0xFF,0xFF,0x7F,0x03,0xF8,0xF6,0xFF,0x0F,0xF3,0xFD,0xFF,0xFF,0xFF,0xFF,0xFF,
    0xFF,0xFF,0xFF,0xF7,0xE0,0xEF,0xEF,0xEF,0xEF,0x1F,0xFF,0xFF,0xFF,0xFF,0xFF,0xFF,
    0xFF,0xFF,0xFF,0xFF,0xFF,0xFF,0xFF,0xFC,0x01,0xFF,0x97,0xEF,0xFF,0xFF,0xFF,0x00,
    0xFF,0xFF,0xFF,0xFF,0xFF,0xFF,0xFF,0xFF,0xFF,0xFF,0xC7,0xBF,0xD7,0xEF,0xFF,0xFF,
    0xFF,0xFF,0xFF,0xFF,0xFF,0xFF,0xFF,0xFF,0xFF,0xC7,0xBF,0xF8,0xE0,0xDF,0xBF,0xBF,
    0xB8,0xA7,0x2F,0xDF,0xDF,0x1F,0xFF,0xFF,0xFF,0xFF,0xFF,0xFF,0x3F,0x8F,0xC3,0xF9,
    0xFE,0xFE,0xFE,0xF9,0xE7,0xCF,0xDF,0x9F,0x9F,0x9F,0x9F,0xDF,0xCF,0xEF,0xE7,0xF3,
    0xFC,0xFF,0xFF,0xFF,0xFF,0xFF,0xFF,0x00,0xFF,0xFF,0xC7,0xFB,0xD3,0xC7,0xFF,0xFF,
    0xFF,0xFF,0xFF,0xFF,0xFF,0xFF,0xFF,0xFF,0xFF,0xC7,0xDB,0xFB,0xC7,0xFF,0xFF,0xFF,
    0xFF,0xFF,0xFF,0xFF,0xFF,0xFF,0xFF,0xFF,0xFF,0xF0,0xF6,0xF7,0xF3,0xE6,0xEF,0xE7,
    0xF7,0xF3,0xF9,0xFC,0xFF,0xFF,0xFF,0xFF,0xC7,0xDB,0xDB,0xC7,0xFF,0xFF,0xFF,0xFF,
    0xFF,0xFF,0xFF,0xFF,0xFF,0xFF,0xFF,0xEF,0xD3,0xFB,0xC3,0xEF,0xFF,0xFF,0xFF,0x00,
  },
  {
    0xFF,0xFF,0xFF,0xFF,0xFF,0xFF,0xFF,0xFF,0xFF,0xCF,0xB7,0xF7,0xEF,0xFF,0xFF,0xFF,
    0xFF,0xFF,0xFF,0x7F,0xFF,0xFF,0xFF,0xFF,0xFF,0xFF,0x7F,0xBF,0xDF,0xFF,0xFF,0xFF,
    0xFF,0xFF,0xFF,0xFF,0xFF,0xFF,0xFF,0xFF,0xFF,0xFF,0xB7,0x8F,0xFF,0xFF,0xFF,0xFF,
    0xFF,0xFF,0xFF,0xFF,0x7F,0x7F,0x7F,0xBF,0xF7,0xF7,0x8F,0xFF,0xFF,0xFF,0xFF,0xFF,
    0xFF,0xFF,0xFF,0xFF,0xFF,0xFF,0xFF,0x00,0xFF,0xFF,0xFF,0xFF,0xA7,0xDF,0xFF,0xFF,
    0xFF,0xFF,0xFF,0xFF,0xFF,0xFF,0xFF,0xFF,0xFF,0xFF,0xFF,0xFE,0xFC,0xF2,0xEE,0xD5,
    0xAD,0x4D,0xD9,0x9B,0xBB,0xF3,0x17,0xD7,0xF7,0xF7,0xF7,0xFB,0xFB,0xFB,0xF7,0xF7,
    0xE7,0xEF,0xF7,0x97,0x97,0x9B,0x9B,0xD9,0x4D,0xAD,0xB6,0xCE,0xE7,0xF1,0xFE,0xFF,
    0xFF,0xFF,0xFF,0xFF,0xFF,0xFF,0xFF,0xEF,0xB7,0xB7,0xCF,0xFF,0xFF,0xFF,0xFF,0x00,
    0xFF,0xFF,0xFF,0xFF,0xFF,0xFF,0xFF,0xFF,0xFF,0xCF,0xBF,0xB7,0xC7,0xFF,0xFF,0xFF,
    0xFF,0xFF,0xFF,0xFF,0xFF,0xFF,0xFF,0xFF,0xFF,0x0F,0xE6,0xF2,0x72,0x3B,0x8E,0xB9,
    0x73,0x75,0x7F,0xFF,0x1F,0x7F,0x37,0x3B,0xBB,0xBB,0x37,0x1B,0xF9,0xFA,0xFA,0xF7,
    0x67,0x1F,0xFF,0xFF,0xFF,0xFF,0xFF,0xCF,0xD7,0xB7,0xDF,0xFF,0xFF,0xFF,0xFF,0xFF,
    0xFF,0xFF,0xFF,0xFF,0xFF,0xFF,0xFF,0x00,0xFF,0xFF,0xFF,0xFF,0x97,0xEF,0xFF,0xFF,
    0xFF,0xFF,0xFF,0xFF,0xFF,0xFF,0xFF,0xFF,0xFF,0xFF,0xFF,0xFF,0xFF,0xFF,0xFF,0xFF,
    0xFF,0xFE,0xC4,0x99,0xEE,0xFB,0xF9,0xFD,0xFF,0xFF,0xFC,0xFE,0xFE,0xFF,0xFF,0xFF,
    0xFF,0xFD,0x33,0xFF,0xFC,0x79,0xE7,0x83,0xDC,0xFF,0xFF,0xFF,0xFF,0xFF,0xFF,0xFF,
    0xFF,0xFF,0xFF,0xFF,0xFF,0xFF,0xFF,0xE7,0x93,0xBF,0xDF,0xFF,0xFF,0xFF,0xFF,0x00,
    0xFF,0xFF,0xFF,0xFF,0xFF,0xFF,0xFF,0xFF,0xFF,0xEF,0xD3,0xFB,0xF7,0xFF,0xFF,0xFF,
    0xFF,0xFF,0xFF,0xFF,0xFF,0xFF,0xFF,0xFF,0xEF,0xDF,0xDF,0xEE,0xF9,0x1F,0x80,0xF9,
    0xF3,0xF3,0xF7,0xF7,0xF7,0xF1,0xFC,0xFF,0xF9,0xF9,0xFA,0xF9,0xFD,0xFC,0xF3,0xC7,
    0x37,0xF3,0xF3,0xFB,0x73,0x73,0xF3,0xF7,0xF7,0xE7,0xEF,0xDF,0x9F,0x7F,0xFF,0xFF,
    0xFF,0xFF,0xFF,0xFF,0xFF,0xFF,0xFF,0x00,0xFF,0xFF,0xFB,0xFB,0xFB,0xFF,0xFF,0xFF,
    0xFF,0xFF,0xFF,0xFF,0xFF,0xFF,0xFF,0xFF,0xFF,0xFF,0xFF,0xFB,0xE7,0xFF,0xFF,0xFF,
    0xFF,0xFF,0x1F,0x03,0xF8,0xFE,0xFF,0xCF,0xBF,0xFF,0xFF,0x3F,0xCF,0xF7,0xFB,0xFF,
    0xFF,0xFF,0xFF,0xFF,0xFF,0xFF,0xFF,0xFF,0xFF,0xF0,0x0F,0xFF,0xE1,0xFD,0xFE,0xFE,
    0xFD,0xFB,0xFF,0xFF,0xFF,0xFE,0xFC,0x03,0x1F,0xFF,0xFF,0xFF,0xFF,0xFF,0xFF,0x00,
    0xFF,0xFF,0xFF,0xFF,0xFF,0xFF,0xFF,0xFF,0xFF,0xE7,0xDB,0xDF,0xEF,0xFF,0xFF,0xFF,
    0xFF,0xFF,0xFF,0xFF,0xFF,0xFF,0xFF,0xFF,0xFF,0xFF,0xFE,0xF0,0xEF,0xDF,0xDF,0xBF,
    0x3F,0xFF,0xFF,0xFF,0xFF,0xFF,0x0F,0xEF,0x5F,0x9F,0xFF,0xFF,0xFF,0xFF,0x7F,0x3F,
    0xC3,0xFC,0xFE,0xF9,0xE7,0xCF,0x9F,0xBF,0xBF,0xBF,0x3F,0xBF,0xBF,0x9F,0xCF,0xF0,
    0xFC,0xFF,0xFF,0xFF,0xFF,0xFF,0xFF,0x00,0xFF,0xFF,0xFF,0xFF,0xFF,0xFF,0xFF,0xFF,
    0xFF,0xFF,0xFF,0xFF,0xFF,0xFF,0xFF,0xFF,0xFF,0xFF,0xFF,0xFF,0xFF,0xFF,0xFF,0xFF,
    0xFF,0xFF,0xFF,0xFF,0xFF,0xFF,0xFF,0xFF,0xFF,0xE0,0xEF,0xE7,0xEF,0xE7,0xF0,0xFF,
    0xF0,0xF7,0xE3,0xF7,0xF7,0xF9,0xFE,0xFF,0xFF,0xFF,0xFF,0xFF,0xFF,0xFF,0xFF,0xFF,
    0xFF,0xFF,0xFF,0xFF,0xFF,0xFF,0xFF,0xFF,0xF9,0xFD,0xFF,0xFF,0xFF,0xFF,0xFF,0x00,
  },
};
#endif /* IMG2C_EEVEE2 */

#endif /* EEVEE2_H */
