/* 自动生成 by img2c
 * 尺寸: 55 x 64
 * 帧数: 168
 * 帧率: 25 fps
 * 格式: vertical_lsb
 * 单帧字节数: 440
 * 总字节数: 73920
 */
#ifndef EEVEE1_H
#define EEVEE1_H

#include <stdint.h>

#define IMG2C_EEVEE1                   1	// 是否编译
#if IMG2C_EEVEE1

#define EEVEE1_WIDTH                  55	// 图像宽度(像素)
#define EEVEE1_HEIGHT                 64	// 图像高度(像素)
#define EEVEE1_FRAME_SIZE            440	// 单帧字节数
#define EEVEE1_FRAME_COUNT           168	// 帧数
#define EEVEE1_TOTAL_SIZE          73920	// 总字节数
#define EEVEE1_FPS                    25	// 播放帧率(fps)
#define EEVEE1_FRAME_MS               40	// 单帧间隔(毫秒)

static const uint8_t Eevee1_data[EEVEE1_FRAME_COUNT][EEVEE1_FRAME_SIZE] = {
  {
    0x1F,0x1F,0x9F,0xCF,0xCF,0xCF,0xCF,0x8F,0xEF,0xFF,0xFF,0x7F,0xFF,0x3F,0xBF,0xFF,
    0xFF,0xFF,0xFF,0xFF,0xFF,0xFF,0xFF,0xFF,0xFF,0xFF,0xFF,0xFF,0xFF,0xFF,0xFF,0xFF,
    0xFF,0xFF,0x7F,0x9F,0xFF,0x2F,0xFF,0xFF,0xFF,0xFF,0xFF,0xFF,0x07,0x87,0x86,0x86,
    0xCE,0xDC,0xFC,0xFE,0xFF,0xFF,0xFF,0xE6,0xE6,0xE7,0xE7,0xC7,0xC7,0xCF,0xCF,0xDF,
    0xFF,0xFC,0xFC,0xFF,0xF8,0x83,0x0F,0x5E,0xBF,0x7F,0x77,0xEF,0xEF,0xDF,0x9F,0xDF,
    0xDF,0xDF,0xDF,0xCF,0xCF,0xC7,0xFB,0x7E,0x3E,0x9F,0xE7,0x03,0xC0,0xFF,0xFF,0xFF,
    0xFF,0xFF,0xFF,0xF0,0xF1,0xF7,0x3F,0x3F,0x0F,0x0F,0x9F,0x9F,0xDF,0xFF,0xFF,0x7F,
    0x7F,0x1F,0x9F,0xBF,0xBF,0x3F,0x3F,0x3F,0x3F,0x3F,0x3F,0x3F,0x3F,0x3F,0x3E,0x39,
    0x03,0xFE,0xFF,0x87,0x83,0x9F,0xC3,0xFF,0x7F,0x7F,0xFF,0xFF,0x97,0x1F,0x0F,0xFE,
    0x01,0xFC,0xFF,0xFF,0xFF,0xFF,0xFF,0xFF,0xFF,0xFF,0xFF,0xFF,0xFF,0xFF,0xFF,0xFF,
    0xFF,0xFF,0xFE,0xFF,0xFD,0xF8,0xFB,0xFF,0xF3,0xF3,0xF7,0xFF,0xDF,0xDF,0x9F,0x9F,
    0x1E,0x1F,0x9F,0xBF,0xBE,0x3E,0xEE,0xFE,0x7C,0x3D,0x3F,0x3B,0xFB,0xFB,0xFB,0xF3,
    0xF3,0xF7,0xFF,0xFF,0x1F,0x1B,0x11,0xF0,0xF7,0xBF,0x7F,0xBF,0xFF,0xFF,0xFF,0xFF,
    0xFF,0xFF,0xFF,0xFF,0xFF,0xFF,0xFF,0xFF,0xFF,0xFF,0xFF,0xFF,0x1F,0x1F,0x0F,0x0F,
    0x1F,0x3F,0x3F,0x3F,0x3F,0x7F,0xFF,0xFF,0x7F,0x7F,0xFF,0xFF,0xDF,0xC1,0xDC,0x3E,
    0xBE,0xBC,0xBC,0xC3,0xF7,0xE7,0xEF,0xDF,0xDF,0x87,0xEF,0xFF,0xCF,0xFB,0xF7,0xC7,
    0x9F,0xBB,0x38,0x7F,0xFF,0xFF,0xFF,0xFF,0xFF,0xFF,0xFF,0xFF,0xFB,0xFB,0xFF,0xFF,
    0xEF,0xEF,0xEF,0xFC,0xFC,0xFC,0xFE,0xFF,0xFF,0xFE,0xFE,0xFE,0xFF,0xFE,0xFC,0xF8,
    0xFC,0xF9,0xF3,0xFF,0x7F,0x97,0xF0,0xFF,0xFF,0xFF,0xFF,0xFF,0xFF,0xFF,0xFF,0xFF,
    0xFF,0xFF,0xFF,0xFF,0xFF,0xFF,0xFF,0xFF,0xFF,0xBF,0xDF,0xEC,0xF3,0xF7,0xB7,0x87,
    0xCF,0xCF,0x8F,0x8F,0x9F,0x9F,0x9F,0x9F,0xBF,0xFF,0x87,0x8F,0x9F,0x9B,0x9F,0x9F,
    0x9F,0x9F,0x9F,0x9F,0x9F,0x9F,0x9F,0x9F,0xFF,0xFF,0xC1,0xBE,0x7F,0xFF,0xFF,0xFF,
    0xF7,0xFF,0xFF,0xFF,0xFF,0xFF,0xFF,0xFF,0x7F,0x3F,0xBF,0xDF,0x5F,0x5F,0xEF,0xEC,
    0xEF,0xEF,0xEF,0xF7,0xF3,0xD9,0xDE,0xE7,0xEF,0xFF,0xEF,0xEF,0xFF,0xF7,0xF7,0xF7,
    0xF7,0xE3,0xE3,0xE3,0xE7,0xE7,0xE7,0xE7,0xE3,0xE3,0xF3,0xE3,0xF3,0xF3,0xF7,0xF3,
    0xB3,0xB7,0xB7,0xB6,0xB6,0xB5,0xFD,0xD1,0xC3,0x9F,0x9D,0xBF,0xBF,0xDF,0xC7,0xD8,
    0xDF,0x9F,0xC1,0x97,0x9F,0xDF,0x9F,0x9F,0xAF,0xEF,0xB7,0xF7,0xF3,0xF1,0xF3,0xF3,
    0xF3,0xF1,0xF3,0xF3,0xF1,0xF6,0xF0,0xF1,
  },
  {
    0x1F,0x1F,0x9F,0xCF,0xCF,0xCF,0xCF,0x8F,0xEF,0xFF,0xFF,0x7F,0xFF,0x3F,0xBF,0xFF,
    0xFF,0xFF,0xFF,0xFF,0xFF,0xFF,0xFF,0xFF,0xFF,0xFF,0xFF,0xFF,0xFF,0xFF,0xFF,0xFF,
    0xFF,0xFF,0x7F,0x9F,0xFF,0x2F,0xFF,0xFF,0xFF,0xFF,0xFF,0xFF,0x07,0x87,0x86,0x86,
    0xCE,0xDC,0xFC,0xFE,0xFF,0xFF,0xFF,0xE6,0xE6,0xE7,0xE7,0xC7,0xC7,0xCF,0xCF,0xDF,
    0xFF,0xFC,0xFC,0xFF,0xF8,0x83,0x0F,0x5E,0xBF,0x7F,0x77,0xEF,0xEF,0xDF,0x9F,0xDF,
    0xDF,0xDF,0xDF,0xCF,0xCF,0xC7,0xFB,0x7E,0x3E,0x9F,0xE7,0x03,0xC0,0xFF,0xFF,0xFF,
    0xFF,0xFF,0xFF,0xF0,0xF1,0xF7,0x3F,0x3F,0x0F,0x0F,0x9F,0x9F,0xDF,0xFF,0xFF,0x7F,
    0x7F,0x1F,0x9F,0xBF,0xBF,0x3F,0x3F,0x3F,0x3F,0x3F,0x3F,0x3F,0x3F,0x3F,0x3E,0x39,
    0x03,0xFE,0xFF,0x87,0x83,0x9F,0xC3,0xDF,0x7F,0x7F,0xFF,0xFF,0x97,0x1F,0x0F,0xFE,
    0x01,0xFC,0xFF,0xFF,0xFF,0xFF,0xFF,0xFF,0xFF,0xFF,0xFF,0xFF,0xFF,0xFF,0xFF,0xFF,
    0xFF,0xFF,0xFE,0xFF,0xFD,0xF8,0xFB,0xFF,0xF3,0xF3,0xF7,0xFF,0xDF,0xDF,0x9F,0x9F,
    0x1E,0x1F,0x9F,0xBF,0xBE,0x3E,0xEE,0xFE,0x7C,0x3D,0x3F,0x3B,0xFB,0xFB,0xFB,0xF3,
    0xF7,0xF7,0xFF,0xFF,0x1F,0x1B,0x11,0xF0,0xF7,0xBF,0x7F,0xBF,0xFF,0xFF,0xFF,0xFF,
    0xFF,0xFF,0xFF,0xFF,0xFF,0xFF,0xFF,0xFF,0xFF,0xFF,0xFF,0xFF,0x1F,0x1F,0x0F,0x0F,
    0x1F,0x3F,0x3F,0x3F,0x3F,0x7F,0xFF,0xFF,0x7F,0x7F,0xFF,0xFF,0xDF,0xC1,0xDC,0x3E,
    0xBE,0xBC,0xBC,0xC3,0xF7,0xE7,0xEF,0xDF,0xDF,0x87,0xEF,0xFF,0xCF,0xFB,0xF7,0xC7,
    0x9F,0xBB,0x38,0x7F,0xFF,0xFF,0xFF,0xFF,0xFF,0xFF,0xFF,0xFF,0xFB,0xFB,0xFF,0xFF,
    0xEF,0xEF,0xEF,0xFC,0xFC,0xFC,0xFE,0xFF,0xFF,0xFE,0xFE,0xFE,0xFF,0xFE,0xFC,0xF8,
    0xFC,0xF9,0xF3,0xFF,0x7F,0x97,0xF0,0xFF,0xFF,0xFF,0xFF,0xFF,0xFF,0xFF,0xFF,0xFF,
    0xFF,0xFF,0xFF,0xFF,0xFF,0xFF,0xFF,0xFF,0xFF,0xBF,0xDF,0xEC,0xF3,0xF7,0xB7,0x87,
    0xCF,0xCF,0x8F,0x8F,0x9F,0x9F,0x9F,0x9F,0xBF,0xFF,0x87,0x8F,0x9F,0x9B,0x9F,0x9F,
    0x9F,0x9F,0x9F,0x9F,0x9F,0x9F,0x9F,0x9F,0xFF,0xFF,0xC1,0xBE,0x7F,0xFF,0xFF,0xFF,
    0xF7,0xFF,0xFF,0xFF,0xFF,0xFF,0xFF,0xFF,0x7F,0x3F,0xBF,0xDF,0x5F,0x5F,0xEF,0xEC,
    0xEF,0xEF,0xEF,0xF7,0xF3,0xD9,0xDE,0xE7,0xEF,0xFF,0xEF,0xEF,0xFF,0xF7,0xF7,0xF7,
    0xF7,0xE3,0xE3,0xE3,0xE7,0xE7,0xE7,0xE7,0xE3,0xE3,0xF3,0xE3,0xF3,0xF3,0xF7,0xF3,
    0xB3,0xB7,0xB7,0xB6,0xB6,0xB5,0xFD,0xD1,0xC3,0x9F,0x9D,0xBF,0xBF,0xDF,0xC7,0xD8,
    0xDF,0x9F,0xC1,0x97,0x9F,0xDF,0x9F,0x9F,0xAF,0xEF,0xB7,0xF7,0xF3,0xF1,0xF3,0xF3,
    0xF3,0xF1,0xF3,0xF3,0xF1,0xF6,0xF0,0xF1,
  },
  {
    0x1F,0x1F,0x9F,0xDF,0xCF,0xCF,0xCF,0x8F,0x0F,0xFF,0xBF,0xBF,0xFF,0x7F,0x7F,0xFF,
    0xFF,0xFF,0xFF,0xFF,0xFF,0xFF,0xFF,0xFF,0xFF,0xFF,0xFF,0xFF,0xFF,0xFF,0xFF,0xFF,
    0x7F,0xBF,0xDF,0xEF,0x77,0xBB,0xFF,0xFF,0xFF,0xFF,0xFF,0xFF,0x07,0x87,0x86,0x87,
    0xCE,0xDC,0xFC,0xFF,0xFF,0xFF,0xFF,0xE6,0xE6,0xE7,0xE7,0xC7,0xC7,0xCF,0xCF,0xDF,
    0xFC,0xFF,0xED,0xD9,0xF3,0xB3,0x3F,0x76,0x76,0x2F,0xDD,0xFF,0xFB,0xFB,0xFB,0xFB,
    0xFB,0xF3,0xFB,0xFB,0xF3,0xE9,0xDE,0xCF,0x17,0x7B,0x1D,0xCE,0xFB,0xFF,0xFF,0xFF,
    0xFF,0xFF,0xFF,0xF0,0xF1,0xF7,0xFF,0x3F,0x0F,0x0F,0x9F,0xDF,0xDF,0xFF,0xFF,0x7F,
    0x7F,0x1F,0x9F,0xBF,0xBF,0x3F,0x3F,0x3F,0x3F,0x3F,0x3F,0x1F,0x1F,0x9F,0x9E,0x80,
    0x8F,0xBF,0x7F,0x7D,0xF9,0xFB,0xFB,0xFB,0xEF,0xDF,0xFF,0xEF,0xCF,0xDF,0xFF,0x01,
    0xFC,0xFC,0xFF,0xFF,0xFF,0xFF,0xFF,0xFF,0xFF,0xFF,0xFF,0xFF,0xFF,0xFF,0xFF,0xFF,
    0xFF,0xFF,0xFF,0xFF,0xFF,0xF8,0xFB,0xFF,0xFF,0xF3,0xE7,0xFF,0xFF,0xDF,0xDF,0xFF,
    0xFE,0xBF,0x1F,0x3E,0x7E,0xFF,0x7F,0xFF,0xFF,0x7F,0xFF,0xFE,0xFE,0xFE,0xFE,0xFE,
    0xFE,0xFD,0xFD,0xFD,0xBC,0x60,0x83,0x9F,0xBF,0x7F,0xFF,0xFF,0xFF,0xFF,0xFF,0xFF,
    0xFF,0xFF,0xFF,0xFF,0xFF,0xFF,0xFF,0xFF,0xFF,0xFF,0xFF,0xFF,0x1F,0x1F,0x0F,0x0F,
    0x1F,0x3F,0x3F,0x0F,0x2F,0x77,0x7B,0x7D,0x7E,0xBF,0xBF,0xFF,0xDD,0x8E,0xFC,0xE7,
    0xF8,0xF9,0xF3,0xF7,0xF7,0xE3,0xBF,0xDF,0xEF,0xF7,0xF8,0xFB,0xF3,0xCF,0xCF,0x9F,
    0x9F,0x5E,0x4E,0xCD,0xC1,0xE3,0xFF,0xFF,0xFF,0xFF,0xFF,0xFF,0xFB,0xFB,0xFF,0xFF,
    0xEF,0xEF,0xFF,0xFC,0xFC,0xFC,0xFE,0xFF,0xFF,0xFE,0xFE,0xFF,0xFF,0xFF,0xFE,0xFF,
    0xFF,0xFF,0x4F,0xE1,0xFF,0xFF,0xFF,0xFF,0xFF,0xFF,0xFF,0xFF,0xFF,0xFF,0xFF,0xFF,
    0xFF,0xFF,0xFF,0xFF,0xFF,0xFF,0xFF,0xFF,0xFF,0xFE,0xF1,0x07,0x7F,0xFF,0xFF,0xFF,
    0x9F,0x8F,0x8F,0x8F,0x9F,0x9F,0x9F,0x9F,0xBF,0xFF,0x8F,0x8F,0x9F,0x9F,0x9F,0x9F,
    0x9F,0x9F,0x9F,0x9F,0x9F,0x9F,0x9F,0xDF,0xFF,0xFC,0xC3,0x9F,0x3F,0x7F,0xFF,0xFF,
    0xFF,0xFF,0xFF,0xFF,0xFF,0xFF,0xDF,0xF7,0xFF,0xF7,0xE7,0xEF,0xDF,0xFF,0xBF,0x77,
    0xFF,0xFF,0xFB,0xF0,0xEF,0x9F,0x3F,0xFF,0xFF,0xFF,0xFF,0xFF,0xFF,0xF7,0xF7,0xF7,
    0xF7,0xE3,0xE3,0xE3,0xE7,0xE7,0xE7,0xE7,0xE3,0xE3,0xF3,0xF3,0xF3,0xF7,0xF7,0xF3,
    0xB3,0xB7,0xB3,0xB7,0xB7,0xB6,0xFE,0xF2,0x83,0x9F,0x9F,0xBF,0x9F,0xC1,0xB3,0xBF,
    0xBC,0xB3,0xB7,0xBF,0xBF,0xBF,0xBF,0xBE,0xBD,0xF9,0xBB,0xFB,0xF9,0xF0,0xF7,0xF3,
    0xF3,0xF3,0xF3,0xF3,0xF1,0xF6,0xF0,0xF1,
  },
  {
    0x1F,0x1F,0x9F,0xDF,0xCF,0xCF,0xCF,0x8F,0x0F,0xFF,0xBF,0xBF,0xFF,0x7F,0x7F,0xFF,
    0xFF,0xFF,0xFF,0xFF,0xFF,0xFF,0xFF,0xFF,0xFF,0xFF,0xFF,0xFF,0xFF,0xFF,0xFF,0xFF,
    0x7F,0xBF,0xDF,0xEF,0x77,0xBB,0xFF,0xFF,0xFF,0xFF,0xFF,0xFF,0x07,0x87,0x86,0x87,
    0xCE,0xDC,0xFC,0xFE,0xFF,0xFF,0xFF,0xE6,0xE6,0xE7,0xE7,0xC7,0xC7,0xCF,0xCF,0xDF,
    0xFC,0xFF,0xED,0xD9,0xF3,0xB3,0x3F,0x76,0x76,0x2F,0xDD,0xFF,0xFB,0xFB,0xFB,0xFB,
    0xFB,0xF3,0xFB,0xFB,0xF3,0xE9,0xDE,0xCF,0x17,0x7B,0x1D,0xCE,0xFB,0xFF,0xFF,0xFF,
    0xFF,0xFF,0xFF,0xF0,0xF1,0xF7,0xFF,0x3F,0x0F,0x0F,0x9F,0xDF,0xDF,0xFF,0xFF,0x7F,
    0x7F,0x1F,0x9F,0xBF,0xBF,0x3F,0x3F,0x3F,0x3F,0x3F,0x3F,0x1F,0x1F,0x9F,0x9E,0x80,
    0x8F,0xBF,0x7F,0x7D,0xF9,0xFB,0xFB,0xFB,0xEF,0xDF,0xFF,0xEF,0xCF,0xDF,0xFF,0x01,
    0xFC,0xFC,0xFF,0xFF,0xFF,0xFF,0xFF,0xFF,0xFF,0xFF,0xFF,0xFF,0xFF,0xFF,0xFF,0xFF,
    0xFF,0xFF,0xFF,0xFF,0xFF,0xF8,0xFB,0xFF,0xFF,0xF3,0xF7,0xFF,0xFF,0xDF,0xDF,0xFF,
    0xFE,0xBF,0x1F,0x3E,0x7E,0xFF,0x7F,0xFF,0xFF,0xFF,0xFF,0xFE,0xFE,0xFE,0xFE,0xFE,
    0xFE,0xFD,0xFD,0xFD,0xBC,0x60,0x83,0x9F,0xBF,0x7F,0xFF,0xFF,0xFF,0xFF,0xFF,0xFF,
    0xFF,0xFF,0xFF,0xFF,0xFF,0xFF,0xFF,0xFF,0xFF,0xFF,0xFF,0xFF,0x1F,0x1F,0x0F,0x0F,
    0x1F,0x3F,0x3F,0x0F,0x2F,0x77,0x7B,0x7D,0x7E,0xBF,0xFF,0xFF,0xDD,0x8E,0xFC,0xE7,
    0xF8,0xF9,0xF3,0xF7,0xE7,0xE3,0xBF,0xDF,0xEF,0xF7,0xF8,0xFB,0xF3,0xCF,0xCF,0x9F,
    0x9F,0x5E,0x4E,0xCD,0xC1,0xE3,0xFF,0xFF,0xFF,0xFF,0xFF,0xFF,0xFB,0xFB,0xFF,0xFF,
    0xEF,0xEF,0xFF,0xFC,0xFC,0xFC,0xFF,0xFF,0xFF,0xFE,0xFE,0xFF,0xFF,0xFF,0xFE,0xFF,
    0xFF,0xFF,0x4F,0xE1,0xFF,0xFF,0xFF,0xFF,0xFF,0xFF,0xFF,0xFF,0xFF,0xFF,0xFF,0xFF,
    0xFF,0xFF,0xFF,0xFF,0xFF,0xFF,0xFF,0xFF,0xFF,0xFE,0xF1,0x07,0x7F,0xFF,0xFF,0xFF,
    0x9F,0x8F,0x8F,0x8F,0x9F,0x9F,0x9F,0xDF,0xBF,0xFF,0x8F,0x8F,0x9F,0x9F,0x9F,0x9F,
    0x9F,0x9F,0x9F,0x9F,0x9F,0x9F,0x9F,0xDF,0xFF,0xFC,0xC3,0x9F,0x3F,0x7F,0xFF,0xFF,
    0xFF,0xFF,0xFF,0xFF,0xFF,0xFF,0xDF,0xF7,0xFF,0xF7,0xE7,0xEF,0xDF,0xFF,0xBF,0x77,
    0xFF,0xFF,0xFB,0xF0,0xEF,0x9F,0x3F,0xFF,0xFF,0xFF,0xFF,0xFF,0xFF,0xFF,0xF7,0xF7,
    0xF7,0xE3,0xE3,0xE3,0xE7,0xE7,0xE7,0xE7,0xE3,0xE3,0xE3,0xE3,0xF3,0xF7,0xF7,0xF3,
    0xB3,0xB7,0xB3,0xB7,0xB7,0xB6,0xFE,0xF2,0x83,0x8F,0x9F,0xBF,0x9F,0xC1,0xB3,0xBF,
    0xBC,0xB3,0xB7,0xBF,0xBF,0xBF,0xBF,0xBE,0xBD,0xF9,0xBB,0xFB,0xF9,0xF0,0xF3,0xF3,
    0xF3,0xF3,0xF3,0xF3,0xF1,0xF6,0xF0,0xF1,
  },
  {
    0x1F,0x1F,0x9F,0xDF,0xCF,0xCF,0xDF,0x9F,0x0F,0xFF,0xBF,0xBF,0xFF,0x7F,0x7F,0xFF,
    0xFF,0xFF,0xFF,0xFF,0xFF,0xFF,0xFF,0xFF,0xFF,0xFF,0xFF,0xFF,0xFF,0xFF,0xFF,0xFF,
    0x7F,0xBF,0xDF,0xEF,0x77,0xBB,0xFF,0xFF,0xFF,0xFF,0xFF,0xFF,0x27,0x87,0x86,0x87,
    0xCE,0xDC,0xFC,0xFF,0xFF,0xFF,0xFF,0xE6,0xE6,0xE7,0xE7,0xC7,0xC7,0xCF,0xCF,0xFF,
    0xFC,0xFF,0xED,0xDF,0xF3,0xB3,0x3F,0x76,0x76,0x2F,0xDD,0xFF,0xFB,0xFB,0xFB,0xFB,
    0xFB,0xF3,0xFB,0xFB,0xF3,0xE9,0xDE,0xCF,0x17,0x7B,0x1D,0xCE,0xFB,0xFF,0xFF,0xFF,
    0xFF,0xFF,0xFF,0xF0,0xF1,0xF7,0xFF,0x3F,0x0F,0x0F,0x9F,0xDF,0xDF,0xFF,0x7F,0x7F,
    0x7F,0x1F,0xBF,0xBF,0xBF,0x3F,0x3F,0x3F,0x3F,0x3F,0x3F,0x3F,0x1F,0x9F,0x9E,0x80,
    0x8F,0xBF,0x7F,0x7D,0xF9,0xFB,0xFB,0xFB,0xFF,0xDF,0xFF,0xEF,0xCF,0xDF,0xFF,0x01,
    0xFC,0xFC,0xFF,0xFF,0xFF,0xFF,0xFF,0xFF,0xFF,0xFF,0xFF,0xFF,0xFF,0xFF,0xFF,0xFF,
    0xFF,0xFF,0xFF,0xFF,0xFF,0xF8,0xFF,0xFF,0xFF,0xF3,0xF7,0xFF,0xFF,0xDF,0xDF,0xFF,
    0xFF,0xBF,0x1F,0x3E,0x7E,0xFF,0x7F,0xFF,0xFF,0xFF,0xFF,0xFE,0xFE,0xFE,0xFE,0xFE,
    0xFE,0xFD,0xFD,0xFD,0xBC,0x60,0x83,0x9F,0xBF,0x7F,0xFF,0xFF,0xFF,0xFF,0xFF,0xFF,
    0xFF,0xFF,0xFF,0xFF,0xFF,0xFF,0xFF,0xFF,0xFF,0xFF,0xFF,0xFF,0x1F,0x1F,0x0F,0x0F,
    0x1F,0x3F,0x3F,0x0F,0x2F,0x77,0x7B,0x7D,0x7E,0xBF,0xFF,0xFF,0xDD,0x8E,0xFC,0xE7,
    0xF8,0xF9,0xF7,0xF7,0xF7,0xE3,0xBF,0xDF,0xEF,0xF7,0xF8,0xFB,0xF3,0xEF,0xCF,0x9F,
    0x9F,0x5E,0x4E,0xCD,0xC1,0xE3,0xFF,0xFF,0xFF,0xFF,0xFF,0xFF,0xFF,0xFB,0xFF,0xFF,
    0xEF,0xEF,0xFF,0xFC,0xFC,0xFD,0xFF,0xFF,0xFF,0xFE,0xFE,0xFF,0xFF,0xFF,0xFE,0xFF,
    0xFF,0xFF,0xCF,0xE1,0xFF,0xFF,0xFF,0xFF,0xFF,0xFF,0xFF,0xFF,0xFF,0xFF,0xFF,0xFF,
    0xFF,0xFF,0xFF,0xFF,0xFF,0xFF,0xFF,0xFF,0xFF,0xFE,0xF1,0x07,0x7F,0xFF,0xFF,0xFF,
    0xDF,0x8F,0x8F,0x8F,0x9F,0x9F,0x9F,0xDF,0xBF,0xFF,0x8F,0x8F,0x9F,0x9F,0x9F,0x9F,
    0x9F,0x9F,0x9F,0x9F,0x9F,0x9F,0x9F,0xDF,0xFF,0xFC,0xC3,0x9F,0x3F,0x7F,0xFF,0xFF,
    0xFF,0xFF,0xFF,0xFF,0xFF,0xFF,0xDF,0xF7,0xFF,0xF7,0xE7,0xEF,0xDF,0xFF,0xBF,0x77,
    0xFF,0xFF,0xFB,0xF0,0xEF,0x9F,0x3F,0xFF,0xFF,0xFF,0xFF,0xFF,0xFF,0xFF,0xF7,0xF7,
    0xF7,0xE3,0xE3,0xE3,0xE7,0xE7,0xE7,0xE7,0xE7,0xE3,0xE3,0xF3,0xF3,0xF7,0xF7,0xF3,
    0xB3,0xB7,0xB7,0xB7,0xB7,0xB6,0xFE,0xF2,0x83,0x9F,0x9F,0xBF,0x9F,0xC1,0xB3,0xBF,
    0xBC,0xB3,0xB7,0xBF,0xBF,0xBF,0xBF,0xBE,0xBD,0xF9,0xFB,0xFB,0xF9,0xF0,0xF3,0xF3,
    0xF3,0xF3,0xF3,0xF3,0xF1,0xF6,0xF0,0xF1,
  },
  {
    0x1F,0x1F,0x9F,0xCF,0xCF,0xCF,0xCF,0x8F,0x2F,0xFF,0xFF,0x7F,0x7F,0xFF,0xFF,0xFF,
    0xFF,0xFF,0xFF,0xFF,0xFF,0xFF,0xFF,0xFF,0xFF,0xFF,0xFF,0xFF,0xFF,0xFF,0xFF,0xFF,
    0xFF,0x9F,0xDF,0xEF,0x77,0x1B,0xFF,0xFF,0xFF,0xFF,0xFF,0xFF,0x07,0x87,0x86,0x86,
    0xCE,0xDC,0xFC,0xFE,0xFF,0xFF,0xFF,0xE6,0xE6,0xE7,0xE7,0xC7,0xC7,0xCF,0xCF,0xFD,
    0xFF,0xED,0xD9,0xFF,0xF3,0xA3,0x3E,0x3E,0x76,0x6F,0xED,0xFD,0xFD,0xF9,0xFB,0xFB,
    0xF9,0xFB,0xFB,0xFB,0xFB,0xF9,0xEF,0xEF,0x47,0x3B,0x14,0xE4,0xFD,0xFF,0xFF,0xFF,
    0xFF,0xFF,0xFF,0xF0,0xF1,0xF7,0xBF,0x3F,0x0F,0x0F,0x9F,0x9F,0xDF,0xFF,0x7F,0x7F,
    0x7F,0x1F,0x9F,0xBF,0xBF,0x3F,0x3F,0x3F,0x3F,0x3F,0x3F,0x1F,0x1F,0x0F,0x6E,0xC0,
    0x8F,0xBF,0xBF,0x7D,0x79,0x79,0x79,0x6F,0xEF,0xDF,0xFF,0xE7,0xEF,0xCF,0xFF,0x01,
    0xFC,0xFE,0xFF,0xFF,0xFF,0xFF,0xFF,0xFF,0xFF,0xFF,0xFF,0xFF,0xFF,0xFF,0xFF,0xFF,
    0xFF,0xFF,0xFE,0xFF,0xFD,0xF8,0xFB,0xFF,0xF3,0xF3,0xF7,0xFF,0xFF,0xDF,0xDF,0xFF,
    0xFE,0x7F,0x1F,0x1E,0xFE,0x1F,0xFF,0xFF,0xFF,0x7F,0xFF,0xFF,0xFE,0xFE,0xFE,0xFE,
    0xFE,0xFC,0xFC,0xFC,0xBC,0x60,0xC0,0x9F,0x3F,0x7F,0xFF,0xFF,0xFF,0xFF,0xFF,0xFF,
    0xFF,0xFF,0xFF,0xFF,0xFF,0xFF,0xFF,0xFF,0xFF,0xFF,0xFF,0xFF,0x1F,0x1F,0x0F,0x0F,
    0x1F,0x3F,0x1F,0x3F,0x77,0x3B,0x79,0x7C,0x3E,0xBF,0xBF,0xFE,0xDC,0x8F,0xFF,0xF0,
    0xFC,0xFD,0xFB,0xFB,0xFA,0xF1,0xF3,0xF7,0xFF,0xCB,0xFC,0xF9,0xF3,0xEE,0xCF,0xDF,
    0x9F,0x1E,0x5D,0xDB,0xE3,0xFF,0xFF,0xFF,0xFF,0xFF,0xFF,0xFF,0xFB,0xFB,0xFF,0xFF,
    0xEF,0xEF,0xEF,0xFC,0xFC,0xFC,0xFF,0xFF,0xFF,0xFE,0xFE,0xFF,0xFF,0xFF,0xFE,0xFF,
    0xFF,0xFF,0xCF,0xE1,0xFF,0xFF,0xFF,0xFF,0xFF,0xFF,0xFF,0xFF,0xFF,0xFF,0xFF,0xFF,
    0xFF,0xFF,0xFF,0xFF,0xFF,0xFF,0xFF,0xFF,0xFF,0xFE,0xF0,0x83,0x7F,0xFF,0xFF,0xFF,
    0x9F,0x8F,0x8F,0x8F,0x9F,0x9F,0x9F,0x9F,0xBF,0xFF,0x87,0x8F,0x9F,0x9B,0x9F,0x9F,
    0x9F,0x9F,0x9F,0x9F,0x9F,0x9F,0x9F,0xDF,0xFF,0xFC,0xC1,0x9F,0xBF,0x7F,0x7F,0xFF,
    0xFF,0xFF,0xFF,0xFF,0xFF,0xFF,0xFF,0x67,0xF7,0xF7,0xF7,0xE7,0xCF,0xDF,0xBF,0x7F,
    0x7F,0xFF,0xF9,0xF3,0xEF,0xDF,0x3F,0xFF,0xFF,0xFF,0xEF,0xEF,0xFF,0xFF,0xF7,0xF7,
    0xF7,0xE3,0xE3,0xE3,0xE7,0xE7,0xE7,0xE7,0xE3,0xF3,0xF3,0xF3,0xF3,0xF3,0xF7,0xF3,
    0xB3,0xB3,0xB7,0xB3,0xB7,0xB6,0xF6,0xF0,0x83,0x8F,0x9F,0xBF,0x9F,0xC3,0xB0,0xBF,
    0xBF,0xBF,0xBF,0xBF,0xBF,0xBF,0xBF,0xBE,0xBC,0xFD,0xB9,0xFB,0xF9,0xF0,0xF3,0xF3,
    0xF3,0xF3,0xF3,0xF3,0xF1,0xF6,0xF0,0xF1,
  },
  {
    0x1F,0x1F,0x9F,0xCF,0xCF,0xCF,0xCF,0x8F,0x2F,0xFF,0xFF,0x7F,0x7F,0xFF,0xFF,0xFF,
    0xFF,0xFF,0xFF,0xFF,0xFF,0xFF,0xFF,0xFF,0xFF,0xFF,0xFF,0xFF,0xFF,0xFF,0xFF,0xFF,
    0xBF,0x9F,0xDF,0xEF,0x77,0x1B,0xFF,0xFF,0xFF,0xFF,0xFF,0xFF,0x07,0x87,0x86,0x86,
    0xCE,0xDC,0xFC,0xFE,0xFF,0xFF,0xFF,0xE6,0xE6,0xE7,0xE7,0xC7,0xC7,0xCF,0xCF,0xFD,
    0xFF,0xED,0xD9,0xFF,0xF3,0xA3,0x3E,0x3E,0x76,0x2F,0xED,0xFD,0xFD,0xF9,0xFB,0xF9,
    0xF9,0xFB,0xFB,0xFB,0xFB,0xF9,0xEF,0xEF,0x47,0x3B,0x10,0xE4,0xFD,0xFF,0xFF,0xFF,
    0xFF,0xFF,0xFF,0xF0,0xF1,0xF7,0x3F,0x3F,0x0F,0x0F,0x9F,0x9F,0xDF,0xFF,0x7F,0x7F,
    0x7F,0x1F,0x9F,0xBF,0xBF,0x3F,0x3F,0x3F,0x3F,0x3F,0x3F,0x1F,0x1F,0x0F,0x6E,0xC0,
    0x8F,0xBF,0xBF,0x7D,0x79,0x79,0x79,0x6F,0xEF,0xDF,0xFF,0xE7,0xEF,0xCF,0x7F,0x01,
    0xFC,0xFE,0xFF,0xFF,0xFF,0xFF,0xFF,0xFF,0xFF,0xFF,0xFF,0xFF,0xFF,0xFF,0xFF,0xFF,
    0xFF,0xFF,0xFE,0xFF,0xFD,0xF8,0xFB,0xFF,0xF3,0xF3,0xF7,0xFF,0xFF,0xDF,0xDF,0xFF,
    0xFE,0x7F,0x1F,0x1E,0xFE,0x1F,0xFF,0xFF,0xFF,0x5F,0xFF,0xFF,0xFE,0xFE,0xFE,0xFE,
    0xFE,0xFC,0xFC,0xFC,0xBC,0x60,0xC0,0x9F,0x3F,0x7F,0xFF,0xFF,0xFF,0xFF,0xFF,0xFF,
    0xFF,0xFF,0xFF,0xFF,0xFF,0xFF,0xFF,0xFF,0xFF,0xFF,0xFF,0xFF,0x1F,0x1F,0x0F,0x1F,
    0x1F,0x3F,0x1F,0x3F,0x37,0x3B,0x7D,0x7C,0x3E,0xBF,0xFF,0xFE,0xDC,0x8F,0xFF,0xF0,
    0xFC,0xFD,0xFB,0xFB,0xFA,0xF9,0xF3,0xF7,0xFF,0xCB,0xFC,0xF9,0xF3,0xEE,0xCF,0xDF,
    0x9F,0x9E,0x5D,0xDB,0xE3,0xFF,0xFF,0xFF,0xFF,0xFF,0xFF,0xFF,0xFB,0xFB,0xFF,0xFF,
    0xEF,0xEF,0xEF,0xFC,0xFC,0xFD,0xFF,0xFF,0xFF,0xFE,0xFE,0xFF,0xFF,0xFF,0xFE,0xFF,
    0xFF,0xFF,0xCF,0xE1,0xFF,0xFF,0xFF,0xFF,0xFF,0xFF,0xFF,0xFF,0xFF,0xFF,0xFF,0xFF,
    0xFF,0xFF,0xFF,0xFF,0xFF,0xFF,0xFF,0xFF,0xFF,0xFE,0xF0,0x83,0x7F,0xFF,0xFF,0xFF,
    0x9F,0x8F,0x8F,0x8F,0x9F,0x9F,0x9F,0x9F,0xBF,0xFF,0x87,0x8F,0x9F,0x9B,0x9F,0x9F,
    0x9F,0x9F,0x9F,0x9F,0x9F,0x9F,0x9F,0xDF,0xFF,0xFC,0xC1,0x9F,0x3F,0x7F,0x7F,0xFF,
    0xFF,0xFF,0xFF,0xFF,0xFF,0xFF,0xFF,0x67,0xF7,0xF7,0xF7,0xE7,0xCF,0xDF,0xBF,0x7F,
    0x7F,0xFF,0xF9,0xF3,0xEF,0xDF,0x3F,0xFF,0xFF,0xFF,0xEF,0xEF,0xFF,0xFF,0xF7,0xF7,
    0xF7,0xE3,0xE3,0xE3,0xE7,0xE7,0xE7,0xE7,0xE3,0xE3,0xF3,0xE3,0xF3,0xF3,0xF7,0xF3,
    0xB3,0xB3,0xB7,0xB3,0xB7,0xB6,0xF6,0xF0,0x83,0x8F,0x9F,0xBF,0x9F,0xC3,0xB8,0xBF,
    0xBF,0xBF,0xBF,0xBF,0xBF,0xBF,0xBF,0xBE,0xBC,0xFD,0xB9,0xFB,0xF9,0xF0,0xF3,0xF3,
    0xF3,0xF3,0xF3,0xF3,0xF1,0xF6,0xF0,0xF1,
  },
  {
    0x1F,0x1F,0x9F,0xCF,0xCF,0xCF,0xCF,0x8F,0x2F,0xFF,0xFF,0x7F,0x7F,0xFF,0xFF,0xFF,
    0xFF,0xFF,0xFF,0xFF,0xFF,0xFF,0xFF,0xFF,0xFF,0xFF,0xFF,0xFF,0xFF,0xFF,0xFF,0xFF,
    0xBF,0x9F,0xDF,0xEF,0x77,0x1B,0xFF,0xFF,0xFF,0xFF,0xFF,0xFF,0x07,0x87,0x86,0x86,
    0xCE,0xDC,0xFC,0xFE,0xFF,0xFF,0xFF,0xE6,0xE6,0xE7,0xE7,0xC7,0xC7,0xCF,0xCF,0xFD,
    0xFF,0xED,0xD9,0xFF,0xF3,0xA3,0x3E,0x3E,0x76,0x2F,0xED,0xFD,0xFD,0xF9,0xFB,0xF9,
    0xF9,0xFB,0xFB,0xFB,0xFB,0xF9,0xEF,0xEF,0x47,0x3B,0x10,0xE4,0xFD,0xFF,0xFF,0xFF,
    0xFF,0xFF,0xFF,0xF0,0xF1,0xF7,0x3F,0x3F,0x0F,0x0F,0x9F,0x9F,0xDF,0xFF,0x7F,0x7F,
    0x7F,0x1F,0x9F,0xBF,0xBF,0x3F,0x3F,0x3F,0x3F,0x3F,0x3F,0x1F,0x1F,0x0F,0x6E,0xC0,
    0x8F,0xBF,0xBF,0x7D,0x79,0x79,0x79,0x6F,0xEF,0xDF,0xFF,0xE7,0xEF,0xCF,0x7F,0x01,
    0xFC,0xFE,0xFF,0xFF,0xFF,0xFF,0xFF,0xFF,0xFF,0xFF,0xFF,0xFF,0xFF,0xFF,0xFF,0xFF,
    0xFF,0xFF,0xFE,0xFF,0xFD,0xF8,0xFB,0xFF,0xF3,0xF3,0xF7,0xFF,0xFF,0xDF,0xDF,0xFF,
    0xFE,0x3F,0x1F,0x1E,0xFE,0x1F,0xFF,0xFF,0xFF,0x5F,0xFF,0xFF,0xFE,0xFE,0xFE,0xFE,
    0xFE,0xFC,0xFC,0xFC,0xBC,0x60,0xC0,0x9F,0x3F,0x7F,0xFF,0xFF,0xFF,0xFF,0xFF,0xFF,
    0xFF,0xFF,0xFF,0xFF,0xFF,0xFF,0xFF,0xFF,0xFF,0xFF,0xFF,0xFF,0x1F,0x1F,0x0F,0x1F,
    0x1F,0x3F,0x1F,0x3F,0x37,0x3B,0x7D,0x7C,0x3E,0xBF,0xFF,0xFE,0xDC,0x8F,0xFF,0xF0,
    0xFC,0xFD,0xFB,0xFB,0xFA,0xF9,0xF3,0xF7,0xFF,0xCB,0xFC,0xF9,0xF3,0xEE,0xCF,0xDF,
    0x9F,0x9E,0x5D,0xDB,0xE3,0xFF,0xFF,0xFF,0xFF,0xFF,0xFF,0xFF,0xFB,0xFB,0xFF,0xFF,
    0xEF,0xEF,0xEF,0xFC,0xFC,0xFD,0xFF,0xFF,0xFF,0xFE,0xFE,0xFF,0xFF,0xFF,0xFE,0xFF,
    0xFF,0xFF,0xCF,0xE1,0xFF,0xFF,0xFF,0xFF,0xFF,0xFF,0xFF,0xFF,0xFF,0xFF,0xFF,0xFF,
    0xFF,0xFF,0xFF,0xFF,0xFF,0xFF,0xFF,0xFF,0xFF,0xFE,0xF0,0x83,0x7F,0xFF,0xFF,0xFF,
    0x9F,0x8F,0x8F,0x8F,0x9F,0x9F,0x9F,0x9F,0xBF,0xFF,0x87,0x8F,0x9F,0x9B,0x9F,0x9F,
    0x9F,0x9F,0x9F,0x9F,0x9F,0x9F,0x9F,0xDF,0xFF,0xFC,0xC1,0x9F,0x3F,0x7F,0x7F,0xFF,
    0xFF,0xFF,0xFF,0xFF,0xFF,0xFF,0xFF,0x67,0xF7,0xF7,0xF7,0xE7,0xCF,0xDF,0xBF,0x3F,
    0x7F,0xFF,0xF9,0xF3,0xEF,0xDF,0x3F,0xFF,0xFF,0xFF,0xEF,0xEF,0xFF,0xFF,0xF7,0xF7,
    0xF7,0xE3,0xE3,0xE3,0xE7,0xE7,0xE7,0xE7,0xE3,0xE3,0xF3,0xE3,0xF3,0xF3,0xF7,0xF3,
    0xB3,0xB3,0xB7,0xB3,0xB7,0xB6,0xF6,0xF0,0x83,0x8F,0x9F,0xBF,0x9F,0xC3,0xB8,0xBF,
    0xBF,0xBF,0xBF,0xBF,0xBF,0xBF,0xBF,0xBE,0xBE,0xFD,0xB9,0xFB,0xF9,0xF0,0xF3,0xF3,
    0xF3,0xF3,0xF3,0xF3,0xF1,0xF6,0xF0,0xF1,
  },
  {
    0x1F,0x1F,0x9F,0xCF,0xCF,0xCF,0xCF,0x8F,0xFF,0x4F,0xCF,0xFF,0xDF,0xFF,0xBF,0xFF,
    0x7F,0xFF,0xFF,0xFF,0xFF,0xFF,0xFF,0xFF,0xFF,0xFF,0xFF,0xFF,0xFF,0xFF,0xFF,0x7F,
    0xBF,0xDF,0xEF,0xFF,0xFB,0xFF,0xFF,0xFF,0xFF,0xFF,0xFF,0xFF,0x07,0x87,0x86,0x87,
    0xCE,0xDC,0xFC,0xFE,0xFF,0xFF,0xFF,0xE6,0xE6,0xE7,0xE7,0xC7,0xC7,0xCF,0xCF,0xDF,
    0xFE,0xF8,0xEF,0xDD,0xB1,0x33,0x33,0xF7,0xFE,0x2E,0x9D,0xFD,0xFB,0xFF,0xE7,0xE7,
    0xE7,0xE7,0xE7,0xF7,0xE7,0xF9,0xBE,0xBF,0x37,0x3D,0x98,0xF8,0xFF,0xFF,0xFF,0xFF,
    0xFF,0xFF,0xFF,0xF0,0xF1,0xF7,0xFF,0x3F,0x0F,0x0F,0x9F,0xDF,0xDF,0xFF,0x7F,0x7F,
    0x7F,0x1F,0x9F,0xBF,0xBF,0x3F,0x3F,0x3F,0x3F,0x3F,0xBF,0x3F,0x3F,0x1E,0xDC,0x81,
    0x7F,0xFF,0xFF,0xF3,0xF7,0xF7,0xF7,0xFF,0xBF,0xFF,0xFF,0xCF,0x9F,0xBF,0xFF,0x20,
    0xFC,0xFE,0xFF,0xFF,0xFF,0xFF,0xFF,0xFF,0xFF,0xFF,0xFF,0xFF,0xFF,0xFF,0xFF,0xFF,
    0xFF,0xFF,0xFF,0xFF,0xFF,0xF8,0xFB,0xFF,0xFF,0xF3,0xE7,0xFF,0xFF,0xDF,0xDF,0x9F,
    0x3F,0x1F,0xFF,0x7A,0xFC,0xFE,0xFF,0xFF,0xFF,0xFE,0xFD,0xFD,0xFD,0xFD,0xFD,0xFD,
    0xFD,0xFB,0xFB,0xFF,0xF5,0x31,0x70,0x77,0xFF,0xEF,0xFF,0xFF,0x7F,0xFF,0xFF,0xFF,
    0xFF,0xFF,0xFF,0xFF,0xFF,0xFF,0xFF,0xFF,0xFF,0xFF,0xFF,0xFF,0x1F,0x1F,0x0F,0x0F,
    0x1F,0x3F,0x3F,0x3F,0x3F,0xFF,0xF1,0x7E,0x7D,0xFC,0xF8,0xFC,0x7D,0x6B,0xF7,0xED,
    0xF1,0xF3,0xF7,0xE3,0xE7,0xDF,0xFF,0xFF,0xA7,0xF0,0xF3,0xE6,0xCC,0xFF,0xFC,0xDF,
    0xCF,0xB0,0x7F,0xFF,0x7E,0x81,0xFF,0xFF,0xFF,0xFF,0xFF,0xFF,0xFB,0xFB,0xFF,0xFF,
    0xEF,0xEF,0xFF,0xFC,0xFC,0xFC,0xFE,0xFF,0xFF,0xFE,0xFE,0xFF,0xFF,0xFF,0xFE,0xFE,
    0xFE,0xFE,0x0F,0xF1,0xFF,0xFF,0xFF,0xFF,0xFF,0xFF,0xFF,0xFF,0xFF,0xFF,0xFF,0xFF,
    0xFF,0xFF,0xFF,0xFF,0xFF,0xFF,0xFF,0xFF,0xFF,0xFE,0x00,0xFE,0xFF,0xFF,0xFF,0xFF,
    0x9F,0x8F,0x8F,0x8F,0x9F,0x9F,0x9F,0xDF,0xBF,0xFF,0x8F,0x8F,0x9F,0x9F,0x9F,0x9F,
    0x9F,0x9F,0x9F,0x9F,0x9F,0x9F,0x9F,0xDF,0xFF,0xE0,0x9F,0x7F,0xFF,0xFF,0xFF,0xFF,
    0xFF,0xFF,0xFF,0xFF,0xFF,0xFF,0xF7,0xC7,0xE7,0xD7,0x7F,0xFF,0xFF,0xFF,0xF3,0x03,
    0xFC,0xFE,0xFF,0xFF,0xF9,0xF9,0xDB,0xDF,0xEF,0xFF,0xEF,0xEF,0xFF,0xFF,0xF7,0xF7,
    0xF7,0xE3,0xE3,0xE3,0xE7,0xE7,0xE7,0xE7,0xE3,0xF3,0xF3,0xE3,0xF3,0xF7,0xF7,0xF3,
    0xB3,0xB7,0xB7,0xB6,0xB6,0xBF,0xFD,0xF5,0x81,0x9C,0x9E,0xBF,0x9F,0x87,0xB0,0xBF,
    0xBF,0xBF,0xBE,0xBE,0xBC,0xBE,0xBF,0xBF,0xBF,0xFB,0xBB,0xF7,0xF7,0xF3,0xF3,0xF3,
    0xF3,0xF1,0xF3,0xF3,0xF1,0xF6,0xF0,0xF1,
  },
  {
    0x1F,0x1F,0x9F,0xCF,0xCF,0xCF,0xCF,0x8F,0xFF,0x4F,0xCF,0xFF,0xDF,0xFF,0xBF,0xFF,
    0x7F,0xFF,0xFF,0xFF,0xFF,0xFF,0xFF,0xFF,0xFF,0xFF,0xFF,0xFF,0xFF,0xFF,0xFF,0xFF,
    0xBF,0xDF,0xEF,0xFF,0xFB,0xFF,0xFF,0xFF,0xFF,0xFF,0xFF,0xFF,0x07,0x87,0x86,0x87,
    0xCE,0xDC,0xFC,0xFE,0xFF,0xFF,0xFF,0xE6,0xE6,0xE7,0xE7,0xC7,0xC7,0xCF,0xCF,0xDF,
    0xFE,0xF8,0xEF,0xDD,0xB1,0x33,0x33,0xF7,0xFE,0x2E,0x9D,0xFD,0xFB,0xFF,0xE7,0xE7,
    0xE7,0xE7,0xE7,0xF7,0xE7,0xF9,0xBE,0xBF,0x37,0x3D,0x9C,0xF8,0xFF,0xFF,0xFF,0xFF,
    0xFF,0xFF,0xFF,0xF0,0xF1,0xF7,0xFF,0x3F,0x0F,0x0F,0x9F,0xDF,0xDF,0xFF,0x7F,0x7F,
    0x7F,0x1F,0x9F,0xBF,0xBF,0x3F,0x3F,0x3F,0x3F,0x3F,0xBF,0x3F,0x3F,0x1E,0xDC,0x81,
    0x7F,0xFF,0xFF,0xF3,0xF7,0xF7,0xF7,0xFF,0xBF,0xFF,0xFF,0xCF,0x9F,0xBF,0xFF,0x20,
    0xFC,0xFE,0xFF,0xFF,0xFF,0xFF,0xFF,0xFF,0xFF,0xFF,0xFF,0xFF,0xFF,0xFF,0xFF,0xFF,
    0xFF,0xFF,0xFF,0xFF,0xFF,0xF8,0xFB,0xFF,0xFF,0xF3,0xE7,0xFF,0xFF,0xDF,0xDF,0x9F,
    0x3F,0x1F,0xFF,0x7A,0xFC,0xFE,0xFF,0xFF,0xFF,0xFE,0xFD,0xFD,0xFD,0xFD,0xFD,0xFD,
    0xFD,0xFB,0xFB,0xFF,0xF5,0x31,0x70,0x77,0xFF,0xEF,0xFF,0xFF,0x7F,0xFF,0xFF,0xFF,
    0xFF,0xFF,0xFF,0xFF,0xFF,0xFF,0xFF,0xFF,0xFF,0xFF,0xFF,0xFF,0x1F,0x1F,0x0F,0x0F,
    0x1F,0x3F,0x3F,0x3F,0x3F,0xFF,0xF1,0x7E,0x7D,0xFC,0xF8,0xFC,0x7D,0x6B,0xF7,0xED,
    0xF1,0xF3,0xF7,0xE3,0xE7,0xDF,0xFF,0xFF,0xE7,0xF0,0xF3,0xE6,0xCC,0xFF,0xFC,0xDF,
    0xCF,0xB0,0x7F,0xFF,0x7E,0x81,0xFF,0xFF,0xFF,0xFF,0xFF,0xFF,0xFB,0xFB,0xFF,0xFF,
    0xEF,0xEF,0xFF,0xFC,0xFC,0xFC,0xFE,0xFF,0xFF,0xFE,0xFE,0xFF,0xFF,0xFE,0xFE,0xFE,
    0xFE,0xFE,0x0F,0xF1,0xFF,0xFF,0xFF,0xFF,0xFF,0xFF,0xFF,0xFF,0xFF,0xFF,0xFF,0xFF,
    0xFF,0xFF,0xFF,0xFF,0xFF,0xFF,0xFF,0xFF,0xFF,0xFE,0x00,0xFE,0xFF,0xFF,0xFF,0xFF,
    0x9F,0x8F,0x8F,0x8F,0x9F,0x9F,0x9F,0xDF,0xBF,0xFF,0x8F,0x8F,0x9F,0x9F,0x9F,0x9F,
    0x9F,0x9F,0x9F,0x9F,0x9F,0x9F,0x9F,0xDF,0xFF,0xE0,0x9F,0x7F,0xFF,0xFF,0xFF,0xFF,
    0xFF,0xFF,0xFF,0xFF,0xFF,0xFF,0xF7,0xC7,0xE7,0xD7,0x7F,0xFF,0xFF,0xFF,0xF3,0x03,
    0xFC,0xFE,0xFF,0xFF,0xF9,0xF9,0xDB,0xDF,0xEF,0xFF,0xEF,0xEF,0xFF,0xFF,0xF7,0xF7,
    0xFF,0xE3,0xE3,0xE3,0xE7,0xE7,0xE7,0xE7,0xE3,0xF3,0xE3,0xE3,0xF3,0xF7,0xF7,0xF3,
    0xB3,0xB7,0xB7,0xB6,0xB6,0xB7,0xFD,0xF5,0x81,0x9C,0x9E,0xBF,0x9F,0xC7,0xB0,0xBF,
    0xBF,0xBF,0xBE,0xBE,0xBC,0xBE,0xBF,0xBF,0xBF,0xFB,0xBB,0xF7,0xFF,0xF3,0xF3,0xF3,
    0xF3,0xF1,0xF3,0xF3,0xF1,0xF6,0xF0,0xF1,
  },
  {
    0x1F,0x1F,0x9F,0xCF,0xCF,0xCF,0xCF,0x8F,0xFF,0xEF,0x9F,0xDF,0xBF,0xFF,0x7F,0xFF,
    0xFF,0xFF,0xFF,0xFF,0xFF,0xFF,0xFF,0xFF,0xFF,0xFF,0xFF,0xFF,0xFF,0xFF,0xFF,0xFF,
    0x7F,0xFF,0xEF,0xFF,0xEF,0xFF,0xFF,0xFF,0xFF,0xFF,0xFF,0xFF,0x07,0x87,0x86,0x86,
    0xCE,0xDC,0xFC,0xFE,0xFF,0xFF,0xFF,0xE6,0xE6,0xE7,0xE7,0xC7,0xC7,0xCF,0xCF,0xDF,
    0xFE,0xF8,0xEF,0xFB,0xF3,0x27,0x77,0xEE,0xEF,0x1D,0xBB,0xFB,0xF7,0xEF,0xE7,0xE7,
    0xEF,0xEF,0xEF,0xEF,0xCF,0xFB,0xBE,0x7F,0xB7,0x39,0x9E,0xEE,0xFF,0xFF,0xFF,0xFF,
    0xFF,0xFF,0xFF,0xF0,0xF1,0xF7,0x3F,0x3F,0x0F,0x0F,0x9F,0xDF,0xDF,0xFF,0x7F,0x7F,
    0x7F,0x1F,0x9F,0xBF,0xBF,0x3F,0x3F,0x3F,0x3F,0x3F,0x3F,0x3F,0x3E,0x1E,0x18,0x03,
    0x7F,0xFF,0xFF,0xE7,0xE7,0xE7,0xE7,0xBF,0xBF,0xFF,0xFF,0x9F,0xBF,0xBF,0xBE,0x70,
    0xFC,0xFD,0xFF,0xFF,0xFF,0xFF,0xFF,0xFF,0xFF,0xFF,0xFF,0xFF,0xFF,0xFF,0xFF,0xFF,
    0xFF,0xFF,0xFE,0xFF,0xFD,0xF8,0xFB,0xFF,0xF3,0xF3,0xF7,0xFF,0xDF,0xDF,0xDF,0x9F,
    0x3E,0x1F,0x7F,0xF6,0xFD,0xFF,0xFF,0xFF,0xFF,0xFE,0xFD,0xFD,0xFD,0xFD,0xFD,0xFD,
    0xFF,0xFB,0xBB,0xFB,0xFB,0x69,0x00,0xCF,0xBF,0xFF,0xDF,0xFF,0xBF,0xFF,0xFF,0xFF,
    0xFF,0xFF,0xFF,0xFF,0xFF,0xFF,0xFF,0xFF,0xFF,0xFF,0xFF,0xFF,0x1F,0x1F,0x0F,0x0F,
    0x1F,0x3F,0x3F,0x3F,0x3F,0xFF,0xD1,0x3E,0x7F,0x7E,0xFC,0xFC,0x7D,0x77,0xEF,0xF0,
    0xE3,0xE7,0xCF,0xCF,0xBF,0xFF,0x0F,0xFF,0xF7,0xF9,0xFB,0xE3,0xEC,0xEE,0xFE,0xCF,
    0xC7,0xB3,0x7F,0xFF,0xFF,0xFF,0xFE,0xF7,0x2F,0xFF,0xFF,0xFF,0xFF,0xFB,0xFF,0xFF,
    0xEF,0xEF,0xEF,0xFC,0xFC,0xFC,0xFE,0xFF,0xFF,0xFE,0xFE,0xFF,0xFF,0xFE,0xFE,0xFE,
    0xFE,0xFE,0x0F,0xE3,0xFF,0xFF,0xFF,0xFF,0xFF,0xFF,0xFF,0xFF,0xFF,0xFF,0xFF,0xFF,
    0xFF,0xFF,0xFF,0xFF,0xFF,0xFF,0xFF,0xFF,0xFF,0xFF,0x00,0x7F,0xBF,0xDF,0xEF,0xF8,
    0xFF,0x8F,0x8F,0x8F,0x9F,0x9F,0x9F,0x9F,0xBF,0xFF,0x87,0x8F,0x9F,0x9B,0x9F,0x9F,
    0x9F,0x9F,0x9F,0x9F,0x9F,0x9F,0x9F,0xDF,0xFF,0xC0,0xBF,0x7F,0xFF,0xFF,0xFF,0xFF,
    0xFF,0xFF,0xFF,0xFF,0xFF,0xFF,0xF3,0xE3,0xE7,0xD7,0xBF,0x7F,0x7F,0x7F,0x03,0xF9,
    0xFC,0xFF,0xFF,0xFF,0xFB,0xF9,0xDB,0xDF,0xEF,0xFF,0xEF,0xEF,0xFF,0xFF,0xF7,0xF7,
    0xF7,0xE3,0xE3,0xE3,0xE7,0xE7,0xE7,0xE7,0xE3,0xE3,0xE3,0xE3,0xF3,0xF3,0xF7,0xF3,
    0xB3,0xB7,0xB7,0xB6,0xB5,0xB5,0xF5,0xF9,0x81,0x9D,0x9E,0xBF,0x9F,0x87,0xB1,0xBF,
    0xBF,0xBF,0xBF,0xBF,0xBF,0xB7,0xBF,0xBF,0xBB,0xFB,0xBB,0xF7,0xFF,0xF3,0xF3,0xF3,
    0xF3,0xF1,0xF3,0xF3,0xF1,0xF6,0xF0,0xF1,
  },
  {
    0x1F,0x1F,0x9F,0xCF,0xCF,0xCF,0xCF,0x8F,0xFF,0xEF,0xDF,0xDF,0xBF,0xFF,0x7F,0xFF,
    0xFF,0xFF,0xFF,0xFF,0xFF,0xFF,0xFF,0xFF,0xFF,0xFF,0xFF,0xFF,0xFF,0xFF,0xFF,0xFF,
    0x7F,0xFF,0xEF,0xFF,0xEF,0xFF,0xFF,0xFF,0xFF,0xFF,0xFF,0xFF,0x07,0x87,0x86,0x87,
    0xCE,0xDC,0xFC,0xFE,0xFF,0xFF,0xFF,0xE6,0xE6,0xE7,0xE7,0xC7,0xC7,0xCF,0xCF,0xDF,
    0xFE,0xF8,0xEF,0xFB,0xF3,0x27,0x77,0xEE,0xEF,0x1D,0xBB,0xFB,0xF7,0xEF,0xE7,0xE7,
    0xEF,0xEF,0xEF,0xEF,0xCF,0xFB,0xBE,0x7F,0xB7,0x3D,0x9F,0xEF,0xFF,0xFF,0xFF,0xFF,
    0xFF,0xFF,0xFF,0xF0,0xF1,0xF7,0xFF,0x3F,0x0F,0x0F,0x9F,0xDF,0xDF,0xFF,0x7F,0x7F,
    0x7F,0x1F,0x9F,0xBF,0xBF,0x3F,0x3F,0x3F,0x3F,0x3F,0xBF,0x3F,0x3E,0x1E,0x18,0x03,
    0x7F,0xFF,0xFF,0xE7,0xE7,0xE7,0xE7,0xBF,0xBF,0xFF,0xFF,0x9F,0xBF,0xBF,0xBE,0x70,
    0xFC,0xFD,0xFF,0xFF,0xFF,0xFF,0xFF,0xFF,0xFF,0xFF,0xFF,0xFF,0xFF,0xFF,0xFF,0xFF,
    0xFF,0xFF,0xFF,0xFF,0xFF,0xF8,0xFB,0xFF,0xFF,0xF3,0xF7,0xFF,0xFF,0xDF,0xDF,0x9F,
    0x3F,0x1F,0x7F,0xF6,0xFD,0xFF,0xFF,0xFF,0xFF,0xFE,0xFD,0xFD,0xFD,0xFD,0xFD,0xFD,
    0xFF,0xFB,0xBB,0xFB,0xFB,0x69,0x02,0xCF,0xBF,0xFF,0xDF,0xFF,0xFF,0xFF,0xFF,0xFF,
    0xFF,0xFF,0xFF,0xFF,0xFF,0xFF,0xFF,0xFF,0xFF,0xFF,0xFF,0xFF,0x1F,0x1F,0x0F,0x0F,
    0x1F,0x3F,0x3F,0x3F,0x3F,0xFF,0xD1,0x3E,0x7F,0x7E,0xFC,0xFC,0x7D,0x77,0xEF,0xF0,
    0xF3,0xE7,0xCF,0xCF,0xBF,0xFF,0x0F,0xFF,0xFF,0xF9,0xFB,0xE3,0xEC,0xEE,0xFE,0xCF,
    0xC7,0xB3,0x7F,0xFF,0xFF,0xFF,0xFE,0xF7,0x2F,0xFF,0xFF,0xFF,0xFF,0xFB,0xFF,0xFF,
    0xEF,0xEF,0xFF,0xFC,0xFC,0xFC,0xFE,0xFF,0xFF,0xFE,0xFE,0xFF,0xFF,0xFE,0xFE,0xFE,
    0xFE,0xFE,0x0F,0xE3,0xFF,0xFF,0xFF,0xFF,0xFF,0xFF,0xFF,0xFF,0xFF,0xFF,0xFF,0xFF,
    0xFF,0xFF,0xFF,0xFF,0xFF,0xFF,0xFF,0xFF,0xFF,0xFF,0x00,0x7F,0xBF,0xDF,0xEF,0xF8,
    0xFF,0x8F,0x8F,0x8F,0x9F,0x9F,0x9F,0xDF,0xBF,0xFF,0x8F,0x8F,0x9F,0x9F,0x9F,0x9F,
    0x9F,0x9F,0x9F,0x9F,0x9F,0x9F,0x9F,0xDF,0xFF,0xC0,0xBF,0x7F,0xFF,0xFF,0xFF,0xFF,
    0xFF,0xFF,0xFF,0xFF,0xFF,0xFF,0xF3,0xE7,0xE7,0xD7,0xBF,0x7F,0x7F,0x7F,0x03,0xF9,
    0xFC,0xFF,0xFF,0xFF,0xFB,0xFB,0xDF,0xDF,0xEF,0xFF,0xEF,0xFF,0xFF,0xFF,0xF7,0xF7,
    0xFF,0xE3,0xE3,0xE3,0xE7,0xE7,0xE7,0xE7,0xE3,0xF3,0xE3,0xE3,0xF3,0xF7,0xF7,0xF3,
    0xB3,0xB7,0xB7,0xB6,0xB5,0xB5,0xFD,0xF9,0x81,0x9D,0x9E,0xBF,0x9F,0x8F,0xB1,0xBF,
    0xBF,0xBF,0xBF,0xBF,0xBF,0xBF,0xBF,0xBF,0xBB,0xFB,0xBB,0xF7,0xFF,0xF3,0xF3,0xF3,
    0xF3,0xF1,0xF3,0xF3,0xF1,0xF6,0xF0,0xF1,
  },
  {
    0x1F,0x1F,0x9F,0xCF,0xCF,0xCF,0xCF,0x8F,0xFF,0xEF,0xDF,0xDF,0xBF,0xFF,0x7F,0xFF,
    0xFF,0xFF,0xFF,0xFF,0xFF,0xFF,0xFF,0xFF,0xFF,0xFF,0xFF,0xFF,0xFF,0xFF,0xFF,0xFF,
    0x7F,0xFF,0xEF,0xFF,0xEF,0xFF,0xFF,0xFF,0xFF,0xFF,0xFF,0xFF,0x07,0x87,0x86,0x87,
    0xCE,0xDC,0xFC,0xFE,0xFF,0xFF,0xFF,0xE6,0xE6,0xE7,0xE7,0xC7,0xC7,0xCF,0xCF,0xDF,
    0xFE,0xF8,0xEF,0xFB,0xF3,0x27,0x77,0xFE,0xEF,0x1D,0xBB,0xFB,0xF7,0xEF,0xE7,0xE7,
    0xEF,0xEF,0xEF,0xEF,0xCF,0xFB,0xBE,0x7F,0xB7,0x3D,0x9F,0xEF,0xFF,0xFF,0xFF,0xFF,
    0xFF,0xFF,0xFF,0xF0,0xF1,0xF7,0xFF,0x3F,0x0F,0x0F,0x9F,0xDF,0xDF,0xFF,0x7F,0x7F,
    0x7F,0x1F,0x9F,0xBF,0xBF,0x3F,0x3F,0x3F,0x3F,0x3F,0xBF,0x3F,0x3E,0x1E,0x18,0x03,
    0x7F,0xFF,0xFF,0xE7,0xE7,0xE7,0xE7,0xBF,0xBF,0xFF,0xFF,0x9F,0xBF,0xBF,0xBE,0x70,
    0xF8,0xFD,0xFF,0xFF,0xFF,0xFF,0xFF,0xFF,0xFF,0xFF,0xFF,0xFF,0xFF,0xFF,0xFF,0xFF,
    0xFF,0xFF,0xFF,0xFF,0xFF,0xF8,0xFB,0xFF,0xFF,0xF3,0xF7,0xFF,0xFF,0xDF,0xDF,0x9F,
    0x3F,0x1F,0x7F,0xF6,0xFD,0xFF,0xFF,0xFF,0xFF,0xFE,0xFD,0xFD,0xFD,0xFD,0xFD,0xFD,
    0xFF,0xFB,0xBB,0xFB,0xFB,0x69,0x02,0xCF,0xBF,0xFF,0xDF,0xFF,0xBF,0xFF,0xFF,0xFF,
    0xFF,0xFF,0xFF,0xFF,0xFF,0xFF,0xFF,0xFF,0xFF,0xFF,0xFF,0xFF,0x1F,0x1F,0x0F,0x0F,
    0x1F,0x3F,0x3F,0x3F,0x3F,0xFF,0xD1,0x3E,0x7F,0x7E,0xFC,0xFC,0x7D,0x77,0xEF,0xF0,
    0xF3,0xE7,0xCF,0xCF,0xFF,0xFF,0x0F,0xFF,0xFF,0xF9,0xFB,0xE3,0xEC,0xFE,0xFE,0xCF,
    0xC7,0xB3,0x7F,0xFF,0xFF,0xFF,0xFF,0xF7,0x0F,0xFF,0xFF,0xFF,0xFF,0xFB,0xFF,0xFF,
    0xEF,0xEF,0xFF,0xFC,0xFC,0xFC,0xFE,0xFF,0xFF,0xFE,0xFE,0xFF,0xFF,0xFE,0xFE,0xFE,
    0xFE,0xFE,0x0F,0xE3,0xFF,0xFF,0xFF,0xFF,0xFF,0xFF,0xFF,0xFF,0xFF,0xFF,0xFF,0xFF,
    0xFF,0xFF,0xFF,0xFF,0xFF,0xFF,0xFF,0xFF,0xFF,0xFF,0x00,0x7F,0xBF,0xDF,0xEF,0xF8,
    0xFF,0x8F,0x8F,0x8F,0x9F,0x9F,0x9F,0xDF,0xBF,0xFF,0x8F,0x8F,0x9F,0x9F,0x9F,0x9F,
    0x9F,0x9F,0x9F,0x9F,0x9F,0x9F,0x9F,0xDF,0xFF,0xC0,0xBF,0x7F,0xFF,0xFF,0xFF,0xFF,
    0xFF,0xFF,0xFF,0xFF,0xFF,0xFF,0xF3,0xE7,0xE7,0xD7,0xBF,0x7F,0x7F,0x7F,0x03,0xF9,
    0xFC,0xFF,0xFF,0xFF,0xFB,0xFB,0xDF,0xDF,0xEF,0xFF,0xEF,0xFF,0xFF,0xFF,0xF7,0xF7,
    0xF7,0xE3,0xE3,0xE3,0xE7,0xE7,0xE7,0xE7,0xE3,0xE3,0xE3,0xE3,0xF3,0xF7,0xF7,0xF3,
    0xB3,0xB7,0xB7,0xB6,0xB5,0xB5,0xFD,0xF9,0x81,0x9D,0x9E,0xBF,0x9F,0xCF,0xB1,0xBF,
    0xBF,0xBF,0xBF,0xBF,0xBF,0xBF,0xBF,0xBF,0xBB,0xFB,0xBB,0xF7,0xFF,0xF3,0xF3,0xF3,
    0xF3,0xF1,0xF3,0xF3,0xF1,0xF6,0xF0,0xF1,
  },
  {
    0x1F,0x1F,0x9F,0xCF,0xCF,0xCF,0xCF,0x8F,0xCF,0xFF,0xFF,0xBF,0xFF,0xFF,0x7F,0xFF,
    0xFF,0xFF,0xFF,0xFF,0xFF,0xFF,0xFF,0xFF,0xFF,0xFF,0xFF,0xFF,0xFF,0xFF,0xFF,0xFF,
    0x7F,0xBF,0xDF,0xEF,0x77,0xBB,0xFF,0xFF,0xFF,0xFF,0xFF,0xFF,0x07,0x87,0x86,0x87,
    0xCE,0xDC,0xFC,0xFF,0xFF,0xFF,0xFF,0xE6,0xE6,0xE7,0xE7,0xC7,0xC7,0xCF,0xCF,0xDF,
    0xFD,0xFF,0xED,0xDF,0xF3,0xB3,0x3F,0x77,0x77,0x4F,0xED,0xFF,0xFF,0xFB,0xFB,0xFB,
    0xFB,0xF3,0xFB,0xFB,0xF3,0xE9,0xDE,0xCF,0x17,0x7B,0x15,0xCE,0xFA,0xFF,0xFF,0xFF,
    0xFF,0xFF,0xFF,0xF0,0xF1,0xF7,0xFF,0x3F,0x0F,0x0F,0x9F,0xDF,0xDF,0xFF,0x7F,0x7F,
    0x7F,0x1F,0x9F,0xBF,0xBF,0x3F,0x3F,0x3F,0x3F,0x3F,0x3F,0x1F,0x1F,0x9F,0x9E,0x80,
    0x8F,0xBF,0x7F,0x7D,0x79,0xFB,0xFB,0xFB,0xEF,0xDF,0xFF,0xEF,0xCF,0xDF,0xFF,0x01,
    0xFC,0xFC,0xFF,0xFF,0xFF,0xFF,0xFF,0xFF,0xFF,0xFF,0xFF,0xFF,0xFF,0xFF,0xFF,0xFF,
    0xFF,0xFF,0xFF,0xFF,0xFF,0xF8,0xFB,0xFF,0xFF,0xF3,0xE7,0xFF,0xFF,0xDF,0xDF,0xFF,
    0xFE,0x9F,0x1F,0x3E,0x7E,0xFF,0x7F,0xFF,0xFF,0xFF,0xFF,0xFE,0xFE,0xFE,0xFE,0xFE,
    0xFE,0xFD,0xFD,0xFD,0xBC,0x60,0x83,0x9F,0xBF,0x7F,0xFF,0xFF,0xFF,0xFF,0xFF,0xFF,
    0xFF,0xFF,0xFF,0xFF,0xFF,0xFF,0xFF,0xFF,0xFF,0xFF,0xFF,0xFF,0x1F,0x1F,0x0F,0x0F,
    0x1F,0x3F,0x3F,0x0F,0x2F,0x77,0x7B,0x7D,0x7E,0xFF,0xBF,0xFF,0x5D,0xAE,0xFC,0xE7,
    0xF8,0xF9,0xF7,0xF7,0xE7,0xE3,0xBF,0xDF,0xEF,0xF7,0xFC,0xF9,0xE3,0xCF,0xCF,0x9F,
    0xBF,0x7E,0xCC,0xCD,0xC1,0xE3,0xFF,0xFF,0xFF,0xFF,0xFF,0xFF,0xFB,0xFB,0xFF,0xFF,
    0xEF,0xEF,0xEF,0xFC,0xFC,0xFC,0xFF,0xFF,0xFF,0xFE,0xFE,0xFF,0xFF,0xFF,0xFE,0xE0,
    0xDF,0xBF,0x1F,0xE0,0xFF,0xFF,0xFF,0xFF,0xFF,0xFF,0xFF,0xFF,0xFF,0xFF,0xFF,0xFF,
    0xFF,0xFF,0xFF,0xFF,0xFF,0xFF,0xFF,0xFF,0xFF,0xFC,0xF1,0x07,0x7F,0xFF,0xFF,0xFF,
    0xDF,0x8F,0x8F,0x8F,0x9F,0x9F,0x9F,0xDF,0xBF,0xFF,0x8F,0x8F,0x9F,0x9F,0x9F,0x9F,
    0x9F,0x9F,0x9F,0x9F,0x9F,0x9F,0x9F,0xDF,0xFF,0xFC,0xC3,0x9F,0x3F,0x7F,0xFF,0xFF,
    0xFF,0xFF,0xFF,0xFF,0xFF,0xFF,0xFF,0x47,0xF7,0xF7,0xE7,0xEF,0xDF,0xBF,0x3F,0x77,
    0xFF,0xFF,0xFB,0xF0,0xEF,0x9F,0x3F,0xFF,0xEF,0xFF,0xFF,0xFF,0xFF,0xFF,0xF7,0xF7,
    0xF7,0xE3,0xE3,0xE3,0xE7,0xE7,0xE7,0xE7,0xE3,0xE3,0xF3,0xF3,0xF3,0xF7,0xF7,0xF3,
    0xB3,0xB7,0xB7,0xB7,0xB7,0xB6,0xFE,0xF0,0x83,0x8F,0x9F,0xBF,0x9F,0x83,0xB8,0xBF,
    0xBF,0xBF,0xBF,0xBF,0xBF,0xBF,0xBF,0xBE,0xBD,0xF9,0xFB,0xF3,0xF9,0xF0,0xF3,0xF3,
    0xF3,0xF3,0xF3,0xF3,0xF1,0xF6,0xF0,0xF1,
  },
  {
    0x1F,0x1F,0x9F,0xCF,0xCF,0xCF,0xCF,0x8F,0xCF,0xFF,0xFF,0xBF,0xFF,0xFF,0x7F,0xFF,
    0xFF,0xFF,0xFF,0xFF,0xFF,0xFF,0xFF,0xFF,0xFF,0xFF,0xFF,0xFF,0xFF,0xFF,0xFF,0xFF,
    0x7F,0xBF,0xDF,0xEF,0x77,0xBB,0xFF,0xFF,0xFF,0xFF,0xFF,0xFF,0x07,0x87,0x86,0x87,
    0xCE,0xDC,0xFC,0xFE,0xFF,0xFF,0xFF,0xE6,0xE6,0xE7,0xE7,0xC7,0xC7,0xCF,0xCF,0xDF,
    0xFD,0xFF,0xED,0xDF,0xF3,0xB3,0x3F,0x77,0x77,0x67,0xED,0xFF,0xFF,0xFB,0xFB,0xFB,
    0xFB,0xF3,0xFB,0xFB,0xF3,0xE9,0xDE,0xCF,0x17,0x7B,0x15,0xCE,0xFA,0xFF,0xFF,0xFF,
    0xFF,0xFF,0xFF,0xF0,0xF1,0xF7,0xFF,0x3F,0x0F,0x0F,0x9F,0xDF,0xDF,0xFF,0x7F,0x7F,
    0x7F,0x1F,0x9F,0xBF,0xBF,0x3F,0x3F,0x3F,0x3F,0x3F,0x3F,0x1F,0x1F,0x9F,0x9E,0x80,
    0x8F,0xBF,0x7F,0x7D,0x79,0x7B,0xFB,0xEB,0xEF,0xDF,0xFF,0xEF,0xCF,0xDF,0xFF,0x01,
    0xFC,0xFC,0xFF,0xFF,0xFF,0xFF,0xFF,0xFF,0xFF,0xFF,0xFF,0xFF,0xFF,0xFF,0xFF,0xFF,
    0xFF,0xFF,0xFF,0xFF,0xFF,0xF8,0xFB,0xFF,0xFF,0xF3,0xE7,0xFF,0xFF,0xDF,0xDF,0xFF,
    0xFE,0x9F,0x1F,0x3E,0x7E,0xFF,0x7F,0xFF,0xFF,0xFF,0xFF,0xFE,0xFE,0xFE,0xFE,0xFE,
    0xFE,0xFD,0xFD,0xFD,0xBC,0x60,0x83,0x9F,0xBF,0x7F,0xFF,0xFF,0xFF,0xFF,0xFF,0xFF,
    0xFF,0xFF,0xFF,0xFF,0xFF,0xFF,0xFF,0xFF,0xFF,0xFF,0xFF,0xFF,0x1F,0x1F,0x0F,0x0F,
    0x1F,0x3F,0x3F,0x0F,0x2F,0x77,0x7B,0x7D,0x7E,0xFF,0xBF,0xBF,0x5D,0xAE,0xFC,0xE7,
    0xF8,0xF9,0xF7,0xF7,0xE7,0xE3,0xBF,0xDF,0xEF,0xF7,0xFC,0xF9,0xE3,0xCF,0xCF,0x9F,
    0xBF,0x7E,0xCC,0xCD,0xC1,0xE3,0xFF,0xFF,0xFF,0xFF,0xFF,0xFF,0xFB,0xFB,0xFF,0xFF,
    0xEF,0xEF,0xFF,0xFC,0xFC,0xFC,0xFF,0xFF,0xFF,0xFE,0xFE,0xFF,0xFF,0xFF,0xFE,0xE0,
    0xDF,0xBF,0x1F,0xE0,0xFF,0xFF,0xFF,0xFF,0xFF,0xFF,0xFF,0xFF,0xFF,0xFF,0xFF,0xFF,
    0xFF,0xFF,0xFF,0xFF,0xFF,0xFF,0xFF,0xFF,0xFF,0xFE,0xF1,0x07,0x7F,0xFF,0xFF,0xFF,
    0x9F,0x8F,0x8F,0x8F,0x9F,0x9F,0x9F,0xDF,0xBF,0xFF,0x8F,0x8F,0x9F,0x9F,0x9F,0x9F,
    0x9F,0x9F,0x9F,0x9F,0x9F,0x9F,0x9F,0xDF,0xFF,0xFC,0xC3,0x9F,0x3F,0x7F,0xFF,0xFF,
    0xFF,0xFF,0xFF,0xFF,0xFF,0xFF,0xFF,0x47,0xF7,0xF7,0xE7,0xEF,0xDF,0xBF,0x3F,0x77,
    0xFF,0xFF,0xFB,0xF0,0xEF,0x9F,0x3F,0xFF,0xEF,0xFF,0xFF,0xFF,0xFF,0xFF,0xF7,0xF7,
    0xF7,0xE3,0xE3,0xE3,0xE7,0xE7,0xE7,0xE7,0xE3,0xE3,0xF3,0xE3,0xF3,0xF7,0xF7,0xF3,
    0xB3,0xB7,0xB7,0xB7,0xB7,0xB6,0xFE,0xF0,0x83,0x8F,0x9F,0xBF,0x9F,0x83,0xB8,0xBF,
    0xBF,0xBF,0xBF,0xBF,0xBF,0xB7,0xBF,0xBE,0xBD,0xF9,0xFB,0xF3,0xF9,0xF0,0xF3,0xF3,
    0xF3,0xF3,0xF3,0xF3,0xF1,0xF6,0xF0,0xF1,
  },
  {
    0x1F,0x1F,0x9F,0xCF,0xCF,0xCF,0xCF,0x8F,0xCF,0xFF,0xFF,0xBF,0xFF,0x7F,0x7F,0xFF,
    0xFF,0xFF,0xFF,0xFF,0xFF,0xFF,0xFF,0xFF,0xFF,0xFF,0xFF,0xFF,0xFF,0xFF,0xFF,0xFF,
    0x7F,0xBF,0xDF,0xEF,0x77,0xBB,0xFF,0xFF,0xFF,0xFF,0xFF,0xFF,0x07,0x87,0x86,0x87,
    0xCE,0xDC,0xFC,0xFE,0xFF,0xFF,0xFF,0xE6,0xE6,0xE7,0xE7,0xC7,0xC7,0xCF,0xCF,0xDF,
    0xFD,0xFF,0xED,0xDD,0xF7,0xB3,0x3F,0x77,0x77,0x67,0xED,0xFF,0xFF,0xFB,0xFB,0xFB,
    0xFB,0xF3,0xFB,0xFB,0xF3,0xE9,0xDE,0xCF,0x17,0x7B,0x15,0xCE,0xFA,0xFF,0xFF,0xFF,
    0xFF,0xFF,0xFF,0xF0,0xF1,0xF7,0xFF,0x3F,0x0F,0x0F,0x9F,0xDF,0xDF,0xFF,0x7F,0x7F,
    0x7F,0x1F,0x9F,0xBF,0xBF,0x3F,0x3F,0x3F,0x3F,0x3F,0x3F,0x1F,0x1F,0x9F,0x9E,0x80,
    0x8F,0xBF,0x7F,0x7D,0x79,0x7B,0xFB,0xEB,0xEF,0xDF,0xFF,0xEF,0xCF,0xDF,0xFF,0x01,
    0xFC,0xFC,0xFF,0xFF,0xFF,0xFF,0xFF,0xFF,0xFF,0xFF,0xFF,0xFF,0xFF,0xFF,0xFF,0xFF,
    0xFF,0xFF,0xFF,0xFF,0xFF,0xF8,0xFB,0xFF,0xFF,0xF3,0xE7,0xFF,0xFF,0xDF,0xDF,0xFF,
    0xFE,0xBF,0x1F,0x3E,0x7E,0xFF,0x7F,0xFF,0xFF,0xFF,0xFF,0xFE,0xFE,0xFE,0xFE,0xFE,
    0xFE,0xFD,0xFD,0xFD,0xBC,0x60,0x83,0x9F,0xBF,0x7F,0xFF,0xFF,0xFF,0xFF,0xFF,0xFF,
    0xFF,0xFF,0xFF,0xFF,0xFF,0xFF,0xFF,0xFF,0xFF,0xFF,0xFF,0xFF,0x1F,0x1F,0x0F,0x0F,
    0x1F,0x3F,0x3F,0x0F,0x2F,0x77,0x7B,0x7D,0x7E,0xFF,0xBF,0xFF,0x5D,0xAE,0xFC,0xE7,
    0xF8,0xF9,0xF7,0xF7,0xE7,0xE3,0xBF,0xDF,0xEF,0xF7,0xFC,0xF9,0xE3,0xCF,0xCF,0x9F,
    0xBF,0x7E,0xCC,0xCD,0xC1,0xE3,0xFF,0xFF,0xFF,0xFF,0xFF,0xFF,0xFB,0xFB,0xFF,0xFF,
    0xEF,0xEF,0xFF,0xFC,0xFC,0xFC,0xFF,0xFF,0xFF,0xFE,0xFE,0xFF,0xFF,0xFF,0xFE,0xE0,
    0xDF,0xBF,0x1F,0xE0,0xFF,0xFF,0xFF,0xFF,0xFF,0xFF,0xFF,0xFF,0xFF,0xFF,0xFF,0xFF,
    0xFF,0xFF,0xFF,0xFF,0xFF,0xFF,0xFF,0xFF,0xFF,0xFE,0xF1,0x07,0x7F,0xFF,0xFF,0xFF,
    0x9F,0x8F,0x8F,0x8F,0x9F,0x9F,0x9F,0xDF,0xBF,0xFF,0x8F,0x8F,0x9F,0x9F,0x9F,0x9F,
    0x9F,0x9F,0x9F,0x9F,0x9F,0x9F,0x9F,0xDF,0xFF,0xFC,0xC3,0x9F,0x3F,0x7F,0xFF,0xFF,
    0xFF,0xFF,0xFF,0xFF,0xFF,0xFF,0xDF,0x47,0xF7,0xF7,0xE7,0xEF,0xDF,0xBF,0x3F,0x77,
    0xFF,0xFF,0xFB,0xF0,0xEF,0x9F,0x3F,0xFF,0xFF,0xFF,0xFF,0xFF,0xFF,0xFF,0xF7,0xF7,
    0xF7,0xE3,0xE3,0xE3,0xE7,0xE7,0xE7,0xE7,0xE3,0xE3,0xF3,0xE3,0xF3,0xF7,0xF7,0xF3,
    0xB3,0xB7,0xB7,0xB7,0xB7,0xB6,0xFE,0xF0,0x83,0x8F,0x9F,0xBF,0x9F,0x83,0xB8,0xBF,
    0xBF,0xBF,0xBF,0xBF,0xBF,0xB7,0xBF,0xBE,0xBD,0xF9,0xBB,0xF3,0xF9,0xF0,0xF3,0xF3,
    0xF3,0xF3,0xF3,0xF3,0xF1,0xF6,0xF0,0xF1,
  },
  {
    0x1F,0x1F,0x9F,0xCF,0xCF,0xCF,0xCF,0x8F,0x2F,0xFF,0xFF,0x7F,0x7F,0xFF,0xFF,0xFF,
    0xFF,0xFF,0xFF,0xFF,0xFF,0xFF,0xFF,0xFF,0xFF,0xFF,0xFF,0xFF,0xFF,0xFF,0xFF,0xFF,
    0xFF,0xDF,0xDF,0xFF,0x77,0xFF,0xFF,0xFF,0xFF,0xFF,0xFF,0xFF,0x07,0x87,0x86,0x86,
    0xCE,0xDC,0xFC,0xFE,0xFF,0xFF,0xFF,0xE6,0xE6,0xE7,0xE7,0xC7,0xC7,0xCF,0xCF,0xFD,
    0xFF,0xEF,0xD9,0xFF,0xF3,0xE3,0x9F,0x3E,0x76,0x6F,0xEF,0xFD,0xFD,0xF9,0xFB,0xF9,
    0xF9,0xFB,0xFB,0xFB,0xFB,0xF9,0xEF,0xEF,0x47,0x39,0x10,0xEE,0xFF,0xFF,0xFF,0xFF,
    0xFF,0xFF,0xFF,0xF0,0xF1,0xF7,0x3F,0x3F,0x0F,0x0F,0x9F,0xDF,0xDF,0xFF,0x7F,0x7F,
    0x7F,0x1F,0x9F,0xBF,0xBF,0x3F,0x3F,0x3F,0x3F,0x3F,0x3F,0x1F,0x1F,0x0F,0x6E,0xC0,
    0x8F,0xBF,0xBF,0x7D,0x79,0x79,0x79,0x6F,0xEF,0xDF,0xFF,0xE7,0xEF,0xCF,0x7F,0x01,
    0xFC,0xFE,0xFF,0xFF,0xFF,0xFF,0xFF,0xFF,0xFF,0xFF,0xFF,0xFF,0xFF,0xFF,0xFF,0xFF,
    0xFF,0xFF,0xFE,0xFF,0xFD,0xF8,0xFB,0xFF,0xF3,0xF3,0xE7,0xFF,0xFF,0xDF,0xDF,0xFF,
    0xFE,0x7F,0x1F,0x1E,0xFE,0x9F,0xFF,0xFF,0xFF,0x7F,0xFF,0xFF,0xFE,0xFE,0xFE,0xFE,
    0xFE,0xFC,0xFD,0xFC,0xBC,0x70,0x80,0xBF,0x3F,0x7F,0xFF,0xFF,0xFF,0xFF,0xFF,0xFF,
    0xFF,0xFF,0xFF,0xFF,0xFF,0xFF,0xFF,0xFF,0xFF,0xFF,0xFF,0xFF,0x1F,0x1F,0x0F,0x0F,
    0x1F,0x3F,0x1F,0x3F,0x77,0x3B,0x7D,0x7C,0x3E,0xBF,0xFF,0xFE,0xDC,0x8F,0xFF,0xF0,
    0xFC,0xFD,0xFB,0xFB,0xFA,0xF9,0xF3,0xF7,0xFF,0xC3,0xFC,0xF9,0xF0,0xEE,0xCF,0xDF,
    0xBF,0x7E,0x7D,0xDB,0xE3,0xF7,0xFF,0xFF,0xFF,0xFF,0xFF,0xFF,0xFB,0xFB,0xFF,0xFF,
    0xEF,0xEF,0xEF,0xFC,0xFC,0xFD,0xFF,0xFF,0xFF,0x7E,0xEE,0xFF,0xFF,0xFF,0xF8,0xFF,
    0xF3,0xFB,0x0F,0xE1,0xFF,0xFF,0xFF,0xFF,0xFF,0xFF,0xFF,0xFF,0xFF,0xFF,0xFF,0xFF,
    0xFF,0xFF,0xFF,0xFF,0xFF,0xFF,0xFF,0xFF,0xFF,0xFE,0xF0,0x83,0x7F,0xFF,0xFF,0xFF,
    0x9F,0x8F,0x8F,0x8F,0x9F,0x9F,0x9F,0x9F,0xBF,0xFF,0x87,0x8F,0x9F,0x9B,0x9F,0x9F,
    0x9C,0x97,0x8F,0x8F,0x94,0x9F,0xDF,0xDF,0xDF,0xDC,0xC3,0x9F,0xBF,0x7F,0x7F,0xFF,
    0xFF,0xFF,0xFF,0xFF,0xFF,0xFF,0xDF,0x47,0xF7,0xF7,0xF7,0xE7,0xCF,0xDF,0xBF,0x7F,
    0x7F,0xFF,0xF8,0xF2,0xE7,0xDF,0x3F,0xFF,0xFF,0xFF,0xEF,0xEF,0xFF,0xF7,0xF7,0xF7,
    0xF7,0xE3,0xE3,0xE3,0xE7,0xE7,0xE7,0xE7,0xE3,0xE3,0xF3,0xE3,0xF3,0xF3,0xF7,0xF3,
    0xB3,0xB3,0xB7,0xB7,0xB7,0xB6,0xF6,0xF0,0x83,0x8F,0x9F,0x9F,0x9F,0xC3,0xB8,0xBF,
    0xBF,0xBF,0xBF,0xBF,0xBF,0xBF,0xBF,0xBE,0xBC,0xFD,0xB9,0xFB,0xF9,0xF0,0xF3,0xF3,
    0xF3,0xF3,0xF3,0xF3,0xF1,0xF6,0xF0,0xF1,
  },
  {
    0x1F,0x1F,0x9F,0xCF,0xCF,0xCF,0xCF,0x8F,0x2F,0xFF,0xFF,0x7F,0x7F,0xFF,0xFF,0xFF,
    0xFF,0xFF,0xFF,0xFF,0xFF,0xFF,0xFF,0xFF,0xFF,0xFF,0xFF,0xFF,0xFF,0xFF,0xFF,0xFF,
    0xFF,0xDF,0xDF,0xFF,0x77,0xFF,0xFF,0xFF,0xFF,0xFF,0xFF,0xFF,0x07,0x87,0x86,0x86,
    0xCE,0xDC,0xFC,0xFE,0xFF,0xFF,0xFF,0xE6,0xE6,0xE7,0xE7,0xC7,0xC7,0xCF,0xCF,0xFD,
    0xFF,0xEF,0xD9,0xFF,0xF3,0xE3,0xBF,0x3F,0x76,0x2F,0xEF,0xFD,0xFD,0xF9,0xFB,0xF9,
    0xF9,0xFB,0xFB,0xFB,0xFB,0xF9,0xEF,0xEF,0x47,0x79,0x10,0xEE,0xF9,0xFF,0xFF,0xFF,
    0xFF,0xFF,0xFF,0xF0,0xF1,0xF7,0x3F,0x3F,0x0F,0x0F,0x9F,0xDF,0xDF,0xFF,0x7F,0x7F,
    0x7F,0x1F,0x9F,0xBF,0xBF,0x3F,0x3F,0x3F,0x3F,0x3F,0x3F,0x1F,0x1F,0x0F,0x6E,0xC0,
    0x8F,0xBF,0xBF,0x7D,0x79,0x79,0x79,0x6F,0xEF,0xDF,0xFF,0xE7,0xEF,0xCF,0x7F,0x01,
    0xFD,0xFE,0xFF,0xFF,0xFF,0xFF,0xFF,0xFF,0xFF,0xFF,0xFF,0xFF,0xFF,0xFF,0xFF,0xFF,
    0xFF,0xFF,0xFE,0xFF,0xFD,0xF8,0xFB,0xFF,0xF3,0xF3,0xE7,0xFF,0xFF,0xDF,0xDF,0xFF,
    0xFE,0x7F,0x1F,0x1E,0xFE,0x9F,0xFF,0xFF,0xFF,0x7F,0xFF,0xFF,0xFE,0xFE,0xFE,0xFE,
    0xFE,0xFC,0xFD,0xFC,0xBC,0x60,0x81,0xBF,0x3F,0x7F,0xFF,0xFF,0xFF,0xFF,0xFF,0xFF,
    0xFF,0xFF,0xFF,0xFF,0xFF,0xFF,0xFF,0xFF,0xFF,0xFF,0xFF,0xFF,0x1F,0x1F,0x0F,0x0F,
    0x1F,0x3F,0x1F,0x3F,0x77,0x3B,0x7D,0x7C,0x3E,0xBF,0xFF,0xFE,0xDE,0x8F,0xFF,0xF0,
    0xFC,0xFD,0xFB,0xFB,0xFA,0xF9,0xF3,0xF7,0xFF,0xC3,0xFC,0xF9,0xF0,0xEE,0xCF,0xDF,
    0xBF,0x7E,0x7D,0xDB,0xE3,0xF7,0xFF,0xFF,0xFF,0xFF,0xFF,0xFF,0xFB,0xFB,0xFF,0xFF,
    0xEF,0xEF,0xEF,0xFC,0xFC,0xFD,0xFF,0xFF,0xFF,0x7E,0xEE,0xFF,0xFF,0xFF,0xF8,0xFF,
    0xF3,0xFB,0x0F,0xE1,0xFF,0xFF,0xFF,0xFF,0xFF,0xFF,0xFF,0xFF,0xFF,0xFF,0xFF,0xFF,
    0xFF,0xFF,0xFF,0xFF,0xFF,0xFF,0xFF,0xFF,0xFF,0xFE,0xF0,0x83,0x7F,0xFF,0xFF,0xFF,
    0x9F,0x8F,0x8F,0x8F,0x9F,0x9F,0x9F,0x9F,0xBF,0xFF,0x87,0x8F,0x9F,0x9B,0x9F,0x9F,
    0x9C,0x97,0x8F,0x8F,0x94,0x9F,0xDF,0xDF,0xDF,0xDC,0xC3,0x9F,0xBF,0x7F,0x7F,0xFF,
    0xFF,0xFF,0xFF,0xFF,0xFF,0xFF,0xDF,0x47,0xF7,0xF7,0xF7,0xE7,0xCF,0xDF,0xBF,0x7F,
    0x7F,0xFF,0xF8,0xF2,0xE7,0xDF,0x3F,0xFF,0xFF,0xFF,0xEF,0xEF,0xFF,0xF7,0xF7,0xF7,
    0xF7,0xE3,0xE3,0xE3,0xE7,0xE7,0xE7,0xE7,0xE3,0xE3,0xF3,0xE3,0xF3,0xF3,0xF7,0xF3,
    0xB3,0xB3,0xB7,0xB7,0xB7,0xB6,0xF6,0xF0,0x83,0x8F,0x9F,0xBF,0x9F,0xC3,0xB8,0xBF,
    0xBF,0xBF,0xBF,0xBF,0xBF,0xBF,0xBF,0xBE,0xBC,0xFD,0xB9,0xFB,0xF9,0xF0,0xF3,0xF3,
    0xF3,0xF3,0xF3,0xF3,0xF1,0xF6,0xF0,0xF1,
  },
  {
    0x1F,0x1F,0x9F,0xCF,0xCF,0xCF,0xCF,0x8F,0x2F,0xFF,0xFF,0x7F,0x7F,0xFF,0xFF,0xFF,
    0xFF,0xFF,0xFF,0xFF,0xFF,0xFF,0xFF,0xFF,0xFF,0xFF,0xFF,0xFF,0xFF,0xFF,0xFF,0xFF,
    0xFF,0xDF,0xDF,0xFF,0x77,0xFF,0xFF,0xFF,0xFF,0xFF,0xFF,0xFF,0x07,0x87,0x86,0x86,
    0xCE,0xDC,0xFC,0xFE,0xFF,0xFF,0xFF,0xE6,0xE6,0xE7,0xE7,0xC7,0xC7,0xCF,0xCF,0xFD,
    0xFF,0xEF,0xD9,0xFF,0xF3,0xE3,0xBF,0x3F,0x76,0x2F,0xEF,0xFD,0xFD,0xF9,0xFB,0xF9,
    0xF9,0xFB,0xFB,0xFB,0xFB,0xF9,0xEF,0xEF,0x47,0x59,0x10,0xEE,0xF9,0xFF,0xFF,0xFF,
    0xFF,0xFF,0xFF,0xF0,0xF1,0xF7,0x3F,0x3F,0x0F,0x0F,0x9F,0xDF,0xDF,0xFF,0x7F,0x7F,
    0x7F,0x1F,0x9F,0xBF,0xBF,0x3F,0x3F,0x3F,0x3F,0x3F,0x3F,0x1F,0x1F,0x0F,0x6E,0xC0,
    0x8F,0xBF,0xBF,0x7D,0x79,0x79,0x79,0x6F,0xEF,0xDF,0xFF,0xE7,0xEF,0xCF,0x7F,0x01,
    0xFC,0xFE,0xFF,0xFF,0xFF,0xFF,0xFF,0xFF,0xFF,0xFF,0xFF,0xFF,0xFF,0xFF,0xFF,0xFF,
    0xFF,0xFF,0xFE,0xFF,0xFD,0xF8,0xFB,0xFF,0xF3,0xF3,0xE7,0xFF,0xFF,0xDF,0xDF,0xFF,
    0xFE,0x7F,0x1F,0x1E,0xFE,0x9F,0xFF,0xFF,0xFF,0x7F,0xFF,0xFF,0xFE,0xFE,0xFE,0xFE,
    0xFE,0xFC,0xFD,0xFC,0xBC,0x60,0x81,0xBF,0x3F,0x7F,0xFF,0xFF,0xFF,0xFF,0xFF,0xFF,
    0xFF,0xFF,0xFF,0xFF,0xFF,0xFF,0xFF,0xFF,0xFF,0xFF,0xFF,0xFF,0x1F,0x1F,0x0F,0x0F,
    0x1F,0x3F,0x1F,0x3F,0x77,0x3B,0x7D,0x3C,0x3E,0xBF,0xFF,0xFE,0xDE,0x8F,0xFF,0xF0,
    0xFC,0xFD,0xFB,0xFB,0xFA,0xF9,0xF3,0xF7,0xFF,0xC3,0xFC,0xF9,0xF0,0xEE,0xCF,0xDF,
    0xBF,0x7E,0x7D,0xDB,0xE3,0xF7,0xFF,0xFF,0xFF,0xFF,0xFF,0xFF,0xFB,0xFB,0xFF,0xFF,
    0xEF,0xEF,0xEF,0xFC,0xFC,0xFD,0xFF,0xFF,0xFF,0x7E,0xEE,0xFF,0xFF,0xFF,0xF8,0xFF,
    0xF3,0xFB,0x0F,0xE1,0xFF,0xFF,0xFF,0xFF,0xFF,0xFF,0xFF,0xFF,0xFF,0xFF,0xFF,0xFF,
    0xFF,0xFF,0xFF,0xFF,0xFF,0xFF,0xFF,0xFF,0xFF,0xFE,0xF0,0x83,0x7F,0xFF,0xFF,0xFF,
    0x9F,0x8F,0x8F,0x8F,0x9F,0x9F,0x9F,0x9F,0xBF,0xFF,0x87,0x8F,0x9F,0x9B,0x9F,0x9F,
    0x9C,0x97,0x8F,0x8F,0x94,0x9F,0xDF,0xDF,0xDF,0xDC,0xC3,0x9F,0xBF,0x7F,0x7F,0xFF,
    0xFF,0xFF,0xFF,0xFF,0xFF,0xFF,0xDF,0x47,0xF7,0xF7,0xF7,0xE7,0xCF,0xDF,0xBF,0x7F,
    0x7F,0xFF,0xF8,0xF2,0xE7,0xDF,0x3F,0xFF,0xFF,0xFF,0xEF,0xEF,0xFF,0xF7,0xF7,0xF7,
    0xF7,0xE3,0xE3,0xE3,0xE7,0xE7,0xE7,0xE7,0xE3,0xE3,0xF3,0xE3,0xF3,0xF3,0xF7,0xF3,
    0xB3,0xB3,0xB7,0xB3,0xB7,0xB6,0xF6,0xF0,0x83,0x8F,0x9F,0x9F,0x9F,0xC3,0xB8,0xBF,
    0xBF,0xBF,0xBF,0xBF,0xBF,0xBF,0xBF,0xBE,0xBC,0xFD,0xB9,0xFB,0xF9,0xF0,0xF3,0xF3,
    0xF3,0xF3,0xF3,0xF3,0xF1,0xF6,0xF0,0xF1,
  },
  {
    0x1F,0x1F,0x9F,0xCF,0xCF,0xCF,0xCF,0x8F,0xFF,0xEF,0xCF,0xFF,0xDF,0xFF,0xBF,0xFF,
    0x7F,0xFF,0xFF,0xFF,0xFF,0xFF,0xFF,0xFF,0xFF,0xFF,0xFF,0xFF,0xFF,0xFF,0xFF,0x7F,
    0xBF,0xDF,0xEF,0xFF,0xEB,0xFF,0xFF,0xFF,0xFF,0xFF,0xFF,0xFF,0x07,0x87,0x86,0x86,
    0xCE,0xDC,0xFC,0xFE,0xFF,0xFF,0xFF,0xE6,0xE6,0xE7,0xE7,0xC7,0xC7,0xCF,0xCF,0xDF,
    0xFE,0xF8,0xEF,0xD8,0xF1,0x33,0x33,0xF7,0xFE,0x2E,0x9D,0xFD,0xFB,0xFF,0xE7,0xE7,
    0xE7,0xE7,0xF7,0xF7,0xE7,0xF9,0xBE,0xAF,0x17,0x3F,0x9E,0xEF,0xFF,0xFF,0xFF,0xFF,
    0xFF,0xFF,0xFF,0xF0,0xF1,0xF7,0x3F,0x3F,0x0F,0x0F,0x9F,0x9F,0xDF,0xFF,0x7F,0x7F,
    0x7F,0x1F,0x9F,0xBF,0xBF,0x3F,0x3F,0x3F,0x3F,0x3F,0x3F,0x3F,0x1F,0x1E,0xDC,0x81,
    0x7F,0xFF,0xFF,0xF3,0xE7,0xF7,0xF7,0xFF,0xBF,0xFF,0xFF,0xCF,0x9F,0xBF,0xFE,0x00,
    0xFC,0xFC,0xFF,0xFF,0xFF,0xFF,0xFF,0xFF,0xFF,0xFF,0xFF,0xFF,0xFF,0xFF,0xFF,0xFF,
    0xFF,0xFF,0xFE,0xFF,0xFD,0xF8,0xFB,0xFF,0xF3,0xF3,0xE7,0xFF,0xFF,0xDF,0xDF,0xDF,
    0x3F,0x1F,0x3F,0xFA,0xFC,0xFE,0xFF,0xFF,0xEE,0xFE,0xFC,0xFC,0xFC,0xFD,0xFD,0xFD,
    0xFD,0xFB,0xFB,0xFB,0xF5,0xE1,0x1E,0xBF,0xBF,0xFF,0xFF,0xFF,0xFF,0xFF,0xFF,0xFF,
    0xFF,0xFF,0xFF,0xFF,0xFF,0xFF,0xFF,0xFF,0xFF,0xFF,0xFF,0xFF,0x1F,0x1F,0x0F,0x0F,
    0x1F,0x3F,0x3F,0x3F,0x3F,0xFF,0xC1,0x7E,0x7F,0xFC,0xF8,0xFE,0x7D,0x6B,0xF7,0xED,
    0xF1,0xF3,0xE7,0xE3,0xE7,0xDF,0xFF,0xFF,0x87,0xF0,0xF3,0xE0,0xCC,0xDF,0xDC,0xDD,
    0xAF,0x38,0x7F,0xFF,0xFF,0xFF,0xFF,0xFF,0xFF,0xFF,0xFF,0xFF,0xFB,0xFB,0xFF,0xFF,
    0xEF,0xEF,0xEF,0xFC,0xFC,0xFD,0x96,0x77,0xFF,0xFE,0xF4,0xF7,0xFF,0x3F,0x78,0xFC,
    0xFC,0xFE,0x0E,0xF0,0xFF,0xFF,0xFF,0xFF,0xFF,0xFF,0xFF,0xFF,0xFF,0xFF,0xFF,0xFF,
    0xFF,0xFF,0xFF,0xFF,0xFF,0xFF,0xFF,0xFF,0xFC,0xF8,0x01,0xFF,0xFF,0xFF,0xFF,0xFF,
    0x9F,0x8F,0x8F,0x8F,0x9F,0x9F,0x9F,0x9F,0xBF,0xFF,0x8F,0x8F,0x9F,0x9B,0x9E,0x9D,
    0x9B,0x9B,0x97,0x97,0x97,0x9C,0x97,0xF7,0xF7,0xE0,0x9F,0x7F,0xFF,0xFF,0xFF,0xFF,
    0xFF,0xFF,0xFF,0xFF,0xFF,0xFF,0xF7,0x47,0xE7,0xD7,0x7F,0xFF,0xFF,0xFF,0xF3,0x03,
    0xFC,0xFE,0xFF,0xFF,0xF9,0xF9,0xDB,0xCF,0xE7,0xFF,0xEF,0xEF,0xFF,0xF7,0xF7,0xF7,
    0xF7,0xE3,0xE3,0xE3,0xE7,0xE7,0xE7,0xE7,0xE3,0xE3,0xE3,0xF3,0xF3,0xF3,0xF7,0xF3,
    0xB3,0xB7,0xB7,0xB6,0xB6,0xB7,0xFD,0xFD,0x81,0x9C,0x9E,0xBF,0x9F,0xC7,0xB8,0xBF,
    0xBF,0xBF,0xBE,0xBC,0xBC,0xBE,0xBF,0xBF,0xBF,0xFB,0xBB,0xF3,0xFF,0xF3,0xF3,0xF3,
    0xF3,0xF1,0xF3,0xF3,0xF1,0xF6,0xF0,0xF1,
  },
  {
    0x1F,0x1F,0x9F,0xCF,0xCF,0xCF,0xCF,0x8F,0xFF,0xCF,0xEF,0xFF,0xDF,0xFF,0xBF,0xFF,
    0x7F,0xFF,0xFF,0xFF,0xFF,0xFF,0xFF,0xFF,0xFF,0xFF,0xFF,0xFF,0xFF,0xFF,0xFF,0xFF,
    0xBF,0xDF,0xEF,0xFF,0xEF,0xFF,0xFF,0xFF,0xFF,0xFF,0xFF,0xFF,0x07,0x87,0x86,0x86,
    0xCE,0xDC,0xFC,0xFE,0xFF,0xFF,0xFF,0xE6,0xE6,0xE7,0xE7,0xC7,0xC7,0xCF,0xCF,0xDF,
    0xFE,0xFC,0xEF,0xD8,0xF1,0x33,0x33,0xF7,0xEE,0x6E,0x9D,0xFD,0xFB,0xFF,0xE7,0xE7,
    0xE7,0xE7,0xF7,0xF7,0xE7,0xF9,0xBE,0xAF,0x17,0x3D,0x9E,0xEF,0xFF,0xFF,0xFF,0xFF,
    0xFF,0xFF,0xFF,0xF0,0xF1,0xF7,0x3F,0x3F,0x0F,0x0F,0x9F,0x9F,0xDF,0xFF,0x7F,0x7F,
    0x7F,0x1F,0x9F,0xBF,0xBF,0x3F,0x3F,0x3F,0x3F,0x3F,0x3F,0x3F,0x1F,0x1E,0xDC,0x81,
    0x7F,0xFF,0xFF,0xF3,0xE7,0xF7,0xF7,0xFF,0xBF,0xFF,0xFF,0xCF,0x9F,0xBF,0xFF,0x20,
    0xFC,0xFC,0xFF,0xFF,0xFF,0xFF,0xFF,0xFF,0xFF,0xFF,0xFF,0xFF,0xFF,0xFF,0xFF,0xFF,
    0xFF,0xFF,0xFE,0xFF,0xFD,0xF8,0xFB,0xFF,0xF3,0xF3,0xE7,0xFF,0xFF,0xDF,0xDF,0xDF,
    0x3F,0x1F,0x3F,0x7A,0xFC,0xFE,0xFF,0xFF,0xEE,0xFE,0xFC,0xFC,0xFC,0xFD,0xFD,0xFD,
    0xFD,0xFB,0xFB,0xFB,0xF5,0xE1,0x1E,0x3F,0xBF,0xFF,0xFF,0xFF,0xFF,0xFF,0xFF,0xFF,
    0xFF,0xFF,0xFF,0xFF,0xFF,0xFF,0xFF,0xFF,0xFF,0xFF,0xFF,0xFF,0x1F,0x1F,0x0F,0x0F,
    0x1F,0x3F,0x3F,0x3F,0x3F,0xFF,0xE1,0x7E,0x7F,0xFC,0xF8,0xFE,0x7D,0x63,0xF7,0xED,
    0xF1,0xF3,0xF7,0xE3,0xE7,0xDF,0xFF,0xFF,0x87,0xF0,0xF3,0xE0,0xCC,0xDF,0xDC,0xDB,
    0xAF,0x38,0x7F,0xFF,0xFF,0xFF,0xFF,0xFF,0xFF,0xFF,0xFF,0xFF,0xFB,0xFB,0xFF,0xFF,
    0xEF,0xEF,0xEF,0xFC,0xFC,0xFC,0x96,0x77,0xF7,0xF6,0xF4,0xF7,0xFB,0x3F,0x38,0xFC,
    0xFC,0xFE,0x0E,0xF8,0xFF,0xFF,0xFF,0xFF,0xFF,0xFF,0xFF,0xFF,0xFF,0xFF,0xFF,0xFF,
    0xFF,0xFF,0xFF,0xFF,0xFF,0xFF,0xFF,0xFF,0xFC,0xF8,0x01,0xFF,0xFF,0xFF,0xFF,0xFF,
    0x9F,0x8F,0x8F,0x8F,0x9F,0x9F,0x9F,0x9F,0xBF,0xFF,0x87,0x8F,0x9F,0x9F,0x9E,0x9D,
    0x9B,0x9B,0x97,0x97,0x97,0x9C,0xD7,0xF7,0xF7,0xE0,0x9F,0x7F,0xFF,0xFF,0xFF,0xFF,
    0xFF,0xFF,0xFF,0xFF,0xFF,0xFF,0xF7,0x47,0xE7,0xD7,0x7F,0xFF,0xFF,0xFF,0xF3,0x03,
    0xFC,0xFE,0xFF,0xFF,0xF9,0xF9,0xDB,0xCF,0xE7,0xFF,0xEF,0xEF,0xFF,0xF7,0xF7,0xF7,
    0xF7,0xE3,0xE3,0xE3,0xE7,0xE7,0xE7,0xE7,0xE3,0xE3,0xE3,0xE3,0xF3,0xF3,0xF7,0xF3,
    0xB3,0xB7,0xB7,0xB6,0xB2,0xB7,0xFD,0xFD,0x81,0x9C,0x9E,0xBF,0x9F,0xC7,0xB0,0xBF,
    0xBF,0xBF,0xBE,0xBE,0xBC,0xBE,0xBF,0xBF,0xBB,0xFB,0xBB,0xF7,0xFF,0xF3,0xF3,0xF3,
    0xF3,0xF1,0xF3,0xF3,0xF1,0xF6,0xF0,0xF1,
  },
  {
    0x1F,0x1F,0x9F,0xCF,0xCF,0xCF,0xCF,0x8F,0xFF,0xEF,0xDF,0xDF,0xBF,0xBF,0x7F,0xFF,
    0xFF,0xFF,0xFF,0xFF,0xFF,0xFF,0xFF,0xFF,0xFF,0xFF,0xFF,0xFF,0xFF,0xFF,0xFF,0xFF,
    0x7F,0xDF,0xEF,0xFF,0xEF,0xFF,0xFF,0xFF,0xFF,0xFF,0xFF,0xFF,0x07,0x87,0x86,0x87,
    0xCE,0xDC,0xFC,0xFF,0xFF,0xFF,0xFF,0xE6,0xE6,0xE7,0xE7,0xC7,0xC7,0xCF,0xCF,0xDF,
    0xFC,0xFB,0xEF,0xF9,0xF3,0x27,0x77,0xEE,0xEF,0x1D,0x3B,0xFB,0xF7,0xEF,0xE7,0xE7,
    0xEF,0xEF,0xEF,0xEF,0xC7,0xF9,0xBE,0x3F,0xB7,0x3F,0x9F,0xFB,0xFF,0xFF,0xFF,0xFF,
    0xFF,0xFF,0xFF,0xF0,0xF1,0xF7,0xFF,0x3F,0x0F,0x0F,0x9F,0xDF,0xDF,0xFF,0x7F,0x7F,
    0x7F,0x1F,0x9F,0xBF,0xBF,0x3F,0x3F,0x3F,0x3F,0x3F,0xBF,0x3F,0x3E,0x3E,0x18,0x03,
    0x7F,0xFF,0xFF,0xE7,0xE7,0xE7,0xE7,0xBF,0xBF,0xFF,0xFF,0x9F,0xBF,0xBF,0xBF,0x30,
    0xF8,0xFD,0xFF,0xFF,0xFF,0xFF,0xFF,0xFF,0xFF,0xFF,0xFF,0xFF,0xFF,0xFF,0xFF,0xFF,
    0xFF,0xFF,0xFF,0xFF,0xFF,0xF8,0xFB,0xFF,0xFF,0xF3,0xE7,0xFF,0xFF,0xDF,0xDF,0xDF,
    0x3F,0x1F,0x7F,0x76,0xFD,0xFF,0xFF,0xFF,0xFF,0xFE,0xFD,0xFD,0xFD,0xFD,0xFD,0xFD,
    0xFF,0xFB,0xBB,0xFB,0xFB,0x69,0x12,0xDF,0xFF,0x7F,0xFF,0xFF,0xFF,0xFF,0xFF,0xFF,
    0xFF,0xFF,0xFF,0xFF,0xFF,0xFF,0xFF,0xFF,0xFF,0xFF,0xFF,0xFF,0x1F,0x1F,0x0F,0x0F,
    0x1F,0x3F,0x3F,0x3F,0x3F,0xFF,0xC1,0x3E,0x7F,0xFE,0xFC,0xFE,0x7D,0x77,0xFF,0xF0,
    0xF7,0xEF,0xCF,0xCF,0xFF,0xFF,0x1F,0xEF,0xE7,0xF8,0xF9,0xE3,0xEC,0xEE,0xFE,0xCF,
    0xE7,0x39,0x7F,0xFF,0xFF,0xFF,0xFF,0xFF,0xFF,0xFF,0xFF,0xFF,0xFB,0xFB,0xFF,0xFF,
    0xEF,0xEF,0xFF,0xFC,0xFC,0xFC,0xFE,0xFF,0x7F,0x7E,0xBE,0xDF,0xEF,0xF7,0x3A,0xFC,
    0xFE,0xFE,0x1E,0xF0,0xFF,0xFF,0xFF,0xFF,0xFF,0xFF,0xFF,0xFF,0xFF,0xFF,0xFF,0xFF,
    0xFF,0xFF,0xFF,0xFF,0xFF,0xFF,0xFF,0xFF,0xFE,0xF8,0x01,0xFF,0xFF,0xFF,0xFF,0xFF,
    0x9F,0x8F,0x8F,0x8F,0x9F,0x9F,0x9F,0x9F,0xBF,0xFF,0x87,0x8F,0x99,0x92,0x96,0x8F,
    0x8F,0x8F,0x8F,0x8F,0x8F,0x8F,0x96,0xD7,0xFB,0xC0,0xBF,0x7F,0xFF,0xFF,0xFF,0xFF,
    0xFF,0xFF,0xFF,0xFF,0xFF,0xFF,0xF3,0xE7,0xE7,0xD7,0xBF,0x7F,0x7F,0x7F,0x03,0xF9,
    0xFC,0xFF,0xFF,0xFB,0xF9,0xF9,0xDB,0xCF,0xEF,0xFF,0xEF,0xEF,0xFF,0xF7,0xF7,0xF7,
    0xF7,0xE3,0xE3,0xE3,0xE7,0xE7,0xE7,0xE7,0xE3,0xE3,0xE3,0xF3,0xF3,0xF7,0xF7,0xF3,
    0xB3,0xB7,0xB7,0xB6,0xB5,0xBD,0xFD,0xF9,0x81,0x9D,0x9E,0xBF,0x9F,0xCF,0xB0,0xBF,
    0xBF,0xBF,0xBF,0xBF,0xBF,0xBF,0xBF,0xBF,0xBB,0xFB,0xBB,0xF7,0xFB,0xF3,0xF3,0xF3,
    0xF3,0xF1,0xF3,0xF3,0xF1,0xF6,0xF0,0xF1,
  },
  {
    0x1F,0x1F,0x9F,0xCF,0xCF,0xCF,0xCF,0x8F,0xFF,0xEF,0xDF,0xDF,0xBF,0xBF,0x7F,0xFF,
    0xFF,0xFF,0xFF,0xFF,0xFF,0xFF,0xFF,0xFF,0xFF,0xFF,0xFF,0xFF,0xFF,0xFF,0xFF,0xFF,
    0x7F,0xDF,0xEF,0xFF,0xEF,0xFF,0xFF,0xFF,0xFF,0xFF,0xFF,0xFF,0x07,0x87,0x86,0x87,
    0xCE,0xDC,0xFC,0xFE,0xFF,0xFF,0xFF,0xE6,0xE6,0xE7,0xE7,0xC7,0xC7,0xCF,0xCF,0xDF,
    0xFC,0xFB,0xEF,0xF9,0xF3,0x27,0x77,0xEE,0xEF,0x1D,0x3B,0xFB,0xF7,0xEF,0xE7,0xE7,
    0xEF,0xEF,0xEF,0xEF,0xC7,0xF9,0xBE,0x3F,0x37,0x3F,0x9F,0xFF,0xFF,0xFF,0xFF,0xFF,
    0xFF,0xFF,0xFF,0xF0,0xF1,0xF7,0xFF,0x3F,0x0F,0x0F,0x9F,0xDF,0xDF,0xFF,0x7F,0x7F,
    0x7F,0x1F,0x9F,0xBF,0xBF,0x3F,0x3F,0x3F,0x3F,0x3F,0xBF,0x3F,0x3E,0x3E,0x18,0x03,
    0x7F,0xFF,0xFF,0xE7,0xE7,0xE7,0xE7,0xBF,0xBF,0xFF,0xFF,0x9F,0xBF,0xBF,0xBF,0x30,
    0xF8,0xFD,0xFF,0xFF,0xFF,0xFF,0xFF,0xFF,0xFF,0xFF,0xFF,0xFF,0xFF,0xFF,0xFF,0xFF,
    0xFF,0xFF,0xFF,0xFF,0xFF,0xF8,0xFB,0xFF,0xFF,0xF3,0xE7,0xFF,0xFF,0xDF,0xDF,0xDF,
    0x3F,0x1F,0x7F,0x76,0xFD,0xFF,0xFF,0xFF,0xFF,0xFE,0xFD,0xFD,0xFD,0xFD,0xFD,0xFD,
    0xFF,0xFB,0xBB,0xFB,0xFB,0x69,0x12,0xDF,0xFF,0x7F,0xFF,0xFF,0xFF,0xFF,0xFF,0xFF,
    0xFF,0xFF,0xFF,0xFF,0xFF,0xFF,0xFF,0xFF,0xFF,0xFF,0xFF,0xFF,0x1F,0x1F,0x0F,0x0F,
    0x1F,0x3F,0x3F,0x3F,0x3F,0xFF,0xC1,0x3E,0x7F,0xFE,0xFC,0xFE,0x7D,0x77,0xFF,0xF0,
    0xF7,0xEF,0xCF,0xCF,0xFF,0xFF,0x1F,0xEF,0xF7,0xF8,0xF9,0xE3,0xEC,0xFE,0xFE,0xCF,
    0xE7,0x39,0x7F,0xFF,0xFF,0xFF,0xFF,0xFF,0xFF,0xFF,0xFF,0xFF,0xFB,0xFB,0xFF,0xFF,
    0xEF,0xEF,0xFF,0xFC,0xFC,0xFC,0xFE,0xFF,0x7F,0x7E,0xBE,0xDF,0xEF,0xF7,0x3A,0xFC,
    0xFE,0xFE,0x1E,0xF0,0xFF,0xFF,0xFF,0xFF,0xFF,0xFF,0xFF,0xFF,0xFF,0xFF,0xFF,0xFF,
    0xFF,0xFF,0xFF,0xFF,0xFF,0xFF,0xFF,0xFF,0xFE,0xFC,0x01,0xFF,0xFF,0xFF,0xFF,0xFF,
    0x9F,0x8F,0x8F,0x8F,0x9F,0x9F,0x9F,0xDF,0xBF,0xFF,0x87,0x8F,0x99,0x92,0x96,0x8F,
    0x8F,0x8F,0x8F,0x8F,0x8F,0x8F,0x96,0xD7,0xFB,0xC0,0xBF,0x7F,0xFF,0xFF,0xFF,0xFF,
    0xFF,0xFF,0xFF,0xFF,0xFF,0xFF,0xF3,0xE7,0xE7,0xD7,0xBF,0x7F,0x7F,0x7F,0x03,0xFD,
    0xFC,0xFF,0xFF,0xFB,0xF9,0xF9,0xDB,0xCF,0xEF,0xFF,0xEF,0xEF,0xFF,0xF7,0xF7,0xF7,
    0xF7,0xE3,0xE3,0xE3,0xE7,0xE7,0xE7,0xE7,0xE3,0xE3,0xE3,0xE3,0xF3,0xF7,0xF7,0xF3,
    0xB3,0xB7,0xB7,0xB6,0xB5,0xBD,0xFD,0xF9,0x81,0x9D,0x9E,0xBF,0x9F,0x8F,0xB0,0xBF,
    0xBF,0xBF,0xBF,0xBF,0xBF,0xBF,0xBF,0xBF,0xBB,0xFB,0xBB,0xF7,0xFB,0xF3,0xF3,0xF3,
    0xF3,0xF1,0xF3,0xF3,0xF1,0xF6,0xF0,0xF1,
  },
  {
    0x1F,0x1F,0x9F,0xCF,0xCF,0xCF,0xCF,0x8F,0xFF,0xEF,0xDF,0xDF,0xBF,0xBF,0x7F,0xFF,
    0xFF,0xFF,0xFF,0xFF,0xFF,0xFF,0xFF,0xFF,0xFF,0xFF,0xFF,0xFF,0xFF,0xFF,0xFF,0xFF,
    0x7F,0xDF,0xEF,0xFF,0xEF,0xFF,0xFF,0xFF,0xFF,0xFF,0xFF,0xFF,0x07,0x87,0x86,0x87,
    0xCE,0xDC,0xFC,0xFE,0xFF,0xFF,0xFF,0xE6,0xE6,0xE7,0xE7,0xC7,0xC7,0xCF,0xCF,0xDF,
    0xFC,0xFB,0xEF,0xF9,0xF3,0x27,0x77,0xEE,0xEF,0x1D,0x3B,0xFB,0xF7,0xEF,0xEF,0xE7,
    0xEF,0xEF,0xEF,0xEF,0xC7,0xF9,0xBE,0x3F,0x37,0x3F,0x9F,0xEF,0xFF,0xFF,0xFF,0xFF,
    0xFF,0xFF,0xFF,0xF0,0xF1,0xF7,0xFF,0x3F,0x0F,0x0F,0x9F,0xDF,0xDF,0xFF,0x7F,0x7F,
    0x7F,0x1F,0x9F,0xBF,0xBF,0x3F,0x3F,0x3F,0x3F,0x3F,0xBF,0x3F,0x3E,0x3E,0x18,0x03,
    0x7F,0xFF,0xFF,0xE7,0xE7,0xE7,0xE7,0xBF,0xBF,0xFF,0xFF,0x9F,0xBF,0xBF,0xBE,0x70,
    0xF8,0xFD,0xFF,0xFF,0xFF,0xFF,0xFF,0xFF,0xFF,0xFF,0xFF,0xFF,0xFF,0xFF,0xFF,0xFF,
    0xFF,0xFF,0xFF,0xFF,0xFF,0xF8,0xFB,0xFF,0xFF,0xF3,0xE7,0xFF,0xFF,0xDF,0xDF,0x9F,
    0x3F,0x1F,0x7F,0x76,0xFD,0xFF,0xFF,0xFF,0xFF,0xFE,0xFD,0xFD,0xFD,0xFD,0xFD,0xFD,
    0xFF,0xFB,0xBB,0xFB,0xFB,0x69,0x12,0xDF,0xFF,0x7F,0xFF,0xFF,0xFF,0xFF,0xFF,0xFF,
    0xFF,0xFF,0xFF,0xFF,0xFF,0xFF,0xFF,0xFF,0xFF,0xFF,0xFF,0xFF,0x1F,0x1F,0x0F,0x0F,
    0x1F,0x3F,0x3F,0x3F,0x3F,0xFF,0xC1,0x3E,0x7F,0xFE,0xFC,0xFC,0x7D,0x77,0xFF,0xF0,
    0xF7,0xEF,0xCF,0xCF,0xFF,0xFF,0x1F,0xEF,0xF7,0xF8,0xF9,0xE3,0xEC,0xFE,0xFE,0xCF,
    0xE7,0x39,0x7F,0xFF,0xFF,0xFF,0xFF,0xFF,0xFF,0xFF,0xFF,0xFF,0xFB,0xFB,0xFF,0xFF,
    0xEF,0xEF,0xFF,0xFC,0xFC,0xFC,0xFE,0xFF,0x7F,0x7E,0xBE,0xDF,0xEF,0xF7,0x3A,0xFC,
    0xFE,0xFE,0x1E,0xF0,0xFF,0xFF,0xFF,0xFF,0xFF,0xFF,0xFF,0xFF,0xFF,0xFF,0xFF,0xFF,
    0xFF,0xFF,0xFF,0xFF,0xFF,0xFF,0xFF,0xFF,0xFE,0xF8,0x01,0xFF,0xFF,0xFF,0xFF,0xFF,
    0x9F,0x8F,0x8F,0x8F,0x9F,0x9F,0x9F,0x9F,0xBF,0xFF,0x87,0x8F,0x99,0x92,0x96,0x8F,
    0x8F,0x8F,0x8F,0x8F,0x8F,0x8F,0x9E,0xD7,0xFB,0xC0,0xBF,0x7F,0xFF,0xFF,0xFF,0xFF,
    0xFF,0xFF,0xFF,0xFF,0xFF,0xFF,0xF3,0xE7,0xE7,0xD7,0xBF,0x7F,0x7F,0x7F,0x03,0xFD,
    0xFC,0xFF,0xFF,0xFB,0xF9,0xF9,0xDB,0xCF,0xEF,0xFF,0xEF,0xEF,0xFF,0xF7,0xF7,0xF7,
    0xF7,0xE3,0xE3,0xE3,0xE7,0xE7,0xE7,0xE7,0xE3,0xE3,0xE3,0xF3,0xF3,0xF7,0xF7,0xF3,
    0xB3,0xB7,0xB7,0xB6,0xB5,0xBD,0xFD,0xF9,0x81,0x9D,0x9E,0xBF,0x9F,0x8F,0xB0,0xBF,
    0xBF,0xBF,0xBF,0xBF,0xBF,0xBF,0xBF,0xBF,0xBB,0xFB,0xBB,0xF7,0xFB,0xF3,0xF3,0xF3,
    0xF3,0xF1,0xF3,0xF3,0xF1,0xF6,0xF0,0xF1,
  },
  {
    0x3F,0x1F,0x9F,0xFF,0xCF,0x4F,0xDF,0xDF,0xFF,0xFF,0xFF,0xFF,0x7F,0xFF,0xFF,0xFF,
    0xFF,0xFF,0xFF,0xFF,0xFF,0xFF,0xFF,0xFF,0xFF,0x7F,0x7F,0xBF,0xDF,0xCF,0xEF,0xF7,
    0x7F,0xBF,0xE6,0xFF,0xFF,0xFF,0xFF,0xFF,0xFF,0xFF,0xFF,0xFF,0x07,0x87,0x86,0x86,
    0xCE,0xDC,0xFC,0xFE,0xFF,0xFF,0xFF,0xE6,0xE6,0xE7,0xEF,0xFF,0xFE,0xFF,0xEE,0xD8,
    0xE8,0xBB,0x7B,0x77,0x77,0xFF,0xEE,0xFE,0xFD,0x3D,0xBD,0xBC,0x7F,0xFE,0xFE,0xFE,
    0xFE,0xBF,0xDF,0x39,0xF1,0x1E,0xCE,0xE4,0x7B,0x7E,0x7F,0x7F,0xFF,0xFF,0xFF,0xFF,
    0xFF,0xFF,0xFF,0xF0,0xF1,0xF7,0x3F,0x3F,0x0F,0x0F,0x9F,0x9F,0xDF,0xFF,0x7F,0x7F,
    0x7F,0x1F,0x9F,0x9F,0x9F,0x1F,0x0F,0x1B,0x7D,0xFD,0xFB,0xF4,0xF0,0x67,0x9F,0xBF,
    0xB8,0xB1,0xB9,0xB8,0x9F,0xB7,0x37,0x07,0xBC,0xBC,0x9C,0xDC,0xA4,0x79,0xFF,0xFF,
    0xFF,0x3F,0xC7,0xF9,0xFF,0xFF,0xFF,0xFF,0xFF,0xFF,0xFF,0xFF,0xFF,0xFF,0xFF,0xFF,
    0xFF,0xFF,0xFE,0xFF,0xFD,0xF8,0xFB,0xFF,0xF3,0xF3,0xE7,0xFF,0xFF,0xDF,0xFF,0xFE,
    0x99,0xE7,0x8F,0x9F,0x06,0x37,0x7F,0xFF,0xFF,0x3F,0xFF,0xFF,0xFF,0xFF,0xFF,0xFF,
    0x7F,0xFF,0x1F,0xBF,0x7E,0x39,0xA1,0xFC,0xFC,0xF9,0xF3,0xEF,0x3F,0xFF,0xFF,0xFF,
    0xFF,0xFF,0xFF,0xFF,0xFF,0xFF,0xFF,0xFF,0xFF,0xFF,0xFF,0xFF,0x1F,0x1F,0x0F,0x0F,
    0x1F,0x3F,0x3F,0x3F,0x3F,0x7F,0xFF,0xFF,0x7F,0x7F,0xFF,0xFB,0x13,0xFB,0xF9,0xE7,
    0xF0,0xF8,0xF9,0xF1,0xBF,0xDF,0xFF,0xF0,0xFB,0xFF,0xFF,0xFE,0xFC,0xF9,0xF7,0xF7,
    0xF7,0xF7,0xF7,0xF0,0xF7,0xEF,0x9F,0xFF,0xFF,0xFF,0xFF,0xFF,0xFF,0xFB,0xFF,0xFF,
    0xEF,0xEF,0xEF,0xFC,0xFC,0xFC,0xFE,0xFF,0xFF,0xFE,0xFE,0xFE,0xFF,0xFE,0xFC,0xFC,
    0xFC,0xFF,0xFF,0x00,0xFF,0xFF,0xFF,0xFF,0xFF,0xFF,0xFF,0xFF,0xFF,0xFF,0xFF,0xFF,
    0xFF,0xFF,0xFF,0xFF,0xFF,0xFF,0xFF,0xFF,0xFF,0xFF,0xFF,0xFF,0xF7,0xF8,0xFB,0xFB,
    0x7B,0x87,0x87,0x8F,0xDF,0xDF,0x9F,0x9F,0xBF,0xFF,0x87,0x87,0x9F,0x9F,0x9F,0x9F,
    0x9F,0x9F,0x9F,0x9F,0x9F,0x9F,0x9F,0x9F,0xFF,0xFF,0xDC,0xD1,0xCF,0xBF,0xFF,0x7F,
    0x7F,0xFF,0xFF,0xFF,0xFF,0xFF,0xFF,0x0F,0xF1,0xFD,0xFE,0xFE,0xFF,0xFE,0xFD,0xF9,
    0xFB,0xFD,0xFD,0xFD,0xFD,0xFA,0xDE,0xDF,0xEF,0xFF,0xEF,0xEF,0xFF,0xF7,0xF7,0xF7,
    0xF7,0xE3,0xE3,0xE3,0xE7,0xE7,0xE7,0xE7,0xE3,0xE3,0xE3,0xF3,0xF3,0xF3,0xF3,0xF3,
    0xB3,0xB3,0xB3,0xB3,0xB3,0xB7,0xF3,0xD2,0x83,0x9F,0x9F,0x9F,0x9F,0xB3,0xB8,0xBF,
    0xBB,0xBF,0xBD,0xB5,0xB7,0xB7,0xBF,0xBF,0xBB,0xFB,0xBB,0xF3,0xF3,0xF3,0xF3,0xF3,
    0xF3,0xF1,0xF3,0xF3,0xF1,0xF6,0xF0,0xF1,
  },
  {
    0x3F,0x3F,0xBF,0xFF,0xCF,0x4F,0xDF,0xDF,0xFF,0xFF,0xFF,0xFF,0x7F,0xFF,0xFF,0xFF,
    0xFF,0xFF,0xFF,0xFF,0xFF,0xFF,0xFF,0xFF,0xFF,0x7F,0x7F,0xBF,0xDF,0xCF,0xEF,0xF7,
    0x7F,0xBF,0xFE,0xFF,0xFF,0xFF,0xFF,0xFF,0xFF,0xFF,0xFF,0xFF,0x07,0x87,0x86,0x87,
    0xCE,0xDC,0xFC,0xFE,0xFF,0xFF,0xFF,0xE6,0xE6,0xE7,0xEF,0xFF,0xFE,0xFF,0xEE,0xD8,
    0xE8,0xBB,0x7F,0x77,0x77,0xFF,0xEE,0xFE,0xFD,0x3D,0xBD,0xBC,0x7F,0xFE,0xFE,0xFE,
    0xFE,0xBF,0xDF,0x39,0xF1,0x3F,0xCE,0xE4,0x7B,0x7F,0xFF,0xFF,0xFF,0xFF,0xFF,0xFF,
    0xFF,0xFF,0xFF,0xF0,0xF1,0xF7,0xFF,0x3F,0x0F,0x0F,0x9F,0xDF,0xDF,0xFF,0x7F,0x7F,
    0x7F,0x1F,0x9F,0x9F,0x9F,0x1F,0x0F,0x1B,0x7D,0xFD,0xFB,0xF4,0xF0,0x67,0x9F,0xFF,
    0xB8,0xB1,0xB9,0xB8,0x9F,0xB7,0x37,0x07,0xBC,0xBC,0x9C,0xDC,0xA4,0x79,0xFF,0xFF,
    0xFF,0x3F,0xC7,0xF9,0xFF,0xFF,0xFF,0xFF,0xFF,0xFF,0xFF,0xFF,0xFF,0xFF,0xFF,0xFF,
    0xFF,0xFF,0xFF,0xFF,0xFF,0xF8,0xFB,0xFF,0xFF,0xF3,0xE7,0xFF,0xFF,0xFF,0xFF,0xFE,
    0xD9,0xE7,0x8F,0x9F,0x06,0x37,0xFF,0xFF,0xFF,0x3F,0xFF,0xFF,0xFF,0xFF,0xFF,0xFF,
    0x7F,0xFF,0x1F,0xBF,0x7E,0x39,0xA1,0xFC,0xFC,0xF9,0xF3,0xEF,0x3F,0xFF,0xFF,0xFF,
    0xFF,0xFF,0xFF,0xFF,0xFF,0xFF,0xFF,0xFF,0xFF,0xFF,0xFF,0xFF,0x1F,0x1F,0x0F,0x0F,
    0x1F,0x3F,0x3F,0x3F,0x3F,0x7F,0xFF,0xFF,0x7F,0x7F,0xFF,0xFB,0x13,0xFB,0xF9,0xE7,
    0xF0,0xF8,0xF9,0xF9,0xBF,0xFF,0xFF,0xF0,0xFB,0xFF,0xFF,0xFE,0xFC,0xF9,0xF7,0xF7,
    0xF7,0xF7,0xF7,0xF0,0xF7,0xEF,0x9F,0xFF,0xFF,0xFF,0xFF,0xFF,0xFF,0xFF,0xFF,0xFF,
    0xEF,0xEF,0xFF,0xFC,0xFC,0xFD,0xFE,0xFF,0xFF,0xFE,0xFE,0xFE,0xFF,0xFE,0xFE,0xFC,
    0xFC,0xFF,0xFF,0x00,0xFF,0xFF,0xFF,0xFF,0xFF,0xFF,0xFF,0xFF,0xFF,0xFF,0xFF,0xFF,
    0xFF,0xFF,0xFF,0xFF,0xFF,0xFF,0xFF,0xFF,0xFF,0xFF,0xFF,0xFF,0xF7,0xF9,0xFB,0xFB,
    0x7B,0x87,0x87,0x8F,0xDF,0xDF,0x9F,0xDF,0xBF,0xFF,0x8F,0x8F,0x9F,0x9F,0x9F,0x9F,
    0x9F,0x9F,0x9F,0x9F,0x9F,0x9F,0x9F,0x9F,0xFF,0xFF,0xDE,0xD1,0xCF,0xBF,0xFF,0x7F,
    0x7F,0xFF,0xFF,0xFF,0xFF,0xFF,0xFF,0x0F,0xF1,0xFD,0xFE,0xFE,0xFF,0xFF,0xFD,0xF9,
    0xFB,0xFD,0xFD,0xFD,0xFD,0xFA,0xDE,0xDF,0xEF,0xFF,0xEF,0xFF,0xFF,0xF7,0xF7,0xF7,
    0xF7,0xE3,0xE3,0xE3,0xE7,0xE7,0xE7,0xE7,0xE3,0xE3,0xF3,0xF3,0xF3,0xF7,0xF7,0xF3,
    0xB3,0xB3,0xB3,0xB3,0xB3,0xB3,0xFB,0xD2,0x83,0x9F,0x9F,0x9F,0x9F,0xB3,0xB8,0xBF,
    0xBB,0xBF,0xBF,0xB5,0xBF,0xB7,0xBF,0xBF,0xBB,0xFB,0xBB,0xF7,0xFB,0xF3,0xF3,0xF3,
    0xF3,0xF1,0xF3,0xF3,0xF1,0xF6,0xF0,0xF1,
  },
  {
    0x3F,0x3F,0xBF,0xFF,0xCF,0x4F,0xDF,0xDF,0xFF,0xFF,0xFF,0xFF,0x7F,0xFF,0xFF,0xFF,
    0xFF,0xFF,0xFF,0xFF,0xFF,0xFF,0xFF,0xFF,0xFF,0x7F,0x7F,0xBF,0xDF,0xCF,0xEF,0xF7,
    0x7F,0xBF,0xFE,0xFF,0xFF,0xFF,0xFF,0xFF,0xFF,0xFF,0xFF,0xFF,0x07,0x87,0x86,0x87,
    0xCE,0xDC,0xFC,0xFE,0xFF,0xFF,0xFF,0xE6,0xE6,0xE7,0xEF,0xFF,0xFE,0xFF,0xEE,0xD8,
    0xE8,0xBB,0x7F,0x77,0x77,0xFF,0xEE,0xFE,0xFD,0x3D,0xBD,0xBC,0x7F,0xFE,0xFE,0xFE,
    0xFE,0xBF,0xDF,0x39,0xF1,0x3F,0xCE,0xE4,0x7B,0x7F,0xFF,0xFF,0xFF,0xFF,0xFF,0xFF,
    0xFF,0xFF,0xFF,0xF0,0xF1,0xF7,0xFF,0x3F,0x0F,0x0F,0x9F,0xDF,0xDF,0xFF,0x7F,0x7F,
    0x7F,0x1F,0x9F,0x9F,0x9F,0x1F,0x0F,0x1B,0x7D,0xFD,0xFB,0xF4,0xF0,0x67,0x9F,0xFF,
    0xB8,0xB1,0xB9,0xB8,0x9F,0xB7,0x37,0x07,0xBC,0xBC,0x9C,0xDC,0xA4,0x79,0xFF,0xFF,
    0xFF,0x3F,0xC7,0xF9,0xFF,0xFF,0xFF,0xFF,0xFF,0xFF,0xFF,0xFF,0xFF,0xFF,0xFF,0xFF,
    0xFF,0xFF,0xFF,0xFF,0xFF,0xF8,0xFB,0xFF,0xFF,0xF3,0xE7,0xFF,0xFF,0xFF,0xFF,0xFE,
    0x99,0xE7,0x8F,0x9F,0x06,0x37,0xFF,0xFF,0xFF,0x3F,0xFF,0xFF,0xFF,0xFF,0xFF,0xFF,
    0x7F,0xFF,0x1F,0xBF,0x7E,0x39,0xA1,0xFC,0xFC,0xF9,0xF3,0xEF,0x3F,0xFF,0xFF,0xFF,
    0xFF,0xFF,0xFF,0xFF,0xFF,0xFF,0xFF,0xFF,0xFF,0xFF,0xFF,0xFF,0x1F,0x1F,0x0F,0x0F,
    0x1F,0x3F,0x3F,0x3F,0x3F,0x7F,0xFF,0xFF,0x7F,0x7F,0xFF,0xFB,0x13,0xFB,0xF9,0xE7,
    0xF0,0xF8,0xF9,0xF9,0xBF,0xFF,0xFF,0xF0,0xFB,0xFF,0xFF,0xFE,0xFC,0xF9,0xF7,0xF7,
    0xF7,0xF7,0xF7,0xF0,0xF7,0xEF,0x9F,0xFF,0xFF,0xFF,0xFF,0xFF,0xFB,0xFB,0xFF,0xFF,
    0xEF,0xEF,0xFF,0xFC,0xFC,0xFD,0xFE,0xFF,0xFF,0xFE,0xFE,0xFE,0xFF,0xFE,0xFE,0xFC,
    0xFC,0xFF,0xFF,0x00,0xFF,0xFF,0xFF,0xFF,0xFF,0xFF,0xFF,0xFF,0xFF,0xFF,0xFF,0xFF,
    0xFF,0xFF,0xFF,0xFF,0xFF,0xFF,0xFF,0xFF,0xFF,0xFF,0xFF,0xFF,0xF7,0xF9,0xFB,0xFB,
    0x7B,0x87,0x87,0x8F,0xDF,0xDF,0x9F,0xDF,0xBF,0xFF,0x8F,0x8F,0x9F,0x9F,0x9F,0x9F,
    0x9F,0x9F,0x9F,0x9F,0x9F,0x9F,0x9F,0x9F,0xFF,0xFF,0xDE,0xD1,0xCF,0xBF,0xFF,0x7F,
    0x7F,0xFF,0xFF,0xFF,0xFF,0xFF,0xFF,0x0F,0xF1,0xFD,0xFE,0xFE,0xFF,0xFF,0xFD,0xF9,
    0xFB,0xFD,0xFD,0xFD,0xFD,0xFE,0xDE,0xDF,0xEF,0xFF,0xEF,0xFF,0xFF,0xF7,0xF7,0xF7,
    0xF7,0xE3,0xE3,0xE3,0xE7,0xE7,0xE7,0xE7,0xE3,0xE3,0xF3,0xF3,0xF3,0xF7,0xF7,0xF3,
    0xB3,0xB3,0xB3,0xB3,0xB3,0xB3,0xFB,0xD2,0x83,0x9F,0x9F,0x9F,0x8F,0xB3,0xF8,0xBF,
    0xBB,0xBF,0xBF,0xB7,0xBF,0xB7,0xBF,0xBF,0xBB,0xFB,0xBB,0xF7,0xFB,0xF3,0xF3,0xF3,
    0xF3,0xF1,0xF3,0xF3,0xF1,0xF6,0xF0,0xF1,
  },
  {
    0x3F,0x3F,0xBF,0xFF,0xCF,0xEF,0xDF,0xDF,0xFF,0xFF,0xFF,0x7F,0x7F,0x7F,0xFF,0xFF,
    0xFF,0xFF,0xFF,0xFF,0xFF,0x7F,0x7F,0x7F,0xFF,0xFF,0x7F,0xBF,0xFF,0xDF,0xEF,0xEF,
    0x7F,0xBF,0xFF,0x81,0xFF,0xFF,0xFF,0xFF,0xFF,0xFF,0xFF,0xFF,0x07,0x87,0x86,0x87,
    0xCE,0xDC,0xFC,0xFE,0xFF,0xFF,0xFF,0xE6,0xE6,0xE7,0xFF,0xFF,0xFF,0xF7,0xCC,0xF8,
    0xC9,0x7B,0x7F,0x77,0xD7,0xEE,0xEE,0xFE,0xFD,0x3D,0xDC,0xBE,0x7F,0xFF,0xFE,0xFE,
    0xFE,0xDE,0xDF,0x3B,0xB5,0x39,0x9E,0xE4,0xFF,0x7F,0x7F,0x7F,0xFF,0xFF,0xFF,0xFF,
    0xFF,0xFF,0xFF,0xF0,0xF1,0xF7,0xFF,0xBF,0x0F,0x0F,0x9F,0xDF,0xDF,0xFF,0x7F,0x7F,
    0x7F,0x1F,0x9F,0x9F,0x9F,0x1F,0x0F,0x7B,0xFF,0xFB,0xF6,0xF4,0xE0,0xCF,0x9F,0xFC,
    0xB8,0xB9,0xB9,0xBC,0x87,0xB7,0x37,0x87,0xBC,0xBC,0xDC,0xCF,0xD4,0x79,0xBD,0xFE,
    0xFF,0x7F,0x1F,0x27,0x7F,0xFF,0xFF,0xFF,0xFF,0xFF,0xFF,0xFF,0xFF,0xFF,0xFF,0xFF,
    0xFF,0xFF,0xFF,0xFF,0xFF,0xF8,0xFB,0xFF,0xFF,0xF3,0xF7,0xFF,0xFF,0xFF,0xFF,0xFF,
    0xFB,0x87,0x9F,0x9E,0x8F,0x37,0x7F,0xFF,0xFF,0xDF,0x3F,0xFF,0xFF,0xFF,0xFF,0xFF,
    0xFF,0xFB,0x0F,0x1F,0x3E,0x7E,0x81,0xCE,0xFE,0xFE,0xFE,0xFE,0xFC,0xFA,0xE7,0x8F,
    0x7F,0xFF,0xFF,0xFF,0xFF,0xFF,0xFF,0xFF,0xFF,0xFF,0xFF,0xFF,0x1F,0x1F,0x0F,0x0F,
    0x1F,0x3F,0x3F,0x3F,0x3F,0x7F,0xFF,0xFF,0x7F,0x7F,0xFE,0xFF,0x03,0xC0,0xFC,0xFD,
    0xFB,0xF2,0xF0,0xF8,0xF9,0xF7,0xCF,0xF7,0xEF,0xEC,0xFF,0xFF,0xFC,0xF9,0xFB,0xFB,
    0xFB,0xFB,0xFB,0xFB,0xF3,0xF7,0x03,0xFC,0xFF,0xFF,0xFF,0xFF,0xFB,0xFB,0xFF,0xFF,
    0xEF,0xEF,0xFF,0xFC,0xFC,0xFC,0xFC,0xFF,0xFF,0xFE,0xFE,0xFE,0xFF,0xFE,0xFC,0xFC,
    0xFE,0xFF,0xFF,0xC0,0x7F,0xFF,0xFF,0xFF,0xFF,0xFF,0xFF,0xFF,0xFF,0xFF,0xFF,0xFF,
    0xFF,0xFF,0xFF,0xFF,0xFF,0xFF,0xFF,0xFF,0xFF,0xFF,0xFF,0xFB,0xFD,0xFD,0x7D,0xBD,
    0x8D,0xC1,0xC1,0x8F,0xDF,0xDF,0x9F,0xDF,0xBF,0xFF,0x8F,0x8F,0x9F,0x9F,0x9F,0x9F,
    0x9F,0x9F,0x9F,0x9F,0x9F,0x9F,0x9F,0x9F,0xFF,0xFF,0xDF,0xD0,0xCF,0xBF,0xFF,0x7F,
    0xFF,0xFF,0xFF,0xFF,0xFF,0xFF,0xFF,0x0F,0xF1,0xFD,0xFE,0xFE,0xFF,0xFF,0xFE,0xFD,
    0xFD,0xFD,0xFE,0xFE,0xFA,0xFB,0xDF,0xDF,0xEF,0xFF,0xEF,0xEF,0xFF,0xF7,0xF7,0xF7,
    0xF7,0xE3,0xE3,0xE3,0xE7,0xE7,0xE7,0xE7,0xE3,0xE3,0xF3,0xE3,0xF3,0xF7,0xF7,0xF3,
    0xB3,0xB3,0xB3,0xB3,0xB3,0xB3,0xFB,0xD2,0x83,0x9F,0x9F,0x9F,0x9F,0xB3,0xF8,0xBF,
    0xBB,0xBF,0xBF,0xB7,0xBF,0xB7,0xBF,0xBF,0xBB,0xFB,0xBB,0xF7,0xFB,0xF3,0xF3,0xF3,
    0xF3,0xF1,0xF3,0xF3,0xF1,0xF6,0xF0,0xF1,
  },
  {
    0x3F,0x3F,0xBF,0xFF,0xCF,0xEF,0xDF,0xDF,0xFF,0xFF,0xFF,0x7F,0x7F,0x7F,0xFF,0xFF,
    0xFF,0xFF,0xFF,0xFF,0xFF,0x7F,0x7F,0x7F,0xFF,0xFF,0x7F,0xBF,0xFF,0xDF,0xEF,0xEF,
    0x7F,0xFF,0xFF,0x81,0xFF,0xFF,0xFF,0xFF,0xFF,0xFF,0xFF,0xFF,0x07,0x87,0x86,0x87,
    0xCE,0xDC,0xFC,0xFE,0xFF,0xFF,0xFF,0xE6,0xE6,0xE7,0xFF,0xFF,0xFF,0xF7,0xCC,0xF8,
    0xC9,0x7B,0x7F,0x77,0xD7,0xCE,0xEE,0xFE,0xFD,0x3D,0xDC,0xBC,0x7F,0xFF,0xFE,0xFE,
    0xFF,0xDE,0xDF,0x3B,0xF5,0x39,0x9E,0xE4,0xFF,0x7F,0x7F,0x7F,0xFF,0xFF,0xFF,0xFF,
    0xFF,0xFF,0xFF,0xF0,0xF1,0xF7,0xFF,0x3F,0x0F,0x0F,0x9F,0xDF,0xDF,0xFF,0x7F,0x7F,
    0x7F,0x1F,0x9F,0x9F,0x9F,0x1F,0x0F,0x7B,0xFF,0xFB,0xF6,0xF4,0xE0,0xCF,0x9F,0xFC,
    0xB8,0xB9,0xB9,0xBC,0x87,0xB7,0x37,0x87,0xBC,0xBC,0xDC,0xCF,0xD4,0x79,0xBD,0xFE,
    0xFF,0x7F,0x1F,0x27,0x7F,0xFF,0xFF,0xFF,0xFF,0xFF,0xFF,0xFF,0xFF,0xFF,0xFF,0xFF,
    0xFF,0xFF,0xFF,0xFF,0xFF,0xF8,0xFB,0xFF,0xFF,0xF3,0xF7,0xFF,0xFF,0xFF,0xFF,0xFF,
    0xFB,0x87,0x9F,0x9E,0x8F,0x37,0x7F,0xFF,0xFF,0xDF,0x3F,0xFF,0xFF,0xFF,0xFF,0xFF,
    0xFF,0xFB,0x0F,0x1F,0x3E,0x7E,0x81,0xCE,0xFE,0xFE,0xFE,0xFE,0xFC,0xFA,0xE7,0x8F,
    0xFF,0xFF,0xFF,0xFF,0xFF,0xFF,0xFF,0xFF,0xFF,0xFF,0xFF,0xFF,0x1F,0x1F,0x0F,0x0F,
    0x1F,0x3F,0x3F,0x3F,0x3F,0x7F,0xFF,0xFF,0x7F,0x7F,0xFE,0xFF,0x03,0xC0,0xFC,0xFD,
    0xFB,0xF2,0xF4,0xF8,0xF9,0xF7,0xCF,0xF7,0xEF,0xEC,0xFF,0xFF,0xFC,0xF9,0xFB,0xFB,
    0xFB,0xFB,0xFB,0xFB,0xF3,0xF7,0x03,0xFC,0xFF,0xFF,0xFF,0xFF,0xFB,0xFB,0xFF,0xFF,
    0xEF,0xEF,0xFF,0xFC,0xFC,0xFC,0xFD,0xFF,0xFF,0xFE,0xFE,0xFE,0xFF,0xFE,0xFC,0xFC,
    0xFE,0xFF,0xFF,0xC0,0x7F,0xFF,0xFF,0xFF,0xFF,0xFF,0xFF,0xFF,0xFF,0xFF,0xFF,0xFF,
    0xFF,0xFF,0xFF,0xFF,0xFF,0xFF,0xFF,0xFF,0xFF,0xFF,0xFF,0xFB,0xFD,0xFD,0x7D,0xBD,
    0x85,0xC1,0xC1,0x8F,0xDF,0xDF,0x9F,0xDF,0xBF,0xFF,0x8F,0x8F,0x9F,0x9F,0x9F,0x9F,
    0x9F,0x9F,0x9F,0x9F,0x9F,0x9F,0x9F,0x9F,0xFF,0xFF,0xDF,0xD0,0xCF,0xBF,0x7F,0x7F,
    0xFF,0xFF,0xFF,0xFF,0xFF,0xFF,0xFF,0x0F,0xF1,0xFD,0xFE,0xFE,0xFE,0xFF,0xFE,0xFD,
    0xFD,0xFD,0xFE,0xFE,0xFA,0xFB,0xDF,0xDF,0xEF,0xFF,0xEF,0xEF,0xFF,0xFF,0xF7,0xF7,
    0xF7,0xE3,0xE3,0xE3,0xE7,0xE7,0xE7,0xE7,0xE3,0xE3,0xF3,0xE3,0xF3,0xF7,0xF7,0xF3,
    0xB3,0xB3,0xB3,0xB3,0xB3,0xB3,0xFB,0xD2,0x83,0x8F,0x9F,0x9F,0x9F,0xB3,0xF8,0xBF,
    0xBB,0xBF,0xBF,0xB7,0xBF,0xB7,0xBF,0xBF,0xBB,0xFB,0xBB,0xF7,0xFB,0xF3,0xF3,0xF3,
    0xF3,0xF1,0xF3,0xF3,0xF1,0xF6,0xF0,0xF1,
  },
  {
    0x3F,0x3F,0xBF,0xFF,0xCF,0xEF,0xDF,0xDF,0xFF,0xFF,0xFF,0x7F,0x7F,0x7F,0xFF,0xFF,
    0xFF,0xFF,0xFF,0xFF,0xFF,0x7F,0x7F,0x7F,0xFF,0xFF,0x7F,0xBF,0xFF,0xDF,0xEF,0xEF,
    0x7F,0xFF,0xFF,0x81,0xFF,0xFF,0xFF,0xFF,0xFF,0xFF,0xFF,0xFF,0x07,0x87,0x86,0x87,
    0xCE,0xDC,0xFC,0xFE,0xFF,0xFF,0xFF,0xE6,0xE6,0xE7,0xFF,0xFF,0xFF,0xF7,0xCC,0xF8,
    0xC9,0x7B,0x7F,0x77,0xD7,0xCE,0xEE,0xFE,0xFD,0x3D,0xDC,0xBC,0x7F,0xFF,0xFE,0xFE,
    0xFF,0xDE,0xDF,0x3B,0xB5,0x39,0x9E,0xE4,0xFF,0x7F,0x7F,0x7F,0xFF,0xFF,0xFF,0xFF,
    0xFF,0xFF,0xFF,0xF0,0xF1,0xF7,0xFF,0x3F,0x0F,0x0F,0x9F,0xDF,0xDF,0xFF,0x7F,0x7F,
    0x7F,0x1F,0x9F,0x9F,0x9F,0x1F,0x0F,0x7B,0xFF,0xFB,0xF6,0xF4,0xE0,0xCF,0x9F,0xFC,
    0xB8,0xB9,0xB9,0xBC,0x87,0xB7,0x37,0x87,0xBC,0xBC,0xDC,0xCF,0xD4,0x79,0xBD,0xFE,
    0xFF,0x7F,0x1F,0x27,0x7F,0xFF,0xFF,0xFF,0xFF,0xFF,0xFF,0xFF,0xFF,0xFF,0xFF,0xFF,
    0xFF,0xFF,0xFF,0xFF,0xFF,0xF8,0xFB,0xFF,0xFF,0xF3,0xF7,0xFF,0xFF,0xFF,0xFF,0xFF,
    0xFB,0x87,0x9F,0x9E,0x8F,0x37,0x7F,0xFF,0xFF,0xDF,0x3F,0xFF,0xFF,0xFF,0xFF,0xFF,
    0xFF,0xFB,0x0F,0x1F,0x3E,0x7E,0x81,0xCE,0xFE,0xFE,0xFE,0xFE,0xFC,0xFA,0xE7,0x8F,
    0xFF,0xFF,0xFF,0xFF,0xFF,0xFF,0xFF,0xFF,0xFF,0xFF,0xFF,0xFF,0x1F,0x1F,0x0F,0x0F,
    0x1F,0x3F,0x3F,0x3F,0x3F,0x7F,0xFF,0xFF,0x7F,0x7F,0xFE,0xFF,0x43,0xC0,0xFC,0xFD,
    0xFB,0xF2,0xF4,0xF8,0xF9,0xF7,0xCF,0xF7,0xEF,0xEC,0xFF,0xFF,0xFC,0xF9,0xFB,0xFB,
    0xFB,0xFB,0xFB,0xFB,0xF3,0xF7,0x03,0xFC,0xFF,0xFF,0xFF,0xFF,0xFB,0xFB,0xFF,0xFF,
    0xEF,0xEF,0xEF,0xFC,0xFC,0xFC,0xFD,0xFF,0xFF,0xFE,0xFE,0xFE,0xFF,0xFE,0xFC,0xFC,
    0xFE,0xFF,0xFF,0xC0,0x7F,0xFF,0xFF,0xFF,0xFF,0xFF,0xFF,0xFF,0xFF,0xFF,0xFF,0xFF,
    0xFF,0xFF,0xFF,0xFF,0xFF,0xFF,0xFF,0xFF,0xFF,0xFF,0xFF,0xFB,0xFD,0xFD,0x7D,0xBD,
    0x85,0xC1,0xC1,0xCF,0xDF,0xDF,0x9F,0xDF,0xBF,0xFF,0x8F,0x8F,0x9F,0x9F,0x9F,0x9F,
    0x9F,0x9F,0x9F,0x9F,0x9F,0x9F,0x9F,0x9F,0xFF,0xFF,0xDF,0xD0,0xCF,0xBF,0x7F,0x7F,
    0xFF,0xFF,0xFF,0xFF,0xFF,0xFF,0xFF,0x0F,0xF1,0xFD,0xFE,0xFE,0xFE,0xFF,0xFE,0xFD,
    0xFD,0xFD,0xFE,0xFE,0xFA,0xFB,0xDF,0xDF,0xEF,0xFF,0xEF,0xEF,0xFF,0xFF,0xF7,0xF7,
    0xF7,0xE3,0xE3,0xE3,0xE7,0xE7,0xE7,0xE7,0xE3,0xE3,0xF3,0xE3,0xF3,0xF7,0xF7,0xF3,
    0xB3,0xB3,0xB3,0xB3,0xB3,0xB3,0xFB,0xD2,0x83,0x8F,0x9F,0x9F,0x9F,0xB3,0xF8,0xBF,
    0xBF,0xBF,0xBF,0xB7,0xBF,0xB7,0xBF,0xBF,0xBB,0xFB,0xBB,0xF7,0xFB,0xF3,0xF3,0xF3,
    0xF3,0xF1,0xF3,0xF3,0xF1,0xF6,0xF0,0xF1,
  },
  {
    0x1F,0x1F,0x9F,0xDF,0xFF,0xCF,0xCF,0x0F,0xFF,0xFF,0xFF,0xFF,0xFF,0xFF,0xFF,0xFF,
    0xFF,0xFF,0xFF,0xFF,0xFF,0xFF,0xFF,0xFF,0xFF,0xFF,0xFF,0xFF,0xFF,0x3F,0xDF,0xEF,
    0xF7,0xFB,0xF1,0xFF,0xFF,0xFF,0xFF,0xFF,0xFF,0xFF,0xFF,0xFF,0x27,0x87,0x86,0x87,
    0xCE,0xDC,0xFC,0xFF,0xFF,0xFF,0xFF,0xE6,0xE6,0xE7,0xEF,0xE7,0xEF,0xEF,0xE7,0xDF,
    0xF7,0xCE,0xCE,0xED,0xDD,0xDD,0xBB,0x3B,0xF7,0xF7,0xFF,0xEF,0xE7,0xF7,0xFF,0xFF,
    0xF3,0xF7,0xF3,0xFC,0xFF,0xD7,0x9B,0x14,0xCF,0xFB,0xFF,0xFF,0xFF,0xFF,0xFF,0xFF,
    0xFF,0xFF,0xFF,0xF0,0xF1,0xF7,0xFF,0xBF,0x0F,0x0F,0x9F,0xDF,0xDF,0xFF,0x7F,0x7F,
    0x7F,0x1F,0xBF,0xBF,0xBF,0x3F,0x3F,0x3F,0x3F,0x3E,0xBC,0x3F,0x3B,0x33,0x07,0x7F,
    0xFF,0xE3,0xE0,0xE6,0xE2,0xF3,0xBF,0x9F,0xFF,0xFF,0xED,0xCD,0xC3,0xFC,0x2E,0xFE,
    0xFF,0xFF,0xFF,0xFF,0xFF,0xFF,0xFF,0xFF,0xFF,0xFF,0xFF,0xFF,0xFF,0xFF,0xFF,0xFF,
    0xFF,0xFF,0xFF,0xFF,0xFF,0xF8,0xFF,0xFF,0xFF,0xF3,0xF7,0xFF,0xFF,0xFF,0xDF,0xFF,
    0x7F,0x3F,0x9F,0xBE,0x3A,0x7A,0xFC,0xFE,0xFE,0xFE,0xFE,0xFE,0xFF,0xFD,0xFD,0xF9,
    0xFD,0xFD,0xDD,0xFC,0xBC,0x39,0xE1,0xCF,0xDF,0x3F,0x7F,0xFF,0x77,0x87,0x8F,0x7F,
    0xFF,0xFF,0xFF,0xFF,0xFF,0xFF,0xFF,0xFF,0xFF,0xFF,0xFF,0xFF,0x1F,0x1F,0x0F,0x0F,
    0x1F,0x3F,0x3F,0x3F,0x3F,0x7F,0xFF,0xF8,0x7B,0x77,0xF7,0xF7,0x10,0xF1,0xFF,0xFF,
    0xED,0xC1,0xF3,0xF7,0xF7,0xF1,0xF3,0xDF,0xDF,0xFF,0xF7,0xF3,0xC0,0xFC,0xDB,0xDB,
    0xF9,0xBE,0x77,0xCF,0xFF,0xFF,0xFE,0xF1,0xFF,0xFF,0xFF,0xFF,0xFB,0xFB,0xFF,0xFF,
    0xEF,0xEF,0xEF,0xFC,0xFC,0xFC,0xFD,0xFF,0xFF,0xFE,0xFE,0xFE,0xFF,0xFE,0xFE,0xFC,
    0xFF,0xFF,0x03,0xFE,0xFF,0xFF,0xFF,0xFF,0xFF,0xFF,0xFF,0xFF,0xFF,0xFF,0xFF,0xFF,
    0xFF,0xFF,0xFF,0xFF,0xFF,0xFF,0xFF,0xFF,0xFF,0xFE,0x00,0xFE,0xFF,0xFF,0xFF,0xFF,
    0x9F,0x8F,0x8F,0x8F,0x9F,0x9F,0x9F,0xDF,0xBF,0xFF,0x8F,0x87,0x9F,0x9F,0x9F,0x9F,
    0x9F,0x9F,0x9F,0x9F,0x9F,0x9F,0x9F,0xDF,0xFF,0xE0,0x9F,0x7F,0xFF,0xFF,0xFF,0xFF,
    0xFF,0xFF,0xFF,0xFF,0xFF,0xFF,0xF7,0x87,0xE7,0xD7,0x7F,0xFF,0xFF,0xFF,0xF3,0x03,
    0xFC,0xFE,0xFF,0xFB,0xF9,0xF9,0xDB,0xCF,0xEF,0xFF,0xEF,0xFF,0xFF,0xFF,0xF7,0xF7,
    0xF7,0xE3,0xE3,0xE3,0xE7,0xE7,0xE7,0xE7,0xE7,0xE3,0xF3,0xE3,0xF3,0xF7,0xF7,0xF3,
    0xB3,0xB7,0xB7,0xB6,0xB6,0xB7,0xFD,0xF5,0x81,0x9C,0x9E,0xBF,0x9F,0xC7,0xF0,0xBF,
    0xBF,0xBF,0xBE,0xBE,0xBC,0xBE,0xBF,0xBF,0xBB,0xFB,0xBB,0xFF,0xFB,0xF3,0xF3,0xF3,
    0xF3,0xF1,0xF3,0xF3,0xF1,0xF6,0xF0,0xF1,
  },
  {
    0x1F,0x1F,0x9F,0xDF,0xFF,0xCF,0xCF,0x0F,0xFF,0xFF,0xFF,0xFF,0xFF,0xFF,0xFF,0xFF,
    0xFF,0xFF,0xFF,0xFF,0xFF,0xFF,0xFF,0xFF,0xFF,0xFF,0xFF,0xFF,0xFF,0x3F,0xDF,0xEF,
    0xF7,0xFB,0xF1,0xFF,0xFF,0xFF,0xFF,0xFF,0xFF,0xFF,0xFF,0xFF,0x27,0x87,0x86,0x87,
    0xCE,0xDC,0xFC,0xFF,0xFF,0xFF,0xFF,0xE6,0xE6,0xE7,0xEF,0xE7,0xEF,0xEF,0xE7,0xDF,
    0xF7,0xCE,0xCE,0xED,0xDD,0xDD,0xBB,0x3B,0xF7,0xF7,0xFF,0xEF,0xE7,0xF7,0xF7,0xFF,
    0xF3,0xF7,0xF3,0xFC,0xFF,0xD7,0x9F,0x14,0xCF,0xFB,0xFF,0xFF,0xFF,0xFF,0xFF,0xFF,
    0xFF,0xFF,0xFF,0xF0,0xF1,0xF7,0xFF,0x3F,0x8F,0x0F,0x9F,0xDF,0xDF,0xFF,0x7F,0x7F,
    0x7F,0x1F,0xBF,0xBF,0xBF,0x3F,0x3F,0x3F,0x3F,0x3E,0xBC,0x3F,0x3B,0x33,0x07,0x7F,
    0xFF,0xE3,0xE0,0xE6,0xE2,0xF3,0xBF,0x9F,0xFF,0xFF,0xED,0xCD,0xC3,0xFC,0x2E,0xFE,
    0xFF,0xFF,0xFF,0xFF,0xFF,0xFF,0xFF,0xFF,0xFF,0xFF,0xFF,0xFF,0xFF,0xFF,0xFF,0xFF,
    0xFF,0xFF,0xFF,0xFF,0xFF,0xF8,0xFF,0xFF,0xFF,0xF3,0xF7,0xFF,0xFF,0xFF,0xDF,0xFF,
    0x7F,0x3F,0x9F,0xBE,0x3A,0x7A,0xFC,0xFE,0xFE,0xFE,0xFE,0xFE,0xFF,0xFD,0xFD,0xF9,
    0xFD,0xFD,0xDD,0xFC,0xBC,0x39,0xE1,0xCF,0xDF,0x3F,0x7F,0xFF,0x77,0x87,0x8F,0x7F,
    0xFF,0xFF,0xFF,0xFF,0xFF,0xFF,0xFF,0xFF,0xFF,0xFF,0xFF,0xFF,0x1F,0x1F,0x0F,0x0F,
    0x1F,0x3F,0x3F,0x3F,0x3F,0x7F,0xFF,0xF8,0x7B,0x77,0xF7,0xF7,0x10,0xF1,0xFF,0xFF,
    0xED,0xC1,0xF3,0xF7,0xF7,0xF1,0xF3,0xDF,0xDF,0xFF,0xF7,0xF3,0xC0,0xFC,0xDB,0xDB,
    0xF9,0xBE,0x77,0xCF,0xFF,0xFF,0xFE,0xF1,0xFF,0xFF,0xFF,0xFF,0xFB,0xFB,0xFF,0xFF,
    0xEF,0xEF,0xEF,0xFC,0xFC,0xFC,0xFD,0xFF,0xFF,0xFE,0xFE,0xFE,0xFF,0xFE,0xFE,0xFC,
    0xFF,0xFF,0x03,0xFE,0xFF,0xFF,0xFF,0xFF,0xFF,0xFF,0xFF,0xFF,0xFF,0xFF,0xFF,0xFF,
    0xFF,0xFF,0xFF,0xFF,0xFF,0xFF,0xFF,0xFF,0xFF,0xFE,0x00,0xFE,0xFF,0xFF,0xFF,0xFF,
    0x9F,0x8F,0x8F,0x8F,0x9F,0x9F,0x9F,0xDF,0xBF,0xFF,0x8F,0x87,0x9F,0x9F,0x9F,0x9F,
    0x9F,0x9F,0x9F,0x9F,0x9F,0x9F,0x9F,0xDF,0xFF,0xE0,0x9F,0x7F,0xFF,0xFF,0xFF,0xFF,
    0xFF,0xFF,0xFF,0xFF,0xFF,0xFF,0xF7,0x07,0xE7,0xD7,0x7F,0xFF,0xFF,0xFF,0xF3,0x03,
    0xFC,0xFE,0xFF,0xFB,0xF9,0xF9,0xDB,0xCF,0xEF,0xFF,0xEF,0xFF,0xFF,0xFF,0xF7,0xF7,
    0xF7,0xE3,0xE3,0xE3,0xE7,0xE7,0xE7,0xE7,0xE3,0xE3,0xF3,0xE7,0xF3,0xF7,0xF7,0xF3,
    0xB3,0xB7,0xB7,0xB6,0xB6,0xB7,0xFD,0xF5,0x81,0x9C,0x9E,0xBF,0x9F,0xC7,0xF0,0xBF,
    0xBF,0xBF,0xBE,0xBE,0xBC,0xBE,0xBF,0xBF,0xBF,0xFB,0xBB,0xFF,0xFB,0xF3,0xF3,0xF3,
    0xF3,0xF1,0xF3,0xF3,0xF1,0xF6,0xF0,0xF1,
  },
  {
    0x1F,0x1F,0x9F,0xDF,0xFF,0xCF,0xCF,0x0F,0xFF,0xFF,0xFF,0xFF,0xFF,0xFF,0xFF,0xFF,
    0xFF,0xFF,0xFF,0xFF,0xFF,0xFF,0xFF,0xFF,0xFF,0xFF,0xFF,0xFF,0xFF,0x3F,0xDF,0xEF,
    0xF7,0xFB,0xF1,0xFF,0xFF,0xFF,0xFF,0xFF,0xFF,0xFF,0xFF,0xFF,0x27,0x87,0x86,0x87,
    0xCE,0xDC,0xFC,0xFF,0xFF,0xFF,0xFF,0xE6,0xE6,0xE7,0xEF,0xE7,0xEF,0xEF,0xE7,0xDF,
    0xF7,0xCE,0xCE,0xED,0xDD,0xDD,0xBB,0x3B,0xF7,0xF7,0xFF,0xEF,0xE7,0xF7,0xF7,0xFF,
    0xF3,0xF7,0xF3,0xFC,0xFF,0xD7,0x9B,0x14,0xCF,0xFB,0xFF,0xFF,0xFF,0xFF,0xFF,0xFF,
    0xFF,0xFF,0xFF,0xF0,0xF1,0xF7,0xFF,0x3F,0x8F,0x0F,0x9F,0xDF,0xDF,0xFF,0x7F,0x7F,
    0x7F,0x1F,0xBF,0xBF,0xBF,0x3F,0x3F,0x3F,0x3F,0x3E,0xBC,0x3F,0x3B,0x33,0x07,0x7F,
    0xFF,0xE3,0xE0,0xE6,0xE2,0xF3,0xBF,0x9F,0xFF,0xFF,0xED,0xCD,0xC3,0xFC,0x2E,0xFE,
    0xFF,0xFF,0xFF,0xFF,0xFF,0xFF,0xFF,0xFF,0xFF,0xFF,0xFF,0xFF,0xFF,0xFF,0xFF,0xFF,
    0xFF,0xFF,0xFF,0xFF,0xFF,0xF8,0xFF,0xFF,0xFF,0xF3,0xF7,0xFF,0xFF,0xFF,0xDF,0xFF,
    0x7F,0x3F,0x9F,0xBE,0x3A,0x7A,0xFC,0xFE,0xFE,0xFE,0xFE,0xFE,0xFF,0xFD,0xFD,0xF9,
    0xFD,0xFD,0xDD,0xFC,0xBC,0x39,0xE1,0xCF,0xDF,0x3F,0x7F,0xFF,0x77,0x87,0x8F,0x7F,
    0xFF,0xFF,0xFF,0xFF,0xFF,0xFF,0xFF,0xFF,0xFF,0xFF,0xFF,0xFF,0x1F,0x1F,0x0F,0x0F,
    0x1F,0x3F,0x3F,0x3F,0x3F,0x7F,0xFF,0xF8,0x7B,0x77,0xF7,0xF7,0x10,0xF1,0xFF,0xFF,
    0xED,0xC1,0xF3,0xF7,0xF7,0xF5,0xF3,0xDF,0xDF,0xFF,0xF7,0xF3,0xC0,0xFC,0xDB,0xDB,
    0xF9,0xBE,0x77,0xCF,0xFF,0xFF,0xFE,0xF1,0xFF,0xFF,0xFF,0xFF,0xFB,0xFB,0xFF,0xFF,
    0xEF,0xEF,0xEF,0xFC,0xFC,0xFC,0xFD,0xFF,0xFF,0xFE,0xFE,0xFE,0xFF,0xFE,0xFE,0xFC,
    0xFF,0xFF,0x03,0xFE,0xFF,0xFF,0xFF,0xFF,0xFF,0xFF,0xFF,0xFF,0xFF,0xFF,0xFF,0xFF,
    0xFF,0xFF,0xFF,0xFF,0xFF,0xFF,0xFF,0xFF,0xFF,0xFE,0x00,0xFE,0xFF,0xFF,0xFF,0xFF,
    0x9F,0x8F,0x8F,0x8F,0x9F,0x9F,0x9F,0xDF,0xBF,0xFF,0x8F,0x87,0x9F,0x9F,0x9F,0x9F,
    0x9F,0x9F,0x9F,0x9F,0x9F,0x9F,0x9F,0xDF,0xFF,0xE0,0x9F,0x7F,0xFF,0xFF,0xFF,0xFF,
    0xFF,0xFF,0xFF,0xFF,0xFF,0xFF,0xF7,0x87,0xE7,0xD7,0x7F,0xFF,0xFF,0xFF,0xF3,0x03,
    0xFC,0xFE,0xFF,0xFB,0xF9,0xF9,0xDB,0xCF,0xEF,0xFF,0xEF,0xFF,0xFF,0xFF,0xF7,0xF7,
    0xF7,0xE3,0xE3,0xE3,0xE7,0xE7,0xE7,0xE7,0xE3,0xE3,0xF3,0xF3,0xF3,0xF7,0xF7,0xF3,
    0xB3,0xB7,0xB7,0xB6,0xB6,0xB7,0xFD,0xFD,0x81,0x9C,0x9E,0xBF,0x9F,0xC7,0xF0,0xBF,
    0xBF,0xBF,0xBE,0xBE,0xBC,0xBE,0xBF,0xBF,0xBB,0xFB,0xBB,0xFF,0xFB,0xF3,0xF3,0xF3,
    0xF3,0xF1,0xF3,0xF3,0xF1,0xF6,0xF0,0xF1,
  },
  {
    0x1F,0x1F,0x9F,0xDF,0xFF,0xCF,0xCF,0x0F,0xFF,0xFF,0xFF,0xFF,0xFF,0xFF,0xFF,0xFF,
    0xFF,0xFF,0xFF,0xFF,0xFF,0xFF,0xFF,0xFF,0xFF,0xFF,0xFF,0xFF,0xFF,0x3F,0xDF,0xEF,
    0xF7,0xFB,0xF1,0xFF,0xFF,0xFF,0xFF,0xFF,0xFF,0xFF,0xFF,0xFF,0x27,0x87,0x86,0x87,
    0xCE,0xDC,0xFC,0xFF,0xFF,0xFF,0xFF,0xE6,0xE6,0xE7,0xEF,0xE7,0xEF,0xEF,0xE7,0xDF,
    0xF7,0xCE,0xCE,0xED,0xDD,0xDD,0xBB,0x3B,0xF7,0xF7,0xFF,0xEF,0xE7,0xF7,0xF7,0xFF,
    0xF3,0xF7,0xF3,0xFC,0xFF,0x97,0x9B,0x14,0xCF,0xFF,0xFF,0xFF,0xFF,0xFF,0xFF,0xFF,
    0xFF,0xFF,0xFF,0xF0,0xF1,0xF7,0xFF,0x3F,0x8F,0x0F,0x9F,0xDF,0xDF,0xFF,0x7F,0x7F,
    0x7F,0x1F,0xBF,0xBF,0xBF,0x3F,0x3F,0x3F,0x3F,0x3E,0xBC,0x3F,0x39,0x33,0x07,0x7F,
    0xFF,0xE3,0xE0,0xE6,0xE2,0xF3,0xBF,0x9F,0xFF,0xFF,0xED,0xCD,0xC3,0xFC,0x2E,0xFE,
    0xFF,0xFF,0xFF,0xFF,0xFF,0xFF,0xFF,0xFF,0xFF,0xFF,0xFF,0xFF,0xFF,0xFF,0xFF,0xFF,
    0xFF,0xFF,0xFF,0xFF,0xFF,0xF8,0xFF,0xFF,0xFF,0xF3,0xF7,0xFF,0xFF,0xFF,0xDF,0xFF,
    0x7F,0x3F,0x9F,0xBE,0x3A,0x7A,0xFC,0xFE,0xFE,0xFE,0xFE,0xFE,0xFF,0xFD,0xFD,0xF9,
    0xF9,0xFD,0xDD,0xFC,0xBC,0x39,0xE1,0xCF,0xDF,0x3F,0xFF,0xFF,0x77,0x87,0x8F,0x7F,
    0xFF,0xFF,0xFF,0xFF,0xFF,0xFF,0xFF,0xFF,0xFF,0xFF,0xFF,0xFF,0x1F,0x1F,0x0F,0x0F,
    0x1F,0x3F,0x3F,0x3F,0x3F,0x7F,0xFF,0xF8,0x73,0x77,0xF7,0xF7,0x10,0xF1,0xFF,0xFF,
    0xED,0xC1,0xF3,0xF7,0xF7,0xF1,0xF3,0xDF,0xDF,0xFF,0xF7,0xF3,0xC0,0xFC,0xDB,0xDB,
    0xF9,0xBE,0x77,0x8F,0xFF,0xFF,0xFE,0xF1,0xFF,0xFF,0xFF,0xFF,0xFB,0xFB,0xFF,0xFF,
    0xEF,0xEF,0xEF,0xFC,0xFC,0xFC,0xFD,0xFF,0xFF,0xFE,0xFE,0xFE,0xFF,0xFE,0xFE,0xFC,
    0xFF,0xFF,0x03,0xFE,0xFF,0xFF,0xFF,0xFF,0xFF,0xFF,0xFF,0xFF,0xFF,0xFF,0xFF,0xFF,
    0xFF,0xFF,0xFF,0xFF,0xFF,0xFF,0xFF,0xFF,0xFF,0xFE,0x00,0xFE,0xFF,0xFF,0xFF,0xFF,
    0x9F,0x8F,0x8F,0x8F,0x9F,0x9F,0x9F,0xDF,0xBF,0xFF,0x8F,0x87,0x9F,0x9F,0x9F,0x9F,
    0x9F,0x9F,0x9F,0x9F,0x9F,0x9F,0x9F,0xDF,0xFF,0xC0,0x9F,0x7F,0xFF,0xFF,0xFF,0xFF,
    0xFF,0xFF,0xFF,0xFF,0xFF,0xFF,0xF7,0xC7,0xE7,0xD7,0x7F,0xFF,0xFF,0xFF,0xF3,0x03,
    0xFC,0xFE,0xFF,0xFB,0xF9,0xF9,0xDB,0xCF,0xEF,0xFF,0xEF,0xFF,0xFF,0xFF,0xF7,0xF7,
    0xF7,0xE3,0xE3,0xE3,0xE7,0xE7,0xE7,0xE7,0xE3,0xE3,0xF3,0xF3,0xF3,0xF7,0xF7,0xF3,
    0xB3,0xB7,0xB7,0xB6,0xB6,0xB7,0xFD,0xFD,0x81,0x9C,0x9E,0xBF,0x9F,0xC7,0xF0,0xBF,
    0xBF,0xBF,0xBE,0xBE,0xBC,0xBE,0xBF,0xBF,0xBB,0xFB,0xBB,0xFF,0xFB,0xF3,0xF3,0xF3,
    0xF3,0xF1,0xF3,0xF3,0xF1,0xF6,0xF0,0xF1,
  },
  {
    0x1F,0x1F,0x9F,0xCF,0xCF,0xCF,0xCF,0x0F,0x6F,0xFF,0xFF,0x7F,0xFF,0xFF,0xFF,0xFF,
    0xFF,0xFF,0xFF,0xFF,0xFF,0xFF,0xFF,0xFF,0xFF,0xFF,0xFF,0xFF,0xFF,0xFF,0xFF,0xFF,
    0xFF,0x7F,0x7F,0x7F,0xBF,0x9F,0xDF,0x5F,0xFF,0xFF,0xFF,0xFF,0x07,0x87,0x86,0x86,
    0xCE,0xDC,0xFC,0xFE,0xFF,0xFF,0xFF,0xE6,0xE6,0xE7,0xE7,0xE7,0xE7,0xEF,0xFC,0xFA,
    0xDF,0xFB,0xF2,0xE6,0x36,0xEF,0xFF,0x1F,0xDD,0x1D,0xFD,0xFB,0xFB,0x7B,0xBF,0x7D,
    0xF9,0xFD,0xFD,0xFD,0xF9,0x7D,0x7F,0xEE,0xCF,0xDF,0x17,0xB7,0xDB,0xF7,0xFC,0xFF,
    0xFF,0xFF,0xFF,0xF0,0xF1,0xF7,0x3F,0x3F,0x0F,0x0F,0x9F,0x9F,0xDF,0xFF,0x7F,0x7F,
    0x7F,0x1F,0x9F,0xBF,0xBF,0x3F,0x3F,0x3F,0x3F,0x3F,0x3F,0x3F,0x3E,0x1E,0x1C,0x85,
    0x8D,0xFF,0xBF,0xB0,0xB0,0xF3,0xF0,0x7F,0x7F,0x6F,0xEF,0xFB,0x73,0x60,0x71,0x38,
    0x4E,0xFE,0xFF,0xFF,0xFF,0xFF,0xFF,0xFF,0xFF,0xFF,0xFF,0xFF,0xFF,0xFF,0xFF,0xFF,
    0xFF,0xFF,0xFE,0xFF,0xFD,0xF8,0xFB,0xFF,0xF3,0xF3,0xF7,0xFF,0xDF,0xDF,0x9F,0x9F,
    0xBE,0x9F,0x9F,0xBE,0x2E,0x06,0xFF,0xFF,0xFF,0xFF,0xFF,0xFF,0xFF,0xFF,0xFF,0xFF,
    0xFE,0xFE,0xFE,0xFE,0xFF,0x7F,0xFD,0xF8,0x00,0xF7,0xFF,0xFF,0xFF,0xFF,0xFF,0xFF,
    0xFF,0xFF,0xFF,0xFF,0xFF,0xFF,0xFF,0xFF,0xFF,0xFF,0xFF,0xFF,0x1F,0x1F,0x0F,0x0F,
    0x1F,0x1F,0x3F,0x3F,0x3F,0x7F,0xFF,0xFF,0x7F,0x7F,0xFF,0xC4,0xBE,0xFF,0x7D,0xB9,
    0xC8,0xE1,0xFB,0xFB,0xF1,0xF6,0xF7,0xF3,0xB1,0xF8,0xFF,0xFF,0xF0,0xFB,0xE3,0x00,
    0xF8,0xFF,0xFF,0xFF,0xFF,0xFF,0xFF,0xFF,0xFF,0xFF,0xFF,0xFF,0xFB,0xFB,0xFF,0xFF,
    0xEF,0xEF,0xEF,0xFC,0xFC,0xFC,0xFC,0xFF,0xFF,0xFE,0xFC,0xFE,0xFF,0xFE,0xFE,0x2C,
    0xF7,0xFB,0x1F,0xC3,0xFC,0xFF,0xFF,0xFF,0xFF,0xFF,0xFF,0xFF,0xFF,0xFF,0xFF,0xFF,
    0xFF,0xFF,0xFF,0xFF,0xFF,0xFF,0xFF,0xFC,0xE1,0x0F,0x7F,0xFF,0xFF,0xFF,0xFF,0xFF,
    0x8F,0x8F,0x8F,0x8F,0x9F,0x9F,0x9F,0x9F,0xBF,0xFF,0x87,0x87,0x9F,0x9B,0x9F,0x9F,
    0x9F,0x9F,0x9F,0x9F,0x9F,0x9F,0x9F,0xDC,0xFD,0xF8,0xC7,0x9F,0x7F,0xFF,0xFF,0xFF,
    0xFF,0xFF,0xFF,0xFF,0xFF,0x3F,0xFF,0xFF,0xFF,0xFF,0xFF,0xFF,0xFF,0x7F,0x7F,0x9F,
    0xC7,0xF8,0xFF,0xFB,0xF9,0xF9,0xDB,0xCF,0xE7,0xFF,0xEF,0xEF,0xFF,0xFF,0xF7,0xF7,
    0xF7,0xE3,0xE3,0xE3,0xE7,0xE7,0xE7,0xE7,0xE3,0xE3,0xF3,0xE3,0xF3,0xF3,0xF7,0xF3,
    0xB3,0xB7,0xB7,0xB7,0xB6,0xB1,0xF3,0xCF,0x9F,0x9F,0x9F,0x9F,0x83,0x9F,0x9F,0x9F,
    0x8F,0xB3,0xBC,0xBE,0xBE,0xBF,0xBF,0xBF,0xBB,0xFB,0xBB,0xF7,0xFB,0xF3,0xF3,0xF3,
    0xF3,0xF1,0xF3,0xF3,0xF1,0xF6,0xF0,0xF1,
  },
  {
    0x1F,0x1F,0x9F,0xCF,0xCF,0xCF,0xCF,0x0F,0x6F,0xFF,0xFF,0x7F,0xFF,0xFF,0xFF,0xFF,
    0xFF,0xFF,0xFF,0xFF,0xFF,0xFF,0xFF,0xFF,0xFF,0xFF,0xFF,0xFF,0xFF,0xFF,0xFF,0xFF,
    0xFF,0x7F,0x7F,0x7F,0xBF,0x9F,0xDF,0x5F,0xFF,0xFF,0xFF,0xFF,0x07,0x87,0x86,0x86,
    0xCE,0xDC,0xFC,0xFE,0xFF,0xFF,0xFF,0xE6,0xE6,0xE7,0xE7,0xE7,0xE7,0xEF,0xFC,0xFA,
    0xDF,0xFB,0xF2,0xE6,0x36,0xEF,0xFF,0x1F,0xDD,0x1D,0xFD,0xFB,0xFB,0x7B,0xBB,0x7D,
    0xF9,0xFD,0xFD,0xFD,0xF9,0x7D,0x7F,0xEE,0xCF,0xDF,0x17,0xB7,0xDB,0xF7,0xFC,0xFF,
    0xFF,0xFF,0xFF,0xF0,0xF1,0xF7,0x3F,0x3F,0x0F,0x0F,0x9F,0x9F,0xDF,0xFF,0x7F,0x7F,
    0x7F,0x1F,0x9F,0xBF,0xBF,0x3F,0x3F,0x3F,0x3F,0x3F,0x3F,0x3F,0x3E,0x1E,0x1C,0x85,
    0x8D,0xFF,0xBF,0xB0,0xB0,0xF3,0xF0,0x7F,0x7F,0x6F,0xEF,0xFB,0x73,0x60,0x71,0x38,
    0x4E,0xFE,0xFF,0xFF,0xFF,0xFF,0xFF,0xFF,0xFF,0xFF,0xFF,0xFF,0xFF,0xFF,0xFF,0xFF,
    0xFF,0xFF,0xFE,0xFF,0xFD,0xF8,0xFB,0xFF,0xF3,0xF3,0xF7,0xFF,0xDF,0xDF,0x9F,0x9F,
    0xBE,0x9F,0x9F,0xBE,0x2E,0x06,0xFF,0xFF,0xFF,0xFF,0xFF,0xFF,0xFF,0xFF,0xFF,0xFF,
    0xFE,0xFE,0xFE,0xFE,0xFF,0x3F,0xFD,0xF8,0x00,0xF7,0xFF,0xFF,0xFF,0xFF,0xFF,0xFF,
    0xFF,0xFF,0xFF,0xFF,0xFF,0xFF,0xFF,0xFF,0xFF,0xFF,0xFF,0xFF,0x1F,0x1F,0x0F,0x0F,
    0x1F,0x1F,0x3F,0x3F,0x3F,0x7F,0xFF,0xFF,0x7F,0x7F,0xFF,0xC4,0xBE,0xFF,0x7D,0xB9,
    0xC8,0xE1,0xFB,0xFB,0xF1,0xF6,0xF7,0xF3,0xB1,0xF8,0xFF,0xFF,0xF0,0xFB,0xE3,0x00,
    0xF8,0xFF,0xFF,0xFF,0xFF,0xFF,0xFF,0xFF,0xFF,0xFF,0xFF,0xFF,0xFB,0xFB,0xFF,0xFF,
    0xEF,0xEF,0xEF,0xFC,0xFC,0xFC,0xFC,0xFF,0xFF,0xFE,0xFE,0xFF,0xFF,0xFE,0xFE,0x0C,
    0xF7,0xFB,0x1F,0xC3,0xFC,0xFF,0xFF,0xFF,0xFF,0xFF,0xFF,0xFF,0xFF,0xFF,0xFF,0xFF,
    0xFF,0xFF,0xFF,0xFF,0xFF,0xFF,0xFF,0xFC,0xE1,0x0F,0x7F,0xFF,0xFF,0xFF,0xFF,0xFF,
    0x8F,0x8F,0x8F,0x8F,0x9F,0x9F,0x9F,0x9F,0xBF,0xFF,0x87,0x87,0x9F,0x9B,0x9F,0x9F,
    0x9F,0x9F,0x9F,0x9F,0x9F,0x9F,0x9F,0xDC,0xFD,0xF8,0xC7,0x9F,0x7F,0xFF,0xFF,0xFF,
    0xFF,0xFF,0xFF,0xFF,0xFF,0x3F,0xFF,0xFF,0xFF,0xFF,0xFF,0xFF,0xFF,0x7F,0x7F,0x9F,
    0xC7,0xF8,0xFF,0xFB,0xF9,0xF9,0xDB,0xCF,0xE7,0xFF,0xEF,0xEF,0xFF,0xFF,0xF7,0xF7,
    0xF7,0xE3,0xE3,0xE3,0xE7,0xE7,0xE7,0xE7,0xE3,0xE3,0xE3,0xE3,0xF3,0xF3,0xF7,0xF3,
    0xB3,0xB7,0xB7,0xB7,0xB6,0xB1,0xF3,0xCF,0x9F,0x9F,0x9F,0x9F,0x83,0x9F,0x9F,0x9F,
    0x8F,0xB3,0xBC,0xBE,0xBE,0xBF,0xBF,0xBF,0xBB,0xFB,0xBB,0xF7,0xFB,0xF3,0xF3,0xF3,
    0xF3,0xF1,0xF3,0xF3,0xF1,0xF6,0xF0,0xF1,
  },
  {
    0x1F,0x1F,0x9F,0xCF,0xCF,0xCF,0xCF,0x0F,0x6F,0xFF,0xFF,0x7F,0xFF,0xFF,0xFF,0xFF,
    0xFF,0xFF,0xFF,0xFF,0xFF,0xFF,0xFF,0xFF,0xFF,0xFF,0xFF,0xFF,0xFF,0xFF,0xFF,0xFF,
    0xFF,0x7F,0x7F,0x7F,0xBF,0x9F,0xDF,0x5F,0xFF,0xFF,0xFF,0xFF,0x07,0x87,0x86,0x86,
    0xCE,0xDC,0xFC,0xFE,0xFF,0xFF,0xFF,0xE6,0xE6,0xE7,0xE7,0xE7,0xE7,0xEF,0xFC,0xEA,
    0xDF,0xFB,0xF2,0xE6,0x36,0xEF,0xFF,0x1F,0xDD,0x1D,0xFD,0xFB,0xFB,0x7B,0xBB,0x7D,
    0xF9,0xFD,0xFD,0xFD,0xF9,0x7D,0x7F,0xEE,0xCF,0xCF,0x37,0xB7,0xDB,0xFF,0xFC,0xFF,
    0xFF,0xFF,0xFF,0xF0,0xF1,0xF7,0x3F,0x3F,0x0F,0x0F,0x9F,0x9F,0xDF,0xFF,0x7F,0x7F,
    0x7F,0x1F,0x9F,0xBF,0xBF,0x3F,0x3F,0x3F,0x3F,0x3F,0x3F,0x3F,0x3E,0x1E,0x1C,0x85,
    0x8D,0xFF,0xBF,0xB0,0xB0,0xF3,0xF0,0x7F,0x7F,0x6F,0xEF,0xFB,0x73,0x60,0x71,0x38,
    0x4E,0xFE,0xFF,0xFF,0xFF,0xFF,0xFF,0xFF,0xFF,0xFF,0xFF,0xFF,0xFF,0xFF,0xFF,0xFF,
    0xFF,0xFF,0xFE,0xFF,0xFD,0xF8,0xFB,0xFF,0xF3,0xF3,0xF7,0xFF,0xDF,0xDF,0x9F,0x9F,
    0xBE,0x9F,0x9F,0xBE,0x2E,0x06,0xFF,0xFF,0xFF,0xFF,0xFF,0xFF,0xFF,0xFF,0xFF,0xFF,
    0xFE,0xFE,0xFE,0xFE,0xFF,0x7F,0xFD,0xF8,0x00,0xF7,0xFF,0xFF,0xFF,0xFF,0xFF,0xFF,
    0xFF,0xFF,0xFF,0xFF,0xFF,0xFF,0xFF,0xFF,0xFF,0xFF,0xFF,0xFF,0x1F,0x1F,0x0F,0x0F,
    0x1F,0x1F,0x3F,0x3F,0x3F,0x7F,0xFF,0xFF,0x7F,0x7F,0xFF,0xC4,0xBE,0xFE,0x7D,0xF9,
    0xC8,0xE1,0xFB,0xFB,0xF1,0xF6,0xF7,0xF3,0xB1,0xF8,0xFF,0xFF,0xF0,0xFB,0xE3,0x00,
    0xF8,0xFF,0xFF,0xFF,0xFF,0xFF,0xFF,0xFF,0xFF,0xFF,0xFF,0xFF,0xFB,0xFB,0xFF,0xFF,
    0xEF,0xEF,0xEF,0xFC,0xFC,0xFC,0xFD,0xFF,0xFF,0xFE,0xFE,0xFF,0xFF,0xFE,0xFE,0x0C,
    0xF7,0xFB,0x1F,0xC3,0xFC,0xFF,0xFF,0xFF,0xFF,0xFF,0xFF,0xFF,0xFF,0xFF,0xFF,0xFF,
    0xFF,0xFF,0xFF,0xFF,0xFF,0xFF,0xFF,0xFC,0xF1,0x0F,0x7F,0xFF,0xFF,0xFF,0xFF,0xFF,
    0x8F,0x8F,0x8F,0x8F,0x9F,0x9F,0x9F,0x9F,0xBF,0xFF,0x87,0x87,0x9F,0x9B,0x9F,0x9F,
    0x9F,0x9F,0x9F,0x9F,0x9F,0x9F,0x9F,0xDC,0xFD,0xF8,0xC7,0x9F,0x7F,0xFF,0xFF,0xFF,
    0xFF,0xFF,0xFF,0xFF,0xFF,0x3F,0xFF,0xFF,0xFF,0xFF,0xFF,0xFF,0xFF,0x7F,0x7F,0x9F,
    0xC7,0xF8,0xFF,0xFB,0xF9,0xF9,0xDB,0xCF,0xE7,0xFF,0xEF,0xEF,0xFF,0xFF,0xF7,0xF7,
    0xF7,0xE3,0xE3,0xE3,0xE7,0xE7,0xE7,0xE7,0xE3,0xE3,0xE3,0xE3,0xF3,0xF3,0xF7,0xF3,
    0xB3,0xB7,0xB7,0xB7,0xB6,0xB1,0xF3,0xCF,0x9F,0x9F,0x9F,0x9F,0x83,0x9F,0x9F,0x9F,
    0x8F,0xB3,0xBC,0xBE,0xBE,0xBF,0xBF,0xBF,0xBB,0xFB,0xBB,0xF7,0xFB,0xF3,0xF3,0xF3,
    0xF3,0xF1,0xF3,0xF3,0xF1,0xF6,0xF0,0xF1,
  },
  {
    0x1F,0x1F,0x9F,0xCF,0xCF,0xCF,0xCF,0x0F,0xEF,0xFF,0xFF,0xFF,0xFF,0xFF,0xFF,0xFF,
    0xFF,0xFF,0xFF,0xFF,0xFF,0xFF,0xFF,0xFF,0xFF,0xFF,0xFF,0xFF,0xFF,0xFF,0xFF,0xFF,
    0xFF,0xFF,0x7F,0x7F,0xFF,0xBF,0xBF,0xDF,0xDF,0xFF,0xFF,0xFF,0x07,0x87,0x86,0x86,
    0xCE,0xDC,0xFC,0xFE,0xFF,0xFF,0xFF,0xE6,0xE6,0xE7,0xE7,0xE7,0xE7,0xEF,0xFE,0xFA,
    0xCF,0xBA,0xF6,0xE6,0x66,0x6F,0xFF,0xBF,0x5D,0x1D,0xDD,0xFF,0xFB,0x7B,0xBD,0x3D,
    0xFD,0xFD,0xFD,0xFF,0xFD,0x7D,0x7F,0xFE,0xCE,0xCF,0x57,0x27,0xD7,0xFF,0xFB,0xFF,
    0xFF,0xFF,0xFF,0xF0,0xF1,0xF7,0x3F,0x3F,0x0F,0x0F,0x9F,0x9F,0xDF,0xFF,0x7F,0x7F,
    0x7F,0x1F,0x9F,0xBF,0xBF,0x3F,0x3F,0x3F,0x3F,0x3F,0x3F,0x3F,0x3E,0x1E,0x1C,0x8D,
    0x81,0xFF,0xFF,0x98,0xF0,0xB3,0xF1,0xF8,0x7F,0x6F,0x6F,0xFF,0x73,0x73,0x60,0xBF,
    0x04,0x7E,0xFF,0xFF,0xFF,0xFF,0xFF,0xFF,0xFF,0xFF,0xFF,0xFF,0xFF,0xFF,0xFF,0xFF,
    0xFF,0xFF,0xFE,0xFF,0xFD,0xF8,0xFB,0xFF,0xF3,0xF3,0xF7,0xFF,0xDF,0xDF,0x9F,0x9F,
    0x3E,0x9F,0x9F,0xBE,0x76,0x0E,0x1D,0xFF,0xFF,0xFF,0xFF,0xFF,0xFF,0xFF,0xFF,0xFF,
    0xFE,0xFE,0xFE,0xFF,0xFF,0xFF,0xFD,0xFC,0x80,0x00,0xFF,0xFF,0xFF,0xFF,0xFF,0xFF,
    0xFF,0xFF,0xFF,0xFF,0xFF,0xFF,0xFF,0xFF,0xFF,0xFF,0xFF,0xFF,0x1F,0x1F,0x0F,0x0F,
    0x1F,0x1F,0x3F,0x3F,0x3F,0x7F,0xFF,0xFF,0x7F,0x7F,0xFF,0xC1,0xBE,0xFE,0x7F,0xF9,
    0xC8,0xE1,0xFB,0xFB,0xF9,0xF8,0xF7,0xF7,0xFB,0xF0,0xBF,0xDF,0xF3,0xF8,0xF3,0x81,
    0x00,0xFD,0xFF,0xFF,0xFF,0xFF,0xFF,0xFF,0xFF,0xFF,0xFF,0xFF,0xFB,0xFB,0xFF,0xFF,
    0xEF,0xEF,0xEF,0xFC,0xFC,0xFC,0xFD,0xFF,0xFF,0xFE,0xFE,0xFF,0xFF,0x0E,0xF6,0xF8,
    0xFD,0xFE,0x7E,0xC7,0xFC,0xFE,0xFF,0xFF,0xFF,0xFF,0xFF,0xFF,0xFF,0xFF,0xFF,0xFF,
    0xFF,0xFF,0xFF,0xFF,0xFF,0xFF,0xFF,0xFC,0xE1,0x07,0xFF,0xFF,0xFF,0xFF,0xFF,0xFF,
    0x8F,0x8F,0x8F,0x8F,0x9F,0x9F,0x9F,0x9F,0xBF,0xFF,0x87,0x87,0x9F,0x9B,0x9F,0x9F,
    0x9F,0x9F,0x9F,0x9F,0xBE,0x9D,0xD3,0xF7,0xEF,0xEE,0xCF,0x9F,0x7F,0xFF,0xFF,0xFF,
    0xFF,0xFF,0xFF,0xFF,0xFF,0xBF,0xFF,0xFF,0xFF,0xFF,0xFF,0xFF,0xFF,0xFF,0x7F,0x9F,
    0xC3,0xF8,0xFF,0xFB,0xF9,0xF9,0xDB,0xCF,0xE7,0xFF,0xEF,0xEF,0xFF,0xFF,0xF7,0xF7,
    0xF7,0xE3,0xE3,0xE3,0xE7,0xE7,0xE7,0xE7,0xE3,0xE3,0xF3,0xE3,0xF3,0xF3,0xF7,0xF3,
    0xB3,0xB7,0xB7,0xB7,0xB4,0xB1,0xF7,0xCF,0x9F,0x9F,0x9F,0x9F,0x80,0xDF,0x9F,0x9F,
    0x87,0xB1,0xBD,0xBE,0xBE,0xBF,0xBF,0xBF,0xBB,0xFB,0xBB,0xF7,0xFB,0xF3,0xF3,0xF3,
    0xF3,0xF1,0xF3,0xF3,0xF1,0xF6,0xF0,0xF1,
  },
  {
    0x1F,0x1F,0x9F,0xCF,0xCF,0xCF,0xCF,0x0F,0xEF,0xFF,0xFF,0x7F,0xFF,0xFF,0xFF,0xFF,
    0xFF,0xFF,0xFF,0xFF,0xFF,0xFF,0xFF,0xFF,0xFF,0xFF,0xFF,0xFF,0xFF,0xFF,0xFF,0xFF,
    0xFF,0xFF,0x7F,0x7F,0xFF,0xBF,0xBF,0xDF,0xDF,0xFF,0xFF,0xFF,0x07,0x87,0x86,0x86,
    0xCE,0xDC,0xFC,0xFE,0xFF,0xFF,0xFF,0xE6,0xE6,0xE7,0xE7,0xE7,0xE7,0xEF,0xFE,0xFA,
    0xCF,0xBA,0xF6,0xE6,0x76,0x6F,0xFF,0xBF,0x5D,0x1D,0xDD,0xFF,0xFB,0x7B,0xBD,0x3D,
    0xFD,0xFD,0xFD,0xFF,0xFD,0x7D,0x7F,0xFE,0xCE,0xCF,0x57,0x27,0xD7,0xFF,0xFB,0xFF,
    0xFF,0xFF,0xFF,0xF0,0xF1,0xF7,0x3F,0x3F,0x0F,0x0F,0x9F,0x9F,0xDF,0xFF,0x7F,0x7F,
    0x7F,0x1F,0x9F,0xBF,0xBF,0x3F,0x3F,0x3F,0x3F,0x3F,0x3F,0x3F,0x3E,0x1E,0x1C,0x8D,
    0x81,0xFF,0xFF,0x98,0xF0,0xB3,0xF1,0xF8,0x7F,0x6F,0x6F,0xFF,0x73,0x73,0x60,0xBD,
    0x04,0x7E,0xFF,0xFF,0xFF,0xFF,0xFF,0xFF,0xFF,0xFF,0xFF,0xFF,0xFF,0xFF,0xFF,0xFF,
    0xFF,0xFF,0xFE,0xFF,0xFD,0xF8,0xFB,0xFF,0xF3,0xF3,0xF7,0xFF,0xDF,0xDF,0x9F,0x9F,
    0x3E,0x9F,0x9F,0xBE,0x76,0x0E,0x1D,0xFF,0xFF,0xFF,0xFF,0xFF,0xFF,0xFF,0xFF,0xFF,
    0xFE,0xFE,0xFE,0xFF,0xFF,0xFF,0xFD,0xFC,0x80,0x00,0xFF,0xFF,0xFF,0xFF,0xFF,0xFF,
    0xFF,0xFF,0xFF,0xFF,0xFF,0xFF,0xFF,0xFF,0xFF,0xFF,0xFF,0xFF,0x1F,0x1F,0x0F,0x0F,
    0x1F,0x1F,0x3F,0x3F,0x3F,0x7F,0xFF,0xFF,0x7F,0x7F,0xFF,0xC1,0xBE,0xFE,0x7F,0xF9,
    0xD8,0xE1,0xFB,0xFB,0xF9,0xF8,0xF7,0xF7,0xFB,0xF0,0xBF,0xDF,0xF3,0xF8,0xF3,0x81,
    0x00,0xFD,0xFF,0xFF,0xFF,0xFF,0xFF,0xFF,0xFF,0xFF,0xFF,0xFF,0xFB,0xFB,0xFF,0xFF,
    0xEF,0xEF,0xEF,0xFC,0xFC,0xFC,0xFD,0xFF,0xFF,0xFE,0xFE,0xFF,0xFF,0x0E,0xF6,0xF8,
    0xFD,0xFE,0x3E,0xC7,0xFC,0xFE,0xFF,0xFF,0xFF,0xFF,0xFF,0xFF,0xFF,0xFF,0xFF,0xFF,
    0xFF,0xFF,0xFF,0xFF,0xFF,0xFF,0xFF,0xFC,0xE1,0x07,0x7F,0xFF,0xFF,0xFF,0xFF,0xFF,
    0x8F,0x8F,0x8F,0x8F,0x9F,0xDF,0x9F,0x9F,0xBF,0xFF,0x87,0x87,0x9F,0x9B,0x9F,0x9F,
    0x9F,0x9F,0x9F,0x9F,0xBE,0x9D,0xD3,0xF7,0xEF,0xEE,0xCF,0x9F,0x7F,0xFF,0xFF,0xFF,
    0xFF,0xFF,0xFF,0xFF,0xFF,0xBF,0xFF,0xFF,0xFF,0xFF,0xFF,0xFF,0xFF,0xFF,0x7F,0x9F,
    0xC3,0xF8,0xFF,0xFB,0xF9,0xF9,0xDB,0xCF,0xE7,0xFF,0xEF,0xEF,0xFF,0xFF,0xF7,0xF7,
    0xF7,0xE3,0xE3,0xE3,0xE7,0xE7,0xE7,0xE7,0xE3,0xE3,0xE3,0xF3,0xF3,0xF3,0xF7,0xF3,
    0xB3,0xB7,0xB7,0xB7,0xB4,0xB1,0xF7,0xCF,0x9F,0x9F,0x9F,0x9F,0x80,0xDF,0x9F,0x9F,
    0x87,0xB1,0xBD,0xBE,0xBE,0xBF,0xBF,0xBF,0xBB,0xFB,0xBB,0xF7,0xFB,0xF3,0xF3,0xF3,
    0xF3,0xF1,0xF3,0xF3,0xF1,0xF6,0xF0,0xF1,
  },
  {
    0x1F,0x1F,0x9F,0xCF,0xCF,0xCF,0xCF,0x0F,0xEF,0xFF,0xFF,0x7F,0xFF,0xFF,0xFF,0xFF,
    0xFF,0xFF,0xFF,0xFF,0xFF,0xFF,0xFF,0xFF,0xFF,0xFF,0xFF,0xFF,0xFF,0xFF,0xFF,0xFF,
    0xFF,0xFF,0x7F,0x7F,0xFF,0xBF,0xBF,0xDF,0xDF,0xFF,0xFF,0xFF,0x07,0x87,0x86,0x86,
    0xCE,0xDC,0xFC,0xFE,0xFF,0xFF,0xFF,0xE6,0xE6,0xE7,0xE7,0xE7,0xE7,0xEF,0xFE,0xFA,
    0xCF,0xBA,0xF6,0xE6,0x66,0x6F,0xFF,0xBF,0x5D,0x1D,0xDD,0xFF,0xFB,0x7B,0xBD,0x3D,
    0xFD,0xFD,0xFD,0xFF,0xFD,0x7D,0x7F,0xFE,0xCE,0x4F,0x57,0x27,0xD7,0xFF,0xFB,0xFF,
    0xFF,0xFF,0xFF,0xF0,0xF1,0xF7,0x3F,0x3F,0x0F,0x0F,0x9F,0x9F,0xDF,0xFF,0x7F,0x7F,
    0x7F,0x1F,0x9F,0xBF,0xBF,0x3F,0x3F,0x3F,0x3F,0x3F,0x3F,0x3F,0x3E,0x1E,0x1C,0x8D,
    0x81,0xFF,0xFF,0x98,0xF0,0xB3,0xF1,0xF8,0x7F,0x6F,0x6F,0xFF,0x73,0x73,0x60,0xBD,
    0x04,0x7E,0xFF,0xFF,0xFF,0xFF,0xFF,0xFF,0xFF,0xFF,0xFF,0xFF,0xFF,0xFF,0xFF,0xFF,
    0xFF,0xFF,0xFE,0xFF,0xFD,0xF8,0xFB,0xFF,0xF3,0xF3,0xF7,0xFF,0xDF,0xDF,0x9F,0x9F,
    0x3E,0x9F,0x9F,0xBE,0x76,0x0E,0x1D,0xFF,0xFF,0xFF,0xFF,0xFF,0xFF,0xFF,0xFF,0xFF,
    0xFE,0xFE,0xFE,0xFF,0xFF,0xFF,0xFD,0xFC,0x80,0x00,0xFF,0xFF,0xFF,0xFF,0xFF,0xFF,
    0xFF,0xFF,0xFF,0xFF,0xFF,0xFF,0xFF,0xFF,0xFF,0xFF,0xFF,0xFF,0x1F,0x1F,0x0F,0x0F,
    0x1F,0x1F,0x3F,0x3F,0x3F,0x7F,0xFF,0xFF,0x7F,0x7F,0xFF,0xC1,0xBE,0xFE,0x7D,0xF9,
    0xD8,0xE1,0xFB,0xFB,0xF9,0xF8,0xF7,0xF7,0xF3,0xF0,0xBF,0xDF,0xF3,0xF8,0xF3,0x81,
    0x00,0xFD,0xFF,0xFF,0xFF,0xFF,0xFF,0xFF,0xFF,0xFF,0xFF,0xFF,0xFB,0xFB,0xFF,0xFF,
    0xEF,0xEF,0xEF,0xFC,0xFC,0xFC,0xFD,0xFF,0xFF,0xFE,0xFE,0xFF,0xFF,0x0E,0xF6,0xF8,
    0xFD,0xFE,0x7E,0xC7,0xFC,0xFE,0xFF,0xFF,0xFF,0xFF,0xFF,0xFF,0xFF,0xFF,0xFF,0xFF,
    0xFF,0xFF,0xFF,0xFF,0xFF,0xFF,0xFF,0xFE,0xE1,0x07,0x7F,0xFF,0xFF,0xFF,0xFF,0xFF,
    0x8F,0x8F,0x8F,0x8F,0x9F,0xDF,0x9F,0x9F,0xBF,0xFF,0x87,0x87,0x9F,0x9B,0x9F,0x9F,
    0x9F,0xBF,0x9F,0x9F,0xBE,0x9D,0xD3,0xF7,0xEF,0xEE,0xCF,0x9F,0x7F,0xFF,0xFF,0xFF,
    0xFF,0xFF,0xFF,0xFF,0xFF,0xBF,0xFF,0xFF,0xFF,0xFF,0xFF,0xFF,0xFF,0xFF,0x7F,0x9F,
    0xC3,0xF8,0xFF,0xFB,0xF9,0xF9,0xDB,0xCF,0xE7,0xFF,0xEF,0xEF,0xFF,0xFF,0xF7,0xF7,
    0xF7,0xE3,0xE3,0xE3,0xE7,0xE7,0xE7,0xE7,0xE3,0xE3,0xF3,0xE3,0xF3,0xF3,0xF7,0xF3,
    0xB3,0xB7,0xB7,0xB7,0xB4,0xB1,0xF7,0xCF,0x9F,0x9F,0x9F,0x9F,0x80,0xDF,0x9F,0x9F,
    0x87,0xB1,0xBD,0xBE,0xBE,0xBF,0xBF,0xBF,0xBB,0xFB,0xBB,0xF7,0xFB,0xF3,0xF3,0xF3,
    0xF3,0xF1,0xF3,0xF3,0xF1,0xF6,0xF0,0xF1,
  },
  {
    0x1F,0x1F,0x9F,0xCF,0xCF,0xCF,0xCF,0x8F,0xEF,0xFF,0xFF,0x3F,0xFF,0xFF,0xFF,0xFF,
    0xFF,0xFF,0xFF,0xFF,0xFF,0xFF,0xFF,0xFF,0xFF,0xFF,0xFF,0xFF,0xFF,0xFF,0xFF,0xFF,
    0x7F,0x9F,0xEF,0xFF,0xFF,0xFF,0xFF,0xFF,0xFF,0xFF,0xFF,0xFF,0x07,0x87,0x86,0x86,
    0xCE,0xDC,0xFC,0xFE,0xFF,0xFF,0xFF,0xE6,0xE6,0xE7,0xE7,0xC7,0xC7,0xCF,0xCF,0xDD,
    0xCE,0x9E,0x7E,0xEE,0xAD,0xCD,0xDB,0xDB,0xDB,0xBB,0x37,0x77,0x7F,0xEF,0xDF,0xCF,
    0xEF,0xE7,0xE7,0xE7,0xF7,0xF9,0xFE,0xFF,0x3F,0x9F,0x00,0xFF,0xFF,0xFF,0xFF,0xFF,
    0xFF,0xFF,0xFF,0xF0,0xF1,0xF7,0x3F,0x3F,0x0F,0x0F,0x9F,0x9F,0xDF,0xFF,0x7F,0x7F,
    0x7F,0x1F,0x9F,0xBF,0xBF,0x3F,0x3F,0x3F,0x3F,0x3F,0x3E,0x3F,0x3F,0x39,0x3B,0x23,
    0x07,0x7C,0xFE,0xFF,0xFF,0xE7,0xF7,0xE7,0xE7,0xFF,0x7F,0x3F,0x7F,0xEF,0xEF,0xC8,
    0x48,0xBE,0xFF,0xFF,0xFF,0xFF,0xFF,0xFF,0xFF,0xFF,0xFF,0xFF,0xFF,0xFF,0xFF,0xFF,
    0xFF,0xFF,0xFE,0xFF,0xFD,0xF8,0xFB,0xFF,0xF3,0xF3,0xF7,0xFF,0xDF,0xDF,0x9F,0x9F,
    0x1E,0x1F,0x9F,0x9F,0xFE,0xF6,0xFA,0xFB,0xFE,0xFE,0x7F,0x1D,0x1D,0x1D,0xBD,0xBD,
    0x9F,0x0F,0x0F,0xFB,0xFF,0xFD,0x70,0xF0,0x3F,0x7F,0xFF,0xFF,0xFF,0xFF,0xFF,0xFF,
    0xFF,0xFF,0xFF,0xFF,0xFF,0xFF,0xFF,0xFF,0xFF,0xFF,0xFF,0xFF,0x1F,0x1F,0x0F,0x0F,
    0x1F,0x3F,0x3F,0x3F,0xBF,0xBF,0xDF,0xEF,0xEF,0xE7,0xF7,0x7F,0xC9,0xF7,0xFF,0xFF,
    0xFF,0xF0,0xEE,0xFF,0xDF,0xFF,0x8F,0xFF,0xEB,0x3C,0xBF,0xBF,0xCF,0xA6,0xB0,0x97,
    0xDF,0x5E,0xEC,0xF3,0xFF,0xFF,0xFF,0xFF,0xFF,0xFF,0xFF,0xFF,0xFB,0xFB,0xFF,0xFF,
    0xEF,0xEF,0xEF,0xFC,0xFC,0xFC,0xFD,0xFF,0xFF,0x20,0xFE,0xFF,0xFF,0xFF,0xFF,0xFF,
    0xFF,0xFF,0x00,0xFF,0xFF,0xFF,0xFF,0xFF,0xFF,0xFF,0xFF,0xFF,0xFF,0xFF,0xFF,0xFF,
    0xFF,0xFF,0xFF,0xFF,0xFF,0xFF,0xFF,0xFF,0xFF,0xF0,0x01,0xFF,0xFF,0xFF,0xFF,0xFF,
    0x9F,0x8F,0x8F,0x8F,0x9F,0xDF,0x9F,0x9F,0xBF,0xFF,0x87,0x87,0x9F,0x9F,0x9F,0x9F,
    0x9F,0x9F,0x9B,0x87,0x8F,0x8D,0x9D,0xDF,0xE7,0xF8,0xC7,0x9F,0x7F,0xFF,0xFF,0xFF,
    0xFF,0xFF,0xFF,0xFF,0xFF,0xFF,0x7F,0x3E,0x41,0xFF,0xFF,0x67,0x07,0xFB,0xFB,0xFB,
    0xFD,0xFE,0xFF,0xFB,0xFB,0xF9,0xDB,0xCF,0xE7,0xFF,0xEF,0xEF,0xFF,0xF7,0xF7,0xF7,
    0xF7,0xE3,0xE3,0xE3,0xE7,0xE7,0xE7,0xE7,0xE3,0xE3,0xF3,0xE3,0xF3,0xF3,0xF7,0xF3,
    0xB3,0xB7,0xB7,0xB6,0xB1,0xB7,0xCF,0xDF,0x9F,0xBF,0x8D,0x90,0x86,0xBF,0xBF,0xBF,
    0xBE,0xBE,0xBC,0xBE,0xBF,0xBF,0xBF,0xBF,0xBB,0xFB,0xBB,0xF3,0xF3,0xF3,0xF3,0xF3,
    0xF3,0xF1,0xF3,0xF3,0xF1,0xF6,0xF0,0xF1,
  },
  {
    0x1F,0x1F,0x9F,0xCF,0xCF,0xCF,0xCF,0x8F,0xEF,0xFF,0xFF,0x3F,0xFF,0xFF,0xFF,0xFF,
    0xFF,0xFF,0xFF,0xFF,0xFF,0xFF,0xFF,0xFF,0xFF,0xFF,0xFF,0xFF,0xFF,0xFF,0xFF,0xFF,
    0x7F,0x9F,0xEF,0xFF,0xFF,0xFF,0xFF,0xFF,0xFF,0xFF,0xFF,0xFF,0x07,0x87,0x86,0x86,
    0xCE,0xDC,0xFC,0xFE,0xFF,0xFF,0xFF,0xE6,0xE6,0xE7,0xE7,0xC7,0xC7,0xCF,0xCF,0xDD,
    0xCE,0x9E,0x7E,0xEE,0xAD,0xCD,0xDB,0xDB,0xDB,0xBB,0x37,0x77,0x7F,0xEF,0xDF,0xCF,
    0xEF,0xE7,0xE7,0xE7,0xF7,0xF9,0xFE,0xFF,0x3F,0x9F,0x00,0xFF,0xFF,0xFF,0xFF,0xFF,
    0xFF,0xFF,0xFF,0xF0,0xF1,0xF7,0x3F,0x3F,0x0F,0x0F,0x9F,0x9F,0xDF,0xFF,0x7F,0x7F,
    0x7F,0x1F,0x9F,0xBF,0xBF,0x3F,0x3F,0x3F,0x3F,0x3F,0x3E,0x3F,0x3F,0x39,0x3B,0x23,
    0x07,0x7C,0xFE,0xFF,0xFF,0xE7,0xF7,0xE7,0xE7,0xFF,0x7F,0x3F,0x7F,0xEF,0xEF,0xC8,
    0x48,0xBE,0xFF,0xFF,0xFF,0xFF,0xFF,0xFF,0xFF,0xFF,0xFF,0xFF,0xFF,0xFF,0xFF,0xFF,
    0xFF,0xFF,0xFE,0xFF,0xFD,0xF8,0xFB,0xFF,0xF3,0xF3,0xF7,0xFF,0xDF,0xDF,0x9F,0x9F,
    0x1E,0x1F,0x9F,0x9F,0xFE,0xF6,0xFA,0xFB,0xFE,0xFE,0x7F,0x1D,0x1D,0x1D,0xBD,0xBD,
    0x9F,0x0F,0x0F,0xFB,0xFF,0xFD,0x70,0xF0,0x3F,0x7F,0xFF,0xFF,0xFF,0xFF,0xFF,0xFF,
    0xFF,0xFF,0xFF,0xFF,0xFF,0xFF,0xFF,0xFF,0xFF,0xFF,0xFF,0xFF,0x1F,0x1F,0x0F,0x0F,
    0x1F,0x3F,0x3F,0x3F,0xBF,0xBF,0xDF,0xEF,0xEF,0xF7,0xF7,0x7F,0xC9,0xF7,0xFF,0xFF,
    0xFF,0xF0,0xEE,0xFF,0xDF,0xFF,0x8F,0xFF,0xEB,0xBC,0xBF,0xBF,0xCF,0xA6,0xB0,0x97,
    0xDF,0x5E,0xEC,0xF3,0xFF,0xFF,0xFF,0xFF,0xFF,0xFF,0xFF,0xFF,0xFB,0xFB,0xFF,0xFF,
    0xEF,0xEF,0xEF,0xFC,0xFC,0xFD,0xFD,0xFF,0xFF,0x20,0xFE,0xFF,0xFF,0xFF,0xFF,0xFF,
    0xFF,0xFF,0x00,0xFF,0xFF,0xFF,0xFF,0xFF,0xFF,0xFF,0xFF,0xFF,0xFF,0xFF,0xFF,0xFF,
    0xFF,0xFF,0xFF,0xFF,0xFF,0xFF,0xFF,0xFF,0xFF,0xF0,0x01,0xFF,0xFF,0xFF,0xFF,0xFF,
    0x8F,0x8F,0x8F,0x8F,0x9F,0xDF,0x9F,0x9F,0xBF,0xFF,0x87,0x87,0x9F,0x9F,0x9F,0x9F,
    0x9F,0x9F,0x9B,0x87,0x8F,0x8D,0x9D,0xDF,0xEF,0xF8,0xC7,0x9F,0x7F,0xFF,0xFF,0xFF,
    0xFF,0xFF,0xFF,0xFF,0xFF,0xFF,0x7F,0x3E,0x41,0xFF,0xFF,0x67,0x07,0xFB,0xFB,0xFB,
    0xFD,0xFE,0xFF,0xFB,0xFB,0xF9,0xDB,0xCF,0xE7,0xFF,0xEF,0xEF,0xFF,0xF7,0xF7,0xF7,
    0xFF,0xE3,0xE3,0xE3,0xE7,0xE7,0xE7,0xE7,0xE3,0xE3,0xF3,0xF3,0xF3,0xF3,0xF7,0xF3,
    0xB3,0xB7,0xB7,0xB6,0xB1,0xB7,0xCF,0xDF,0x9F,0xDF,0x8D,0x90,0x86,0xBF,0xBF,0xBF,
    0xBE,0xBE,0xBC,0xBE,0xBF,0xBF,0xBF,0xBF,0xBB,0xFB,0xBB,0xF3,0xF7,0xF3,0xF3,0xF3,
    0xF3,0xF1,0xF3,0xF3,0xF1,0xF6,0xF0,0xF1,
  },
  {
    0x1F,0x1F,0x9F,0xCF,0xCF,0xCF,0xCF,0x8F,0xEF,0xFF,0xFF,0x3F,0x7F,0xFF,0xFF,0xFF,
    0xFF,0xFF,0xFF,0xFF,0xFF,0xFF,0xFF,0xFF,0xFF,0xFF,0xFF,0xFF,0xFF,0xFF,0xFF,0xFF,
    0x7F,0x9F,0xEF,0xFF,0xFF,0xFF,0xFF,0xFF,0xFF,0xFF,0xFF,0xFF,0x07,0x87,0x86,0x86,
    0xCE,0xDC,0xFC,0xFE,0xFF,0xFF,0xFF,0xE6,0xE6,0xE7,0xE7,0xC7,0xC7,0xCF,0xCF,0xDF,
    0xDC,0xCF,0xBE,0xFE,0xEF,0xCD,0xDB,0xDB,0xDB,0xBB,0x37,0x7F,0x7F,0xEF,0xDF,0xDF,
    0xDF,0xEF,0xEF,0xCF,0xE7,0xF9,0xFE,0xFF,0x7F,0x3F,0x07,0xFC,0xFF,0xFF,0xFF,0xFF,
    0xFF,0xFF,0xFF,0xF0,0xF1,0xF7,0x3F,0x3F,0x0F,0x0F,0x9F,0x9F,0xDF,0xFF,0x7F,0x7F,
    0x7F,0x1F,0x9F,0xBF,0xBF,0x3F,0x3F,0x3F,0x3F,0x3F,0x3F,0x3F,0x3F,0x3B,0x3B,0x27,
    0x07,0x78,0xFC,0xFE,0xFF,0xEF,0xE7,0xE7,0xEF,0xFF,0x7F,0x7F,0x7F,0xFF,0xCF,0xD8,
    0xC0,0x38,0xFF,0xFF,0xFF,0xFF,0xFF,0xFF,0xFF,0xFF,0xFF,0xFF,0xFF,0xFF,0xFF,0xFF,
    0xFF,0xFF,0xFE,0xFF,0xFF,0xF8,0xFB,0xFF,0xF3,0xF3,0xF7,0xFF,0xFF,0xDF,0x9F,0x9F,
    0x9E,0x1F,0x9F,0xBF,0x1E,0xEE,0xFE,0xFE,0xFE,0xFC,0xFF,0x3F,0x39,0x3B,0x9F,0x9F,
    0xEF,0x6B,0x2B,0xFB,0xF3,0xE3,0xE1,0xEC,0x1F,0x7F,0x7F,0xFF,0xFF,0xFF,0xFF,0xFF,
    0xFF,0xFF,0xFF,0xFF,0xFF,0xFF,0xFF,0xFF,0xFF,0xFF,0xFF,0xFF,0x1F,0x1F,0x0F,0x0F,
    0x7F,0xFF,0xFF,0x7F,0xBF,0xFF,0xFF,0xFD,0xF9,0xFB,0xFB,0x73,0x87,0xDF,0xDF,0xDF,
    0xBF,0xE0,0xE4,0xEE,0xEF,0xEF,0x6F,0xF7,0xD8,0x7E,0x7F,0xBF,0x9F,0xA5,0xA0,0x90,
    0xCF,0x5F,0xFE,0xF1,0xFF,0xFF,0xFF,0xFF,0xFF,0xFF,0xFF,0xFF,0xFB,0xFB,0xFF,0xFF,
    0xEF,0xEF,0xEF,0xFC,0xFC,0xFC,0xFC,0xFE,0xF3,0xE7,0xBF,0x7F,0xFF,0xFF,0xFF,0xFF,
    0xFF,0x8F,0x70,0xFF,0xFF,0xFF,0xFF,0xFF,0xFF,0xFF,0xFF,0xFF,0xFF,0xFE,0xFF,0x7F,
    0xFE,0xFF,0xFF,0xFF,0xFF,0xFF,0xFF,0xFF,0xFF,0xFE,0xE0,0x03,0xFF,0xFF,0xFF,0xFF,
    0x9F,0x8F,0x8F,0x8F,0x9F,0xDF,0x9F,0x9F,0xBF,0xFF,0x87,0x87,0x9F,0x9F,0x9F,0x9F,
    0x9F,0x9F,0x9E,0x9E,0x9D,0x9D,0x9F,0xFF,0xFD,0xF8,0xC7,0x9F,0x7F,0xFF,0xFF,0xFF,
    0xFF,0xFF,0xFF,0xFF,0xFF,0xFF,0xFF,0x3E,0x81,0x7F,0x7F,0x7B,0x63,0x1B,0xFB,0xF9,
    0xFD,0xFE,0xFF,0xFB,0xFB,0xF9,0xDB,0xCF,0xE7,0xFF,0xEF,0xEF,0xFF,0xF7,0xF7,0xF7,
    0xF7,0xE3,0xE3,0xE3,0xE7,0xE7,0xE7,0xE7,0xE3,0xE3,0xF3,0xE3,0xF3,0xF3,0xF7,0xF3,
    0xB3,0xB7,0xB7,0xB0,0xB3,0xF7,0xCF,0xDF,0xBF,0xFF,0x8D,0x91,0x86,0xBE,0xBF,0xBF,
    0xBF,0xBF,0xBE,0xBE,0xBF,0xBF,0xBF,0xBF,0xBB,0xFB,0xBB,0xF3,0xF7,0xF3,0xF3,0xF3,
    0xF3,0xF1,0xF3,0xF3,0xF1,0xF6,0xF0,0xF1,
  },
  {
    0x1F,0x1F,0x9F,0xCF,0xCF,0xCF,0xCF,0x8F,0xEF,0xFF,0xFF,0x3F,0x7F,0xFF,0xFF,0xFF,
    0xFF,0xFF,0xFF,0xFF,0xFF,0xFF,0xFF,0xFF,0xFF,0xFF,0xFF,0xFF,0xFF,0xFF,0xFF,0xFF,
    0x7F,0x9F,0xEF,0xFF,0xFF,0xFF,0xFF,0xFF,0xFF,0xFF,0xFF,0xFF,0x07,0x87,0x86,0x86,
    0xCE,0xDC,0xFC,0xFE,0xFF,0xFF,0xFF,0xE6,0xE6,0xE7,0xE7,0xC7,0xC7,0xCF,0xCF,0xDF,
    0xDC,0xCF,0xBE,0xFE,0xEF,0xCD,0xDB,0xDB,0xDB,0xBB,0x37,0x7F,0x7F,0xEF,0xDF,0xDF,
    0xDF,0xEF,0xEF,0xCF,0xE7,0xF9,0xFE,0xFF,0x7F,0x3F,0x07,0xFC,0xFF,0xFF,0xFF,0xFF,
    0xFF,0xFF,0xFF,0xF0,0xF1,0xF7,0x3F,0x3F,0x0F,0x0F,0x9F,0x9F,0xDF,0xFF,0x7F,0x7F,
    0x7F,0x1F,0x9F,0xBF,0xBF,0x3F,0x3F,0x3F,0x3F,0x3F,0x3F,0x3F,0x3F,0x3B,0x39,0x37,
    0x07,0x78,0xFC,0xFE,0xFF,0xEF,0xE7,0xE7,0xEF,0xFF,0x7F,0x7F,0x7F,0xFF,0xCF,0xD8,
    0xC0,0x38,0xFF,0xFF,0xFF,0xFF,0xFF,0xFF,0xFF,0xFF,0xFF,0xFF,0xFF,0xFF,0xFF,0xFF,
    0xFF,0xFF,0xFE,0xFF,0xFF,0xF8,0xFB,0xFF,0xF3,0xF3,0xF7,0xFF,0xFF,0xDF,0x9F,0x9F,
    0x9E,0x1F,0x9F,0xBF,0x1E,0xEE,0xFE,0xFE,0xFE,0xFC,0xFF,0x3F,0x39,0x3B,0x9F,0x9F,
    0xCF,0x6B,0x2B,0xFB,0xF3,0xE3,0xE1,0xEC,0x1F,0x7F,0x7F,0xFF,0xFF,0xFF,0xFF,0xFF,
    0xFF,0xFF,0xFF,0xFF,0xFF,0xFF,0xFF,0xFF,0xFF,0xFF,0xFF,0xFF,0x1F,0x1F,0x0F,0x0F,
    0x7F,0xFF,0xFF,0x7F,0xBF,0xFF,0xFF,0xFD,0xF9,0xFB,0xFB,0x33,0x87,0xDF,0xDF,0xDF,
    0xBF,0xE0,0xEC,0xEE,0xEF,0xEF,0x6F,0xF7,0xD8,0x7E,0x7F,0xBF,0x9F,0xA5,0xB0,0x90,
    0xCF,0x5F,0xFE,0xF1,0xFF,0xFF,0xFF,0xFF,0xFF,0xFF,0xFF,0xFF,0xFB,0xFB,0xFF,0xFF,
    0xEF,0xEF,0xEF,0xFC,0xFC,0xFC,0xFC,0xFE,0xF3,0xE7,0xBF,0x7F,0xFF,0xFF,0xFF,0xFF,
    0xFF,0x8F,0x70,0xFF,0xFF,0xFF,0xFF,0xFF,0xFF,0xFF,0xFF,0xFF,0xFF,0xFE,0xFF,0x7F,
    0xFE,0xFF,0xFF,0xFF,0xFF,0xFF,0xFF,0xFF,0xFF,0xFE,0xE0,0x03,0xFF,0xFF,0xFF,0xFF,
    0x9F,0x8F,0x8F,0x8F,0x9F,0xDF,0x9F,0x9F,0xBF,0xFF,0x87,0x87,0x9F,0x9F,0x9F,0x9F,
    0x9F,0x9F,0x9E,0x9E,0x9D,0x9D,0x9F,0xFF,0xFD,0xF8,0xC7,0x9F,0x7F,0xFF,0xFF,0xFF,
    0xFF,0xFF,0xFF,0xFF,0xFF,0xFF,0xFF,0x3E,0x81,0x7F,0x7F,0x7B,0x63,0x1B,0xFB,0xF9,
    0xFD,0xFE,0xFF,0xFB,0xFB,0xF9,0xDB,0xCF,0xE7,0xFF,0xEF,0xEF,0xFF,0xF7,0xF7,0xF7,
    0xF7,0xE3,0xE3,0xE3,0xE7,0xE7,0xE7,0xE7,0xE3,0xE3,0xF3,0xE3,0xF3,0xF3,0xF7,0xF3,
    0xB3,0xB7,0xB7,0xB0,0xF3,0xF7,0xCF,0x9F,0xBF,0xFF,0x8D,0x91,0x8E,0xBE,0xBF,0xBF,
    0xBF,0xBF,0xBE,0xBE,0xBF,0xBF,0xBF,0xBF,0xBB,0xFB,0xBB,0xF3,0xF7,0xF3,0xF3,0xF3,
    0xF3,0xF1,0xF3,0xF3,0xF1,0xF6,0xF0,0xF1,
  },
  {
    0x1F,0x1F,0x9F,0xCF,0xCF,0xCF,0xCF,0x8F,0xEF,0xFF,0xFF,0x3F,0x7F,0xFF,0xFF,0xFF,
    0xFF,0xFF,0xFF,0xFF,0xFF,0xFF,0xFF,0xFF,0xFF,0xFF,0xFF,0xFF,0xFF,0xFF,0xFF,0xFF,
    0x7F,0x9F,0xEF,0xFF,0xFF,0xFF,0xFF,0xFF,0xFF,0xFF,0xFF,0xFF,0x07,0x87,0x86,0x86,
    0xCE,0xDC,0xFC,0xFE,0xFF,0xFF,0xFF,0xE6,0xE6,0xE7,0xE7,0xC7,0xC7,0xCF,0xCF,0xDF,
    0xDC,0xCF,0xBE,0xFE,0xEF,0xCD,0xDB,0xDB,0xDB,0xBB,0x37,0x7F,0x7F,0xEF,0xDF,0xDF,
    0xDF,0xEF,0xEF,0xCF,0xE7,0xF9,0xFE,0xFF,0x7F,0x3F,0x07,0xFC,0xFF,0xFF,0xFF,0xFF,
    0xFF,0xFF,0xFF,0xF0,0xF1,0xF7,0x3F,0x3F,0x0F,0x0F,0x9F,0x9F,0xDF,0xFF,0x7F,0x7F,
    0x7F,0x1F,0x9F,0xBF,0xBF,0x3F,0x3F,0x3F,0x3F,0x3F,0xBF,0x3F,0x3F,0x3B,0x39,0x27,
    0x07,0x38,0xFC,0xFE,0xFF,0xEF,0xE7,0xE7,0xEF,0xFF,0x7F,0x7F,0x7F,0xFF,0xCF,0xD8,
    0xC0,0x38,0xFF,0xFF,0xFF,0xFF,0xFF,0xFF,0xFF,0xFF,0xFF,0xFF,0xFF,0xFF,0xFF,0xFF,
    0xFF,0xFF,0xFE,0xFF,0xFF,0xF8,0xFB,0xFF,0xF3,0xF3,0xF7,0xFF,0xFF,0xDF,0x9F,0x9F,
    0x9E,0x1F,0x9F,0xBF,0x1E,0xEE,0xFE,0xFE,0xFE,0xFC,0xFF,0x3F,0x3B,0x3B,0x9F,0x9F,
    0xCF,0x6B,0x2B,0xFB,0xF3,0xE3,0xE1,0xEC,0x1F,0x7F,0x7F,0xFF,0xFF,0xFF,0xFF,0xFF,
    0xFF,0xFF,0xFF,0xFF,0xFF,0xFF,0xFF,0xFF,0xFF,0xFF,0xFF,0xFF,0x1F,0x1F,0x0F,0x0F,
    0x7F,0xFF,0xFF,0x7F,0xBF,0xFF,0xFF,0xFD,0xF9,0xFB,0xFB,0x33,0x87,0xDF,0xDF,0xDF,
    0xBF,0xE0,0xE4,0xEE,0xEF,0xEF,0x6F,0x77,0xD8,0x7E,0x7F,0xBF,0x9F,0xA5,0xA0,0x90,
    0xCF,0x5F,0xFE,0xF1,0xFF,0xFF,0xFF,0xFF,0xFF,0xFF,0xFF,0xFF,0xFB,0xFB,0xFF,0xFF,
    0xEF,0xEF,0xEF,0xFC,0xFC,0xFC,0xFC,0xFE,0xF3,0xE7,0xBF,0x7F,0xFF,0xFF,0xFF,0xFF,
    0xFF,0x8F,0x70,0xFF,0xFF,0xFF,0xFF,0xFF,0xFF,0xFF,0xFF,0xFF,0xFF,0xFE,0xFF,0x7F,
    0xFE,0xFF,0xFF,0xFF,0xFF,0xFF,0xFF,0xFF,0xFF,0xFE,0xE0,0x03,0xFF,0xFF,0xFF,0xFF,
    0x9F,0x8F,0x8F,0x8F,0x9F,0xDF,0x9F,0x9F,0xBF,0xFF,0x87,0x87,0x9F,0x9F,0x9F,0x9F,
    0x9F,0x9F,0x9E,0x9E,0x9D,0x9D,0x9F,0xFF,0xFD,0xF8,0xC7,0x9F,0x7F,0xFF,0xFF,0xFF,
    0xFF,0xFF,0xFF,0xFF,0xFF,0xFF,0xFF,0x3E,0x81,0x7F,0x7F,0x7B,0x63,0x1B,0xFB,0xF9,
    0xFD,0xFE,0xFF,0xFB,0xFB,0xF9,0xDB,0xCF,0xE7,0xFF,0xEF,0xEF,0xFF,0xF7,0xF7,0xF7,
    0xF7,0xE3,0xE3,0xE3,0xE7,0xE7,0xE7,0xE7,0xE3,0xE3,0xF3,0xE3,0xF3,0xF3,0xF7,0xF3,
    0xB3,0xB7,0xB7,0xB0,0xF3,0xF7,0xCF,0xDF,0x9F,0xFF,0x8D,0x91,0x8E,0xBE,0xBF,0xBF,
    0xBF,0xBF,0xBE,0xBE,0xBF,0xBF,0xBF,0xBF,0xBB,0xFB,0xBB,0xF3,0xF7,0xF3,0xF3,0xF3,
    0xF3,0xF1,0xF3,0xF3,0xF1,0xF6,0xF0,0xF1,
  },
  {
    0x1F,0x1F,0x9F,0xCF,0xCF,0xCF,0xCF,0x0F,0x6F,0xFF,0xFF,0x3F,0xFF,0xFF,0xFF,0xFF,
    0xFF,0xFF,0xFF,0xFF,0xFF,0xFF,0xFF,0xFF,0xFF,0xFF,0xFF,0xFF,0xFF,0xFF,0xFF,0x7F,
    0x7F,0xBF,0xDF,0xDF,0xEF,0x77,0xFF,0xFF,0xFF,0xFF,0xFF,0xFF,0x07,0x87,0x86,0x86,
    0xCE,0xDC,0xFC,0xFE,0xFF,0xFF,0xFF,0xE6,0xE6,0xE7,0xE7,0xC7,0xC7,0xCF,0xEF,0xFF,
    0xCF,0xDF,0xB6,0x6E,0xEE,0x6E,0xEE,0xEC,0xDD,0xDD,0x1D,0x9F,0xDF,0xFB,0xFB,0xFB,
    0xFB,0xFD,0xF9,0xFD,0xFD,0xFC,0xFE,0xDF,0x1F,0x1F,0x8F,0xF7,0xFE,0xFF,0xFF,0xFF,
    0xFF,0xFF,0xFF,0xF0,0xF1,0xF7,0xBF,0x3F,0x0F,0x0F,0x9F,0x9F,0xDF,0xFF,0x7F,0x7F,
    0x7F,0x1F,0x9F,0xBF,0xBF,0x3F,0x3F,0x3F,0x3F,0x3F,0x3F,0x3F,0x3E,0x3E,0x1E,0x1D,
    0x80,0x9E,0xBF,0xFF,0x7F,0x79,0x7D,0x7D,0x79,0x7F,0x6F,0xEF,0x6F,0x7B,0x79,0x3A,
    0x59,0xF7,0xFF,0xFF,0xFF,0xFF,0xFF,0xFF,0xFF,0xFF,0xFF,0xFF,0xFF,0xFF,0xFF,0xFF,
    0xFF,0xFF,0xFE,0xFF,0xFF,0xF8,0xFB,0xFF,0xF3,0xF3,0xF7,0xFF,0xDF,0xDF,0x9F,0x9F,
    0x1E,0x1F,0x9F,0xBE,0x1E,0xFE,0xFE,0xFE,0xFF,0xFF,0xFF,0xFF,0xFF,0x7F,0xFF,0xFF,
    0x7F,0x1F,0x8F,0xE7,0xFB,0xFD,0xFC,0x3F,0xEE,0x71,0xDF,0xFF,0xFF,0xFF,0xFF,0xFF,
    0xFF,0xFF,0xFF,0xFF,0xFF,0xFF,0xFF,0xFF,0xFF,0xFF,0xFF,0xFF,0x1F,0x1F,0x0F,0x0F,
    0x1F,0x3F,0x3F,0x3F,0x3F,0xFF,0xFF,0xFF,0x7F,0x7F,0xFF,0xFF,0x7F,0x83,0xF1,0xEF,
    0xF7,0xF7,0xF3,0xE1,0xF6,0xF7,0xF9,0xFE,0xFB,0xFB,0xEB,0xFF,0xCD,0x86,0x1D,0xFD,
    0xFE,0xFF,0xFF,0xFF,0xFF,0xFF,0xFF,0xFF,0xFF,0xFF,0xFF,0xFF,0xFB,0xFB,0xFF,0xFF,
    0xEF,0xEF,0xEF,0xFC,0xFC,0xFC,0xFC,0xFF,0xFA,0xFC,0xFE,0xF7,0xFB,0xFC,0xFC,0xFE,
    0xFE,0xFE,0xFF,0x00,0xFF,0xFF,0xFF,0xFF,0xFF,0xFF,0xFF,0xFF,0xFF,0xFF,0xFF,0xFF,
    0xFF,0xFF,0xFF,0xFF,0xFF,0xF0,0x01,0xFF,0xFF,0xFF,0xFF,0xFF,0xFF,0xFF,0xFF,0xFF,
    0x8F,0x8F,0x8F,0x8F,0x9F,0xDF,0x9F,0x9F,0xBF,0xFF,0x87,0x87,0x9F,0x9F,0x1F,0xFF,
    0xFC,0xFF,0xFF,0xFF,0xFF,0xFF,0xFF,0xFF,0xFF,0xFF,0xF8,0xC7,0x7F,0xFF,0xFF,0xFF,
    0xFF,0xFF,0xFF,0xFF,0x7F,0xFF,0xBF,0xCF,0x73,0xAF,0xF7,0xDF,0xE7,0xF8,0xFF,0xF9,
    0xF9,0xF8,0xFE,0xF8,0xF8,0xF9,0xD9,0xCF,0xE7,0xFF,0xEF,0xEF,0xFF,0xF7,0xF7,0xF7,
    0xF7,0xE3,0xE3,0xE3,0xE7,0xE7,0xE6,0xE1,0xF3,0xF3,0xF3,0xF7,0xF7,0xF3,0xF3,0xF7,
    0xB3,0xB1,0xB6,0xB6,0xB1,0xB7,0xCF,0x9F,0xBF,0xBF,0xBC,0x83,0x8F,0x9F,0x80,0xFF,
    0xBF,0xBF,0xBF,0xBF,0xB7,0xB7,0xB7,0xB7,0xBB,0xFA,0xBB,0xF3,0xF7,0xF3,0xF3,0xF3,
    0xF3,0xF1,0xF3,0xF3,0xF1,0xF6,0xF0,0xF1,
  },
  {
    0x1F,0x1F,0x9F,0xCF,0xCF,0xCF,0xCF,0x0F,0x6F,0xFF,0xFF,0x3F,0xFF,0xFF,0xFF,0xFF,
    0xFF,0xFF,0xFF,0xFF,0xFF,0xFF,0xFF,0xFF,0xFF,0xFF,0xFF,0xFF,0xFF,0xFF,0xFF,0x7F,
    0x7F,0xBF,0xDF,0xDF,0xEF,0x77,0xFF,0xFF,0xFF,0xFF,0xFF,0xFF,0x07,0x87,0x86,0x86,
    0xCE,0xDC,0xFC,0xFE,0xFF,0xFF,0xFF,0xE6,0xE6,0xE7,0xE7,0xC7,0xC7,0xCF,0xEF,0xFF,
    0xCF,0xDF,0xB6,0x6E,0xEE,0x6E,0xEE,0xEE,0xDD,0xDD,0x1D,0x9F,0xDF,0xFB,0xFB,0xFB,
    0xFB,0xFD,0xF9,0xFD,0xFD,0xFC,0xFE,0xDF,0x1F,0x1F,0x8F,0xF7,0xFE,0xFF,0xFF,0xFF,
    0xFF,0xFF,0xFF,0xF0,0xF1,0xF7,0x3F,0x3F,0x0F,0x0F,0x9F,0x9F,0xDF,0xFF,0x7F,0x7F,
    0x7F,0x1F,0x9F,0xBF,0xBF,0x3F,0x3F,0x3F,0x3F,0x3F,0x3F,0x3F,0x3E,0x3E,0x1E,0x1D,
    0x80,0x9E,0xBF,0xFF,0x7F,0x79,0x7D,0x7D,0x79,0x7F,0x6F,0xEF,0xEF,0x7B,0x79,0x3A,
    0x59,0xF7,0xFF,0xFF,0xFF,0xFF,0xFF,0xFF,0xFF,0xFF,0xFF,0xFF,0xFF,0xFF,0xFF,0xFF,
    0xFF,0xFF,0xFE,0xFF,0xFF,0xF8,0xFB,0xFF,0xF3,0xF3,0xF7,0xFF,0xDF,0xDF,0x9F,0x9F,
    0x1E,0x1F,0x9F,0xBE,0x1E,0xFE,0xFE,0xFE,0xFF,0xFF,0xFF,0xFF,0xFF,0x7F,0xFF,0xFF,
    0x7F,0x1F,0x8F,0xE7,0xFB,0xFD,0xFC,0x3F,0xEE,0x71,0xDF,0xFF,0xFF,0xFF,0xFF,0xFF,
    0xFF,0xFF,0xFF,0xFF,0xFF,0xFF,0xFF,0xFF,0xFF,0xFF,0xFF,0xFF,0x1F,0x1F,0x0F,0x0F,
    0x1F,0x3F,0x3F,0x3F,0x3F,0xFF,0xFF,0xFF,0x7F,0x7F,0xFF,0xFF,0x7F,0x83,0xF1,0xEF,
    0xF7,0xF7,0xF3,0xE1,0xF6,0xF7,0xF9,0xFE,0xFB,0xFB,0xEB,0xFF,0xCD,0x06,0x1D,0xFD,
    0xFE,0xFF,0xFF,0xFF,0xFF,0xFF,0xFF,0xFF,0xFF,0xFF,0xFF,0xFF,0xFB,0xFB,0xFF,0xFF,
    0xEF,0xEF,0xEF,0xFC,0xFC,0xFC,0xFD,0xFF,0xFA,0xFC,0xFE,0xF7,0xFB,0xFC,0xFC,0xFE,
    0xFE,0xFE,0xFF,0x20,0xFF,0xFF,0xFF,0xFF,0xFF,0xFF,0xFF,0xFF,0xFF,0xFF,0xFF,0xFF,
    0xFF,0xFF,0xFF,0xFF,0xFF,0xF0,0x01,0xFF,0xFF,0xFF,0xFF,0xFF,0xFF,0xFF,0xFF,0xFF,
    0x8F,0x8F,0x8F,0x8F,0x9F,0xDF,0x9F,0x9F,0xBF,0xFF,0x87,0x87,0x9F,0x9B,0x1F,0xFF,
    0xFC,0xFF,0xFF,0xFF,0xFF,0xFF,0xFF,0xFF,0xFF,0xFF,0xF8,0xC7,0x7F,0xFF,0xFF,0xFF,
    0xFF,0xFF,0xFF,0xFF,0x7F,0xFF,0xBF,0xCF,0x73,0xAF,0xF7,0xDF,0xE7,0xF8,0xFF,0xF9,
    0xF9,0xF9,0xFE,0xF8,0xF8,0xF9,0xD9,0xCF,0xE7,0xFF,0xEF,0xEF,0xFF,0xF7,0xF7,0xF7,
    0xF7,0xE3,0xE3,0xE3,0xE7,0xE7,0xE6,0xE1,0xF3,0xF3,0xF3,0xF7,0xF7,0xF3,0xF3,0xF7,
    0xB3,0xB1,0xB6,0xB6,0xB1,0xB7,0xCF,0x9F,0xBF,0xBF,0xBC,0x83,0x8F,0x9F,0x80,0xFF,
    0xBF,0xBF,0xBF,0xBF,0xB7,0xB7,0xB7,0xB7,0xBB,0xFA,0xBB,0xF3,0xF3,0xF3,0xF3,0xF3,
    0xF3,0xF1,0xF3,0xF3,0xF1,0xF6,0xF0,0xF1,
  },
  {
    0x1F,0x1F,0x9F,0xCF,0xCF,0xCF,0xCF,0x0F,0x6F,0xFF,0xFF,0x3F,0xFF,0xFF,0xFF,0xFF,
    0xFF,0xFF,0xFF,0xFF,0xFF,0xFF,0xFF,0xFF,0xFF,0xFF,0xFF,0xFF,0xFF,0xFF,0xFF,0x7F,
    0x7F,0xBF,0xDF,0xDF,0xEF,0x77,0xFF,0xFF,0xFF,0xFF,0xFF,0xFF,0x07,0x87,0x86,0x86,
    0xCE,0xDC,0xFC,0xFE,0xFF,0xFF,0xFF,0xE6,0xE6,0xE7,0xE7,0xC7,0xC7,0xCF,0xEF,0xFF,
    0xCF,0xDF,0xB6,0x6E,0xEE,0x6E,0xEE,0xEF,0xDD,0xDD,0x1D,0x9F,0xDF,0xFB,0xFB,0xFB,
    0xFB,0xFD,0xF9,0xFD,0xFD,0xFC,0xFE,0xDF,0x1F,0x1F,0x8F,0xF7,0xFE,0xFF,0xFF,0xFF,
    0xFF,0xFF,0xFF,0xF0,0xF1,0xF7,0x3F,0x3F,0x0F,0x0F,0x9F,0x9F,0xDF,0xFF,0x7F,0x7F,
    0x7F,0x1F,0x9F,0xBF,0xBF,0x3F,0x3F,0x3F,0x3F,0x3F,0x3F,0x3F,0x3E,0x3E,0x1E,0x1D,
    0x80,0x9E,0xBF,0xFF,0x7F,0x79,0x7D,0x7D,0x79,0x7F,0x6F,0xEF,0xEF,0x7B,0x79,0x3A,
    0x59,0xF7,0xFF,0xFF,0xFF,0xFF,0xFF,0xFF,0xFF,0xFF,0xFF,0xFF,0xFF,0xFF,0xFF,0xFF,
    0xFF,0xFF,0xFE,0xFF,0xFF,0xF8,0xFB,0xFF,0xF3,0xF3,0xF7,0xFF,0xDF,0xDF,0x9F,0x9F,
    0x1E,0x1F,0x9F,0xBE,0x1E,0xFE,0xFE,0xFE,0xFF,0xFF,0xFF,0xFF,0xFF,0x7F,0xFF,0xFF,
    0x7F,0x1F,0x8F,0xE7,0xFB,0xFD,0xFE,0x3F,0xEE,0x71,0xDF,0xFF,0xFF,0xFF,0xFF,0xFF,
    0xFF,0xFF,0xFF,0xFF,0xFF,0xFF,0xFF,0xFF,0xFF,0xFF,0xFF,0xFF,0x1F,0x1F,0x0F,0x0F,
    0x1F,0x3F,0x3F,0x3F,0x3F,0xFF,0xFF,0xFF,0x7F,0x7F,0xFF,0xFF,0x7F,0x83,0xF1,0xEF,
    0xF7,0xF7,0xF3,0xE1,0xF6,0xF7,0xF9,0xFE,0xFB,0xFB,0xEB,0xFF,0xCD,0x06,0x1D,0xFD,
    0xFE,0xFF,0xFF,0xFF,0xFF,0xFF,0xFF,0xFF,0xFF,0xFF,0xFF,0xFF,0xFB,0xFB,0xFF,0xFF,
    0xEF,0xEF,0xEF,0xFC,0xFC,0xFC,0xFD,0xFF,0xF8,0xFC,0xFE,0xF7,0xFB,0xFC,0xFC,0xFE,
    0xFE,0xFE,0xFF,0x20,0xFF,0xFF,0xFF,0xFF,0xFF,0xFF,0xFF,0xFF,0xFF,0xFF,0xFF,0xFF,
    0xFF,0xFF,0xFF,0xFF,0xFF,0xF0,0x01,0xFF,0xFF,0xFF,0xFF,0xFF,0xFF,0xFF,0xFF,0xFF,
    0x8F,0x8F,0x8F,0x8F,0x9F,0xDF,0x9F,0x9F,0xBF,0xFF,0x87,0x87,0x9F,0x9F,0x1F,0xFF,
    0xFC,0xFF,0xFF,0xFF,0xFF,0xFF,0xFF,0xFF,0xFF,0xFF,0xF8,0xC7,0x7F,0xFF,0xFF,0xFF,
    0xFF,0xFF,0xFF,0xFF,0x7F,0xFF,0xBF,0xCF,0x73,0xAF,0xF7,0xDF,0xE7,0xF8,0xFF,0xF9,
    0xF9,0xF9,0xFE,0xF8,0xF8,0xF9,0xD9,0xCF,0xE7,0xFF,0xEF,0xEF,0xFF,0xF7,0xF7,0xF7,
    0xF7,0xE3,0xE3,0xE3,0xE7,0xE7,0xE6,0xE1,0xF3,0xF3,0xF3,0xE7,0xF7,0xF3,0xF3,0xF7,
    0xB3,0xB1,0xB6,0xB6,0xB1,0xB7,0xCF,0x9F,0xBF,0xBF,0xBE,0x83,0x8F,0x9F,0x80,0xBF,
    0xBF,0xBF,0xBF,0xBF,0xB7,0xB7,0xB7,0xB7,0xBB,0xFA,0xBB,0xF3,0xF3,0xF3,0xF3,0xF3,
    0xF3,0xF1,0xF3,0xF3,0xF1,0xF6,0xF0,0xF1,
  },
  {
    0x1F,0x1F,0x9F,0xCF,0xCF,0xCF,0xCF,0x8F,0xEF,0xFF,0xFF,0x7F,0xFF,0xFF,0xFF,0xFF,
    0xFF,0xFF,0xFF,0xFF,0xFF,0xFF,0xFF,0xFF,0xFF,0xFF,0xFF,0xFF,0xFF,0xFF,0xFF,0x7F,
    0xBF,0xBF,0xDF,0xDF,0xEF,0x77,0xFF,0xFF,0xFF,0xFF,0xFF,0xFF,0x07,0x87,0x86,0x86,
    0xCE,0xDC,0xFC,0xFE,0xFF,0xFF,0xFF,0xE6,0xE6,0xE7,0xE7,0xE7,0xE7,0xEF,0xFC,0xE6,
    0xCE,0xBE,0xF6,0x6E,0x6D,0x6D,0xEC,0xED,0xDD,0xDD,0x1D,0xDD,0xFB,0xFB,0xFB,0xFB,
    0xFD,0xFD,0xF9,0xFD,0xFC,0xFE,0xFF,0xCF,0x3F,0x1F,0xCF,0xF7,0xFE,0xFF,0xFF,0xFF,
    0xFF,0xFF,0xFF,0xF0,0xF1,0xF7,0xBF,0x3F,0x0F,0x0F,0x9F,0x9F,0xDF,0xFF,0x7F,0x7F,
    0x7F,0x1F,0x9F,0xBF,0xBF,0x3F,0x3F,0x3F,0x3F,0x3F,0x3F,0x3F,0x3E,0x3E,0x1C,0x1D,
    0x40,0x9E,0xBF,0xFF,0x7F,0x7D,0x7C,0x7C,0x7D,0x7F,0xEF,0xEF,0x6F,0xFD,0xBD,0x3C,
    0x49,0x77,0xFF,0xFF,0xFF,0xFF,0xFF,0xFF,0xFF,0xFF,0xFF,0xFF,0xFF,0xFF,0xFF,0xFF,
    0xFF,0xFF,0xFE,0xFF,0xFD,0xF8,0xFB,0xFF,0xF3,0xF3,0xF7,0xFF,0xDF,0xDF,0x9F,0x9F,
    0x1E,0x1F,0x9F,0xBE,0xBE,0x1E,0x7C,0xFE,0xFF,0xFF,0xFF,0xFF,0xFF,0x7F,0xFF,0xFF,
    0xFF,0x1F,0x0F,0xE7,0xFB,0xFD,0xFE,0x3F,0xFE,0x70,0x8F,0xFF,0xFF,0xFF,0xFF,0xFF,
    0xFF,0xFF,0xFF,0xFF,0xFF,0xFF,0xFF,0xFF,0xFF,0xFF,0xFF,0xFF,0x1F,0x1F,0x0F,0x0F,
    0x1F,0x3F,0x3F,0x3F,0x3F,0x7F,0xFF,0xFF,0x7F,0x7F,0xFF,0xFF,0x3F,0x87,0xF0,0xF8,
    0xFB,0xF7,0xE3,0xE3,0xFC,0xF9,0xFB,0xF7,0xF0,0xFB,0xFB,0xFD,0xCF,0xE3,0x07,0xFC,
    0xFE,0xFF,0xFF,0xFF,0xFF,0xFF,0xFF,0xFF,0xFF,0xFF,0xFF,0xFF,0xFB,0xFB,0xFF,0xFF,
    0xEF,0xEF,0xEF,0xFC,0xFC,0xFC,0xFC,0xFF,0xFF,0xFE,0xFE,0xFE,0xFF,0x7E,0xBC,0xDC,
    0xEF,0xF7,0xFB,0x00,0xFF,0xFF,0xFF,0xFF,0xFF,0xFF,0xFF,0xFF,0xFF,0xFF,0xFF,0xFF,
    0xFF,0xFF,0xFF,0xFF,0xFF,0xF0,0x01,0xFF,0xFF,0xFF,0xFF,0xFF,0xFF,0xFF,0xFF,0xFF,
    0x8F,0x8F,0x8F,0x8F,0x9F,0xDF,0x9F,0x9F,0xBF,0xFF,0x87,0x87,0x9F,0x9B,0xCF,0xF7,
    0xE7,0xEF,0x83,0x79,0xFE,0xFF,0xFF,0xFF,0xFF,0xFF,0xFC,0xC7,0xFF,0xFF,0xFF,0xFF,
    0xFF,0xFF,0xFF,0xFF,0x7F,0xFF,0xBF,0xCF,0x63,0xB7,0xD7,0xEF,0xE7,0xF8,0xFF,0xF9,
    0xF9,0xF9,0xFE,0xF8,0xF8,0xF9,0xD9,0xCF,0xE7,0xFF,0xEF,0xEF,0xFF,0xF7,0xF7,0xF7,
    0xF7,0xE3,0xE3,0xE3,0xE3,0xE4,0xE3,0xE3,0xE7,0xE7,0xE6,0xE1,0xE3,0xE3,0xE7,0xF7,
    0xF7,0xF7,0xB3,0xB0,0xB1,0xB7,0xCF,0x9F,0xBF,0xFF,0xFE,0x83,0x8F,0xDF,0x80,0xBF,
    0xBF,0xBF,0xBF,0xBF,0xB7,0xB7,0xB7,0xB7,0xBB,0xFA,0xBB,0xF3,0xF3,0xF3,0xF3,0xF3,
    0xF3,0xF1,0xF3,0xF3,0xF1,0xF6,0xF0,0xF1,
  },
  {
    0x1F,0x1F,0x9F,0xCF,0xCF,0xCF,0xCF,0x8F,0xEF,0xFF,0xFF,0x7F,0xFF,0xFF,0xFF,0xFF,
    0xFF,0xFF,0xFF,0xFF,0xFF,0xFF,0xFF,0xFF,0xFF,0xFF,0xFF,0xFF,0xFF,0xFF,0xFF,0x7F,
    0xBF,0xBF,0xDF,0xDF,0xEF,0x77,0xFF,0xFF,0xFF,0xFF,0xFF,0xFF,0x07,0x87,0x86,0x86,
    0xCE,0xDC,0xFC,0xFE,0xFF,0xFF,0xFF,0xE6,0xE6,0xE7,0xE7,0xE7,0xE7,0xEF,0xFC,0xE6,
    0xCE,0xBE,0xF6,0x6E,0x6D,0xED,0xEC,0xED,0xDD,0x9D,0x1D,0xDD,0xFB,0xFB,0xFB,0xFB,
    0xFD,0xFD,0xF9,0xFD,0xFC,0xFE,0xFF,0xCF,0x3F,0x1F,0xCF,0xF7,0xFE,0xFF,0xFF,0xFF,
    0xFF,0xFF,0xFF,0xF0,0xF1,0xF7,0xBF,0x3F,0x0F,0x0F,0x9F,0x9F,0xDF,0xFF,0x7F,0x7F,
    0x7F,0x1F,0x9F,0xBF,0xBF,0x3F,0x3F,0x3F,0x3F,0x3F,0x3F,0x3F,0x3E,0x3E,0x1C,0x1D,
    0x40,0x9E,0xBF,0xFF,0x7F,0x7D,0x7C,0x7C,0x7D,0x7F,0xEF,0xEF,0x6F,0xFD,0xBD,0x3C,
    0x49,0x77,0xFF,0xFF,0xFF,0xFF,0xFF,0xFF,0xFF,0xFF,0xFF,0xFF,0xFF,0xFF,0xFF,0xFF,
    0xFF,0xFF,0xFE,0xFF,0xFD,0xF8,0xFB,0xFF,0xF3,0xF3,0xF7,0xFF,0xDF,0xDF,0x9F,0x9F,
    0x1E,0x1F,0x9F,0xBE,0xBE,0x1E,0x7C,0xFE,0xFF,0xFF,0xFF,0xFF,0xFF,0x7F,0xFF,0xFF,
    0xFF,0x1F,0x0F,0xE7,0xFB,0xFD,0xFE,0x3F,0xFE,0x70,0x8F,0xFF,0xFF,0xFF,0xFF,0xFF,
    0xFF,0xFF,0xFF,0xFF,0xFF,0xFF,0xFF,0xFF,0xFF,0xFF,0xFF,0xFF,0x1F,0x1F,0x0F,0x0F,
    0x1F,0x3F,0x3F,0x3F,0x3F,0x7F,0xFF,0xFF,0x7F,0x7F,0xFF,0xFF,0x3F,0x87,0xF0,0xF8,
    0xFB,0xF7,0xE3,0xE3,0xFC,0xF9,0xFB,0xF7,0xF0,0xFB,0xFB,0xFD,0xCF,0xC3,0x07,0xFC,
    0xFE,0xFF,0xFF,0xFF,0xFF,0xFF,0xFF,0xFF,0xFF,0xFF,0xFF,0xFF,0xFB,0xFB,0xFF,0xFF,
    0xEF,0xEF,0xEF,0xFC,0xFC,0xFC,0xFC,0xFF,0xFF,0xFE,0xFE,0xFE,0xFF,0x7E,0xBC,0xDC,
    0xEF,0xF7,0xFB,0x00,0xFF,0xFF,0xFF,0xFF,0xFF,0xFF,0xFF,0xFF,0xFF,0xFF,0xFF,0xFF,
    0xFF,0xFF,0xFF,0xFF,0xFF,0xF0,0x01,0xFF,0xFF,0xFF,0xFF,0xFF,0xFF,0xFF,0xFF,0xFF,
    0x8F,0x8F,0x8F,0x8F,0x9F,0xDF,0x9F,0x9F,0xBF,0xFF,0x87,0x87,0x9F,0x9B,0xCF,0xF7,
    0xE7,0xEF,0x83,0x79,0xFE,0xFF,0xFF,0xFF,0xFF,0xFF,0xFC,0xC7,0xFF,0xFF,0xFF,0xFF,
    0xFF,0xFF,0xFF,0xFF,0x7F,0xFF,0xBF,0xCF,0x63,0xB7,0xD7,0xEF,0xE7,0xF8,0xFF,0xF9,
    0xF9,0xF8,0xFE,0xF8,0xF9,0xF9,0xD9,0xCF,0xE7,0xFF,0xEF,0xEF,0xFF,0xF7,0xF7,0xF7,
    0xF7,0xE3,0xE3,0xE3,0xE7,0xE4,0xE3,0xE3,0xE7,0xE7,0xE6,0xE1,0xE3,0xE3,0xE7,0xF7,
    0xF7,0xF7,0xB3,0xB0,0xB1,0xB7,0xCF,0x9F,0xBF,0xFF,0xFE,0x83,0x8F,0xDF,0x80,0xBF,
    0xBF,0xBF,0xBF,0xBF,0xB7,0xB7,0xB7,0xB7,0xBB,0xFA,0xBB,0xF3,0xF3,0xF3,0xF3,0xF3,
    0xF3,0xF1,0xF3,0xF3,0xF1,0xF6,0xF0,0xF1,
  },
  {
    0x1F,0x1F,0x9F,0xCF,0xCF,0xCF,0xCF,0x8F,0xEF,0xFF,0xFF,0x7F,0xFF,0xFF,0xFF,0xFF,
    0xFF,0xFF,0xFF,0xFF,0xFF,0xFF,0xFF,0xFF,0xFF,0xFF,0xFF,0xFF,0xFF,0xFF,0xFF,0x7F,
    0xBF,0xBF,0xDF,0xDF,0xEF,0x77,0xFF,0xFF,0xFF,0xFF,0xFF,0xFF,0x07,0x87,0x86,0x86,
    0xCE,0xDC,0xFC,0xFE,0xFF,0xFF,0xFF,0xE6,0xE6,0xE7,0xE7,0xE7,0xEF,0xEF,0xFC,0xE6,
    0xCE,0xBE,0xF6,0x6E,0x6D,0xED,0xEC,0xED,0xDD,0x9D,0x1D,0xDD,0xFB,0xFB,0xFB,0xFB,
    0xFD,0xFD,0xF9,0xFD,0xFC,0xFE,0xFF,0xCF,0x3F,0x1F,0xCF,0xF7,0xFE,0xFF,0xFF,0xFF,
    0xFF,0xFF,0xFF,0xF0,0xF1,0xF7,0xBF,0x3F,0x0F,0x0F,0x9F,0x9F,0xDF,0xFF,0x7F,0x7F,
    0x7F,0x1F,0x9F,0xBF,0xBF,0x3F,0x3F,0x3F,0x3F,0x3F,0x3F,0x3F,0x3E,0x3E,0x1C,0x1D,
    0x40,0x9E,0xBF,0xFF,0x7F,0x7D,0x7C,0x7C,0x7D,0x7F,0xEF,0xEF,0x6F,0xFD,0xBD,0x3C,
    0x49,0x77,0xFF,0xFF,0xFF,0xFF,0xFF,0xFF,0xFF,0xFF,0xFF,0xFF,0xFF,0xFF,0xFF,0xFF,
    0xFF,0xFF,0xFE,0xFF,0xFD,0xF8,0xFB,0xFF,0xF3,0xF3,0xF7,0xFF,0xDF,0xDF,0x9F,0x9F,
    0x1E,0x1F,0x9F,0xBE,0xBE,0x1E,0x7C,0xFE,0xFF,0xFF,0xFF,0xFF,0xFF,0x7F,0xFF,0xFF,
    0xFF,0x1F,0x0F,0xE7,0xFB,0xFD,0xFE,0x3F,0xFE,0x70,0xCF,0xFF,0xFF,0xFF,0xFF,0xFF,
    0xFF,0xFF,0xFF,0xFF,0xFF,0xFF,0xFF,0xFF,0xFF,0xFF,0xFF,0xFF,0x1F,0x1F,0x0F,0x0F,
    0x1F,0x3F,0x3F,0x3F,0x3F,0x7F,0xFF,0xFF,0x7F,0x7F,0xFF,0xFF,0x3F,0x87,0xF0,0xF8,
    0xFB,0xF7,0xE3,0xE3,0xFC,0xF9,0xFB,0xF7,0xF0,0xFB,0xFB,0xFD,0xCF,0xC3,0x07,0xFC,
    0xFE,0xFF,0xFF,0xFF,0xFF,0xFF,0xFF,0xFF,0xFF,0xFF,0xFF,0xFF,0xFB,0xFB,0xFF,0xFF,
    0xEF,0xEF,0xEF,0xFC,0xFC,0xFC,0xFC,0xFF,0xFF,0xFE,0xFE,0xFE,0xFF,0x7E,0xBC,0xDC,
    0xEF,0xF7,0xFB,0x00,0xFF,0xFF,0xFF,0xFF,0xFF,0xFF,0xFF,0xFF,0xFF,0xFF,0xFF,0xFF,
    0xFF,0xFF,0xFF,0xFF,0xFF,0xF0,0x01,0xFF,0xFF,0xFF,0xFF,0xFF,0xFF,0xFF,0xFF,0xFF,
    0x8F,0x8F,0x8F,0x8F,0x9F,0xDF,0x9F,0x9F,0xBF,0xFF,0x87,0x87,0x9F,0x9B,0xCF,0xF7,
    0xE7,0xEF,0x83,0x79,0xFE,0xFF,0xFF,0xFF,0xFF,0xFF,0xFC,0xC7,0xFF,0xFF,0xFF,0xFF,
    0xFF,0xFF,0xFF,0xFF,0x7F,0xFF,0xBF,0xCF,0x63,0xB7,0xD7,0xEF,0xE7,0xF8,0xFF,0xF9,
    0xF9,0xF8,0xFE,0xF8,0xF9,0xF9,0xD9,0xCF,0xE7,0xFF,0xEF,0xEF,0xFF,0xF7,0xF7,0xF7,
    0xF7,0xE3,0xE3,0xE3,0xE7,0xE4,0xE3,0xE3,0xE7,0xF7,0xE6,0xE1,0xE3,0xE3,0xE7,0xF7,
    0xF7,0xF7,0xB3,0xB0,0xB1,0xB7,0xCF,0x9F,0xBF,0xFF,0xFE,0x83,0x8F,0xDF,0x80,0xBF,
    0xBF,0xBF,0xBF,0xBF,0xB7,0xB7,0xB7,0xB7,0xBB,0xFA,0xBB,0xF3,0xF3,0xF3,0xF3,0xF3,
    0xF3,0xF1,0xF3,0xF3,0xF1,0xF6,0xF0,0xF1,
  },
  {
    0x1F,0x1F,0x9F,0xCF,0xCF,0xCF,0xCF,0x8F,0xEF,0xFF,0x7F,0x3F,0x7F,0xFF,0xFF,0xFF,
    0xFF,0xFF,0xFF,0xFF,0xFF,0xFF,0xFF,0xFF,0xFF,0xFF,0xFF,0xFF,0xFF,0xFF,0xFF,0xFF,
    0x3F,0x9F,0xDF,0xFF,0x7F,0xFF,0xFF,0xFF,0xFF,0xFF,0xFF,0xFF,0x07,0x87,0x86,0x86,
    0xCE,0xDC,0xFC,0xFE,0xFF,0xFF,0xFF,0xE6,0xE6,0xE7,0xE7,0xC7,0xC7,0xC7,0xCF,0xDF,
    0xCD,0xCD,0xBF,0xF6,0xEE,0x8D,0x5D,0xDB,0xDB,0xBB,0x37,0x7F,0x7F,0xEF,0xDF,0xDF,
    0xDF,0xCF,0xEF,0xCF,0xE7,0xE3,0xFC,0xFF,0x7F,0x1F,0x01,0xD8,0xFF,0xFF,0xFF,0xFF,
    0xFF,0xFF,0xFF,0xF0,0xF1,0xF7,0xBF,0x3F,0x0F,0x0F,0x1F,0x9F,0xDF,0xFF,0x6F,0x7F,
    0x7F,0x1F,0x9F,0x9F,0xBF,0x3F,0x3F,0x3F,0x3F,0x3F,0xBF,0x3F,0x3F,0x3C,0x38,0x33,
    0x27,0x1B,0xFE,0xFE,0xFF,0xCF,0xEF,0xCF,0xCF,0x7F,0x7F,0xFF,0xFF,0xDF,0xCF,0xDE,
    0xE0,0x18,0xFF,0xFF,0xFF,0xFF,0xFF,0xFF,0xFF,0xFF,0xFF,0xFF,0xFF,0xFF,0xFF,0xFF,
    0xFF,0xFF,0xFE,0xFF,0xFD,0xF8,0xFB,0xFF,0xF3,0xF3,0xE7,0xFF,0xDF,0x9F,0x9F,0x9F,
    0x1E,0x1F,0x9F,0xBF,0xB6,0xDE,0xEF,0xFE,0xFE,0xFC,0xFD,0xFD,0x79,0x3D,0x1D,0x1D,
    0x0D,0x9B,0xFB,0xFF,0xFF,0xEF,0x47,0x81,0x7C,0xFF,0xFF,0xFF,0xFF,0xFF,0xFF,0xFF,
    0xFF,0xFF,0xFF,0xFF,0xFF,0xFF,0xFF,0xFF,0xFF,0xFF,0xFF,0xFF,0x1F,0x1F,0x0F,0x0F,
    0x1F,0x3F,0x3F,0x3F,0x3F,0xFF,0xFF,0x7F,0x9F,0xEF,0xF7,0x73,0x8F,0xE7,0xF3,0xF1,
    0xF3,0xFF,0x97,0xAC,0xBC,0xBE,0xEC,0x60,0xFF,0xBF,0xBF,0xED,0x80,0xDE,0xDE,0x5F,
    0xC0,0xFF,0xFF,0xFF,0xFF,0xFF,0xFF,0xFF,0xFF,0xFF,0xFF,0xFF,0xFB,0xFB,0xFF,0xFF,
    0xEF,0xEF,0xEF,0xFC,0xFC,0xFC,0xFC,0xFF,0xFF,0xFE,0xFE,0xFE,0xFF,0xE6,0x08,0xFF,
    0xFF,0xFF,0x00,0xFF,0xFF,0xFF,0xFF,0xBF,0xDF,0xEF,0xEF,0xF7,0xF7,0x7F,0x8F,0xFE,
    0xF9,0x87,0xFF,0xE7,0xDF,0x3F,0x7F,0xFF,0xFF,0xFF,0xFF,0xFF,0x7F,0xFF,0xFF,0xFF,
    0x8F,0x8F,0x8F,0x8F,0x9F,0x9F,0x9F,0x9F,0xBF,0xFF,0x87,0x87,0x9F,0x9B,0x9F,0x9F,
    0x9F,0x9F,0x9F,0x87,0x99,0xBF,0xBF,0xBF,0xBF,0xDE,0xD9,0xC3,0xE7,0xEF,0xDF,0x1F,
    0x7F,0xEF,0xF7,0xF9,0xFE,0xFF,0xFF,0xFF,0xFF,0xFF,0x7F,0x7F,0xBF,0xD8,0xF3,0xF9,
    0xF9,0xF8,0xFE,0xF8,0xF8,0xF9,0xD9,0xCF,0xE7,0xFF,0xEF,0xEF,0xFF,0xF7,0xF7,0xF7,
    0xF7,0xE3,0xE3,0xE3,0xE7,0xE7,0xE7,0xE7,0xE3,0xE3,0xE3,0xE3,0xF3,0xF3,0xF3,0xF3,
    0xB3,0xB3,0xB3,0xB3,0xB3,0xB3,0xB2,0xB1,0xF3,0xEF,0xCF,0x9F,0x9F,0x98,0x82,0xBE,
    0xBE,0xBE,0xBF,0xBF,0xB7,0xBF,0xBF,0xBF,0xBB,0xFA,0xBB,0xF3,0xF3,0xF3,0xF3,0xF3,
    0xF3,0xF1,0xF3,0xF3,0xF1,0xF6,0xF0,0xF1,
  },
  {
    0x1F,0x1F,0x9F,0xCF,0xCF,0xCF,0xCF,0x8F,0xEF,0xFF,0x7F,0x7F,0x7F,0xFF,0xFF,0xFF,
    0xFF,0xFF,0xFF,0xFF,0xFF,0xFF,0xFF,0xFF,0xFF,0xFF,0xFF,0xFF,0xFF,0xFF,0xFF,0xFF,
    0x3F,0x9F,0xDF,0xFF,0x7F,0xFF,0xFF,0xFF,0xFF,0xFF,0xFF,0xFF,0x07,0x87,0x86,0x86,
    0xCE,0xDC,0xFC,0xFE,0xFF,0xFF,0xFF,0xE6,0xE6,0xE7,0xE7,0xC7,0xC7,0xC7,0xCF,0xDF,
    0xCD,0xCD,0xBF,0xF6,0xEE,0x8D,0x5D,0xDB,0xDB,0xBB,0x37,0x7F,0x7F,0xEF,0xDF,0xDF,
    0xDF,0xCF,0xEF,0xCF,0xE7,0xE3,0xFC,0xFF,0x7F,0x3F,0x03,0xD8,0xFF,0xFF,0xFF,0xFF,
    0xFF,0xFF,0xFF,0xF0,0xF1,0x77,0xBF,0x3F,0x0F,0x0F,0x9F,0x9F,0xDF,0xFF,0x6F,0x7F,
    0x7F,0x1F,0x9F,0x9F,0xBF,0x3F,0x3F,0x3F,0x3F,0x3F,0xBF,0x3F,0x3F,0x3C,0x38,0x33,
    0x27,0x1B,0xFE,0xFE,0xFF,0xCF,0xEF,0xCF,0xCF,0x7F,0x7F,0xFF,0xFF,0xDF,0xCF,0xDE,
    0xE0,0x18,0xFF,0xFF,0xFF,0xFF,0xFF,0xFF,0xFF,0xFF,0xFF,0xFF,0xFF,0xFF,0xFF,0xFF,
    0xFF,0xFF,0xFE,0xFF,0xFD,0xF8,0xFB,0xFF,0xF3,0xF3,0xE7,0xFF,0xDF,0x9F,0x9F,0x9F,
    0x1E,0x1F,0x9F,0xBF,0xB6,0xDE,0xEF,0xFE,0xFE,0xFC,0xFD,0xFD,0x79,0x3D,0x1D,0x1D,
    0x0D,0x9B,0xFB,0xFF,0xFF,0xEF,0x47,0x81,0x7C,0xFF,0xFF,0xFF,0xFF,0xFF,0xFF,0xFF,
    0xFF,0xFF,0xFF,0xFF,0xFF,0xFF,0xFF,0xFF,0xFF,0xFF,0xFF,0xFF,0x1F,0x1F,0x0F,0x0F,
    0x1F,0x3F,0x3F,0x3F,0x3F,0xFF,0xFF,0x7F,0xDF,0xEF,0xF7,0x73,0x8F,0xE7,0xF3,0xF1,
    0xF3,0xFF,0x97,0xAC,0xBC,0xBE,0xEC,0x60,0xFF,0xBF,0xBF,0xED,0x80,0xDE,0xDE,0x4F,
    0xC0,0xFF,0xFF,0xFF,0xFF,0xFF,0xFF,0xFF,0xFF,0xFF,0xFF,0xFF,0xFB,0xFB,0xFF,0xFF,
    0xEF,0xEF,0xEF,0xFC,0xFC,0xFC,0xFC,0xFF,0xFF,0xFE,0xFE,0xFE,0xFF,0xE6,0x08,0xFF,
    0xFF,0xFF,0x00,0xFF,0xFF,0xFF,0xFF,0xFF,0xDF,0xEF,0xEF,0xF7,0xF7,0x7F,0x8F,0xFE,
    0xF9,0x87,0xFF,0xE7,0xDF,0x3F,0x7F,0xFF,0xFF,0xFF,0xFF,0xFF,0x7F,0xFF,0xFF,0xFF,
    0x8F,0x8F,0x8F,0x8F,0x9F,0x9F,0x9F,0x9F,0xBF,0xFF,0x87,0x87,0x9F,0x9B,0x9F,0x9F,
    0x9F,0x9F,0x9F,0x87,0x99,0xBF,0xBF,0xBF,0xFF,0xDE,0xD9,0xC3,0xC7,0xEF,0xDF,0x1F,
    0x7F,0xEF,0xF7,0xF9,0xFE,0xFF,0xFF,0xFF,0xFF,0xFF,0x7F,0x7F,0xBF,0xD8,0xF1,0xF9,
    0xF9,0xF8,0xFE,0xF8,0xF8,0xF9,0xD9,0xCF,0xE7,0xFF,0xEF,0xEF,0xFF,0xF7,0xF7,0xF7,
    0xF7,0xE3,0xE3,0xE3,0xE7,0xE7,0xE7,0xE7,0xE3,0xE3,0xE3,0xF3,0xF3,0xF3,0xF3,0xF3,
    0xB3,0xB3,0xB3,0xB3,0xB3,0xB7,0xB2,0xB1,0xF3,0xEF,0xCF,0x9F,0x9F,0x98,0x82,0xFE,
    0xBE,0xBE,0xBF,0xBF,0xB7,0xBF,0xB7,0xBF,0xBB,0xFA,0xBB,0xF3,0xF3,0xF3,0xF3,0xF3,
    0xF3,0xF1,0xF3,0xF3,0xF1,0xF6,0xF0,0xF1,
  },
  {
    0x1F,0x1F,0x9F,0xCF,0xCF,0xCF,0xCF,0x8F,0xEF,0xFF,0x7F,0x3F,0x7F,0xFF,0xFF,0xFF,
    0xFF,0xFF,0xFF,0xFF,0xFF,0xFF,0xFF,0xFF,0xFF,0xFF,0xFF,0xFF,0xFF,0xFF,0xFF,0xFF,
    0x3F,0x9F,0xFF,0xAF,0xFF,0xFF,0xFF,0xFF,0xFF,0xFF,0xFF,0xFF,0x07,0x87,0x86,0x86,
    0xCE,0xDC,0xFC,0xFE,0xFF,0xFF,0xFF,0xE6,0xE6,0xE7,0xE7,0xC7,0xC7,0xC7,0xCF,0xDF,
    0xDD,0xCC,0x9F,0x7F,0xEE,0xAF,0x5D,0xDB,0xDB,0xBB,0x37,0x7F,0xEF,0xFF,0xDF,0x9F,
    0xBF,0xDF,0xDF,0xCF,0xCF,0xF3,0xFC,0xFF,0xFF,0x3F,0x01,0xDF,0xFF,0xFF,0xFF,0xFF,
    0xFF,0xFF,0xFF,0xF0,0xF1,0xF7,0xBF,0x3F,0x0F,0x0F,0x1F,0x9F,0xDF,0xFF,0x6F,0x7F,
    0x7F,0x1F,0x9F,0x9F,0xBF,0x3F,0x3F,0x3F,0x3F,0x3F,0xBF,0x3E,0x3D,0x3D,0x38,0x33,
    0x27,0x0B,0xFC,0xFE,0xFF,0xDF,0xCF,0xCF,0xDF,0xFF,0xFF,0xFF,0xFF,0xDF,0xDF,0xDC,
    0xC2,0x98,0xFF,0xFF,0xFF,0xFF,0xFF,0xFF,0xFF,0xFF,0xFF,0xFF,0xFF,0xFF,0xFF,0xFF,
    0xFF,0xFF,0xFE,0xFF,0xFD,0xF8,0xFB,0xFF,0xF3,0xF3,0xE7,0xFF,0xDF,0x9F,0x9F,0x9F,
    0x1E,0x1F,0x9F,0xBE,0x1E,0x9E,0xF6,0xFA,0xFE,0xFC,0xFD,0xFB,0x7B,0x3F,0x1F,0x1F,
    0x1B,0xF6,0xF6,0xFF,0xFF,0xEB,0xCB,0x01,0x3E,0x7F,0xFF,0xFF,0xFF,0xFF,0xFF,0xFF,
    0xFF,0xFF,0xFF,0xFF,0xFF,0xFF,0xFF,0xFF,0xFF,0xFF,0xFF,0xFF,0x1F,0x1F,0x0F,0x0F,
    0x1F,0x3F,0x3F,0x3F,0x3F,0x7F,0xFF,0xDF,0xDF,0xEF,0xEF,0x33,0xCF,0xE7,0xF3,0xEF,
    0xDF,0xEF,0xA3,0xAC,0xBC,0xBC,0xA8,0x00,0x3F,0xFF,0x7F,0xBF,0x01,0x40,0x8E,0xCF,
    0xC0,0xFF,0xFF,0xFF,0xFF,0xFF,0xFF,0xFF,0xFF,0xFF,0xFF,0xFF,0xFB,0xFB,0xFF,0xFF,
    0xEF,0xEF,0xEF,0xFC,0xFC,0xFC,0xFC,0xFF,0xFF,0xFE,0xFE,0x80,0x7E,0xFF,0xFF,0xFF,
    0xFF,0x03,0x7E,0xFF,0xFF,0xFF,0xFF,0xFF,0xCF,0xF7,0xFB,0xFB,0xFB,0x6F,0x8B,0xFE,
    0xFC,0x83,0xFF,0xE7,0x9E,0x3F,0x7F,0xFF,0xFF,0xFF,0xFF,0xFF,0x7F,0xFF,0xFF,0xFF,
    0x8F,0x8F,0x8F,0x8F,0x9F,0x9F,0x9F,0x9F,0xBF,0xFF,0x87,0x87,0x9F,0x9B,0x9F,0x9F,
    0x9F,0x9F,0x9F,0x9E,0x9E,0x9F,0x9F,0xDD,0xFF,0xFC,0xD9,0xD7,0xEF,0xEF,0xDF,0x3F,
    0x7F,0xFF,0xFB,0xF9,0xFE,0xFF,0xFF,0xFF,0xFF,0xFE,0xFF,0x7F,0x3F,0xDC,0xF1,0xF9,
    0xF9,0xF8,0xFE,0xF8,0xF8,0xF9,0xD9,0xCF,0xE7,0xFF,0xEF,0xEF,0xFF,0xF7,0xF7,0xF7,
    0xF7,0xE3,0xE3,0xE3,0xE7,0xE7,0xE7,0xE7,0xE3,0xE3,0xE3,0xF3,0xF3,0xF3,0xF3,0xF3,
    0xB3,0xB3,0xB3,0xB3,0xB3,0xB3,0xBA,0xB1,0xF7,0xEF,0xCF,0x8F,0x9F,0x88,0x86,0xFE,
    0xBE,0xBE,0xBF,0xBF,0xBF,0xBF,0xBF,0xBF,0xBB,0xFA,0xBB,0xF3,0xF3,0xF3,0xF3,0xF3,
    0xF3,0xF1,0xF3,0xF3,0xF1,0xF6,0xF0,0xF1,
  },
  {
    0x1F,0x1F,0x9F,0xCF,0xCF,0xCF,0xCF,0x8F,0xEF,0xFF,0x7F,0x3F,0x7F,0xFF,0xFF,0xFF,
    0xFF,0xFF,0xFF,0xFF,0xFF,0xFF,0xFF,0xFF,0xFF,0xFF,0xFF,0xFF,0xFF,0xFF,0xFF,0xFF,
    0x3F,0x9F,0xFF,0xAF,0xFF,0xFF,0xFF,0xFF,0xFF,0xFF,0xFF,0xFF,0x07,0x87,0x86,0x86,
    0xCE,0xDC,0xFC,0xFE,0xFF,0xFF,0xFF,0xE6,0xE6,0xE7,0xE7,0xC7,0xC7,0xC7,0xCF,0xDF,
    0xDD,0xCC,0x9F,0x7F,0xEE,0x8F,0x5D,0xDB,0xDB,0xBB,0x37,0x7F,0xEF,0xFF,0xDF,0x9F,
    0xBF,0xDF,0xDF,0xCF,0xCF,0xF3,0xFC,0xFF,0xFF,0x3F,0x01,0xDF,0xFF,0xFF,0xFF,0xFF,
    0xFF,0xFF,0xFF,0xF0,0xF1,0x77,0xBF,0x3F,0x0F,0x0F,0x9F,0x9F,0xDF,0xFF,0x6F,0x7F,
    0x7F,0x1F,0x9F,0x9F,0xBF,0x3F,0x3F,0x3F,0x3F,0x3F,0xBF,0x3E,0x3D,0x3D,0x38,0x33,
    0x27,0x03,0xFC,0xFE,0xFF,0xDF,0xCF,0xCF,0xDF,0xFF,0xFF,0xFF,0xFF,0xDF,0xDF,0xDC,
    0xC2,0x98,0xFF,0xFF,0xFF,0xFF,0xFF,0xFF,0xFF,0xFF,0xFF,0xFF,0xFF,0xFF,0xFF,0xFF,
    0xFF,0xFF,0xFE,0xFF,0xFD,0xF8,0xFB,0xFF,0xF3,0xF3,0xE7,0xFF,0xDF,0x9F,0x9F,0x9F,
    0x1E,0x1F,0x9F,0xBE,0x1E,0x9E,0xF6,0xFA,0xFE,0xFC,0xFD,0xFB,0x7B,0x3F,0x1F,0x1F,
    0x1B,0xF6,0xF6,0xFF,0xFF,0xEB,0xCB,0x01,0x3C,0x7F,0xFF,0xFF,0xFF,0xFF,0xFF,0xFF,
    0xFF,0xFF,0xFF,0xFF,0xFF,0xFF,0xFF,0xFF,0xFF,0xFF,0xFF,0xFF,0x1F,0x1F,0x0F,0x0F,
    0x1F,0x3F,0x3F,0x3F,0x3F,0x7F,0xFF,0xDF,0xDF,0xEF,0xEF,0x33,0xCF,0xE7,0xF3,0xEF,
    0xDF,0xEF,0xA3,0xAC,0xBC,0xBC,0xA8,0x20,0x3F,0xFF,0x7F,0xBF,0x01,0x40,0x8E,0xCF,
    0xC0,0xFF,0xFF,0xFF,0xFF,0xFF,0xFF,0xFF,0xFF,0xFF,0xFF,0xFF,0xFB,0xFB,0xFF,0xFF,
    0xEF,0xEF,0xEF,0xFC,0xFC,0xFC,0xFC,0xFF,0xFF,0xFE,0xFE,0x80,0x7E,0xFF,0xFF,0xFF,
    0xFF,0x03,0x7E,0xFF,0xFF,0xFF,0xFF,0xFF,0xCF,0xF7,0xFB,0xFB,0xFB,0x6F,0x8B,0xFE,
    0xFC,0x83,0xFF,0xE7,0x9E,0x3F,0x7F,0xFF,0xFF,0xFF,0xFF,0xFF,0x7F,0xFF,0xFF,0xFF,
    0x8F,0x8F,0x8F,0x8F,0x9F,0x9F,0x9F,0x9F,0xBF,0xFF,0x87,0x87,0x9F,0x9B,0x9F,0x9F,
    0x9F,0x9F,0x9F,0x9E,0x9E,0x9F,0x9F,0xDD,0xFF,0xFC,0xD9,0xD7,0xEF,0xEF,0xDF,0x3F,
    0x7F,0xFF,0xFB,0xF9,0xFE,0xFF,0xFF,0xFF,0xFF,0xFE,0xFF,0x7F,0x3F,0xDC,0xF1,0xF9,
    0xF9,0xF8,0xFE,0xF8,0xF8,0xF9,0xD9,0xCF,0xE7,0xFF,0xEF,0xEF,0xFF,0xF7,0xF7,0xF7,
    0xF7,0xE3,0xE3,0xE3,0xE7,0xE7,0xE7,0xE7,0xE3,0xE3,0xE3,0xE3,0xF3,0xF3,0xF3,0xF3,
    0xB3,0xB3,0xB3,0xB3,0xB3,0xB7,0xBA,0xB1,0xF7,0xEF,0xCF,0x8F,0x9F,0x88,0xC6,0xFE,
    0xBE,0xBE,0xBF,0xBF,0xBF,0xBF,0xBF,0xBF,0xBB,0xFA,0xBB,0xF3,0xF3,0xF3,0xF3,0xF3,
    0xF3,0xF1,0xF3,0xF3,0xF1,0xF6,0xF0,0xF1,
  },
  {
    0x1F,0x1F,0x9F,0xCF,0xCF,0xCF,0xCF,0x8F,0xEF,0xFF,0x7F,0x3F,0x7F,0xFF,0xFF,0xFF,
    0xFF,0xFF,0xFF,0xFF,0xFF,0xFF,0xFF,0xFF,0xFF,0xFF,0xFF,0xFF,0xFF,0xFF,0xFF,0xFF,
    0x3F,0x9F,0xFF,0xAF,0xFF,0xFF,0xFF,0xFF,0xFF,0xFF,0xFF,0xFF,0x07,0x87,0x86,0x86,
    0xCE,0xDC,0xFC,0xFE,0xFF,0xFF,0xFF,0xE6,0xE6,0xE7,0xE7,0xC7,0xC7,0xC7,0xCF,0xDF,
    0xDD,0xCC,0x9F,0x7F,0xEE,0x8F,0x5D,0xDB,0xDB,0xBB,0x37,0x7F,0xEF,0xFF,0xDF,0x9F,
    0xBF,0xDF,0xDF,0xCF,0xCF,0xF3,0xFC,0xFF,0xFF,0x3F,0x01,0xDF,0xFF,0xFF,0xFF,0xFF,
    0xFF,0xFF,0xFF,0xF0,0xF1,0x77,0xBF,0x3F,0x0F,0x0F,0x9F,0x9F,0xDF,0xFF,0x6F,0x7F,
    0x7F,0x1F,0x9F,0x9F,0xBF,0x3F,0x3F,0x3F,0x3F,0x3F,0xBF,0x3E,0x3D,0x3D,0x38,0x33,
    0x27,0x03,0xFC,0xFE,0xFF,0xDF,0xCF,0xCF,0xDF,0xFF,0xFF,0xFF,0xFF,0xDF,0xDF,0xDC,
    0xC2,0x98,0xFF,0xFF,0xFF,0xFF,0xFF,0xFF,0xFF,0xFF,0xFF,0xFF,0xFF,0xFF,0xFF,0xFF,
    0xFF,0xFF,0xFE,0xFF,0xFD,0xF8,0xFB,0xFF,0xF3,0xF3,0xE7,0xFF,0xDF,0x9F,0x9F,0x9F,
    0x1E,0x1F,0x9F,0xBE,0x1E,0x9E,0xF6,0xFA,0xFE,0xFC,0xFD,0xFB,0x7B,0x3F,0x1F,0x1F,
    0x1B,0xF6,0xF6,0xFF,0xFF,0xEB,0xCB,0x01,0x3C,0x7F,0xFF,0xFF,0xFF,0xFF,0xFF,0xFF,
    0xFF,0xFF,0xFF,0xFF,0xFF,0xFF,0xFF,0xFF,0xFF,0xFF,0xFF,0xFF,0x1F,0x1F,0x0F,0x0F,
    0x1F,0x3F,0x3F,0x3F,0x3F,0x7F,0xFF,0xDF,0xDF,0xEF,0xEF,0x33,0xCF,0xE7,0xF3,0xEF,
    0xDF,0xEF,0xA3,0xAC,0xBC,0xBC,0xA8,0x60,0x3F,0xFF,0x7F,0xBF,0x01,0x40,0x8E,0xCF,
    0xC0,0xFF,0xFF,0xFF,0xFF,0xFF,0xFF,0xFF,0xFF,0xFF,0xFF,0xFF,0xFB,0xFB,0xFF,0xFF,
    0xEF,0xEF,0xEF,0xFC,0xFC,0xFC,0xFC,0xFF,0xFF,0xFE,0xFE,0x80,0x7E,0xFF,0xFF,0xFF,
    0xFF,0x03,0x7E,0xFF,0xFF,0xFF,0xFF,0xFF,0xCF,0xF7,0xFB,0xFB,0xFB,0x6F,0x8B,0xFE,
    0xFC,0x83,0xFF,0xE7,0x9E,0x3F,0x7F,0xFF,0xFF,0xFF,0xFF,0xFF,0x7F,0xFF,0xFF,0xFF,
    0x8F,0x8F,0x8F,0x8F,0x9F,0x9F,0x9F,0x9F,0xBF,0xFF,0x87,0x87,0x9F,0x9B,0x9F,0x9F,
    0x9F,0x9F,0x9F,0x9E,0x9E,0x9F,0x9F,0x9D,0xFF,0xFC,0xD9,0xD7,0xEF,0xEF,0xDF,0x3F,
    0x7F,0xFF,0xFB,0xF9,0xFE,0xFF,0xFF,0xFF,0xFF,0xFE,0xFF,0x7F,0x3F,0xDC,0xF1,0xF9,
    0xF9,0xF8,0xFE,0xF8,0xF8,0xF9,0xD9,0xCF,0xE7,0xFF,0xEF,0xEF,0xFF,0xF7,0xF7,0xF7,
    0xF7,0xE3,0xE3,0xE3,0xE7,0xE7,0xE7,0xE7,0xE3,0xE3,0xF3,0xE3,0xF3,0xF3,0xF3,0xF3,
    0xB3,0xB3,0xB3,0xB3,0xB3,0xB3,0xBA,0xB1,0xF7,0xE7,0xCF,0x9F,0x9F,0x88,0xC6,0xFE,
    0xBE,0xBE,0xBF,0xBF,0xBF,0xBF,0xBF,0xBF,0xBB,0xFA,0xBB,0xF3,0xF3,0xF3,0xF3,0xF3,
    0xF3,0xF1,0xF3,0xF3,0xF1,0xF6,0xF0,0xF1,
  },
  {
    0x1F,0x1F,0x9F,0xCF,0xCF,0xCF,0xCF,0x0F,0x6F,0x7F,0x7F,0x7F,0x7F,0xFF,0xFF,0xFF,
    0xFF,0xFF,0xFF,0xFF,0xFF,0xFF,0xFF,0xFF,0xFF,0xFF,0xFF,0xFF,0xFF,0xFF,0x7F,0xBF,
    0xDF,0xCF,0xE7,0xF7,0x0B,0xFF,0xFF,0xFF,0xFF,0xFF,0xFF,0xFF,0x07,0x87,0x86,0x86,
    0xCE,0xDC,0xFC,0xFE,0xFF,0xFF,0xFF,0xE6,0xE6,0xE7,0xE7,0xC7,0xC7,0xCF,0xCF,0xDD,
    0xEF,0xDF,0xB7,0xE6,0x56,0x36,0x7E,0xED,0xED,0xCD,0x9F,0xFB,0xFB,0xF7,0xF7,0xFB,
    0xFB,0xFB,0xFB,0xF9,0xFC,0xFE,0xFF,0xBF,0x0F,0x83,0xF0,0xFE,0xFF,0xFF,0xFF,0xFF,
    0xFF,0xFF,0xFF,0xF0,0xF1,0x77,0xBF,0x3F,0x0F,0x0F,0x9F,0x9F,0xDF,0xFF,0x6F,0x7F,
    0x7F,0x1F,0x9F,0x9F,0xBF,0x3F,0x3F,0x3F,0x3F,0x3F,0xBF,0x3F,0x3F,0x1E,0x1E,0x00,
    0x8D,0xBF,0x7F,0x79,0x79,0x79,0xF9,0xFF,0x4F,0xEF,0xEF,0xFB,0xF9,0xF9,0xFB,0x98,
    0x07,0xFF,0xFF,0xFF,0xFF,0xFF,0xFF,0xFF,0xFF,0xFF,0xFF,0xFF,0xFF,0xFF,0xFF,0xFF,
    0xFF,0xFF,0xFE,0xFF,0xFD,0xF8,0xFB,0xFF,0xF3,0xF3,0xE7,0xFF,0xDF,0x9F,0x9F,0x1F,
    0x1E,0x1F,0x9F,0xBE,0xFA,0xFA,0x7E,0xFF,0xFF,0xFF,0x3F,0x1F,0x8F,0xE7,0xF7,0xFB,
    0xFC,0x3C,0xC0,0xF9,0xEF,0xDF,0x3C,0x20,0xCC,0xFF,0xFF,0xFF,0xFF,0xFF,0xFF,0xFF,
    0xFF,0xFF,0xFF,0xFF,0xFF,0xFF,0xFF,0xFF,0xFF,0xFF,0xFF,0xFF,0x1F,0x1F,0x0F,0x0F,
    0x1F,0x3F,0x3F,0x3F,0x3F,0x7F,0xFF,0xFF,0x7F,0x7F,0xFF,0xFF,0x03,0xF8,0xFD,0xFB,
    0xF5,0xFE,0xFD,0xFB,0xFB,0xFB,0xFD,0xF6,0xFF,0xBF,0xFF,0xE3,0xFB,0xE1,0x0F,0xFF,
    0xFF,0xFF,0xFF,0xFF,0xFF,0xFF,0xFF,0xFF,0xFF,0xFF,0xFF,0xFF,0xFB,0xFB,0xFF,0xFF,
    0xEF,0xEF,0xEF,0xFC,0xFC,0xFC,0xFC,0xFF,0xFF,0xFE,0xFC,0xFE,0xFF,0xFE,0x7C,0xF8,
    0x9B,0xFF,0x41,0xFE,0xFF,0xFF,0xFF,0xFF,0xFF,0xFF,0xFF,0xFF,0xFF,0xFF,0xFF,0xFF,
    0xFF,0xFF,0xFF,0xFF,0xFF,0xE4,0x01,0xFF,0xFF,0xFF,0xFF,0xFF,0xFF,0xFF,0xFF,0xFF,
    0x8F,0x8F,0x8F,0x8F,0x9F,0x9F,0x9F,0x9F,0xBF,0xFF,0x87,0x87,0x9F,0x9B,0x9F,0x9F,
    0x9F,0x9F,0x9F,0x87,0x87,0x80,0xBF,0x7F,0xFF,0xFC,0xE1,0x07,0x7F,0xFF,0xFF,0xFF,
    0xFF,0xFF,0xFF,0x7F,0xFF,0xFF,0xFF,0xFF,0xFF,0xFF,0x7F,0x9F,0xCF,0xF0,0xFE,0xF9,
    0xF9,0xF9,0xFE,0xF8,0xF8,0xF9,0xD9,0xCF,0xE7,0xFF,0xEF,0xEF,0xFF,0xF7,0xF7,0xF7,
    0xF7,0xE3,0xE3,0xE3,0xE7,0xE7,0xE7,0xE7,0xE3,0xE3,0xE3,0xE3,0xF3,0xF3,0xF3,0xF2,
    0xB1,0xB7,0xB3,0xB0,0xF3,0xCF,0xDF,0xDF,0xDF,0xDE,0xC3,0xDF,0xDF,0x9F,0xCF,0xD3,
    0xBF,0xBF,0xBF,0xBF,0xB7,0xB7,0xB7,0xB7,0xBB,0xFA,0xBB,0xF3,0xF3,0xF3,0xF3,0xF3,
    0xF3,0xF1,0xF3,0xF3,0xF1,0xF6,0xF0,0xF1,
  },
  {
    0x1F,0x1F,0x9F,0xCF,0xCF,0xCF,0xCF,0x0F,0x6F,0x7F,0x7F,0x7F,0x7F,0xFF,0xFF,0xFF,
    0xFF,0xFF,0xFF,0xFF,0xFF,0xFF,0xFF,0xFF,0xFF,0xFF,0xFF,0xFF,0xFF,0xFF,0x7F,0xBF,
    0xDF,0xCF,0xE7,0xF7,0x0B,0xFF,0xFF,0xFF,0xFF,0xFF,0xFF,0xFF,0x07,0x87,0x86,0x86,
    0xCE,0xDC,0xFC,0xFE,0xFF,0xFF,0xFF,0xE6,0xE6,0xE7,0xE7,0xC7,0xC7,0xCF,0xCF,0xDD,
    0xEF,0xDF,0xB7,0xE6,0x56,0x36,0x7E,0xED,0xED,0xCD,0x9F,0xFB,0xFB,0xF7,0xF7,0xFB,
    0xFB,0xFB,0xFB,0xF9,0xFC,0xFE,0xFF,0xBF,0x0F,0x83,0xF0,0xFE,0xFF,0xFF,0xFF,0xFF,
    0xFF,0xFF,0xFF,0xF0,0xF1,0x77,0xBF,0x3F,0x0F,0x0F,0x9F,0x9F,0xDF,0xFF,0x6F,0x7F,
    0x7F,0x1F,0x9F,0x9F,0xBF,0x3F,0x3F,0x3F,0x3F,0x3F,0xBF,0x3F,0x3F,0x1E,0x1E,0x00,
    0x8D,0xBF,0x7F,0x79,0x79,0x79,0xF9,0xFF,0x4F,0xEF,0xEF,0xFB,0xF9,0xF9,0xBB,0x98,
    0x07,0xFF,0xFF,0xFF,0xFF,0xFF,0xFF,0xFF,0xFF,0xFF,0xFF,0xFF,0xFF,0xFF,0xFF,0xFF,
    0xFF,0xFF,0xFE,0xFF,0xFD,0xF8,0xFB,0xFF,0xF3,0xF3,0xE7,0xFF,0xDF,0x9F,0x9F,0x1F,
    0x1E,0x1F,0x9F,0xBE,0xFA,0xFA,0x7E,0xFF,0xFF,0xFF,0x3F,0x1F,0x8F,0xE7,0xF7,0xFB,
    0xFC,0x3C,0xC0,0xF9,0xEF,0xDF,0x3C,0x20,0xCC,0xFF,0xFF,0xFF,0xFF,0xFF,0xFF,0xFF,
    0xFF,0xFF,0xFF,0xFF,0xFF,0xFF,0xFF,0xFF,0xFF,0xFF,0xFF,0xFF,0x1F,0x1F,0x0F,0x0F,
    0x1F,0x3F,0x3F,0x3F,0x3F,0x7F,0xFF,0xFF,0x7F,0x7F,0xFF,0xFF,0x03,0xF8,0xFD,0xFB,
    0xF5,0xFE,0xFD,0xFB,0xFB,0xFB,0xFD,0xF6,0xFF,0xBF,0xFF,0xE3,0xFB,0xE1,0x0F,0xFF,
    0xFF,0xFF,0xFF,0xFF,0xFF,0xFF,0xFF,0xFF,0xFF,0xFF,0xFF,0xFF,0xFB,0xFB,0xFF,0xFF,
    0xEF,0xEF,0xEF,0xFC,0xFC,0xFC,0xFC,0xFF,0xFF,0xFE,0xFC,0xFE,0xFF,0xFE,0x7C,0xF8,
    0x9B,0xFF,0x41,0xFE,0xFF,0xFF,0xFF,0xFF,0xFF,0xFF,0xFF,0xFF,0xFF,0xFF,0xFF,0xFF,
    0xFF,0xFF,0xFF,0xFF,0xFF,0xE4,0x01,0xFF,0xFF,0xFF,0xFF,0xFF,0xFF,0xFF,0xFF,0xFF,
    0x8F,0x8F,0x8F,0x8F,0x9F,0x9F,0x9F,0x9F,0xBF,0xFF,0x87,0x87,0x9F,0x9B,0x9F,0x9F,
    0x9F,0x9F,0x9F,0x8F,0x87,0x80,0xBF,0x7F,0xFF,0xFC,0xE1,0x07,0x7F,0xFF,0xFF,0xFF,
    0xFF,0xFF,0xFF,0x7F,0xFF,0xFF,0xFF,0xFF,0xFF,0xFF,0x7F,0x9F,0xCF,0xF0,0xFE,0xF9,
    0xF9,0xF9,0xFE,0xF8,0xF8,0xF9,0xD9,0xCF,0xE7,0xFF,0xEF,0xEF,0xFF,0xF7,0xF7,0xF7,
    0xF7,0xE3,0xE3,0xE3,0xE7,0xE7,0xE7,0xE3,0xE3,0xE3,0xE3,0xE3,0xF3,0xF3,0xF3,0xF2,
    0xB1,0xB7,0xB3,0xB0,0xF3,0xCF,0xDF,0xDF,0xDF,0xDE,0xC3,0xDF,0xDF,0x9F,0xCF,0xD3,
    0xBF,0xBF,0xBF,0xBF,0xB7,0xB7,0xB7,0xB7,0xBB,0xFA,0xBB,0xF3,0xF3,0xF3,0xF3,0xF3,
    0xF3,0xF1,0xF3,0xF3,0xF1,0xF6,0xF0,0xF1,
  },
  {
    0x1F,0x1F,0x9F,0xCF,0xCF,0xCF,0xCF,0x0F,0x6F,0x7F,0x7F,0x7F,0x7F,0xFF,0xFF,0xFF,
    0xFF,0xFF,0xFF,0xFF,0xFF,0xFF,0xFF,0xFF,0xFF,0xFF,0xFF,0xFF,0xFF,0xFF,0x7F,0xBF,
    0xDF,0xCF,0xE7,0xF7,0x0B,0xFF,0xFF,0xFF,0xFF,0xFF,0xFF,0xFF,0x07,0x87,0x86,0x86,
    0xCE,0xDC,0xFC,0xFE,0xFF,0xFF,0xFF,0xE6,0xE6,0xE7,0xE7,0xC7,0xC7,0xCF,0xCF,0xDD,
    0xEF,0xDF,0xB7,0xE6,0x56,0x36,0x7E,0xED,0xED,0xCD,0x9F,0xFB,0xFB,0xF7,0xF7,0xFB,
    0xFB,0xFB,0xFB,0xF9,0xFC,0xFE,0xFF,0xBF,0x0F,0x83,0xF0,0xFE,0xFF,0xFF,0xFF,0xFF,
    0xFF,0xFF,0xFF,0xF0,0xF1,0x77,0xBF,0x3F,0x0F,0x0F,0x9F,0x9F,0xDF,0xFF,0x6F,0x7F,
    0x7F,0x1F,0x9F,0x9F,0xBF,0x3F,0x3F,0x3F,0x3F,0x3F,0xBF,0x3F,0x3F,0x1E,0x1E,0x00,
    0x8C,0xBF,0x7F,0x79,0x79,0x79,0xF9,0xFF,0x4F,0xEF,0xEF,0xFB,0xF9,0xF9,0xBB,0x98,
    0x07,0xFF,0xFF,0xFF,0xFF,0xFF,0xFF,0xFF,0xFF,0xFF,0xFF,0xFF,0xFF,0xFF,0xFF,0xFF,
    0xFF,0xFF,0xFE,0xFF,0xFD,0xF8,0xFB,0xFF,0xF3,0xF3,0xE7,0xFF,0xDF,0x9F,0x9F,0x1F,
    0x1E,0x1F,0x9F,0xBE,0xFA,0xFA,0x7E,0xFF,0xFF,0xFF,0x3F,0x1F,0x8F,0xE7,0xF7,0xFB,
    0xFC,0x3C,0xC0,0xF9,0xEF,0xDF,0x3C,0x20,0xCC,0xFF,0xFF,0xFF,0xFF,0xFF,0xFF,0xFF,
    0xFF,0xFF,0xFF,0xFF,0xFF,0xFF,0xFF,0xFF,0xFF,0xFF,0xFF,0xFF,0x1F,0x1F,0x0F,0x0F,
    0x1F,0x3F,0x3F,0x3F,0x3F,0x7F,0xFF,0xFF,0x7F,0x7F,0xFF,0xFF,0x03,0xF8,0xFD,0xFB,
    0xF5,0xFE,0xFD,0xFB,0xFB,0xFB,0xFD,0xF6,0xFF,0xBF,0xFF,0xE3,0xFB,0xE1,0x0F,0xFF,
    0xFF,0xFF,0xFF,0xFF,0xFF,0xFF,0xFF,0xFF,0xFF,0xFF,0xFF,0xFF,0xFB,0xFB,0xFF,0xFF,
    0xEF,0xEF,0xEF,0xFC,0xFC,0xFC,0xFC,0xFF,0xFF,0xFE,0xFC,0xFE,0xFF,0xFE,0x7C,0xF8,
    0x9B,0xFF,0x41,0xFE,0xFF,0xFF,0xFF,0xFF,0xFF,0xFF,0xFF,0xFF,0xFF,0xFF,0xFF,0xFF,
    0xFF,0xFF,0xFF,0xFF,0xFF,0xF4,0x01,0xFF,0xFF,0xFF,0xFF,0xFF,0xFF,0xFF,0xFF,0xFF,
    0x8F,0x8F,0x8F,0x8F,0x9F,0x9F,0x9F,0x9F,0xBF,0xFF,0x87,0x87,0x9F,0x9B,0x9F,0x9F,
    0x9F,0x9F,0x9F,0x8F,0x87,0x80,0xBF,0x7F,0xFF,0xFC,0xE1,0x07,0x7F,0xFF,0xFF,0xFF,
    0xFF,0xFF,0xFF,0x7F,0xFF,0xFF,0xFF,0xFF,0xFF,0xFF,0x7F,0x9F,0xCF,0xF0,0xFE,0xF9,
    0xF9,0xF9,0xFE,0xF8,0xF8,0xF9,0xD9,0xCF,0xE7,0xFF,0xEF,0xEF,0xFF,0xF7,0xF7,0xF7,
    0xF7,0xE3,0xE3,0xE3,0xE7,0xE7,0xE7,0xE3,0xE3,0xE3,0xF3,0xE3,0xF3,0xF3,0xF3,0xF2,
    0xB1,0xB7,0xB3,0xB0,0xF3,0xCF,0xDF,0xDF,0xDF,0xDE,0xC3,0xDF,0xDF,0x9F,0xCF,0xD3,
    0xBF,0xBF,0xBF,0xBF,0xB7,0xB7,0xB7,0xB7,0xBB,0xFA,0xBB,0xF3,0xF3,0xF3,0xF3,0xF3,
    0xF3,0xF1,0xF3,0xF3,0xF1,0xF6,0xF0,0xF1,
  },
  {
    0x1F,0x1F,0x9F,0xCF,0xCF,0xCF,0xCF,0x0F,0x6F,0x7F,0x7F,0x7F,0x7F,0xFF,0xFF,0xFF,
    0xFF,0xFF,0xFF,0xFF,0xFF,0xFF,0xFF,0xFF,0xFF,0xFF,0xFF,0xFF,0xFF,0xFF,0x7F,0xBF,
    0xDF,0xCF,0xE7,0xF7,0x0B,0xFF,0xFF,0xFF,0xFF,0xFF,0xFF,0xFF,0x07,0x87,0x86,0x86,
    0xCE,0xDC,0xFC,0xFE,0xFF,0xFF,0xFF,0xE6,0xE6,0xE7,0xE7,0xC7,0xC7,0xCF,0xCF,0xDD,
    0xEF,0xDF,0xB7,0xE6,0x56,0x36,0x7E,0xED,0xED,0xCD,0x9F,0xFB,0xFB,0xF7,0xF7,0xFB,
    0xFB,0xFB,0xFB,0xF9,0xFC,0xFE,0xFF,0xBF,0x0F,0x83,0xF0,0xFE,0xFF,0xFF,0xFF,0xFF,
    0xFF,0xFF,0xFF,0xF0,0xF1,0x77,0xBF,0x3F,0x0F,0x0F,0x9F,0x9F,0xDF,0xFF,0x6F,0x7F,
    0x7F,0x1F,0x9F,0x9F,0xBF,0x3F,0x3F,0x3F,0x3F,0x3F,0xBF,0x3F,0x3F,0x1E,0x1E,0x00,
    0x8C,0xBF,0x7F,0x79,0x79,0x79,0xF9,0xFF,0x4F,0xEF,0xEF,0xFB,0xF9,0xF9,0xBB,0x98,
    0x07,0xFF,0xFF,0xFF,0xFF,0xFF,0xFF,0xFF,0xFF,0xFF,0xFF,0xFF,0xFF,0xFF,0xFF,0xFF,
    0xFF,0xFF,0xFE,0xFF,0xFD,0xF8,0xFB,0xFF,0xF3,0xF3,0xE7,0xFF,0xDF,0x9F,0x9F,0x1F,
    0x1E,0x1F,0x9F,0xBE,0xFA,0xFA,0x7E,0xFF,0xFF,0xFF,0x3F,0x1F,0x8F,0xE7,0xF7,0xFB,
    0xFC,0x3C,0xC0,0xF9,0xEF,0xDF,0x3C,0x20,0xCC,0xFF,0xFF,0xFF,0xFF,0xFF,0xFF,0xFF,
    0xFF,0xFF,0xFF,0xFF,0xFF,0xFF,0xFF,0xFF,0xFF,0xFF,0xFF,0xFF,0x1F,0x1F,0x8F,0x0F,
    0x1F,0x3F,0x3F,0x3F,0x3F,0x7F,0xFF,0xFF,0x7F,0x7F,0xFF,0xFF,0x03,0xF8,0xFD,0xFB,
    0xF5,0xFE,0xFD,0xFB,0xFB,0xFB,0xFD,0xF6,0xFF,0xBF,0xFF,0xE3,0xFB,0xE1,0x0F,0xFF,
    0xFF,0xFF,0xFF,0xFF,0xFF,0xFF,0xFF,0xFF,0xFF,0xFF,0xFF,0xFF,0xFB,0xFB,0xFF,0xFF,
    0xEF,0xEF,0xEF,0xFC,0xFC,0xFC,0xFC,0xFF,0xFF,0xFE,0xFC,0xFE,0xFF,0xFE,0x7C,0xF8,
    0x9B,0xFF,0x41,0xFE,0xFF,0xFF,0xFF,0xFF,0xFF,0xFF,0xFF,0xFF,0xFF,0xFF,0xFF,0xFF,
    0xFF,0xFF,0xFF,0xFF,0xFF,0xF4,0x01,0xFF,0xFF,0xFF,0xFF,0xFF,0xFF,0xFF,0xFF,0xFF,
    0x8F,0x8F,0x8F,0x8F,0x9F,0x9F,0x9F,0x9F,0xBF,0xFF,0x87,0x87,0x9F,0x9B,0x9F,0x9F,
    0x9F,0x9F,0x9F,0x87,0x87,0x80,0xBF,0x7F,0xFF,0xFC,0xE1,0x07,0x7F,0xFF,0xFF,0xFF,
    0xFF,0xFF,0xFF,0x7F,0xFF,0xFF,0xFF,0xFF,0xFF,0xFF,0x7F,0x9F,0xCF,0xF0,0xFE,0xF9,
    0xF9,0xF8,0xFE,0xF8,0xF8,0xF9,0xD9,0xCF,0xE7,0xFF,0xEF,0xEF,0xFF,0xF7,0xF7,0xF7,
    0xF7,0xE3,0xE3,0xE3,0xE7,0xE7,0xE7,0xE3,0xE3,0xE3,0xF3,0xE3,0xF3,0xF3,0xF3,0xF2,
    0xB1,0xB7,0xB3,0xB0,0xF3,0xCF,0xDF,0xDF,0xDF,0xDE,0xC3,0xDF,0xDF,0x9F,0xCF,0xD3,
    0xBF,0xBF,0xBF,0xBF,0xB7,0xB7,0xB7,0xB7,0xBB,0xFA,0xBB,0xF3,0xF3,0xF3,0xF3,0xF3,
    0xF3,0xF1,0xF3,0xF3,0xF1,0xF6,0xF0,0xF1,
  },
  {
    0x1F,0x1F,0x9F,0xCF,0xCF,0xCF,0xCF,0x0F,0xEF,0x7F,0x7F,0x7F,0xFF,0xFF,0xFF,0xFF,
    0xFF,0xFF,0xFF,0xFF,0xFF,0xFF,0xFF,0xFF,0xFF,0xFF,0xFF,0xFF,0xFF,0xFF,0x7F,0xBF,
    0x9F,0xCF,0xEF,0x3F,0xFF,0xFF,0xFF,0xFF,0xFF,0xFF,0xFF,0xFF,0x07,0x87,0x86,0x86,
    0xCE,0xDC,0xFC,0xFE,0xFF,0xFF,0xFF,0xE6,0xE6,0xE7,0xE7,0xC7,0xC7,0xCF,0xDF,0xED,
    0xDF,0xB7,0xF7,0x56,0x76,0x7C,0xED,0xED,0x1F,0x9B,0xFB,0xFF,0xF7,0xF7,0xF7,0xF7,
    0xFB,0xFB,0xFB,0xF9,0xFC,0xFF,0x1F,0x1F,0x07,0xE1,0xFC,0xFF,0xFF,0xFF,0xFF,0xFF,
    0xFF,0xFF,0xFF,0xF0,0xF1,0xF7,0xBF,0x3F,0x0F,0x0F,0x9F,0x9F,0xDF,0xFF,0x6F,0x7F,
    0x7F,0x1F,0x9F,0x9F,0xBF,0x3F,0x3F,0x3F,0x3F,0x3F,0x3F,0x3F,0x1E,0x1C,0x01,0x9D,
    0x7F,0x7F,0x73,0xFB,0x79,0x7B,0x7F,0xDF,0xDF,0xDF,0xFF,0xF3,0xFB,0x77,0xB8,0x07,
    0x7F,0xFF,0xFF,0xFF,0xFF,0xFF,0xFF,0xFF,0xFF,0xFF,0xFF,0xFF,0xFF,0xFF,0xFF,0xFF,
    0xFF,0xFF,0xFE,0xFF,0xFD,0xF8,0xFB,0xFF,0xF3,0xF3,0xE7,0xFF,0xDF,0x9F,0x9F,0x1F,
    0x1E,0x1F,0x9F,0x9E,0xFE,0xFE,0xFE,0xFF,0xFF,0xFE,0x3E,0x1F,0x8F,0xC7,0xF3,0xF2,
    0xFE,0xFE,0xE3,0xF3,0xFF,0xBF,0x78,0x20,0xBF,0xFF,0xFF,0xFF,0xFF,0xFF,0xFF,0xFF,
    0xFF,0xFF,0xFF,0xFF,0xFF,0xFF,0xFF,0xFF,0xFF,0xFF,0xFF,0xFF,0x1F,0x1F,0x8F,0x0F,
    0x1F,0x3F,0x3F,0x3F,0x3F,0x7F,0xFF,0xFF,0x7F,0x7F,0xFB,0x07,0xE3,0xF7,0xCF,0xEF,
    0xF3,0xF4,0xEF,0xEF,0xEF,0xF7,0xE9,0xFF,0x1F,0xEE,0xF7,0xE7,0xC7,0x18,0x7E,0xFF,
    0xFF,0xFF,0xFF,0xFF,0xFF,0xFF,0xFF,0xFF,0xFF,0xFF,0xFF,0xFF,0xFB,0xFB,0xFF,0xFF,
    0xEF,0xEF,0xEF,0xFC,0xFC,0xFC,0xFC,0xFF,0xFF,0xFE,0xFC,0xFE,0xFF,0xFE,0xFC,0xFE,
    0xFF,0xFF,0x00,0xFF,0xFF,0xFF,0xFF,0xFF,0xFF,0xFF,0xFF,0xFF,0xFF,0xFF,0xFF,0xFF,
    0xFF,0x7F,0xFF,0xFF,0xFF,0xFE,0xF8,0xE1,0x07,0xFF,0xFF,0xFF,0xFF,0xFF,0xFF,0xFF,
    0x8F,0x8F,0x8F,0x8F,0x9F,0x9F,0x9F,0x9F,0xBF,0xFF,0x87,0x87,0x9F,0x9B,0x9F,0x9F,
    0x9F,0x9F,0x9F,0x9F,0x9F,0x9F,0x1F,0x9F,0x9F,0xC0,0xBF,0x7F,0xFF,0xFF,0xFF,0xFF,
    0xFF,0xFF,0xFF,0xFF,0x7F,0xBF,0xBF,0xBF,0x7E,0x7F,0xFF,0xFF,0xFF,0xFF,0xD7,0x70,
    0xFC,0xFF,0xFF,0xFA,0xF8,0xF9,0xD9,0xCF,0xE7,0xFF,0xEF,0xEF,0xFF,0xF7,0xF7,0xF7,
    0xF7,0xE3,0xE3,0xE3,0xE7,0xE7,0xE7,0xE3,0xE3,0xE3,0xF3,0xE2,0xF1,0xF3,0xF7,0xF7,
    0xBF,0xBF,0xBE,0xBC,0xBD,0xB3,0xC7,0xCF,0xDF,0xCF,0xCF,0xF0,0xFB,0xBB,0xB9,0xBC,
    0xBF,0xBE,0xBC,0xBD,0xB9,0xB9,0xB8,0xBF,0xBF,0xFB,0xBB,0xF3,0xF3,0xF3,0xF3,0xF3,
    0xF3,0xF1,0xF3,0xF3,0xF1,0xF6,0xF0,0xF1,
  },
  {
    0x1F,0x1F,0x9F,0xCF,0xCF,0xCF,0xCF,0x0F,0xEF,0x7F,0x7F,0x7F,0xFF,0xFF,0xFF,0xFF,
    0xFF,0xFF,0xFF,0xFF,0xFF,0xFF,0xFF,0xFF,0xFF,0xFF,0xFF,0xFF,0xFF,0xFF,0x7F,0xBF,
    0x9F,0xCF,0xEF,0x3F,0xFF,0xFF,0xFF,0xFF,0xFF,0xFF,0xFF,0xFF,0x07,0x87,0x86,0x86,
    0xCE,0xDC,0xFC,0xFE,0xFF,0xFF,0xFF,0xE6,0xE6,0xE7,0xE7,0xC7,0xC7,0xCF,0xDF,0xED,
    0xDF,0xB7,0xF7,0x46,0x76,0x7C,0xED,0xED,0x1F,0x1B,0xFB,0xFF,0xF7,0xF7,0xF7,0xF7,
    0xFB,0xFB,0xFB,0xF9,0xFC,0xFF,0x1F,0x1F,0x07,0xE1,0xFC,0xFF,0xFF,0xFF,0xFF,0xFF,
    0xFF,0xFF,0xFF,0xF0,0xF1,0xF7,0x3F,0x3F,0x0F,0x0F,0x9F,0x9F,0xDF,0xFF,0x6F,0x7F,
    0x7F,0x1F,0x9F,0x9F,0xBF,0x3F,0x3F,0x3F,0x3F,0x3F,0x3F,0x3F,0x1E,0x1C,0x01,0x9D,
    0x7F,0x7F,0x73,0xFB,0x79,0x7B,0x7F,0xDF,0xDF,0xDF,0xFF,0xF3,0xFB,0x77,0xB8,0x07,
    0x7F,0xFF,0xFF,0xFF,0xFF,0xFF,0xFF,0xFF,0xFF,0xFF,0xFF,0xFF,0xFF,0xFF,0xFF,0xFF,
    0xFF,0xFF,0xFE,0xFF,0xFD,0xF8,0xFB,0xFF,0xF3,0xF3,0xE7,0xFF,0xDF,0x9F,0x9F,0x1F,
    0x1E,0x1F,0x9F,0x9E,0xFE,0xFE,0xFE,0xFF,0xFF,0xFE,0x3E,0x1F,0x8F,0xE7,0xF3,0xF2,
    0xFE,0xFE,0xE3,0xF3,0xFF,0xBF,0x78,0x20,0xBF,0xFF,0xFF,0xFF,0xFF,0xFF,0xFF,0xFF,
    0xFF,0xFF,0xFF,0xFF,0xFF,0xFF,0xFF,0xFF,0xFF,0xFF,0xFF,0xFF,0x1F,0x1F,0x8F,0x0F,
    0x1F,0x3F,0x3F,0x3F,0x3F,0x7F,0xFF,0xFF,0x7F,0x7F,0xFB,0x07,0xE7,0xF7,0xCF,0xEF,
    0xF3,0xF4,0xEE,0xEF,0xEF,0xF7,0xE9,0xFF,0x1F,0xEE,0xF7,0xE7,0xC7,0x18,0x7E,0xFF,
    0xFF,0xFF,0xFF,0xFF,0xFF,0xFF,0xFF,0xFF,0xFF,0xFF,0xFF,0xFF,0xFB,0xFB,0xFF,0xFF,
    0xEF,0xEF,0xEF,0xFC,0xFC,0xFC,0xFC,0xFF,0xFF,0xFE,0xFE,0xFE,0xFF,0xFE,0xFC,0xFC,
    0xFF,0xFF,0x00,0xFF,0xFF,0xFF,0xFF,0xFF,0xFF,0xFF,0xFF,0xFF,0xFF,0xFF,0xFF,0xFF,
    0xFF,0x7F,0xFF,0xFF,0xFE,0xFE,0xF8,0xE1,0x03,0xFF,0xFF,0xFF,0xFF,0xFF,0xFF,0xFF,
    0x8F,0x8F,0x8F,0x8F,0x9F,0x9F,0x9F,0x9F,0xBF,0xFF,0x87,0x87,0x9F,0x9B,0x9F,0x9F,
    0x9F,0x9F,0x9F,0x9F,0x9F,0x9F,0x1F,0x9F,0x9F,0xC0,0xBF,0x7F,0xFF,0xFF,0xFF,0xFF,
    0xFF,0xFF,0xFF,0xFF,0x7F,0xBF,0xBF,0xBF,0x7E,0x7F,0xFF,0xFF,0xFF,0xFF,0xD7,0x30,
    0xFC,0xFF,0xFF,0xFA,0xF9,0xF9,0xD9,0xCF,0xE7,0xFF,0xEF,0xEF,0xFF,0xF7,0xF7,0xF7,
    0xF7,0xE3,0xE3,0xE3,0xE7,0xE7,0xE7,0xE3,0xE3,0xE3,0xF3,0xE2,0xF1,0xF3,0xF7,0xF7,
    0xBF,0xBF,0xBE,0xBC,0xBD,0xB3,0xC7,0x8F,0xDF,0xCF,0xCF,0xF0,0xFB,0xBB,0xB9,0xBC,
    0xBF,0xBE,0xBC,0xBD,0xB9,0xB9,0xB8,0xBF,0xBF,0xFB,0xBB,0xF3,0xF3,0xF3,0xF3,0xF3,
    0xF3,0xF1,0xF3,0xF3,0xF1,0xF6,0xF0,0xF1,
  },
  {
    0x1F,0x1F,0x9F,0xCF,0xCF,0xCF,0xCF,0x8F,0x3F,0xFF,0xFF,0x7F,0x7F,0xFF,0xFF,0xFF,
    0xFF,0xFF,0xFF,0xFF,0xFF,0xFF,0xFF,0xFF,0xFF,0xFF,0xFF,0xFF,0xFF,0xFF,0xFF,0x7F,
    0x3F,0x9F,0xCF,0x2F,0xFF,0xFF,0xFF,0xFF,0xFF,0xFF,0xFF,0xFF,0x07,0x87,0x86,0x86,
    0xCE,0xDC,0xFC,0xFE,0xFF,0xFF,0xFF,0xE6,0xE6,0xE7,0xE7,0xC7,0xC7,0xCF,0xCF,0xDF,
    0xFD,0xDF,0xB7,0xC6,0x76,0xED,0xDD,0xFD,0x3B,0x37,0xFF,0xEF,0xCF,0xEF,0xEF,0xEF,
    0xE7,0xE7,0xF7,0xF7,0xF9,0xFE,0xBF,0xDF,0x0F,0x83,0xF8,0xFF,0xFF,0xFF,0xFF,0xFF,
    0xFF,0xFF,0xFF,0xF0,0xF1,0x77,0x3F,0x3F,0x0F,0x0F,0x1F,0x9F,0xDF,0xFF,0x6F,0x7F,
    0x7F,0x1F,0x9F,0x9F,0xBF,0x3F,0x3F,0x3F,0x3F,0x3F,0xBF,0x3E,0x3D,0x11,0x03,0x3F,
    0xFF,0xEF,0xE7,0xF7,0xE7,0xEF,0xBF,0xBF,0xBF,0xFF,0xEF,0xE7,0xE7,0xFE,0x60,0x1C,
    0xFF,0xFF,0xFF,0xFF,0xFF,0xFF,0xFF,0xFF,0xFF,0xFF,0xFF,0xFF,0xFF,0xFF,0xFF,0xFF,
    0xFF,0xFF,0xFE,0xFF,0xFD,0xF8,0xFB,0xFF,0xF3,0xF3,0xE7,0xFF,0xDF,0x9F,0x9F,0x1F,
    0x1E,0x1F,0x9F,0x1F,0xEE,0xFE,0xFD,0xFE,0xFE,0xFE,0x7E,0x1F,0x05,0x85,0x8F,0x7D,
    0xFD,0xFD,0xCD,0xC5,0x8E,0x7A,0xE0,0x1D,0xBF,0xFF,0xFF,0xFF,0xFF,0xFF,0xFF,0xFF,
    0xFF,0xFF,0xFF,0xFF,0xFF,0xFF,0xFF,0xFF,0xFF,0xFF,0xFF,0xFF,0x1F,0x1F,0x0F,0x0F,
    0x1F,0x3F,0x3F,0x3F,0x3F,0x7F,0xFF,0xFF,0x7F,0x7F,0xF9,0x0F,0xEF,0xDF,0x8F,0xC1,
    0xD8,0xFE,0xDE,0xDF,0xCF,0xA3,0x7E,0xBF,0xCF,0xE7,0xEF,0xDF,0x8E,0xB8,0xBF,0x3F,
    0x3F,0x7F,0xFF,0xFF,0xFF,0xFF,0xFF,0xFF,0xFF,0xFF,0xFF,0xFF,0xFB,0xFB,0xFF,0xFF,
    0xEF,0xEF,0xEF,0xFC,0xFC,0xFC,0xFC,0xFF,0xFF,0xFE,0xFE,0xFF,0xFF,0xFE,0xFC,0xFC,
    0xFF,0xE1,0x00,0xFF,0xFF,0xFF,0xFF,0xFF,0xFF,0xFF,0xFF,0xFF,0xFF,0xFF,0xFF,0xFF,
    0xFF,0xFF,0xFF,0xFF,0xBF,0xDF,0xDF,0xEF,0xEE,0xE0,0x37,0x2F,0x0F,0xFF,0xFF,0xFF,
    0x9F,0x8F,0x8F,0x8F,0x9F,0x9F,0x9F,0x9F,0xBF,0xFF,0x87,0x87,0x9F,0x9B,0x9F,0x9F,
    0x9F,0x9F,0x9F,0x9F,0x9F,0x9F,0x9F,0xDF,0xC4,0x1F,0xFF,0xFF,0xFF,0xFF,0xFF,0xFF,
    0xFF,0xFF,0xFF,0xFF,0xFF,0x3F,0x9F,0xAF,0xAF,0xC7,0xE7,0xF7,0xF7,0xF7,0xF7,0xF3,
    0xFB,0xFD,0xFE,0xFB,0xFB,0xFB,0xDB,0xCF,0xE7,0xFF,0xEF,0xEF,0xFF,0xF7,0xF7,0xF7,
    0xF7,0xE3,0xE3,0xE3,0xE7,0xE7,0xE7,0xE3,0xE3,0xE3,0xF3,0xF3,0xF3,0xF7,0xF7,0xF7,
    0xB7,0xB6,0xB5,0xB1,0xF3,0xB3,0xC3,0x8F,0xDF,0xCF,0xCF,0xE7,0xF0,0xBF,0xBF,0xBB,
    0xBB,0xB7,0xB5,0xB5,0xB7,0xB7,0xBF,0xB3,0xBB,0xFA,0xBB,0xF3,0xF3,0xF3,0xF3,0xF3,
    0xF3,0xF1,0xF3,0xF3,0xF1,0xF6,0xF0,0xF1,
  },
  {
    0x1F,0x1F,0x9F,0xCF,0xCF,0xCF,0xCF,0x8F,0x3F,0xFF,0xFF,0x7F,0x7F,0xFF,0xFF,0xFF,
    0xFF,0xFF,0xFF,0xFF,0xFF,0xFF,0xFF,0xFF,0xFF,0xFF,0xFF,0xFF,0xFF,0xFF,0xFF,0x7F,
    0x3F,0x9F,0xCF,0x2F,0xFF,0xFF,0xFF,0xFF,0xFF,0xFF,0xFF,0xFF,0x07,0x87,0x86,0x86,
    0xCE,0xDC,0xFC,0xFE,0xFF,0xFF,0xFF,0xE6,0xE6,0xE7,0xE7,0xC7,0xC7,0xCF,0xCF,0xDF,
    0xFD,0xDF,0xB7,0xC6,0x76,0xED,0xDD,0xFD,0x3B,0x37,0xFF,0xEF,0xCF,0xEF,0xEF,0xEF,
    0xE7,0xE7,0xF7,0xF7,0xF9,0xFE,0xBF,0xDF,0x0F,0x83,0xF8,0xFF,0xFF,0xFF,0xFF,0xFF,
    0xFF,0xFF,0xFF,0xF0,0xF1,0x77,0xBF,0x3F,0x0F,0x0F,0x1F,0x9F,0xDF,0xFF,0x6F,0x7F,
    0x7F,0x1F,0x9F,0x9F,0xBF,0x3F,0x3F,0x3F,0x3F,0x3F,0xBF,0x3E,0x3D,0x11,0x03,0x3F,
    0xFF,0xEF,0xE7,0xF7,0xE7,0xEF,0xBF,0xBF,0xBF,0xFF,0xEF,0xE7,0xE7,0xFE,0x60,0x1C,
    0xFF,0xFF,0xFF,0xFF,0xFF,0xFF,0xFF,0xFF,0xFF,0xFF,0xFF,0xFF,0xFF,0xFF,0xFF,0xFF,
    0xFF,0xFF,0xFE,0xFF,0xFD,0xF8,0xFB,0xFF,0xF3,0xF3,0xE7,0xFF,0xDF,0x9F,0x9F,0x1F,
    0x1E,0x1F,0x9F,0x1F,0xEE,0xFE,0xFD,0xFE,0xFE,0xFE,0x7E,0x1F,0x05,0x85,0x8F,0x7D,
    0xFD,0xFD,0xCD,0xC5,0x8E,0x7A,0xE0,0x1D,0xBF,0xFF,0xFF,0xFF,0xFF,0xFF,0xFF,0xFF,
    0xFF,0xFF,0xFF,0xFF,0xFF,0xFF,0xFF,0xFF,0xFF,0xFF,0xFF,0xFF,0x1F,0x1F,0x0F,0x0F,
    0x1F,0x3F,0x3F,0x3F,0x3F,0x7F,0xFF,0xFF,0x7F,0x7F,0xF9,0x0F,0xEF,0xDF,0x8F,0xC1,
    0xD8,0xFE,0xDE,0xDF,0xCF,0xA3,0x7F,0xBF,0xCF,0xE7,0xEF,0xDF,0x8E,0xB8,0xBF,0x3F,
    0x3F,0x7F,0xFF,0xFF,0xFF,0xFF,0xFF,0xFF,0xFF,0xFF,0xFF,0xFF,0xFB,0xFB,0xFF,0xFF,
    0xEF,0xEF,0xEF,0xFC,0xFC,0xFC,0xFC,0xFF,0xFF,0xFE,0xFC,0xFF,0xFF,0xFE,0xFC,0xFE,
    0xFF,0xF1,0x00,0xFF,0xFF,0xFF,0xFF,0xFF,0xFF,0xFF,0xFF,0xFF,0xFF,0xFF,0xFF,0xFF,
    0xFF,0xFF,0xFF,0xFF,0xBF,0xDF,0xDF,0xEF,0xEE,0xE0,0x37,0x2F,0x0F,0xFF,0xFF,0xFF,
    0x9F,0x8F,0x8F,0x8F,0x9F,0x9F,0x9F,0x9F,0xBF,0xFF,0x87,0x87,0x9F,0x9B,0x9F,0x9F,
    0x9F,0x9F,0x9F,0x9F,0x9F,0x9F,0x9F,0xDF,0xC4,0x1F,0xFF,0xFF,0xFF,0xFF,0xFF,0xFF,
    0xFF,0xFF,0xFF,0xFF,0xFF,0x3F,0x9F,0xAF,0xAF,0xC7,0xE7,0xF7,0xF7,0xF7,0xF7,0xF3,
    0xFB,0xFD,0xFE,0xFB,0xFB,0xFB,0xDB,0xCF,0xE7,0xFF,0xEF,0xEF,0xFF,0xF7,0xF7,0xF7,
    0xF7,0xE3,0xE3,0xE3,0xE7,0xE7,0xE7,0xE3,0xE3,0xE3,0xF3,0xF3,0xF3,0xF7,0xF7,0xF7,
    0xB7,0xB6,0xB5,0xB1,0xF3,0xB3,0xC3,0x8F,0xDF,0x8F,0xCF,0xE7,0xF0,0xBF,0xBB,0xBB,
    0xBB,0xB7,0xB5,0xB5,0xB7,0xB7,0xBF,0xB3,0xBB,0xFA,0xBB,0xF3,0xF3,0xF3,0xF3,0xF3,
    0xF3,0xF1,0xF3,0xF3,0xF1,0xF6,0xF0,0xF1,
  },
  {
    0x1F,0x1F,0x9F,0xCF,0xCF,0xCF,0xCF,0x8F,0x3F,0xFF,0xFF,0x7F,0x7F,0xFF,0xFF,0xFF,
    0xFF,0xFF,0xFF,0xFF,0xFF,0xFF,0xFF,0xFF,0xFF,0xFF,0xFF,0xFF,0xFF,0xFF,0xFF,0x7F,
    0x3F,0x9F,0xCF,0x2F,0xFF,0xFF,0xFF,0xFF,0xFF,0xFF,0xFF,0xFF,0x07,0x87,0x86,0x86,
    0xCE,0xDC,0xFC,0xFE,0xFF,0xFF,0xFF,0xE6,0xE6,0xE7,0xE7,0xC7,0xC7,0xCF,0xCF,0xDF,
    0xFD,0xDF,0xB7,0xC7,0x76,0xED,0xFD,0xDD,0x3B,0x37,0xFF,0xEF,0xCF,0xEF,0xEF,0xEF,
    0xE7,0xE7,0xF7,0xF7,0xF9,0xFC,0xBF,0x9F,0x0F,0x83,0xF8,0xFF,0xFF,0xFF,0xFF,0xFF,
    0xFF,0xFF,0xFF,0xF0,0xF1,0x77,0xBF,0x3F,0x0F,0x0F,0x9F,0x9F,0xDF,0xFF,0x6F,0x7F,
    0x7F,0x1F,0x9F,0x9F,0xBF,0x3F,0x3F,0x3F,0x3F,0x3F,0xBF,0x3E,0x3F,0x11,0x03,0x3F,
    0xFF,0xEF,0xE7,0xF7,0xE7,0xEF,0xBF,0xBF,0xBF,0xFF,0xEF,0xE7,0xE7,0xFE,0x60,0x1C,
    0xFF,0xFF,0xFF,0xFF,0xFF,0xFF,0xFF,0xFF,0xFF,0xFF,0xFF,0xFF,0xFF,0xFF,0xFF,0xFF,
    0xFF,0xFF,0xFF,0xFF,0xFD,0xF8,0xFB,0xFF,0xF3,0xF3,0xE7,0xFF,0xDF,0x9F,0x9F,0x1F,
    0x1E,0x1F,0x9F,0x9F,0xEE,0xFE,0xFD,0xFE,0xFE,0xFF,0x7E,0x1F,0x05,0x85,0x8F,0x7D,
    0xFD,0xFD,0xCD,0xC5,0x8E,0x7A,0xE0,0x1D,0xBF,0xFF,0xFF,0xFF,0xFF,0xFF,0xFF,0xFF,
    0xFF,0xFF,0xFF,0xFF,0xFF,0xFF,0xFF,0xFF,0xFF,0xFF,0xFF,0xFF,0x1F,0x1F,0x0F,0x0F,
    0x1F,0x3F,0x3F,0x3F,0x3F,0x7F,0xFF,0xFF,0x7F,0x7F,0xF9,0x0F,0xEF,0xDF,0x8F,0xC1,
    0xD8,0xFE,0xDE,0xDF,0xCF,0xA3,0x7F,0xBF,0xCF,0xE7,0xEF,0xDF,0x8E,0xB8,0xBF,0x3F,
    0x3F,0x7F,0xFF,0xFF,0xFF,0xFF,0xFF,0xFF,0xFF,0xFF,0xFF,0xFF,0xFB,0xFB,0xFF,0xFF,
    0xEF,0xEF,0xEF,0xFC,0xFC,0xFC,0xFC,0xFF,0xFF,0xFE,0xFC,0xFE,0xFF,0xFE,0xFC,0xFE,
    0xFF,0xF1,0x00,0xFF,0xFF,0xFF,0xFF,0xFF,0xFF,0xFF,0xFF,0xFF,0xFF,0xFF,0xFF,0xFF,
    0xFF,0xFF,0xFF,0xFF,0xBF,0xDF,0xDF,0xEF,0xEE,0xE0,0x77,0x2F,0x0F,0xFF,0xFF,0xFF,
    0x9F,0x8F,0x8F,0x8F,0x9F,0x9F,0x9F,0x9F,0xBF,0xFF,0x87,0x87,0x9F,0x9B,0x9F,0x9F,
    0x9F,0x9F,0x9F,0x9F,0x9F,0x9F,0xDF,0xDF,0xC0,0x1F,0xFF,0xFF,0xFF,0xFF,0xFF,0xFF,
    0xFF,0xFF,0xFF,0xFF,0xFF,0x3F,0x9F,0xAF,0xAF,0xC7,0xE7,0xF7,0xF7,0xF7,0xF7,0xF3,
    0xFB,0xFD,0xFE,0xFB,0xFB,0xFB,0xDB,0xCF,0xEF,0xFF,0xEF,0xEF,0xFF,0xF7,0xF7,0xF7,
    0xF7,0xE3,0xE3,0xE3,0xE7,0xE7,0xE7,0xE3,0xE3,0xE3,0xF3,0xF3,0xF3,0xF7,0xF7,0xF7,
    0xB7,0xB6,0xB5,0xB1,0xB3,0xB3,0xC3,0x9F,0xDF,0x8F,0xCF,0xE7,0xF0,0xBF,0xBB,0xBB,
    0xBB,0xBF,0xB5,0xB5,0xB7,0xB7,0xBF,0xB7,0xBB,0xFA,0xBB,0xF3,0xF3,0xF3,0xF3,0xF3,
    0xF3,0xF1,0xF3,0xF3,0xF1,0xF6,0xF0,0xF1,
  },
  {
    0x1F,0x1F,0x9F,0xCF,0xCF,0xCF,0xCF,0x8F,0x3F,0xFF,0xFF,0x7F,0x7F,0xFF,0xFF,0xFF,
    0xFF,0xFF,0xFF,0xFF,0xFF,0xFF,0xFF,0xFF,0xFF,0xFF,0xFF,0xFF,0xFF,0xFF,0xFF,0x7F,
    0x3F,0x9F,0xCF,0x2F,0xFF,0xFF,0xFF,0xFF,0xFF,0xFF,0xFF,0xFF,0x07,0x87,0x86,0x86,
    0xCE,0xDC,0xFC,0xFE,0xFF,0xFF,0xFF,0xE6,0xE6,0xE7,0xE7,0xC7,0xC7,0xCF,0xCF,0xDF,
    0xFD,0xDF,0xB7,0xC7,0x76,0xED,0xFD,0xDD,0x3B,0x37,0xFF,0xEF,0xCF,0xEF,0xEF,0xEF,
    0xE7,0xE7,0xF7,0xF7,0xF9,0xFC,0xBF,0x9F,0x0F,0x83,0xF8,0xFF,0xFF,0xFF,0xFF,0xFF,
    0xFF,0xFF,0xFF,0xF0,0xF1,0x77,0xBF,0x3F,0x0F,0x0F,0x9F,0x9F,0xDF,0xFF,0x6F,0x7F,
    0x7F,0x1F,0x9F,0x9F,0xBF,0x3F,0x3F,0x3F,0x3F,0x3F,0xBF,0x3E,0x3F,0x11,0x03,0x3F,
    0xFF,0xEF,0xE7,0xF7,0xE7,0xEF,0xBF,0xBF,0xBF,0xFF,0xEF,0xE7,0xE7,0xFE,0x60,0x1C,
    0xFF,0xFF,0xFF,0xFF,0xFF,0xFF,0xFF,0xFF,0xFF,0xFF,0xFF,0xFF,0xFF,0xFF,0xFF,0xFF,
    0xFF,0xFF,0xFF,0xFF,0xFD,0xF8,0xFB,0xFF,0xF3,0xF3,0xE7,0xFF,0xDF,0x9F,0x9F,0x1F,
    0x1E,0x1F,0x9F,0x9F,0xEE,0xFE,0xFD,0xFE,0xFE,0xFF,0x7F,0x1F,0x05,0x85,0x8F,0x7D,
    0xFD,0xFD,0xCD,0xC5,0x8E,0x7A,0xE0,0x1D,0xBF,0xFF,0xFF,0xFF,0xFF,0xFF,0xFF,0xFF,
    0xFF,0xFF,0xFF,0xFF,0xFF,0xFF,0xFF,0xFF,0xFF,0xFF,0xFF,0xFF,0x1F,0x1F,0x0F,0x0F,
    0x1F,0x3F,0x3F,0x3F,0x3F,0x7F,0xFF,0xFF,0x7F,0x7F,0xF9,0x0F,0xEF,0xDF,0x8F,0xC1,
    0xD8,0xFE,0xDE,0xDF,0xCF,0xA2,0x7F,0xBF,0xCF,0xE7,0xEF,0xDF,0x8E,0xB8,0xBF,0x3F,
    0x3F,0x7F,0xFF,0xFF,0xFF,0xFF,0xFF,0xFF,0xFF,0xFF,0xFF,0xFF,0xFB,0xFB,0xFF,0xFF,
    0xEF,0xEF,0xEF,0xFC,0xFC,0xFC,0xFC,0xFF,0xFF,0xFE,0xFC,0xFE,0xFF,0xFE,0xFC,0xFE,
    0xFF,0xF1,0x00,0xFF,0xFF,0xFF,0xFF,0xFF,0xFF,0xFF,0xFF,0xFF,0xFF,0xFF,0xFF,0xFF,
    0xFF,0xFF,0xFF,0xFF,0xBF,0xDF,0xDF,0xEF,0xEE,0xE0,0x77,0x27,0x0F,0xFF,0xFF,0xFF,
    0x9F,0x8F,0x8F,0x8F,0x9F,0x9F,0x9F,0x9F,0xBF,0xFF,0x87,0x87,0x9F,0x9B,0x9F,0x9F,
    0x9F,0x9F,0x9F,0x9F,0x9F,0x9F,0xDF,0xDF,0xC0,0x1F,0xFF,0xFF,0xFF,0xFF,0xFF,0xFF,
    0xFF,0xFF,0xFF,0xFF,0xFF,0x3F,0x9F,0xAF,0xAF,0xC7,0xE7,0xF7,0xF7,0xF7,0xF7,0xF3,
    0xFB,0xFD,0xFE,0xFB,0xFB,0xFB,0xDB,0xCF,0xEF,0xFF,0xEF,0xEF,0xFF,0xF7,0xF7,0xF7,
    0xF7,0xE3,0xE3,0xE3,0xE7,0xE7,0xE7,0xE3,0xE3,0xE3,0xF3,0xF3,0xF3,0xF7,0xF7,0xF7,
    0xB7,0xB6,0xB5,0xB1,0xB3,0xB3,0xC3,0x9F,0xDF,0x8F,0xCF,0xE7,0xF0,0xBF,0xBF,0xBB,
    0xBB,0xBF,0xB5,0xB5,0xB7,0xB7,0xBF,0xB7,0xBB,0xFA,0xBB,0xF3,0xF3,0xF3,0xF3,0xF3,
    0xF3,0xF1,0xF3,0xF3,0xF0,0xF6,0xF0,0xF1,
  },
  {
    0x1F,0x1F,0x9F,0xCF,0xCF,0xCF,0xCF,0x8F,0x3F,0xFF,0xFF,0x7F,0x7F,0xFF,0xFF,0xFF,
    0xFF,0xFF,0xFF,0xFF,0xFF,0xFF,0xFF,0xFF,0xFF,0xFF,0xFF,0xFF,0xFF,0xFF,0xFF,0x7F,
    0x3F,0x9F,0xCF,0x2F,0xFF,0xFF,0xFF,0xFF,0xFF,0xFF,0xFF,0xFF,0x07,0x87,0x86,0x86,
    0xCE,0xDC,0xFC,0xFE,0xFF,0xFF,0xFF,0xE6,0xE6,0xE7,0xE7,0xC7,0xC7,0xCF,0xCF,0xDF,
    0xFD,0xDF,0xBF,0xC7,0x76,0xED,0xFD,0xDD,0x3B,0x3F,0xFF,0xEF,0xCF,0xEF,0xEF,0xEF,
    0xE7,0xE7,0xF7,0xF7,0xF9,0xFE,0xBF,0x9F,0x0F,0x83,0xF8,0xFF,0xFF,0xFF,0xFF,0xFF,
    0xFF,0xFF,0xFF,0xF0,0xF1,0xF7,0xBF,0x3F,0x0F,0x0F,0x9F,0x9F,0xDF,0xFF,0x7F,0x7F,
    0x7F,0x1F,0x9F,0xBF,0xBF,0x3F,0x3F,0x3F,0x3F,0x3F,0xBF,0x3E,0x3F,0x31,0x03,0x3F,
    0xFF,0xEF,0xE7,0xF7,0xE7,0xEF,0xBF,0xBF,0xFF,0xFF,0xEF,0xE7,0xE7,0xFE,0x60,0x1C,
    0xFF,0xFF,0xFF,0xFF,0xFF,0xFF,0xFF,0xFF,0xFF,0xFF,0xFF,0xFF,0xFF,0xFF,0xFF,0xFF,
    0xFF,0xFF,0xFF,0xFF,0xFD,0xF8,0xFB,0xFF,0xF3,0xF3,0xF7,0xFF,0xDF,0xDF,0x9F,0x9F,
    0x3E,0x1F,0x9F,0x9F,0xEE,0xFE,0xFD,0xFE,0xFE,0xFF,0x7F,0x1F,0x05,0x85,0xCF,0x7D,
    0xFD,0xFD,0xCD,0xC7,0x8E,0x7A,0xE0,0x1D,0xBF,0xFF,0xFF,0xFF,0xFF,0xFF,0xFF,0xFF,
    0xFF,0xFF,0xFF,0xFF,0xFF,0xFF,0xFF,0xFF,0xFF,0xFF,0xFF,0xFF,0x1F,0x1F,0x8F,0x0F,
    0x1F,0x3F,0x3F,0x3F,0x3F,0x7F,0xFF,0xFF,0x7F,0xFF,0xF9,0x0F,0xEF,0xDF,0x9F,0xC1,
    0xDC,0xFE,0xDE,0xDF,0xCF,0xA2,0x7F,0xBF,0xCF,0xE7,0xEF,0xDF,0x8E,0xB8,0xBF,0xBF,
    0x3F,0x7F,0xFF,0xFF,0xFF,0xFF,0xFF,0xFF,0xFF,0xFF,0xFF,0xFF,0xFB,0xFB,0xFF,0xFF,
    0xEF,0xEF,0xEF,0xFC,0xFC,0xFC,0xFC,0xFF,0xFF,0xFE,0xFE,0xFE,0xFF,0xFE,0xFC,0xFE,
    0xFF,0xE1,0x00,0xFF,0xFF,0xFF,0xFF,0xFF,0xFF,0xFF,0xFF,0xFF,0xFF,0xFF,0xFF,0xFF,
    0xFF,0xFF,0xFF,0xFF,0xBF,0xDF,0xDF,0xEF,0xEE,0xE0,0x77,0x2F,0x0F,0xFF,0xFF,0xFF,
    0x9F,0x8F,0x8F,0x8F,0x9F,0x9F,0x9F,0x9F,0xBF,0xFF,0x87,0x87,0x9F,0x9B,0x9F,0x9F,
    0x9F,0x9F,0x9F,0x9F,0x9F,0x9F,0xDF,0xDF,0xC0,0x1F,0xFF,0xFF,0xFF,0xFF,0xFF,0xFF,
    0xFF,0xFF,0xFF,0xFF,0xFF,0x3F,0x9F,0xAF,0xAF,0xC7,0xE7,0xF7,0xF7,0xF7,0xF7,0xFB,
    0xFB,0xFD,0xFE,0xFB,0xFB,0xFB,0xDB,0xCF,0xEF,0xFF,0xEF,0xEF,0xFF,0xF7,0xF7,0xF7,
    0xF7,0xE3,0xE3,0xE3,0xE7,0xE7,0xE7,0xE7,0xE3,0xE3,0xF3,0xF3,0xF3,0xF7,0xF7,0xF7,
    0xB7,0xB6,0xB5,0xB1,0xB3,0xB3,0xC3,0x9F,0xDF,0x8F,0xCF,0xE7,0xF0,0xBF,0xBF,0xBB,
    0xBB,0xBF,0xB5,0xB5,0xB7,0xB7,0xBF,0xB7,0xBB,0xFA,0xBB,0xF3,0xF3,0xF3,0xF3,0xF3,
    0xF3,0xF1,0xF3,0xF3,0xF1,0xF6,0xF0,0xF1,
  },
  {
    0x1F,0x1F,0x9F,0xCF,0xCF,0xCF,0xCF,0x0F,0xEF,0xFF,0x7F,0x7F,0x7F,0xFF,0xFF,0xFF,
    0xFF,0xFF,0xFF,0xFF,0xFF,0xFF,0xFF,0xFF,0xFF,0xFF,0xFF,0xFF,0xFF,0xFF,0xFF,0x7F,
    0xBF,0xDF,0xDF,0xEF,0xEF,0x7F,0xFF,0xFF,0xFF,0xFF,0xFF,0xFF,0x07,0x87,0x86,0x86,
    0xCE,0xDC,0xFC,0xFE,0xFF,0xFF,0xFF,0xE6,0xE6,0xE7,0xE7,0xC7,0xC7,0xCF,0xCF,0xDD,
    0xFF,0xDF,0xBF,0xE6,0x66,0x36,0x7E,0xEE,0xEE,0xCD,0xCD,0xFB,0xFB,0xFB,0xFB,0xFB,
    0xF9,0xFD,0xFD,0xF9,0xFD,0xFE,0xFF,0x0F,0x07,0x93,0xE1,0xFC,0xFF,0xFF,0xFF,0xFF,
    0xFF,0xFF,0xFF,0xF0,0xF1,0xF7,0xBF,0x3F,0x0F,0x0F,0x9F,0x9F,0xDF,0xFF,0x7F,0x7F,
    0x7F,0x1F,0x9F,0xBF,0xBF,0x3F,0x3F,0x3F,0x3F,0x3F,0x3F,0x3F,0x3F,0x3F,0x1E,0x00,
    0x1F,0x3F,0xFB,0xF9,0xFD,0x79,0x7F,0x6F,0xEF,0x6F,0x7F,0xFB,0xFD,0xF9,0xBF,0x89,
    0x37,0x7F,0xFF,0xFF,0xFF,0xFF,0xFF,0xFF,0xFF,0xFF,0xFF,0xFF,0xFF,0xFF,0xFF,0xFF,
    0xFF,0xFF,0xFF,0xFF,0xFD,0xF8,0xFB,0xFF,0xF3,0xF3,0xF7,0xFF,0xDF,0xDF,0x9F,0x1F,
    0x1E,0x1F,0x9F,0xBE,0x0E,0xFE,0xFE,0xFF,0xFF,0xFF,0xFF,0x3F,0x1F,0x9F,0xCF,0xF7,
    0xFB,0xFD,0x7D,0x81,0xF9,0xDF,0xFF,0xFC,0x08,0x60,0xFF,0xFF,0xFF,0xFF,0xFF,0xFF,
    0xFF,0xFF,0xFF,0xFF,0xFF,0xFF,0xFF,0xFF,0xFF,0xFF,0xFF,0xFF,0x1F,0x1F,0x8F,0x0F,
    0x1F,0x3F,0x3F,0x3F,0x3F,0x7F,0xFF,0xFF,0x7F,0x7F,0xFF,0xFF,0x07,0xE3,0xE3,0xF3,
    0xF7,0xEF,0xC8,0xF3,0xF7,0xF7,0xFF,0xFF,0xFF,0xFE,0xFB,0xF7,0xF7,0xF7,0xF0,0x1F,
    0x7F,0x8C,0xFF,0xFF,0xFF,0xFF,0xFF,0xFF,0xFF,0xFF,0xFF,0xFF,0xFB,0xFB,0xFF,0xFF,
    0xEF,0xEF,0xEF,0xFC,0xFC,0xFC,0xFC,0xFF,0xFF,0xFE,0xFE,0xFF,0xFF,0xFE,0xFC,0xFC,
    0xFF,0xFF,0x01,0xFF,0xFF,0xFF,0xFF,0xFF,0xFF,0xFF,0xFF,0xFF,0xFF,0xFF,0xFF,0xFF,
    0xFF,0xFF,0xFF,0xFF,0xBF,0xFF,0xFF,0x00,0xFF,0xFF,0xFF,0xFF,0xFF,0xFF,0xFF,0xFF,
    0x8F,0x8F,0x8F,0x8F,0x9F,0x9F,0x9F,0x9F,0xBF,0xFF,0x87,0x87,0x9F,0x9B,0x9F,0x9F,
    0x9F,0x9F,0x9F,0x9F,0x9F,0x9F,0x9F,0xDF,0xFF,0xFC,0xC7,0x9F,0x3F,0x7F,0xFF,0xFF,
    0xFF,0xFF,0xFF,0xFF,0xFF,0x3F,0xDF,0xFF,0xFF,0xFF,0x7F,0x3F,0xDF,0xE7,0xF0,0xFC,
    0xF9,0xFD,0xFF,0xFA,0xF8,0xF9,0xD9,0xCF,0xEF,0xFF,0xEF,0xEF,0xFF,0xF7,0xF7,0xF7,
    0xF7,0xE3,0xE3,0xE3,0xE7,0xE7,0xE7,0xE7,0xE3,0xE3,0xF3,0xF3,0xF3,0xF7,0xF7,0xF3,
    0xB3,0xB3,0xB7,0xB7,0xB7,0xB2,0x83,0x9F,0xBF,0x9F,0xDF,0xC7,0xF0,0xDF,0xBF,0x9F,
    0x9F,0x80,0xBF,0xBF,0xBF,0xBF,0xBF,0xB7,0xBB,0xFA,0xBB,0xF3,0xF3,0xF3,0xF3,0xF3,
    0xF3,0xF1,0xF3,0xF3,0xF1,0xF6,0xF0,0xF1,
  },
  {
    0x1F,0x1F,0x9F,0xCF,0xCF,0xCF,0xCF,0x0F,0x6F,0xFF,0x7F,0x7F,0x7F,0xFF,0xFF,0xFF,
    0xFF,0xFF,0xFF,0xFF,0xFF,0xFF,0xFF,0xFF,0xFF,0xFF,0xFF,0xFF,0xFF,0xFF,0xFF,0x7F,
    0xBF,0xDF,0xDF,0xEF,0xEF,0x7F,0xFF,0xFF,0xFF,0xFF,0xFF,0xFF,0x07,0x87,0x86,0x86,
    0xCE,0xDC,0xFC,0xFE,0xFF,0xFF,0xFF,0xE6,0xE6,0xE7,0xE7,0xC7,0xC7,0xCF,0xCF,0xDD,
    0xFF,0xDF,0xBF,0xE6,0x66,0x36,0x7E,0xFE,0xEE,0xCD,0xCD,0xFB,0xFB,0xFB,0xFB,0xFB,
    0xF9,0xFD,0xFD,0xF9,0xFD,0xFE,0xFF,0x0F,0x07,0x83,0xE1,0xFC,0xFF,0xFF,0xFF,0xFF,
    0xFF,0xFF,0xFF,0xF0,0xF1,0xF7,0xBF,0x3F,0x0F,0x0F,0x9F,0x9F,0xDF,0xFF,0x7F,0x7F,
    0x7F,0x1F,0x9F,0xBF,0xBF,0x3F,0x3F,0x3F,0x3F,0x3F,0x3F,0x3F,0x3F,0x3F,0x1E,0x00,
    0x1F,0x3F,0xFB,0xF9,0xFD,0x79,0x7F,0x6F,0xEF,0x6F,0x7F,0xFB,0xFD,0xF9,0xBF,0x89,
    0x37,0x7F,0xFF,0xFF,0xFF,0xFF,0xFF,0xFF,0xFF,0xFF,0xFF,0xFF,0xFF,0xFF,0xFF,0xFF,
    0xFF,0xFF,0xFF,0xFF,0xFD,0xF8,0xFB,0xFF,0xF3,0xF3,0xF7,0xFF,0xDF,0xDF,0x9F,0x1F,
    0x1E,0x1F,0x9F,0xBE,0x0E,0xFE,0xFE,0xFF,0xFF,0xFF,0xFF,0x3F,0x1F,0x9F,0xCF,0xF7,
    0xFB,0xFD,0x7D,0x81,0xF9,0xDF,0xFF,0xFC,0x08,0x40,0xFF,0xFF,0xFF,0xFF,0xFF,0xFF,
    0xFF,0xFF,0xFF,0xFF,0xFF,0xFF,0xFF,0xFF,0xFF,0xFF,0xFF,0xFF,0x1F,0x1F,0x8F,0x0F,
    0x1F,0x3F,0x3F,0x3F,0x3F,0x7F,0xFF,0xFF,0x7F,0x7F,0xFF,0xFF,0x07,0xE3,0xE3,0xF3,
    0xF7,0xEF,0xF8,0xFB,0xF7,0xF7,0xFF,0xDF,0xFF,0xFE,0xFB,0xF7,0xF7,0xF7,0xF0,0x1F,
    0x7F,0x8C,0xFF,0xFF,0xFF,0xFF,0xFF,0xFF,0xFF,0xFF,0xFF,0xFF,0xFB,0xFB,0xFF,0xFF,
    0xEF,0xEF,0xEF,0xFC,0xFC,0xFC,0xFC,0xFF,0xFF,0xFE,0xFE,0xFF,0xFF,0xFE,0xFC,0xFC,
    0xFF,0xFF,0x01,0xFF,0xFF,0xFF,0xFF,0xFF,0xFF,0xFF,0xFF,0xFF,0xFF,0xFF,0xFF,0xFF,
    0xFF,0xFF,0xFF,0xFF,0xBF,0xFF,0xFF,0x00,0xFF,0xFF,0xFF,0xFF,0xFF,0xFF,0xFF,0xFF,
    0x8F,0x8F,0x8F,0x8F,0x9F,0x9F,0x9F,0x9F,0xBF,0xFF,0x87,0x87,0x9F,0x9B,0x9F,0x9F,
    0x9F,0x9F,0x9F,0x9F,0x9F,0x9F,0x9F,0xDF,0xFF,0xFC,0xC7,0x9F,0x3F,0x7F,0xFF,0xFF,
    0xFF,0xFF,0xFF,0xFF,0xFF,0x3F,0xDF,0xFF,0xFF,0xFF,0x7F,0x3F,0xDF,0xE7,0xF0,0xFC,
    0xF9,0xFD,0xFF,0xF8,0xF8,0xF9,0xD9,0xCF,0xEF,0xFF,0xEF,0xEF,0xFF,0xF7,0xF7,0xF7,
    0xF7,0xE3,0xE3,0xE3,0xE7,0xE7,0xE7,0xE7,0xE3,0xE3,0xF3,0xF3,0xF3,0xF7,0xF7,0xF3,
    0xB3,0xB3,0xB7,0xB7,0xB7,0xB2,0x83,0x9F,0xBF,0x9F,0xDF,0xC3,0xF0,0xDF,0xBF,0x9F,
    0x9F,0x80,0xBF,0xBF,0xBF,0xBF,0xBF,0xB7,0xBB,0xFA,0xBB,0xF3,0xF3,0xF3,0xF3,0xF3,
    0xF3,0xF1,0xF3,0xF3,0xF1,0xF6,0xF0,0xF1,
  },
  {
    0x1F,0x1F,0x9F,0xCF,0xCF,0xCF,0xCF,0x0F,0x6F,0xFF,0x7F,0x7F,0x7F,0xFF,0xFF,0xFF,
    0xFF,0xFF,0xFF,0xFF,0xFF,0xFF,0xFF,0xFF,0xFF,0xFF,0xFF,0xFF,0xFF,0xFF,0xFF,0x7F,
    0xBF,0xDF,0xDF,0xEF,0xEF,0x7F,0xFF,0xFF,0xFF,0xFF,0xFF,0xFF,0x07,0x87,0x86,0x86,
    0xCE,0xDC,0xFC,0xFE,0xFF,0xFF,0xFF,0xE6,0xE6,0xE7,0xE7,0xC7,0xC7,0xCF,0xCF,0xDD,
    0xFF,0xDF,0xBF,0xE6,0x66,0x36,0x7E,0xFE,0xEE,0xCD,0xCD,0xFB,0xFB,0xFB,0xFB,0xFB,
    0xF9,0xFD,0xFD,0xF9,0xFD,0xFE,0xFF,0x0F,0x27,0x83,0xE1,0xFC,0xFF,0xFF,0xFF,0xFF,
    0xFF,0xFF,0xFF,0xF0,0xF1,0xF7,0xBF,0x3F,0x0F,0x0F,0x9F,0x9F,0xDF,0xFF,0x7F,0x7F,
    0x7F,0x1F,0x9F,0xBF,0xBF,0x3F,0x3F,0x3F,0x3F,0x3F,0x3F,0x3F,0x3F,0x3F,0x1E,0x00,
    0x1F,0x3F,0xFB,0xF9,0xFD,0x79,0x7F,0x6F,0xEF,0x6F,0x7F,0xFB,0xFD,0xF9,0xBF,0x89,
    0x37,0x7F,0xFF,0xFF,0xFF,0xFF,0xFF,0xFF,0xFF,0xFF,0xFF,0xFF,0xFF,0xFF,0xFF,0xFF,
    0xFF,0xFF,0xFF,0xFF,0xFD,0xF8,0xFB,0xFF,0xF3,0xF3,0xF7,0xFF,0xDF,0xDF,0x9F,0x1F,
    0x1E,0x1F,0x9F,0xBE,0x0E,0xFE,0xFE,0xFF,0xFF,0xFF,0xFF,0x3F,0x1F,0x9F,0xCF,0xF7,
    0xFB,0xFD,0x7D,0x81,0xF9,0xDF,0xFF,0xFC,0x08,0x40,0xFF,0xFF,0xFF,0xFF,0xFF,0xFF,
    0xFF,0xFF,0xFF,0xFF,0xFF,0xFF,0xFF,0xFF,0xFF,0xFF,0xFF,0xFF,0x1F,0x1F,0x8F,0x0F,
    0x1F,0x3F,0x3F,0x3F,0x3F,0x7F,0xFF,0xFF,0x7F,0x7F,0xFF,0xFF,0x07,0xE3,0xE3,0xF3,
    0xF7,0xEF,0xE8,0xFB,0xF7,0xF7,0xFF,0xDF,0xFF,0xFE,0xFB,0xF7,0xF7,0xF7,0xF0,0x1F,
    0x7F,0x8C,0xFF,0xFF,0xFF,0xFF,0xFF,0xFF,0xFF,0xFF,0xFF,0xFF,0xFB,0xFB,0xFF,0xFF,
    0xEF,0xEF,0xEF,0xFC,0xFC,0xFC,0xFC,0xFF,0xFF,0xFE,0xFE,0xFF,0xFF,0xFE,0xFC,0xFC,
    0xFF,0xFF,0x01,0xFF,0xFF,0xFF,0xFF,0xFF,0xFF,0xFF,0xFF,0xFF,0xFF,0xFF,0xFF,0xFF,
    0xFF,0xFF,0xFF,0xFF,0xBF,0xFF,0xFF,0x00,0xFF,0xFF,0xFF,0xFF,0xFF,0xFF,0xFF,0xFF,
    0x8F,0x8F,0x8F,0x8F,0x9F,0x9F,0x9F,0x9F,0xBF,0xFF,0x87,0x87,0x9F,0x9B,0x9F,0x9F,
    0x9F,0x9F,0x9F,0x9F,0x9F,0x9F,0x9F,0xDF,0xFF,0xFC,0xC7,0x9F,0x3F,0x7F,0xFF,0xFF,
    0xFF,0xFF,0xFF,0xFF,0xFF,0x3F,0xDF,0xFF,0xFF,0xFD,0x7F,0x3F,0xDF,0xE7,0xF0,0xFC,
    0xF9,0xFD,0xFF,0xF8,0xF8,0xF9,0xD9,0xCF,0xEF,0xFF,0xEF,0xEF,0xFF,0xF7,0xF7,0xF7,
    0xF7,0xE3,0xE3,0xE3,0xE7,0xE7,0xE7,0xE7,0xE3,0xE3,0xF3,0xF3,0xF3,0xF7,0xF7,0xF3,
    0xB3,0xB3,0xB7,0xB7,0xB7,0xB3,0x83,0x9F,0xBF,0x9F,0xDF,0xC3,0xF0,0xDF,0xBF,0x9F,
    0x9F,0x80,0xBF,0xBF,0xBF,0xBF,0xBF,0xB7,0xBB,0xFA,0xBB,0xF3,0xF3,0xF3,0xF3,0xF3,
    0xF3,0xF1,0xF3,0xF3,0xF1,0xF6,0xF0,0xF1,
  },
  {
    0x1F,0x1F,0x9F,0xCF,0xCF,0xCF,0xCF,0x8F,0x2F,0xFF,0xBF,0x3F,0x7F,0xFF,0xFF,0xFF,
    0xFF,0xFF,0xFF,0xFF,0xFF,0xFF,0xFF,0xFF,0xFF,0xFF,0xFF,0xFF,0xFF,0xFF,0xFF,0xFF,
    0x7F,0x7F,0xBF,0xDF,0xDF,0xFF,0x9F,0xFF,0xFF,0xFF,0xFF,0xFF,0x07,0x87,0x86,0x86,
    0xCE,0xDC,0xFC,0xFE,0xFF,0xFF,0xFF,0xE6,0xE6,0xC7,0xE7,0xC7,0xC7,0xCF,0xCF,0xDF,
    0xFC,0xE7,0xDF,0xBF,0xE6,0x66,0x76,0xEE,0xED,0x5D,0x9D,0xDB,0xFB,0xF7,0xF7,0xF7,
    0xFF,0xF3,0xF3,0xFB,0xF3,0xF3,0xFC,0xFE,0x1F,0x0F,0x87,0xC3,0xFC,0xFF,0xFF,0xFF,
    0xFF,0xFF,0xFF,0xF0,0xF1,0xF7,0x3F,0x3F,0x0F,0x0F,0x9F,0x9F,0xDF,0xFF,0x6F,0x7F,
    0x6F,0x1F,0x9F,0x9F,0x9F,0x1F,0x3F,0x3F,0x3F,0x3F,0x3F,0x3F,0x3F,0x1E,0x1E,0x18,
    0x83,0x7F,0x7F,0xF7,0xF3,0xF3,0xF3,0xFF,0x9F,0xDF,0x9F,0xFF,0xF7,0xF3,0xF7,0x78,
    0x06,0xFF,0xFF,0xFF,0xFF,0xFF,0xFF,0xFF,0xFF,0xFF,0xFF,0xFF,0xFF,0xFF,0xFF,0xFF,
    0xFF,0xFF,0xFE,0xFF,0xFD,0xF8,0xFB,0xFF,0xF3,0xF3,0xE7,0xFF,0xDF,0x9F,0x9F,0x1F,
    0x1E,0x1F,0x9F,0xBE,0x1E,0xFE,0xFC,0xFF,0xFF,0xFE,0xFE,0xFE,0x3E,0x1E,0x86,0xC7,
    0xFB,0xD2,0xFF,0x83,0xE2,0xFE,0xFF,0xF8,0xF8,0xF3,0xE7,0xFF,0xFF,0xFF,0xFF,0xFF,
    0xFF,0xFF,0xFF,0xFF,0xFF,0xFF,0xFF,0xFF,0xFF,0xFF,0xFF,0xFF,0x1F,0x1F,0x0F,0x0F,
    0x1F,0x3F,0x3F,0x3F,0x3F,0x7F,0xFF,0xFF,0x7F,0x7F,0xFF,0xFF,0x1B,0xE7,0xF1,0xF7,
    0xEF,0xFF,0xC0,0xE6,0xEE,0xEF,0xCF,0xD7,0xDE,0xEF,0xE7,0xF7,0xFF,0xEF,0x07,0x38,
    0xCF,0xE3,0xFF,0xFF,0xF0,0xFF,0xFF,0xFF,0xFF,0xFF,0xFF,0xFF,0xFB,0xFB,0xFF,0xFF,
    0xEF,0xEF,0xEF,0xFC,0xFC,0xFC,0xFC,0xFF,0xFE,0xFE,0xFC,0xFE,0xFF,0xFE,0xFC,0xFC,
    0xE6,0x71,0xFE,0xFF,0xFF,0xFF,0xFF,0xFF,0xFF,0xFF,0xFF,0xFF,0xFF,0xFF,0xFF,0xFF,
    0xFF,0xFF,0xFF,0xFF,0xFF,0xFE,0xA3,0x07,0x3F,0xFF,0xFF,0xFF,0xFF,0xFF,0xFF,0xFF,
    0x8F,0x8F,0x8F,0x8F,0x9F,0x9F,0x9F,0x9F,0xBF,0xFF,0x87,0x87,0x9F,0x9B,0x9F,0x9F,
    0x9F,0x9F,0x9F,0x9F,0x9F,0x9F,0x9F,0xDF,0xDC,0xA7,0xB7,0x1B,0x7B,0xFB,0xFB,0xF7,
    0xFF,0x7F,0xBF,0x7F,0xFF,0xFF,0xFF,0xFF,0xFF,0xFF,0xFE,0x7F,0x7F,0xBF,0xCF,0xF0,
    0xF9,0xFD,0xFE,0xF8,0xF8,0xF9,0xD9,0xCF,0xE7,0xEF,0xEF,0xEF,0xFF,0xF7,0xF7,0xF7,
    0xF7,0xE3,0xE3,0xE3,0xE7,0xE7,0xE7,0xE3,0xE3,0xE3,0xF3,0xE3,0xF3,0xF3,0xF7,0xF3,
    0xB3,0xB3,0xB3,0xB2,0xB2,0xB2,0xB2,0xB2,0xB3,0xB3,0xF0,0xF3,0xCF,0x9F,0x9F,0x8E,
    0x8E,0x80,0xBF,0xBF,0xBF,0xBF,0xBF,0xB7,0xBB,0xFA,0xBB,0xF3,0xF3,0xF3,0xF3,0xF3,
    0xF3,0xF1,0xF3,0xF3,0xF1,0xF6,0xF0,0xF1,
  },
  {
    0x1F,0x1F,0x9F,0xCF,0xCF,0xCF,0xCF,0x8F,0x2F,0xFF,0xBF,0x3F,0x7F,0xFF,0xFF,0xFF,
    0xFF,0xFF,0xFF,0xFF,0xFF,0xFF,0xFF,0xFF,0xFF,0xFF,0xFF,0xFF,0xFF,0xFF,0xFF,0xFF,
    0x7F,0x7F,0xBF,0xDF,0xDF,0xFF,0x9F,0xFF,0xFF,0xFF,0xFF,0xFF,0x07,0x87,0x86,0x86,
    0xCE,0xDC,0xFC,0xFE,0xFF,0xFF,0xFF,0xE6,0xE6,0xC7,0xE7,0xC7,0xC7,0xCF,0xCF,0xDF,
    0xFC,0xE7,0xDF,0xBF,0xE6,0x66,0x76,0xEE,0xED,0x5D,0x9D,0xDB,0xFB,0xF7,0xF7,0xF7,
    0xFF,0xF3,0xF3,0xFB,0xF3,0xF3,0xFC,0xFE,0x1F,0x0F,0x87,0xC3,0xFC,0xFF,0xFF,0xFF,
    0xFF,0xFF,0xFF,0xF0,0xF1,0x77,0x3F,0x3F,0x0F,0x0F,0x9F,0x9F,0xDF,0xFF,0x6F,0x7F,
    0x6F,0x1F,0x9F,0x9F,0x9F,0x1F,0x3F,0x3F,0x3F,0x3F,0x3F,0x3F,0x3F,0x1E,0x1E,0x18,
    0x83,0x7F,0x7F,0xF7,0xF3,0xF3,0xF3,0xFF,0x9F,0xDF,0x9F,0xFF,0xF7,0xF3,0xF7,0x78,
    0x06,0xFF,0xFF,0xFF,0xFF,0xFF,0xFF,0xFF,0xFF,0xFF,0xFF,0xFF,0xFF,0xFF,0xFF,0xFF,
    0xFF,0xFF,0xFE,0xFF,0xFD,0xF8,0xFB,0xFF,0xF3,0xF3,0xE7,0xFF,0xDF,0x9F,0x9F,0x1F,
    0x1E,0x1F,0x9F,0xBE,0x1E,0xFE,0xFC,0xFF,0xFF,0xFE,0xFE,0xFE,0x3E,0x1E,0x86,0xC7,
    0xFB,0xD2,0xFF,0x83,0xE2,0xFE,0xFF,0xF8,0xF8,0xF3,0xE7,0xFF,0xFF,0xFF,0xFF,0xFF,
    0xFF,0xFF,0xFF,0xFF,0xFF,0xFF,0xFF,0xFF,0xFF,0xFF,0xFF,0xFF,0x1F,0x1F,0x0F,0x0F,
    0x1F,0x3F,0x3F,0x3F,0x3F,0x7F,0xFF,0xFF,0x7F,0x7F,0xFF,0xFF,0x1B,0xE7,0xF1,0xF7,
    0xEF,0xFF,0xC0,0xE6,0xEE,0xEF,0xCF,0xD7,0xDE,0xEF,0xE7,0xF7,0xFF,0xEF,0x07,0x38,
    0xCF,0xE3,0xFF,0xFF,0xF8,0xFF,0xFF,0xFF,0xFF,0xFF,0xFF,0xFF,0xFB,0xFB,0xFF,0xFF,
    0xEF,0xEF,0xEF,0xFC,0xFC,0xFC,0xFC,0xFF,0xFE,0xFE,0xFC,0xFE,0xFF,0xFE,0xFC,0xFC,
    0xE6,0x71,0xFE,0xFF,0xFF,0xFF,0xFF,0xFF,0xFF,0xFF,0xFF,0xFF,0xFF,0xFF,0xFF,0xFF,
    0xFF,0xFF,0xFF,0xFF,0xFF,0xFE,0xE3,0x07,0x3F,0xFF,0xFF,0xFF,0xFF,0xFF,0xFF,0xFF,
    0x8F,0x8F,0x8F,0x8F,0x9F,0x9F,0x9F,0x9F,0xBF,0xFF,0x87,0x87,0x9F,0x9B,0x9F,0x9F,
    0x9F,0x9F,0x9F,0x9F,0x9F,0x9F,0x9F,0xDF,0xDC,0xA7,0xB7,0x1B,0x7B,0xFB,0xFB,0xF7,
    0xFF,0x7F,0xBF,0x7F,0xFF,0xFF,0xFF,0xFF,0xFF,0xFF,0xFE,0x7F,0x7F,0xBF,0xCF,0xF0,
    0xF9,0xFD,0xFE,0xF8,0xF8,0xF9,0xD9,0xCF,0xE7,0xEF,0xEF,0xEF,0xFF,0xF7,0xF7,0xF7,
    0xF7,0xE3,0xE3,0xE3,0xE7,0xE7,0xE7,0xE3,0xE3,0xE3,0xF3,0xE3,0xF3,0xF3,0xF7,0xF3,
    0xB3,0xB3,0xB3,0xB2,0xB2,0xB2,0xB2,0xB2,0xB3,0xB3,0xF0,0xF3,0xC7,0x8F,0x9F,0x8E,
    0x8E,0x80,0xBF,0xBF,0xBF,0xBF,0xBF,0xB7,0xBB,0xFA,0xBB,0xF3,0xF3,0xF3,0xF3,0xF3,
    0xF3,0xF1,0xF3,0xF3,0xF1,0xF6,0xF0,0xF1,
  },
  {
    0x1F,0x1F,0x9F,0xCF,0xCF,0xCF,0xCF,0x8F,0xEF,0xFF,0x3F,0xBF,0x3F,0x7F,0xFF,0xFF,
    0xFF,0xFF,0xFF,0xFF,0xFF,0xFF,0xFF,0xFF,0xFF,0xFF,0xFF,0xFF,0xFF,0xFF,0xFF,0xFF,
    0xFF,0xFF,0x7F,0xBF,0xDF,0x7F,0xFF,0xFF,0xFF,0xFF,0xFF,0xFF,0x07,0x87,0x86,0x87,
    0xCE,0xDC,0xFC,0xFE,0xFF,0xFF,0xFF,0xE6,0xE6,0xE7,0xE7,0xC7,0xC7,0xCF,0xCF,0xDF,
    0xFD,0xEC,0xE3,0xBF,0xFF,0xD6,0xEE,0xED,0xDD,0xFB,0x3B,0x77,0xFF,0xEF,0xDF,0xEF,
    0xEF,0xEF,0xE7,0xEF,0xE7,0xF7,0xFB,0x9D,0x7E,0x1F,0x4F,0x87,0xF8,0xFF,0xFF,0xFF,
    0xFF,0xFF,0xFF,0xF0,0xF1,0xF7,0xBF,0x3F,0x0F,0x0F,0x9F,0xDF,0xDF,0xFF,0x7F,0x7F,
    0x7F,0x1F,0x9F,0xBF,0xBF,0x3F,0x3F,0x3F,0x3F,0x3F,0xBF,0x3F,0x3E,0x3E,0x3D,0x31,
    0x07,0x7E,0xFF,0xEF,0xEF,0xE7,0xEF,0xFF,0x3F,0x3F,0x7F,0xFF,0xEF,0xE7,0xEF,0xFC,
    0x40,0xFC,0xFF,0xFF,0xFF,0xFF,0xFF,0xFF,0xFF,0xFF,0xFF,0xFF,0xFF,0xFF,0xFF,0xFF,
    0xFF,0xFF,0xFE,0xFF,0xFD,0xF8,0xFB,0xFF,0xF7,0xF3,0xE7,0xFF,0xDF,0x9F,0x9F,0x1F,
    0x1E,0x1F,0x9F,0xBF,0x9E,0xCE,0xFE,0xFA,0xFC,0xFD,0xFD,0xFD,0xFD,0xFD,0xFD,0x3E,
    0x9B,0xCF,0xEF,0x0F,0xCF,0x9D,0xF4,0xF0,0xF0,0x33,0x37,0xBF,0xBF,0x3F,0xFF,0xFF,
    0xFF,0xFF,0xFF,0xFF,0xFF,0xFF,0xFF,0xFF,0xFF,0xFF,0xFF,0xFF,0x1F,0x1F,0x0F,0x0F,
    0x1F,0x3F,0x3F,0x3F,0x3F,0x7F,0xFF,0xFF,0x7F,0x7F,0x7F,0xBB,0x8F,0xC1,0xF3,0xF7,
    0xFF,0xEF,0xC3,0xD9,0xDD,0xDE,0xDF,0xDF,0xFF,0xF7,0xFC,0xDF,0xDF,0x1E,0x03,0x83,
    0xF8,0xFF,0xFF,0xFF,0xFF,0xFF,0xFF,0xFF,0xFF,0xFF,0xFF,0xFF,0xFB,0xFB,0xFF,0xFF,
    0xEF,0xEF,0xEF,0xFC,0xFC,0xFC,0xFE,0xFF,0xFF,0xFE,0xFC,0xFF,0xFF,0xFE,0xFE,0xFA,
    0x00,0x67,0xFB,0xED,0xEF,0xFB,0xEF,0x9F,0xFF,0xFF,0xFF,0xFF,0xFF,0xFF,0xFF,0xFF,
    0xFF,0xFF,0xFF,0xFF,0xFC,0xC1,0x8F,0x3F,0xFF,0xFF,0xFF,0xFF,0xFF,0xFF,0xFF,0xFF,
    0x8F,0x8F,0x8F,0x8F,0x9F,0x9F,0x9F,0x9F,0xBF,0xFF,0x87,0x8F,0x9F,0x9B,0x9F,0x9F,
    0x9F,0x9F,0x9F,0x9F,0x9F,0x9F,0x9F,0xDF,0xFE,0xFC,0xD3,0xC7,0xEF,0xFF,0xDF,0xDC,
    0xDF,0x3F,0xFF,0xFF,0xFF,0xFF,0xFF,0xFF,0xFF,0xFB,0xFF,0xFF,0x7F,0x3F,0x9F,0xE0,
    0xF9,0xFF,0xFE,0xF8,0xF8,0xF9,0xDB,0xCF,0xEF,0xEF,0xEF,0xFF,0xFF,0xFF,0xF7,0xF7,
    0xF7,0xE3,0xE3,0xE3,0xE7,0xE7,0xE7,0xE7,0xE3,0xE3,0xE3,0xE3,0xF3,0xF3,0xF3,0xF3,
    0xB3,0xB3,0xB3,0xB3,0xB3,0xB3,0xB3,0xB3,0xB3,0xB0,0xF3,0xEF,0xDF,0xBE,0x9E,0x9E,
    0x80,0x86,0xBE,0xBF,0xBF,0xBF,0xBF,0xBF,0xBB,0xFB,0xBB,0xF7,0xF3,0xF3,0xF3,0xF3,
    0xF3,0xF1,0xF3,0xF3,0xF1,0xF6,0xF0,0xF1,
  },
  {
    0x1F,0x1F,0x9F,0xCF,0xCF,0xCF,0xCF,0x8F,0xEF,0xFF,0x3F,0xBF,0x3F,0x7F,0xFF,0xFF,
    0xFF,0xFF,0xFF,0xFF,0xFF,0xFF,0xFF,0xFF,0xFF,0xFF,0xFF,0xFF,0xFF,0xFF,0xFF,0xFF,
    0xFF,0xFF,0x7F,0xBF,0xDF,0x7F,0xFF,0xFF,0xFF,0xFF,0xFF,0xFF,0x07,0x87,0x86,0x87,
    0xCE,0xDC,0xFC,0xFE,0xFF,0xFF,0xFF,0xE6,0xE6,0xE7,0xE7,0xC7,0xC7,0xCF,0xCF,0xDF,
    0xFF,0xEC,0xE3,0xBF,0xFF,0xD6,0xCE,0xED,0xDD,0xFB,0x3B,0x77,0xFF,0xEF,0xDF,0xEF,
    0xEF,0xEF,0xE7,0xEF,0xE7,0xF7,0xFB,0x9D,0x7E,0x1F,0x4F,0x87,0xF0,0xFF,0xFF,0xFF,
    0xFF,0xFF,0xFF,0xF0,0xF1,0xF7,0xBF,0x3F,0x0F,0x0F,0x9F,0xDF,0xDF,0xFF,0x7F,0x7F,
    0x7F,0x1F,0x9F,0xBF,0xBF,0x3F,0x3F,0x3F,0x3F,0x3F,0xBF,0x3F,0x3E,0x3E,0x3D,0x31,
    0x07,0x7E,0xFF,0xEF,0xEF,0xE7,0xEF,0xFF,0x3F,0x3F,0x7F,0xFF,0xEF,0xE7,0xEF,0xFC,
    0x40,0xFC,0xFF,0xFF,0xFF,0xFF,0xFF,0xFF,0xFF,0xFF,0xFF,0xFF,0xFF,0xFF,0xFF,0xFF,
    0xFF,0xFF,0xFE,0xFF,0xFD,0xF8,0xFB,0xFF,0xF7,0xF3,0xE7,0xFF,0xDF,0xDF,0x9F,0x1F,
    0x1E,0x1F,0x9F,0xBF,0x9E,0xCE,0xFE,0xFA,0xFC,0xFD,0xFD,0xFD,0xFD,0xFD,0xFD,0x3E,
    0x9B,0xCF,0xEF,0x0F,0xCF,0x9D,0xF4,0xF0,0xF0,0x33,0x37,0xBF,0xBF,0x3F,0xFF,0xFF,
    0xFF,0xFF,0xFF,0xFF,0xFF,0xFF,0xFF,0xFF,0xFF,0xFF,0xFF,0xFF,0x1F,0x1F,0x0F,0x0F,
    0x1F,0x3F,0x3F,0x3F,0x3F,0x7F,0xFF,0xFF,0x7F,0x7F,0x7F,0xBB,0x8F,0xC1,0xE3,0xF7,
    0xFF,0xEF,0xC3,0xD9,0xDD,0xDE,0xDF,0xDF,0xFF,0xF7,0xFC,0xDF,0xDF,0x1E,0x03,0x83,
    0xF8,0xFF,0xFF,0xFF,0xFF,0xFF,0xFF,0xFF,0xFF,0xFF,0xFF,0xFF,0xFB,0xFB,0xFF,0xFF,
    0xEF,0xEF,0xEF,0xFC,0xFC,0xFC,0xFE,0xFF,0xFF,0xFE,0xFE,0xFF,0xFF,0xFE,0xFE,0xFA,
    0x00,0x67,0xFB,0xED,0xEF,0xFB,0xEF,0x9F,0xFF,0xFF,0xFF,0xFF,0xFF,0xFF,0xFF,0xFF,
    0xFF,0xFF,0xFF,0xFF,0xFC,0xC1,0x8F,0x3F,0xFF,0xFF,0xFF,0xFF,0xFF,0xFF,0xFF,0xFF,
    0x8F,0x8F,0x8F,0x8F,0x9F,0x9F,0x9F,0x9F,0xBF,0xFF,0x87,0x8F,0x9F,0x9B,0x9F,0x9F,
    0x9F,0x9F,0x9F,0x9F,0x9F,0x9F,0x9F,0xDF,0xFE,0xFC,0xD3,0xC7,0xEF,0xFF,0xDF,0xDC,
    0xDF,0x3F,0xFF,0xFF,0xFF,0xFF,0xFF,0xFF,0xFF,0xFB,0xFF,0xFF,0x7F,0x3F,0x9F,0xE0,
    0xF9,0xFD,0xFF,0xF8,0xF9,0xF9,0xDB,0xCF,0xEF,0xEF,0xEF,0xFF,0xFF,0xFF,0xF7,0xF7,
    0xFF,0xE3,0xE3,0xE3,0xE7,0xE7,0xE7,0xE7,0xE3,0xE3,0xF3,0xE3,0xF3,0xF3,0xF3,0xF3,
    0xB3,0xB3,0xB3,0xB3,0xB3,0xB3,0xB3,0xB3,0xB7,0xB0,0xF3,0xEF,0xDF,0xBE,0x9E,0x9E,
    0x80,0x86,0xBE,0xBF,0xBF,0xBF,0xBF,0xBF,0xBB,0xFA,0xB3,0xF7,0xF7,0xF3,0xF3,0xF3,
    0xF3,0xF1,0xF3,0xF3,0xF1,0xF6,0xF0,0xF1,
  },
  {
    0x1F,0x1F,0x9F,0xCF,0xCF,0xCF,0xCF,0x8F,0xEF,0xFF,0x3F,0xBF,0x3F,0x7F,0xFF,0xFF,
    0xFF,0xFF,0xFF,0xFF,0xFF,0xFF,0xFF,0xFF,0xFF,0xFF,0xFF,0xFF,0xFF,0xFF,0xFF,0xFF,
    0xFF,0xFF,0x7F,0xBF,0xDF,0x7F,0xFF,0xFF,0xFF,0xFF,0xFF,0xFF,0x07,0x87,0x86,0x87,
    0xCE,0xDC,0xFC,0xFE,0xFF,0xFF,0xFF,0xE6,0xE6,0xE7,0xE7,0xC7,0xC7,0xCF,0xCF,0xDF,
    0xFF,0xEC,0xE3,0xBF,0xFF,0xD6,0xCE,0xED,0xDD,0xFB,0x3B,0x77,0xFF,0xEF,0xDF,0xEF,
    0xEF,0xEF,0xE7,0xEF,0xE7,0xF7,0xFB,0x9D,0x7E,0x1F,0x4F,0x87,0xF0,0xFF,0xFF,0xFF,
    0xFF,0xFF,0xFF,0xF0,0xF1,0xF7,0xBF,0x3F,0x0F,0x0F,0x9F,0xDF,0xDF,0xFF,0x7F,0x7F,
    0x7F,0x1F,0x9F,0xBF,0xBF,0x3F,0x3F,0x3F,0x3F,0x3F,0xBF,0x3F,0x3E,0x3E,0x3D,0x31,
    0x07,0x7E,0xFF,0xEF,0xEF,0xE7,0xEF,0xFF,0x3F,0x3F,0x7F,0xFF,0xEF,0xE7,0xEF,0xFC,
    0x40,0xFC,0xFF,0xFF,0xFF,0xFF,0xFF,0xFF,0xFF,0xFF,0xFF,0xFF,0xFF,0xFF,0xFF,0xFF,
    0xFF,0xFF,0xFE,0xFF,0xFD,0xF8,0xFB,0xFF,0xF7,0xF3,0xE7,0xFF,0xDF,0xDF,0x9F,0x1F,
    0x1E,0x1F,0x9F,0xBF,0x9E,0xCE,0xFE,0xFA,0xFC,0xFD,0xFD,0xFD,0xFD,0xFD,0xFD,0x3E,
    0x9B,0xCF,0xEF,0x0F,0xCF,0x9D,0xF4,0xF0,0xF0,0x33,0x37,0xBF,0xBF,0x3F,0xFF,0xFF,
    0xFF,0xFF,0xFF,0xFF,0xFF,0xFF,0xFF,0xFF,0xFF,0xFF,0xFF,0xFF,0x1F,0x1F,0x0F,0x0F,
    0x1F,0x3F,0x3F,0x3F,0x3F,0x7F,0xFF,0xFF,0x7F,0x7F,0x7F,0xBB,0x8F,0xC3,0xE3,0xF7,
    0xFF,0xEF,0xC3,0xD9,0xDD,0xFE,0xDF,0xDF,0xFF,0xF7,0xFC,0xDF,0xDF,0x1E,0x03,0x83,
    0xF8,0xFF,0xFF,0xFF,0xFF,0xFF,0xFF,0xFF,0xFF,0xFF,0xFF,0xFF,0xFB,0xFB,0xFF,0xFF,
    0xEF,0xEF,0xEF,0xFC,0xFC,0xFC,0xFE,0xFF,0xFF,0xFE,0xFE,0xFF,0xFF,0xFE,0xFE,0xFE,
    0x00,0x47,0xFB,0xED,0xEF,0xFB,0xEF,0x9F,0xFF,0xFF,0xFF,0xFF,0xFF,0xFF,0xFF,0xFF,
    0xFF,0xFF,0xFF,0xFF,0xFC,0xC1,0x8F,0x3F,0xFF,0xFF,0xFF,0xFF,0xFF,0xFF,0xFF,0xFF,
    0x8F,0x8F,0x8F,0x8F,0x9F,0x9F,0x9F,0x9F,0xBF,0xFF,0x87,0x97,0x9F,0x9B,0x9F,0x9F,
    0x9F,0x9F,0x9F,0x9F,0x9F,0x9F,0x9F,0xDF,0xFE,0xFC,0xD3,0xC7,0xEF,0xFF,0xDF,0xDC,
    0xDF,0x3F,0xFF,0xFF,0xFF,0xFF,0xFF,0xFF,0xFF,0xFB,0xFF,0xFF,0x7F,0x3F,0x9F,0xE0,
    0xF9,0xFF,0xFF,0xF8,0xF9,0xF9,0xDB,0xCF,0xEF,0xEF,0xEF,0xFF,0xFF,0xFF,0xFF,0xF7,
    0xF7,0xE3,0xE3,0xE3,0xE7,0xE7,0xE7,0xE7,0xE3,0xE3,0xF3,0xE3,0xF3,0xF3,0xF3,0xF3,
    0xB3,0xB3,0xB3,0xB3,0xB3,0xB3,0xB3,0xB3,0xB7,0xB0,0xF3,0xEF,0x9F,0xBE,0x9E,0x9E,
    0x80,0x86,0xBE,0xBF,0xBF,0xBF,0xBF,0xBF,0xBB,0xFA,0xB3,0xF7,0xF3,0xF3,0xF3,0xF3,
    0xF3,0xF1,0xF3,0xF3,0xF1,0xF6,0xF0,0xF1,
  },
  {
    0x1F,0x1F,0x9F,0xCF,0xCF,0xCF,0xCF,0x8F,0xEF,0xFF,0x7F,0xBF,0xBF,0x7F,0xFF,0xFF,
    0xFF,0xFF,0xFF,0xFF,0xFF,0xFF,0xFF,0xFF,0xFF,0xFF,0xFF,0xFF,0xFF,0xFF,0xFF,0xFF,
    0xFF,0xFF,0x7F,0x3F,0xDF,0x7F,0xFF,0xFF,0xFF,0xFF,0xFF,0xFF,0x07,0x87,0x86,0x86,
    0xCE,0xDC,0xFC,0xFE,0xFF,0xFF,0xFF,0xE6,0xE6,0xE7,0xE7,0xC7,0xC7,0xCF,0xCF,0xDF,
    0xDD,0xEC,0xE1,0x9F,0xFF,0xD6,0xCE,0xED,0xDD,0xBB,0x3B,0x77,0xFF,0xEF,0xDF,0xDF,
    0xDF,0xEF,0xEF,0xEF,0xCF,0xC7,0xFB,0xFD,0x7E,0x3F,0x4F,0x87,0xF0,0xFF,0xFF,0xFF,
    0xFF,0xFF,0xF7,0xF0,0xF1,0xF7,0xBF,0x3F,0x0F,0x0F,0x9F,0xDF,0xDF,0xFF,0x7F,0x7F,
    0x7F,0x1F,0x9F,0x9F,0xBF,0x3F,0x3F,0x3F,0x3F,0x3F,0xBF,0x3F,0x3F,0x3E,0x3D,0x31,
    0x07,0x7C,0xFE,0xDF,0xCF,0xEF,0xCF,0xFF,0x7F,0x7F,0x7F,0xFF,0xCF,0xEF,0xEF,0xFD,
    0x40,0xF8,0xFF,0xFF,0xFF,0xFF,0xFF,0xFF,0xFF,0xFF,0xFF,0xFF,0xFF,0xFF,0xFF,0xFF,
    0xFF,0xFF,0xFE,0xFF,0xFD,0xF8,0xFB,0xFF,0xF3,0xF3,0xE7,0xFF,0xDF,0x9F,0x9F,0x1F,
    0x1E,0x1F,0x9F,0xBE,0x3E,0xDE,0xFD,0xFC,0xFC,0xFD,0xF9,0xFF,0x7B,0x3F,0x1F,0xDF,
    0xEF,0xFF,0x2B,0x0F,0xBF,0xED,0xFD,0xFC,0xF8,0x3B,0x37,0xEF,0xDF,0xFF,0xFF,0xFF,
    0xFF,0xFF,0xFF,0xFF,0xFF,0xFF,0xFF,0xFF,0xFF,0xFF,0xFF,0xFF,0x1F,0x1F,0x0F,0x0F,
    0x1F,0x3F,0x3F,0x3F,0x3F,0x7F,0xFF,0xFF,0x7F,0x7F,0x3F,0xBB,0x57,0x47,0xE3,0xFF,
    0xFF,0xBF,0xE1,0xD8,0xBC,0xBF,0x9F,0x8F,0xF3,0xFF,0xFE,0x9F,0x9F,0x3F,0x06,0x89,
    0xFE,0xFF,0xFF,0xFF,0xFF,0xFF,0xFF,0xFF,0xFF,0xFF,0xFF,0xFF,0xFB,0xFB,0xFF,0xFF,
    0xEF,0xEF,0xEF,0xFC,0xFC,0xFC,0xFC,0xFF,0xFF,0xFE,0xFC,0xFE,0xFF,0xFE,0xFE,0xFC,
    0xC0,0x0F,0x7E,0xFB,0xFA,0xFE,0xFD,0xE7,0x3F,0xFF,0xFF,0xFF,0xFF,0xFF,0xFF,0xFD,
    0xFF,0xFF,0xFF,0xFF,0xF0,0xCC,0x1F,0x7F,0xFF,0xFF,0xFF,0xFF,0xFF,0xFF,0xFF,0xFF,
    0x8F,0x8F,0x8F,0x8F,0x9F,0x9F,0x9F,0x9F,0xBF,0xFF,0x87,0x87,0x9F,0x9B,0x9F,0x9F,
    0x9F,0x9F,0x9F,0x9F,0x9F,0x9F,0x9F,0xDF,0xFE,0xFC,0xD9,0xD3,0xF7,0xEF,0xEF,0xCE,
    0xDF,0x3F,0xFF,0xFF,0xFF,0xFF,0xFF,0xFF,0xFF,0xFF,0xFF,0xFF,0x7F,0x3F,0x9E,0xE0,
    0xF9,0xFD,0xFE,0xF8,0xF8,0xF9,0xDB,0xCF,0xEF,0xEF,0xEF,0xEF,0xFF,0xF7,0xF7,0xF7,
    0xF7,0xE3,0xE3,0xE3,0xE7,0xE7,0xE7,0xE3,0xE3,0xE3,0xE3,0xE3,0xF3,0xF3,0xF3,0xF3,
    0xB3,0xB3,0xB3,0xB3,0xB3,0xB3,0xB3,0xB3,0xB0,0xB1,0xF7,0xCF,0xDF,0xBF,0x9D,0x9D,
    0x81,0x84,0xBE,0xBE,0xBF,0xBF,0xBF,0xBF,0xBB,0xFA,0xB3,0xB7,0xF3,0xF3,0xF3,0xF3,
    0xF3,0xF1,0xF3,0xF3,0xF0,0xF2,0xF0,0xF1,
  },
  {
    0x1F,0x1F,0x9F,0xCF,0xCF,0xCF,0xCF,0x8F,0xEF,0xFF,0x7F,0xBF,0xBF,0x7F,0xFF,0xFF,
    0xFF,0xFF,0xFF,0xFF,0xFF,0xFF,0xFF,0xFF,0xFF,0xFF,0xFF,0xFF,0xFF,0xFF,0xFF,0xFF,
    0xFF,0xFF,0x7F,0x3F,0xDF,0x7F,0xFF,0xFF,0xFF,0xFF,0xFF,0xFF,0x07,0x87,0x86,0x86,
    0xCE,0xDC,0xFC,0xFE,0xFF,0xFF,0xFF,0xE6,0xE6,0xE7,0xE7,0xC7,0xC7,0xCF,0xCF,0xDF,
    0xDD,0xEC,0xE1,0x9F,0xFF,0xD6,0xCE,0xED,0xDD,0xBB,0x3B,0x77,0xFF,0xEF,0xDF,0xDF,
    0xDF,0xEF,0xEF,0xEF,0xCF,0xC7,0xFB,0xFD,0x7E,0x3F,0x4F,0x87,0xF0,0xFF,0xFF,0xFF,
    0xFF,0xFF,0xF7,0xF0,0xF1,0xF7,0xBF,0x3F,0x0F,0x0F,0x9F,0xDF,0xDF,0xFF,0x7F,0x7F,
    0x7F,0x1F,0x9F,0x9F,0xBF,0x3F,0x3F,0x3F,0x3F,0x3F,0xBF,0x3F,0x3F,0x3E,0x3D,0x33,
    0x07,0x7C,0xFE,0xDF,0xCF,0xEF,0xCF,0xFF,0x7F,0x7F,0x7F,0xFF,0xEF,0xEF,0xEF,0xFD,
    0x40,0xF8,0xFF,0xFF,0xFF,0xFF,0xFF,0xFF,0xFF,0xFF,0xFF,0xFF,0xFF,0xFF,0xFF,0xFF,
    0xFF,0xFF,0xFE,0xFF,0xFD,0xF8,0xFB,0xFF,0xF7,0xF3,0xE7,0xFF,0xDF,0x9F,0x9F,0x1F,
    0x1E,0x1F,0x9F,0xBE,0x3E,0xDE,0xFD,0xFC,0xFC,0xFD,0xF9,0xFF,0x7B,0x3F,0x1F,0xDE,
    0xEF,0xFB,0x2B,0x0F,0xBF,0xED,0xFD,0xFC,0xF8,0x3B,0x37,0xEF,0xDF,0xFF,0xFF,0xFF,
    0xFF,0xFF,0xFF,0xFF,0xFF,0xFF,0xFF,0xFF,0xFF,0xFF,0xFF,0xFF,0x1F,0x1F,0x0F,0x0F,
    0x1F,0x3F,0x3F,0x3F,0x3F,0x7F,0xFF,0xFF,0x7F,0x7F,0x3F,0xBB,0x57,0x47,0xE3,0xFF,
    0xFF,0xBF,0xE1,0xD8,0xBC,0xBE,0x9F,0x8F,0xF7,0xFF,0xFE,0x9F,0x9F,0x2F,0x06,0x89,
    0xFE,0xFF,0xFF,0xFF,0xFF,0xFF,0xFF,0xFF,0xFF,0xFF,0xFF,0xFF,0xFB,0xFB,0xFF,0xFF,
    0xEF,0xEF,0xEF,0xFC,0xFC,0xFC,0xFE,0xFF,0xFF,0xFE,0xFC,0xFF,0xFF,0xFE,0xFE,0xFC,
    0xC0,0x0F,0x7E,0xFB,0xFB,0xFE,0xFD,0xE7,0x3F,0xFF,0xFF,0xFF,0xFF,0xFF,0xFF,0xFD,
    0xFF,0xFF,0xFF,0xFF,0xF0,0x8C,0x1F,0x7F,0xFF,0xFF,0xFF,0xFF,0xFF,0xFF,0xFF,0xFF,
    0x8F,0x8F,0x8F,0x8F,0x9F,0xDF,0x9F,0x9F,0xBF,0xFF,0x87,0x87,0x9F,0x9B,0x9F,0x9F,
    0x9F,0x9F,0x9F,0x9F,0x9F,0x9F,0x9F,0xDF,0xFE,0xFC,0xD9,0xD3,0xD7,0xEF,0xEF,0xCE,
    0xDF,0x3F,0xFF,0xFF,0xFF,0xFF,0xFF,0xFF,0xFF,0xFF,0xFF,0xFF,0x7F,0x3F,0x9E,0xE0,
    0xF9,0xFD,0xFE,0xF8,0xF8,0xF9,0xDB,0xCF,0xEF,0xEF,0xEF,0xEF,0xFF,0xF7,0xF7,0xF7,
    0xF7,0xE3,0xE3,0xE3,0xE7,0xE7,0xE7,0xE3,0xE3,0xE3,0xE3,0xE3,0xF3,0xF3,0xF3,0xF3,
    0xB3,0xB3,0xB3,0xB3,0xB3,0xB3,0xB3,0xB3,0xB0,0xB1,0xF7,0xCF,0xDF,0xBF,0x9D,0x9D,
    0x81,0x84,0xBE,0xBE,0xBF,0xBF,0xBF,0xBF,0xBB,0xFA,0xB3,0xB7,0xF3,0xF3,0xF3,0xF3,
    0xF3,0xF1,0xF3,0xF3,0xF0,0xF2,0xF0,0xF1,
  },
  {
    0x1F,0x1F,0x9F,0xCF,0xCF,0xCF,0xCF,0x8F,0xEF,0xFF,0xFF,0x7F,0xFF,0xFF,0xFF,0xFF,
    0xFF,0xFF,0xFF,0xFF,0xFF,0xFF,0xFF,0xFF,0xFF,0xFF,0xFF,0xFF,0xFF,0xFF,0xFF,0xFF,
    0x7F,0x7F,0xBF,0xBF,0xBF,0xDF,0xDF,0x5F,0xFF,0xFF,0xFF,0xFF,0x07,0x87,0x86,0x86,
    0xCE,0xDC,0xFC,0xFE,0xFF,0xFF,0xFF,0xE6,0xE6,0xE7,0xE7,0xC7,0xC7,0xCF,0xCF,0xFB,
    0xEE,0xDE,0xFE,0xEE,0xDF,0x9E,0x6E,0x6F,0xEF,0x8D,0xCD,0xED,0xFF,0xFB,0xFB,0xF9,
    0xFD,0xFD,0xFD,0xFF,0xFC,0xFC,0xFE,0xFF,0x0F,0x0F,0x87,0xC7,0xFB,0xFD,0xFF,0xFF,
    0xFF,0xFF,0xF7,0xF0,0xF1,0xF7,0xBF,0x3F,0x0F,0x0F,0x9F,0xDF,0xDF,0xFF,0x7F,0x7F,
    0x7F,0x1F,0x9F,0x9F,0xBF,0x3F,0x3F,0x3F,0x3F,0x3F,0x3F,0x3F,0x3F,0x3E,0x1E,0x1C,
    0x0E,0x1F,0x3F,0xF9,0xFD,0xFC,0xFD,0x6F,0x6F,0xEF,0xEF,0xFD,0xFD,0xFC,0x3D,0x1F,
    0x01,0x7F,0xFF,0xFF,0xFF,0xFF,0xFF,0xFF,0xFF,0xFF,0xFF,0xFF,0xFF,0xFF,0xFF,0xFF,
    0xFF,0xFF,0xFE,0xFF,0xFD,0xF8,0xFB,0xFF,0xF7,0xF3,0xE7,0xFF,0xDF,0x9F,0x9F,0x1F,
    0x1E,0x1F,0x9F,0xBE,0xBE,0x0E,0xFE,0xFC,0xFF,0xFF,0xFF,0xFF,0x3F,0x1F,0x8F,0xEF,
    0xF7,0xF9,0xFD,0x1D,0xE5,0xF7,0xFF,0xFC,0xF8,0x02,0xFF,0xFF,0xFF,0xFF,0xFF,0xFF,
    0xFF,0xFF,0xFF,0xFF,0xFF,0xFF,0xFF,0xFF,0xFF,0xFF,0xFF,0xFF,0x1F,0x1F,0x0F,0x0F,
    0x1F,0x3F,0x3F,0x3F,0x3F,0x7F,0xFF,0xFF,0x7F,0x7F,0xFF,0xFF,0x07,0xE3,0xF3,0xF3,
    0xF7,0xFF,0xDD,0xD8,0xFB,0xF3,0xEB,0xDF,0xBF,0xBF,0xFB,0xFB,0xF7,0xF7,0xC1,0x3B,
    0xFF,0xFF,0xFF,0xFF,0xFF,0xFF,0xFF,0xFF,0xFF,0xFF,0xFF,0xFF,0xFB,0xFB,0xFF,0xFF,
    0xEF,0xEF,0xEF,0xFC,0xFC,0xFC,0xFE,0xFF,0xFF,0xFE,0xFC,0xFF,0xFF,0xFE,0xFE,0xFC,
    0xBF,0xC7,0x03,0xFF,0xFF,0xFF,0xFF,0xFF,0xFF,0xFF,0xFF,0xFF,0xFF,0xFF,0xFF,0xFF,
    0xFF,0xFF,0xFF,0xFF,0xBF,0xFF,0xE0,0x01,0xFF,0xFF,0xFF,0xFF,0xFF,0xFF,0xFF,0xFF,
    0x8F,0x8F,0x8F,0x8F,0x9F,0xDF,0x9F,0x9F,0xBF,0xFF,0x87,0x87,0x9B,0x9B,0x9F,0x9F,
    0x9F,0x9F,0x9F,0x9F,0x9F,0x9F,0xF0,0xE7,0xDF,0xB8,0xA7,0x9F,0x3F,0x7F,0xFF,0xFF,
    0xFF,0xFF,0xFF,0xFF,0xFF,0x3F,0xDF,0xFF,0xFF,0xFD,0x7F,0x3F,0x9F,0xE7,0xF0,0xFC,
    0xF9,0xFD,0xFE,0xF8,0xF8,0xF9,0xDB,0xCF,0xEF,0xEF,0xEF,0xEF,0xFF,0xF7,0xF7,0xF7,
    0xF7,0xE3,0xE3,0xE3,0xE7,0xE7,0xE7,0xE3,0xE3,0xE3,0xE3,0xE3,0xF3,0xF3,0xF7,0xF3,
    0xB3,0xB7,0xB7,0xB7,0xB7,0xD0,0x8F,0x9F,0xDF,0xDF,0xDF,0xE0,0xC7,0xBF,0x9F,0x9F,
    0x9F,0x80,0xBF,0xBF,0xBF,0xB7,0xB7,0xBF,0xBB,0xFA,0xB3,0xB7,0xF3,0xF3,0xF3,0xF3,
    0xF3,0xF1,0xF3,0xF3,0xF0,0xF2,0xF0,0xF1,
  },
  {
    0x1F,0x1F,0x9F,0xCF,0xCF,0xCF,0xCF,0x8F,0xEF,0xFF,0xFF,0x7F,0xFF,0xFF,0xFF,0xFF,
    0xFF,0xFF,0xFF,0xFF,0xFF,0xFF,0xFF,0xFF,0xFF,0xFF,0xFF,0xFF,0xFF,0xFF,0xFF,0xFF,
    0x7F,0x7F,0xBF,0xBF,0xBF,0xDF,0xDF,0x5F,0xFF,0xFF,0xFF,0xFF,0x07,0x87,0x86,0x86,
    0xCE,0xDC,0xFC,0xFE,0xFF,0xFF,0xFF,0xE6,0xE6,0xE7,0xE7,0xC7,0xC7,0xCF,0xCF,0xFB,
    0xEE,0xDE,0xFE,0xEE,0xDF,0x9E,0x6E,0x6F,0xEF,0x8D,0xCD,0xED,0xFF,0xFB,0xFB,0xF9,
    0xFD,0xFD,0xFD,0xFF,0xFC,0xFC,0xFE,0xFF,0x0F,0x0F,0x87,0xC7,0xFB,0xFD,0xFF,0xFF,
    0xFF,0xFF,0xF7,0xF0,0xF1,0xF7,0xBF,0x3F,0x0F,0x0F,0x9F,0xDF,0xDF,0xFF,0x7F,0x7F,
    0x7F,0x1F,0x9F,0x9F,0xBF,0x3F,0x3F,0x3F,0x3F,0x3F,0x3F,0x3F,0x3F,0x3E,0x1E,0x1C,
    0x0E,0x1F,0x3F,0xF9,0xFD,0xFC,0xFD,0x6F,0x6F,0xEF,0x6F,0xFD,0xFD,0xFC,0x3D,0x1F,
    0x01,0x7F,0xFF,0xFF,0xFF,0xFF,0xFF,0xFF,0xFF,0xFF,0xFF,0xFF,0xFF,0xFF,0xFF,0xFF,
    0xFF,0xFF,0xFE,0xFF,0xFD,0xF8,0xFB,0xFF,0xF7,0xF3,0xE7,0xFF,0xDF,0x9F,0x9F,0x1F,
    0x1E,0x1F,0x9F,0xBE,0xBE,0x0E,0xFE,0xFC,0xFF,0xFF,0xFF,0xFF,0x3F,0x1F,0x8F,0xEF,
    0xF7,0xF9,0xFD,0x1D,0xE5,0xF7,0xFF,0xFC,0xF8,0x02,0xFF,0xFF,0xFF,0xFF,0xFF,0xFF,
    0xFF,0xFF,0xFF,0xFF,0xFF,0xFF,0xFF,0xFF,0xFF,0xFF,0xFF,0xFF,0x1F,0x1F,0x0F,0x0F,
    0x1F,0x3F,0x3F,0x3F,0x3F,0x7F,0xFF,0xFF,0x7F,0x7F,0xFF,0xFF,0x07,0xE3,0xF3,0xF3,
    0xF7,0xFF,0xDD,0xD8,0xFB,0xF3,0xFB,0xDF,0xBF,0xBE,0xFB,0xFB,0xF7,0xF7,0xC1,0x3B,
    0xFF,0xFF,0xFF,0xFF,0xFF,0xFF,0xFF,0xFF,0xFF,0xFF,0xFF,0xFF,0xFB,0xFB,0xFF,0xFF,
    0xEF,0xEF,0xEF,0xFC,0xFC,0xFC,0xFE,0xFF,0xFF,0xFE,0xFC,0xFF,0xFF,0xFE,0xFC,0xFC,
    0xBF,0xCF,0x01,0xFF,0xFF,0xFF,0xFF,0xFF,0xFF,0xFF,0xFF,0xFF,0xFF,0xFF,0xFF,0xFF,
    0xFF,0xFF,0xFF,0xFF,0xFF,0xFF,0xE0,0x00,0xFF,0xFF,0xFF,0xFF,0xFF,0xFF,0xFF,0xFF,
    0x8F,0x8F,0x8F,0x8F,0x9F,0xDF,0x9F,0x9F,0xBF,0xFF,0x87,0x87,0x9B,0x9B,0x9F,0x9F,
    0x9F,0x9F,0x9F,0x9F,0x9F,0x9F,0xF0,0xE7,0xDF,0xB8,0xA7,0x9F,0x3F,0x7F,0xFF,0xFF,
    0xFF,0xFF,0xFF,0xFF,0xFF,0x3F,0xDF,0xFF,0xFF,0xFD,0x7F,0x3F,0x9F,0xE7,0xF0,0xFC,
    0xF9,0xFD,0xFE,0xF8,0xF9,0xF9,0xDB,0xCF,0xEF,0xEF,0xEF,0xEF,0xFF,0xF7,0xF7,0xF7,
    0xF7,0xE3,0xE3,0xE3,0xE7,0xE7,0xE7,0xE3,0xE3,0xE3,0xE3,0xE3,0xF3,0xF3,0xF7,0xF3,
    0xB3,0xB7,0xB7,0xB7,0xB7,0xD0,0x8F,0x9F,0xDF,0xDF,0xDF,0xE0,0xC7,0xBF,0x9F,0x9F,
    0x9F,0x80,0xBF,0xBF,0xBF,0xB7,0xB7,0xBF,0xBB,0xFA,0xB3,0xB7,0xF3,0xF3,0xF3,0xF3,
    0xF3,0xF1,0xF3,0xF3,0xF0,0xF2,0xF0,0xF1,
  },
  {
    0x1F,0x1F,0x9F,0xCF,0xCF,0xCF,0xCF,0x8F,0xEF,0xFF,0xFF,0x7F,0xFF,0xFF,0xFF,0xFF,
    0xFF,0xFF,0xFF,0xFF,0xFF,0xFF,0xFF,0xFF,0xFF,0xFF,0xFF,0xFF,0xFF,0xFF,0xFF,0xFF,
    0x7F,0x7F,0xFF,0xBF,0xBF,0xBF,0x9F,0xFF,0x9F,0xFF,0xFF,0xFF,0x07,0x87,0x86,0x86,
    0xCE,0xDC,0xFC,0xFE,0xFF,0xFF,0xFF,0xE6,0xE6,0xE7,0xE7,0xC7,0xC7,0xCF,0xFB,0xF7,
    0xCD,0xFC,0xEC,0x6D,0xCD,0x8D,0x6D,0xED,0xED,0x0D,0xCD,0xFD,0xFF,0xFB,0xF9,0xFD,
    0xFD,0xFD,0xFD,0xFE,0xFC,0xFC,0xF6,0xFF,0x0F,0x0F,0xC7,0xC7,0xF3,0xFD,0xFF,0xFF,
    0xFF,0xFF,0xF7,0xF0,0xF1,0xF7,0xBF,0x3F,0x0F,0x0F,0x9F,0xDF,0xDF,0xFF,0x7F,0x7F,
    0x7F,0x1F,0x9F,0x9F,0xBF,0x3F,0x3F,0x3F,0x3F,0x3F,0x3F,0x3F,0x3E,0x1E,0x1E,0x04,
    0x0C,0x9F,0xBF,0xBD,0xBC,0xBC,0xBD,0xFF,0xF7,0xF7,0xFF,0xFD,0xFC,0xBC,0xBD,0x9E,
    0x01,0x1F,0x3F,0xFF,0xFF,0xFF,0xFF,0xFF,0xFF,0xFF,0xFF,0xFF,0xFF,0xFF,0xFF,0xFF,
    0xFF,0xFF,0xFE,0xFF,0xFD,0xF8,0xFB,0xFF,0xF7,0xF3,0xE7,0xFF,0xDF,0x9F,0x9F,0x1F,
    0x1E,0x1F,0x9F,0xBE,0xBE,0x62,0xFE,0xFF,0xFF,0xFF,0xFF,0x7F,0x1F,0x8F,0xCF,0xF7,
    0xFB,0xFD,0xFE,0x00,0xF2,0xFB,0xEF,0xBF,0x7E,0x94,0xF0,0xF5,0xFF,0xFF,0xFF,0xFF,
    0xFF,0xFF,0xFF,0xFF,0xFF,0xFF,0xFF,0xFF,0xFF,0xFF,0xFF,0xFF,0x1F,0x1F,0x0F,0x0F,
    0x1F,0x3F,0x3F,0x3F,0x3F,0x7F,0xFF,0xFF,0x7F,0x7F,0xFF,0xFF,0x17,0xC1,0xFB,0xFF,
    0xF1,0xFB,0xFA,0xFB,0xFB,0xF7,0xF7,0xFF,0xF5,0xFF,0xFD,0xFB,0xFB,0xF3,0xE1,0x1E,
    0xFF,0xFF,0xFF,0xFF,0xFF,0xFF,0xFF,0xFF,0xFF,0xFF,0xFF,0xFF,0xFB,0xFB,0xFF,0xFF,
    0xEF,0xEF,0xEF,0xFC,0xFC,0xFC,0xFE,0xFF,0xFF,0xFE,0xFC,0xFF,0xFF,0xFE,0xFC,0xFC,
    0xFF,0x3F,0x03,0xFF,0xFF,0xFF,0xFF,0xFF,0xFF,0xFF,0xFF,0xFF,0xFF,0xFF,0xFF,0xFF,
    0xFF,0xFF,0xFF,0xFF,0xDF,0xFF,0xFC,0x80,0xFF,0xFF,0xFF,0xFF,0xFF,0xFF,0xFF,0xFF,
    0x8F,0x8F,0x8F,0x8F,0x9F,0xDF,0x9F,0x9F,0xBF,0xFF,0x87,0x87,0x9B,0x9B,0x9F,0x9F,
    0x9F,0x9F,0xBF,0xBF,0x9F,0x0F,0xF1,0xFE,0xFF,0xFC,0xE7,0xDF,0x3F,0x7F,0xFF,0xFF,
    0xFF,0xFF,0xFF,0xFF,0xFF,0x7F,0x9F,0xFF,0xFF,0xFF,0x7E,0x7F,0x9F,0xCF,0xF0,0xF8,
    0xF9,0xFD,0xFF,0xF8,0xF9,0xF9,0xDB,0xCF,0xEF,0xEF,0xEF,0xEF,0xFF,0xF7,0xF7,0xF7,
    0xF7,0xE3,0xE3,0xE3,0xE7,0xE7,0xE7,0xE7,0xE3,0xE3,0xF3,0xF3,0xF7,0xF0,0xF3,0xF3,
    0xF3,0xB7,0xB7,0xB7,0xB7,0xD1,0x8F,0x9F,0x9F,0x9F,0xDF,0xE1,0xC6,0xBF,0x9F,0x9F,
    0x9F,0x80,0xBF,0xBF,0xBF,0xB7,0xB7,0xBF,0xBB,0xFA,0xB3,0xB7,0xF3,0xF3,0xF3,0xF3,
    0xF3,0xF1,0xF3,0xF3,0xF0,0xF2,0xF0,0xF1,
  },
  {
    0x1F,0x1F,0x9F,0xCF,0xCF,0xCF,0xCF,0x8F,0xEF,0xFF,0xFF,0x7F,0xFF,0xFF,0xFF,0xFF,
    0xFF,0xFF,0xFF,0xFF,0xFF,0xFF,0xFF,0xFF,0xFF,0xFF,0xFF,0xFF,0xFF,0xFF,0xFF,0xFF,
    0x7F,0x7F,0xFF,0xBF,0xBF,0xBF,0x9F,0xFF,0xBF,0xFF,0xFF,0xFF,0x07,0x87,0x86,0x86,
    0xCE,0xDC,0xFC,0xFE,0xFF,0xFF,0xFF,0xE6,0xE6,0xE7,0xE7,0xC7,0xC7,0xCF,0xFB,0xF5,
    0xCD,0xFC,0xEC,0x6D,0xCD,0x8D,0x6D,0xED,0xCD,0x0D,0xCD,0xFD,0xFF,0xFB,0xF9,0xFD,
    0xFD,0xFD,0xFD,0xFE,0xFC,0xFC,0xF6,0xFF,0x0F,0x0F,0xC7,0xE7,0xF3,0xFD,0xFF,0xFF,
    0xFF,0xFF,0xF7,0xF0,0xF1,0xF7,0xBF,0x3F,0x0F,0x0F,0x9F,0xDF,0xDF,0xFF,0x7F,0x7F,
    0x7F,0x1F,0x9F,0x9F,0xBF,0x3F,0x3F,0x3F,0x3F,0x3F,0x3F,0x3F,0x3E,0x1E,0x1E,0x04,
    0x0C,0x9F,0xBF,0xBD,0xBC,0xBC,0xBD,0xFF,0xF7,0xF7,0xFF,0xFD,0xFC,0xBC,0xBD,0x9F,
    0x01,0x1F,0x3F,0xFF,0xFF,0xFF,0xFF,0xFF,0xFF,0xFF,0xFF,0xFF,0xFF,0xFF,0xFF,0xFF,
    0xFF,0xFF,0xFE,0xFF,0xFD,0xF8,0xFB,0xFF,0xF3,0xF3,0xE7,0xFF,0xDF,0x9F,0x9F,0x1F,
    0x1E,0x1F,0x9F,0xBE,0xBE,0x62,0xFE,0xFF,0xFF,0xFF,0xFF,0x7F,0x1F,0x8F,0xCF,0xF7,
    0xFB,0xFD,0xFE,0x00,0xF6,0xFB,0xEF,0xBF,0x7E,0x94,0xF0,0xF5,0xFF,0xFF,0xFF,0xFF,
    0xFF,0xFF,0xFF,0xFF,0xFF,0xFF,0xFF,0xFF,0xFF,0xFF,0xFF,0xFF,0x1F,0x1F,0x0F,0x0F,
    0x1F,0x3F,0x3F,0x3F,0x3F,0x7F,0xFF,0xFF,0x7F,0x7F,0xFF,0xFF,0x17,0xC1,0xFB,0xFF,
    0xF1,0xFB,0xFA,0xFB,0xFB,0xF7,0xF7,0xFF,0xF5,0xFF,0xFD,0xFB,0xFB,0xF3,0xF1,0x1E,
    0xFF,0xFF,0xFF,0xFF,0xFF,0xFF,0xFF,0xFF,0xFF,0xFF,0xFF,0xFF,0xFB,0xFB,0xFF,0xFF,
    0xEF,0xEF,0xEF,0xFC,0xFC,0xFC,0xFE,0xFF,0xFF,0xFE,0xFC,0xFF,0xFF,0xFE,0xFC,0xFC,
    0xFE,0x3F,0x03,0xFF,0xFF,0xFF,0xFF,0xFF,0xFF,0xFF,0xFF,0xFF,0xFF,0xFF,0xFF,0xFF,
    0xFF,0xFF,0xFF,0xFF,0xDF,0xFF,0xFC,0x80,0xFF,0xFF,0xFF,0xFF,0xFF,0xFF,0xFF,0xFF,
    0x8F,0x8F,0x8F,0x8F,0x9F,0xDF,0x9F,0x9F,0xBF,0xFF,0x87,0x87,0x9B,0x9B,0x9F,0x9F,
    0x9F,0x9F,0xBF,0xBF,0x9F,0x0F,0xF1,0xFE,0xFF,0xFC,0xE7,0xDF,0x3F,0x7F,0xFF,0xFF,
    0xFF,0xFF,0xFF,0xFF,0xFF,0x7F,0x9F,0xFF,0xFF,0xFF,0x7E,0x7F,0xBF,0xCF,0xF0,0xF8,
    0xF9,0xFD,0xFF,0xF8,0xF9,0xF9,0xD9,0xCF,0xEF,0xEF,0xEF,0xFF,0xFF,0xF7,0xF7,0xF7,
    0xF7,0xE3,0xE3,0xE3,0xE7,0xE7,0xE7,0xE7,0xE3,0xE3,0xF3,0xF3,0xF7,0xF0,0xF3,0xF3,
    0xF7,0xF7,0xB7,0xB7,0xB7,0xD0,0x8F,0xBF,0x9F,0x9F,0xDF,0xE1,0xC6,0xBF,0x9F,0x9F,
    0x9F,0x80,0xBF,0xBF,0xBF,0xB7,0xB7,0xBF,0xBB,0xFA,0xB3,0xB7,0xF3,0xF3,0xF3,0xF3,
    0xF3,0xF1,0xF3,0xF3,0xF0,0xF2,0xF0,0xF1,
  },
  {
    0x1F,0x1F,0x9F,0xCF,0xCF,0xCF,0xCF,0x8F,0xEF,0xFF,0xFF,0x7F,0xFF,0xFF,0xFF,0xFF,
    0xFF,0xFF,0xFF,0xFF,0xFF,0xFF,0xFF,0xFF,0xFF,0xFF,0xFF,0xFF,0xFF,0xFF,0xFF,0xFF,
    0x7F,0x7F,0xFF,0xBF,0xBF,0xBF,0x9F,0xFF,0xBF,0xFF,0xFF,0xFF,0x07,0x87,0x86,0x86,
    0xCE,0xDC,0xFC,0xFE,0xFF,0xFF,0xFF,0xE6,0xE6,0xE7,0xE7,0xC7,0xC7,0xCF,0xFB,0xF7,
    0xCD,0xFC,0xEC,0x6D,0xCD,0x8D,0x6D,0xED,0xCD,0x0D,0xCD,0xFD,0xFF,0xFB,0xF9,0xFD,
    0xFD,0xFD,0xFD,0xFE,0xFC,0xFC,0xF6,0xFF,0x0F,0x0F,0xC7,0xE7,0xF3,0xFD,0xFF,0xFF,
    0xFF,0xFF,0xF7,0xF0,0xF1,0xF7,0xBF,0x3F,0x0F,0x0F,0x9F,0xDF,0xDF,0xFF,0x7F,0x7F,
    0x7F,0x1F,0x9F,0x9F,0xBF,0x3F,0x3F,0x3F,0x3F,0x3F,0x3F,0x3F,0x3E,0x1E,0x1E,0x04,
    0x0C,0x9F,0xBF,0xBD,0xBC,0xBC,0xBD,0xFF,0xF7,0xF7,0xFF,0xFD,0xFC,0xBC,0xBD,0x9F,
    0x01,0x1F,0x3F,0xFF,0xFF,0xFF,0xFF,0xFF,0xFF,0xFF,0xFF,0xFF,0xFF,0xFF,0xFF,0xFF,
    0xFF,0xFF,0xFE,0xFF,0xFD,0xF8,0xFB,0xFF,0xF3,0xF3,0xE7,0xFF,0xDF,0x9F,0x9F,0x1F,
    0x1E,0x1F,0x9F,0xBE,0xBE,0x62,0xFE,0xFF,0xFF,0xFF,0xFF,0x7F,0x1F,0x8F,0xCF,0xF7,
    0xFB,0xFD,0xFE,0x00,0xF6,0xFB,0xEF,0xBF,0x7E,0x94,0xF0,0xF5,0xFF,0xFF,0xFF,0xFF,
    0xFF,0xFF,0xFF,0xFF,0xFF,0xFF,0xFF,0xFF,0xFF,0xFF,0xFF,0xFF,0x1F,0x1F,0x0F,0x0F,
    0x1F,0x3F,0x3F,0x3F,0x3F,0x7F,0xFF,0xFF,0x7F,0x7F,0xFF,0xFF,0x17,0xC1,0xFB,0xFF,
    0xF1,0xFB,0xFA,0xFB,0xFB,0xF7,0xF7,0xFF,0xF7,0xFF,0xFD,0xFB,0xFB,0xF3,0xF1,0x1E,
    0xFF,0xFF,0xFF,0xFF,0xFF,0xFF,0xFF,0xFF,0xFF,0xFF,0xFF,0xFF,0xFB,0xFB,0xFF,0xFF,
    0xEF,0xEF,0xEF,0xFC,0xFC,0xFC,0xFC,0xFF,0xFF,0xFE,0xFC,0xFF,0xFF,0xFE,0xFC,0xFC,
    0xFE,0x3F,0x03,0xFF,0xFF,0xFF,0xFF,0xFF,0xFF,0xFF,0xFF,0xFF,0xFF,0xFF,0xFF,0xFF,
    0xFF,0xFF,0xFF,0xFF,0xDF,0xFF,0xFC,0x80,0xFF,0xFF,0xFF,0xFF,0xFF,0xFF,0xFF,0xFF,
    0x8F,0x8F,0x8F,0x8F,0x9F,0xDF,0x9F,0xDF,0xBF,0xFF,0x87,0x87,0x9B,0x9B,0x9F,0x9F,
    0x9F,0x9F,0xBF,0xBF,0x9F,0x0F,0xF1,0xFE,0xFF,0xFC,0xE7,0xDF,0x3F,0x7F,0xFF,0xFF,
    0xFF,0xFF,0xFF,0xFF,0xFF,0x7F,0x9F,0xFF,0xFF,0xFF,0xFE,0x7F,0x9F,0xCF,0xF0,0xF8,
    0xF9,0xFD,0xFF,0xF8,0xF9,0xF9,0xD9,0xCF,0xEF,0xEF,0xEF,0xFF,0xFF,0xF7,0xF7,0xF7,
    0xF7,0xE3,0xE3,0xE3,0xE7,0xE7,0xE7,0xE7,0xE3,0xE3,0xF3,0xF3,0xF7,0xF0,0xF3,0xF3,
    0xF7,0xB7,0xB7,0xB7,0xB7,0xD0,0x8F,0x9F,0x9F,0x9F,0xDF,0xE1,0xC6,0xBF,0x9F,0x9F,
    0x9F,0x80,0xBF,0xBF,0xBF,0xB7,0xB7,0xBF,0xBB,0xFA,0xB3,0xB7,0xF3,0xF3,0xF3,0xF3,
    0xF3,0xF1,0xF3,0xF3,0xF0,0xF2,0xF0,0xF1,
  },
  {
    0x1F,0x1F,0x9F,0xCF,0xCF,0xCF,0xCF,0x8F,0xEF,0xFF,0xFF,0x3F,0xFF,0xFF,0xFF,0xFF,
    0xFF,0x3F,0xFF,0x9F,0x7F,0xFF,0xFF,0xFF,0xFF,0xFF,0xFF,0xFF,0xFF,0xFF,0xFF,0xFF,
    0xFF,0xFF,0xFF,0xFF,0xFF,0xFF,0xFF,0xFF,0xBF,0x3F,0xFF,0xFF,0x2F,0x87,0x86,0x87,
    0xCE,0xDC,0xFE,0xFE,0xFF,0xFF,0xFF,0xE6,0xE6,0xE7,0xE7,0xC7,0xC7,0xCF,0xCF,0xDF,
    0xFF,0xEC,0xFC,0xFF,0xFF,0xFF,0xFF,0xFF,0xD8,0x03,0xE7,0xDF,0x3E,0x7F,0xFB,0xC7,
    0xDF,0xCF,0xDF,0xDF,0xDF,0xDF,0x9F,0xDF,0xEF,0xEF,0x77,0xFF,0xBF,0x5F,0x07,0xC3,
    0xF8,0xFF,0xFF,0xF0,0xF1,0xF7,0xBF,0x3F,0x0F,0x0F,0x9F,0xDF,0xDF,0xFF,0x7F,0x7F,
    0x7F,0x1F,0x9F,0xBF,0xBF,0x3F,0x3F,0x3F,0x3F,0x3F,0xBF,0x3F,0x3F,0x3F,0x3F,0x3F,
    0x3F,0x79,0x01,0xFF,0x0F,0x1F,0x97,0xFF,0xFF,0x7F,0x7F,0xFF,0xC3,0x9F,0x83,0x87,
    0xFF,0xFF,0x07,0xF9,0xFE,0xFF,0xFF,0xFF,0xFF,0xFF,0xFF,0xFF,0xFF,0xFF,0xFF,0xFF,
    0xFF,0xFF,0xFE,0xFF,0xFF,0xF8,0xFB,0xFF,0xFF,0xF7,0xF7,0xFF,0xDF,0x9F,0x9F,0x1F,
    0x3E,0x1F,0x9F,0xBE,0xFE,0x3E,0x7F,0xBE,0xBE,0xDE,0x15,0x1B,0x1B,0xFF,0xFF,0xFF,
    0xF7,0xF3,0xFB,0xFB,0xFB,0x3B,0x3F,0x3D,0x7C,0xFA,0xC0,0xFF,0xFF,0xFF,0xFF,0xFF,
    0xFF,0xFF,0xFF,0xFF,0xFF,0xFF,0xFF,0xFF,0xFF,0xFF,0xFF,0xFF,0x1F,0x1F,0x0F,0x0F,
    0x1F,0x3F,0x3F,0x3F,0x3F,0x7F,0xFF,0xFF,0x7F,0x7F,0xFF,0x7F,0xB9,0xBB,0xD7,0xC7,
    0xF7,0xFB,0xDF,0xFF,0xEF,0xA7,0xDF,0xFF,0xEF,0xE7,0xF7,0xC3,0xBC,0xBC,0xBF,0x3F,
    0xDC,0xE1,0xDF,0xFF,0xFF,0xFF,0xFF,0xFF,0xFF,0xFF,0xFF,0xFF,0xFB,0xFB,0xFF,0xFF,
    0xEF,0xEF,0xFF,0xFC,0xFC,0xFC,0xFE,0xFF,0xFF,0xFE,0xFE,0xFF,0xE7,0x96,0xBE,0xFA,
    0xF0,0xEE,0xDF,0xBF,0xFF,0xFF,0xFF,0xFF,0xFF,0xFF,0xFF,0xFF,0xFF,0xFF,0xFF,0xFF,
    0xFF,0xFF,0xFF,0xFF,0xFF,0xFF,0xC0,0x3F,0x7F,0xFF,0xFF,0xFF,0xFF,0xFF,0xFF,0xFF,
    0x8F,0x8F,0x8F,0x8F,0x9F,0xDF,0x9F,0xDF,0xBF,0xFF,0x87,0x97,0x9F,0x9F,0x9F,0x9F,
    0x9F,0x9F,0x9F,0xE7,0xCE,0xD9,0xD3,0xC7,0xCF,0xEF,0xEF,0xEE,0xEF,0x5F,0x5F,0xDF,
    0x9F,0x3F,0x7F,0xFF,0xFF,0xFF,0xFF,0xFF,0xFF,0xFF,0xF7,0xFF,0xFF,0xFF,0x7F,0x3E,
    0xE1,0xFF,0xFF,0xF8,0xF9,0xF9,0xDB,0xCF,0xEF,0xFF,0xEF,0xFF,0xFF,0xF7,0xFF,0xF7,
    0xF7,0xE3,0xE3,0xE3,0xE7,0xE7,0xE7,0xE7,0xE3,0xE3,0xE3,0xE1,0xF3,0xF7,0xF7,0xEF,
    0xAF,0x9F,0x9F,0x9F,0x9F,0xC7,0xC1,0xCF,0xDF,0xD8,0xC7,0xDF,0xBF,0xBF,0x9D,0x9F,
    0x83,0x99,0xBD,0xBD,0xBE,0xBE,0xBF,0xBF,0xBF,0xFB,0xB3,0xB7,0xF7,0xF3,0xF3,0xF3,
    0xF3,0xF1,0xF3,0xF3,0xF0,0xF2,0xF0,0xF1,
  },
  {
    0x1F,0x1F,0x9F,0xCF,0xCF,0xCF,0xCF,0x8F,0xEF,0xFF,0xFF,0x3F,0xFF,0xFF,0xFF,0xFF,
    0xFF,0x3F,0xFF,0x9F,0x7F,0xFF,0xFF,0xFF,0xFF,0xFF,0xFF,0xFF,0xFF,0xFF,0xFF,0xFF,
    0xFF,0xFF,0xFF,0xFF,0xFF,0xFF,0xFF,0xFF,0xBF,0x3F,0xFF,0xFF,0x2F,0x87,0x86,0x87,
    0xCE,0xDC,0xFE,0xFE,0xFF,0xFF,0xFF,0xE6,0xE6,0xE7,0xE7,0xC7,0xC7,0xCF,0xCF,0xDF,
    0xFF,0xEC,0xFC,0xFF,0xFF,0xFF,0xFF,0xFF,0xC8,0x03,0xE7,0xDF,0x3E,0x7F,0xFB,0xC7,
    0xDF,0xCF,0xDF,0xDF,0xDF,0xDF,0x9F,0xDF,0xEF,0xEF,0x77,0xFF,0xBF,0x5F,0x07,0xC3,
    0xF8,0xFF,0xFF,0xF0,0xF1,0xF7,0xBF,0x3F,0x0F,0x0F,0x9F,0xDF,0xDF,0xFF,0x7F,0x7F,
    0x7F,0x1F,0x9F,0xBF,0xBF,0x3F,0x3F,0x3F,0x3F,0x3F,0xBF,0x3F,0x3F,0x3F,0x3F,0x3F,
    0x3F,0x79,0x01,0xFF,0x0F,0x1F,0x97,0xFF,0xFF,0x7F,0x7F,0xFF,0xC3,0x9F,0x83,0x87,
    0xFF,0xFF,0x07,0xF9,0xFE,0xFF,0xFF,0xFF,0xFF,0xFF,0xFF,0xFF,0xFF,0xFF,0xFF,0xFF,
    0xFF,0xFF,0xFE,0xFF,0xFF,0xF8,0xFB,0xFF,0xFF,0xF7,0xF7,0xFF,0xDF,0x9F,0x9F,0x1F,
    0x3E,0x1F,0x9F,0xBE,0xFE,0x3E,0x7F,0xBE,0xBE,0xDE,0x15,0x1B,0x1B,0xFF,0xFF,0xFF,
    0xF7,0xF3,0xFB,0xFB,0xFB,0x3B,0x3F,0x3D,0x7C,0xFA,0xC0,0xFF,0xFF,0xFF,0xFF,0xFF,
    0xFF,0xFF,0xFF,0xFF,0xFF,0xFF,0xFF,0xFF,0xFF,0xFF,0xFF,0xFF,0x1F,0x1F,0x0F,0x0F,
    0x1F,0x3F,0x3F,0x3F,0x3F,0x7F,0xFF,0xFF,0x7F,0x7F,0x7F,0x7F,0xB9,0xBB,0xD7,0xC7,
    0xF7,0xFB,0xDF,0xFF,0xEF,0xA7,0xDF,0xFF,0xEF,0xE7,0xF7,0xC3,0xBC,0xBC,0xBF,0x3F,
    0xDC,0xE1,0xDF,0xFF,0xFF,0xFF,0xFF,0xFF,0xFF,0xFF,0xFF,0xFF,0xFB,0xFB,0xFF,0xFF,
    0xEF,0xEF,0xFF,0xFC,0xFC,0xFC,0xFE,0xFF,0xFF,0xFE,0xFE,0xFF,0xE7,0x96,0xBE,0xFA,
    0xF0,0xEE,0xDF,0xBF,0xFF,0xFF,0xFF,0xFF,0xFF,0xFF,0xFF,0xFF,0xFF,0xFF,0xFF,0xFF,
    0xFF,0xFF,0xFF,0xFF,0xFF,0xFF,0xC0,0x3F,0x7F,0xFF,0xFF,0xFF,0xFF,0xFF,0xFF,0xFF,
    0x8F,0x8F,0x8F,0x8F,0x9F,0xDF,0x9F,0xDF,0xBF,0xFF,0x87,0x97,0x9F,0x9F,0x9F,0x9F,
    0x9F,0x9F,0x9F,0xA7,0xCE,0xD9,0xD3,0xC7,0xCF,0xEF,0xEF,0xEE,0xEF,0x5F,0x5F,0xDF,
    0x9F,0x3F,0x7F,0xFF,0xFF,0xFF,0xFF,0xFF,0xFF,0xFF,0xF7,0xFF,0xFF,0xFF,0x7F,0x3E,
    0xE1,0xFF,0xFF,0xF8,0xF9,0xF9,0xDB,0xCF,0xEF,0xFF,0xEF,0xFF,0xFF,0xF7,0xFF,0xF7,
    0xF7,0xE3,0xE3,0xE3,0xE7,0xE7,0xE7,0xE3,0xE3,0xE3,0xE3,0xE1,0xF3,0xF7,0xF7,0xEF,
    0xAF,0x9F,0x9F,0x9F,0x9F,0xC7,0xC1,0xCF,0xDF,0xD8,0xC7,0xDF,0xBF,0xBF,0x9D,0x9F,
    0x83,0x99,0xBD,0xBD,0xBE,0xBE,0xBF,0xBF,0xBF,0xFB,0xB3,0xB7,0xF7,0xF3,0xF3,0xF3,
    0xF3,0xF1,0xF3,0xF3,0xF0,0xF2,0xF0,0xF1,
  },
  {
    0x1F,0x1F,0x9F,0xCF,0xCF,0xCF,0xCF,0x8F,0xEF,0xFF,0xFF,0x3F,0xFF,0xFF,0xFF,0xFF,
    0xFF,0x3F,0xFF,0x9F,0x7F,0xFF,0xFF,0xFF,0xFF,0xFF,0xFF,0xFF,0xFF,0xFF,0xFF,0xFF,
    0xFF,0xFF,0xFF,0xFF,0xFF,0xFF,0xFF,0xFF,0xBF,0x3F,0xFF,0xFF,0x2F,0x87,0x86,0x87,
    0xCE,0xDC,0xFE,0xFE,0xFF,0xFF,0xFF,0xE6,0xE6,0xE7,0xE7,0xC7,0xC7,0xCF,0xCF,0xDF,
    0xFF,0xEC,0xFC,0xFF,0xFF,0xFF,0xFF,0xFF,0xC8,0x03,0xE7,0xDF,0x3E,0x7F,0xF9,0xC7,
    0xDF,0xCF,0xDF,0xDF,0xDF,0xDF,0x9F,0xDF,0xEF,0xEF,0x77,0x7F,0xBF,0x5F,0x0F,0xC3,
    0xF8,0xFF,0xFF,0xF0,0xF1,0xF7,0xBF,0x3F,0x0F,0x0F,0x9F,0xDF,0xDF,0xFF,0x7F,0x7F,
    0x7F,0x1F,0x9F,0xBF,0xBF,0x3F,0x3F,0x3F,0x3F,0x3F,0xBF,0x3F,0x3F,0x3F,0x3F,0x3F,
    0x3F,0x79,0x01,0xFF,0x0F,0x1F,0x97,0xFF,0xFF,0x7F,0x7F,0xFF,0xC3,0x9F,0x83,0x87,
    0xFF,0xFF,0x07,0xF9,0xFE,0xFF,0xFF,0xFF,0xFF,0xFF,0xFF,0xFF,0xFF,0xFF,0xFF,0xFF,
    0xFF,0xFF,0xFE,0xFF,0xFF,0xF8,0xFB,0xFF,0xFF,0xF7,0xF7,0xFF,0xDF,0x9F,0x9F,0x1F,
    0x1E,0x1F,0x9F,0xBE,0xFE,0x3E,0x7F,0xBE,0xBE,0xDE,0x15,0x1B,0x1B,0xFF,0xFF,0xFF,
    0xF7,0xF3,0xFB,0xFB,0xFB,0x3B,0x3F,0x3D,0x7C,0xFA,0xC0,0xFF,0xFF,0xFF,0xFF,0xFF,
    0xFF,0xFF,0xFF,0xFF,0xFF,0xFF,0xFF,0xFF,0xFF,0xFF,0xFF,0xFF,0x1F,0x1F,0x0F,0x0F,
    0x1F,0x3F,0x3F,0x3F,0x3F,0x7F,0xFF,0xFF,0x7F,0x7F,0x7F,0x7F,0xB9,0xBB,0xD7,0xC7,
    0xF7,0xFB,0xDB,0xFF,0xEF,0xA7,0xDF,0xFF,0xEF,0xE7,0xF7,0xC3,0xBC,0xBC,0xBF,0x3F,
    0xDC,0xE1,0xDF,0xFF,0xFF,0xFF,0xFF,0xFF,0xFF,0xFF,0xFF,0xFF,0xFB,0xFB,0xFF,0xFF,
    0xEF,0xEF,0xFF,0xFC,0xFC,0xFC,0xFE,0xFF,0xFF,0xFE,0xFE,0xFF,0xE7,0x96,0xBE,0xFA,
    0xF0,0xEE,0xDF,0xBF,0xFF,0xFF,0xFF,0xFF,0xFF,0xFF,0xFF,0xFF,0xFF,0xFF,0xFF,0xFF,
    0xFF,0xFF,0xFF,0xFF,0xFF,0xFF,0xC0,0x3F,0x7F,0xFF,0xFF,0xFF,0xFF,0xFF,0xFF,0xFF,
    0x8F,0x8F,0x8F,0x8F,0x9F,0xDF,0x9F,0xDF,0xBF,0xFF,0x87,0x97,0x9F,0x9F,0x9F,0x9F,
    0x9F,0x9F,0x9F,0xE7,0xCE,0xD9,0xD3,0xC7,0xCF,0xEF,0xEF,0xEE,0xEF,0x5F,0x5F,0xDF,
    0x9F,0x3F,0x7F,0xFF,0xFF,0xFF,0xFF,0xFF,0xFF,0xFF,0xF7,0xFF,0xFF,0xFF,0x7F,0x3E,
    0xE1,0xFF,0xFF,0xF8,0xF9,0xF9,0xDB,0xCF,0xEF,0xFF,0xEF,0xFF,0xFF,0xF7,0xFF,0xF7,
    0xF7,0xE3,0xE3,0xE3,0xE7,0xE7,0xE7,0xE3,0xE3,0xE3,0xE3,0xE1,0xF3,0xF7,0xF7,0xEF,
    0xAF,0x9F,0x9F,0x9F,0x9F,0xC7,0xC1,0xCF,0xDF,0xD8,0xC7,0xDF,0xBF,0xBF,0x9D,0x9F,
    0x83,0x99,0xBD,0xBD,0xBE,0xBE,0xBF,0xBF,0xBF,0xFB,0xB3,0xB7,0xF7,0xF3,0xF3,0xF3,
    0xF3,0xF1,0xF3,0xF3,0xF0,0xF2,0xF0,0xF1,
  },
  {
    0x1F,0x1F,0x9F,0xCF,0xCF,0xCF,0xCF,0x8F,0xEF,0xFF,0xFF,0x3F,0xFF,0xFF,0xFF,0xFF,
    0xFF,0x3F,0xFF,0x9F,0x7F,0xFF,0xFF,0xFF,0xFF,0xFF,0xFF,0xFF,0xFF,0xFF,0xFF,0xFF,
    0xFF,0xFF,0xFF,0xFF,0xFF,0xFF,0xFF,0xFF,0xBF,0x3F,0xFF,0xFF,0x2F,0x87,0x86,0x87,
    0xCE,0xDC,0xFE,0xFE,0xFF,0xFF,0xFF,0xE6,0xE6,0xE7,0xE7,0xC7,0xC7,0xCF,0xCF,0xDF,
    0xFF,0xEC,0xFC,0xFF,0xFF,0xFF,0xFF,0xFF,0xC8,0x03,0xE7,0xDF,0x3E,0x7F,0xF9,0xC7,
    0xDF,0xCF,0xDF,0xDF,0xDF,0xDF,0x9F,0xDF,0xEF,0xEF,0x77,0x7F,0xBF,0x5F,0x0F,0xC3,
    0xF8,0xFF,0xFF,0xF0,0xF1,0xF7,0xBF,0x3F,0x0F,0x0F,0x9F,0xDF,0xDF,0xFF,0x7F,0x7F,
    0x7F,0x1F,0x9F,0xBF,0xBF,0x3F,0x3F,0x3F,0x3F,0x3F,0xBF,0x3F,0x3F,0x3F,0x3F,0x3F,
    0x3F,0x79,0x01,0xFF,0x0F,0x1F,0x97,0xFF,0xFF,0x7F,0x7F,0xFF,0xC3,0x9F,0x83,0x87,
    0xFF,0xFF,0x07,0xF9,0xFE,0xFF,0xFF,0xFF,0xFF,0xFF,0xFF,0xFF,0xFF,0xFF,0xFF,0xFF,
    0xFF,0xFF,0xFE,0xFF,0xFF,0xF8,0xFB,0xFF,0xFF,0xF7,0xF7,0xFF,0xDF,0x9F,0x9F,0x1F,
    0x1E,0x1F,0x9F,0xBE,0xBE,0x3E,0x7F,0xBE,0xBE,0xDE,0x15,0x1B,0x1B,0xFF,0xFF,0xF7,
    0xF7,0xF3,0xFB,0xFB,0xFB,0x3B,0x3F,0x3D,0x7C,0xFA,0xC0,0xFF,0xFF,0xFF,0xFF,0xFF,
    0xFF,0xFF,0xFF,0xFF,0xFF,0xFF,0xFF,0xFF,0xFF,0xFF,0xFF,0xFF,0x1F,0x1F,0x0F,0x0F,
    0x1F,0x3F,0x3F,0x3F,0x3F,0x7F,0xFF,0xFF,0x7F,0x7F,0x7F,0x7F,0xB9,0xBB,0xD7,0xC7,
    0xF7,0xFB,0xDB,0xFE,0xFF,0xA7,0xDF,0xFF,0xEF,0xE7,0xF7,0xC3,0xBC,0xBC,0xBF,0x3F,
    0xDC,0xE1,0xDF,0xFF,0xFF,0xFF,0xFF,0xFF,0xFF,0xFF,0xFF,0xFF,0xFB,0xFB,0xFF,0xFF,
    0xEF,0xEF,0xFF,0xFC,0xFC,0xFC,0xFE,0xFF,0xFF,0xFE,0xFE,0xFF,0xE7,0x96,0xBE,0xFA,
    0xF0,0xEE,0xDF,0xBF,0xFF,0xFF,0xFF,0xFF,0xFF,0xFF,0xFF,0xFD,0xFF,0xFF,0xFF,0xFF,
    0xFF,0xFF,0xFF,0xFF,0xFF,0xFF,0xC0,0x3F,0x7F,0xFF,0xFF,0xFF,0xFF,0xFF,0xFF,0xFF,
    0x8F,0x8F,0x8F,0x8F,0x9F,0xDF,0x9F,0xDF,0xBF,0xFF,0x87,0x97,0x9F,0x9F,0x9F,0x9F,
    0x9F,0x9F,0x9F,0xA7,0xCE,0xD9,0xD3,0xC7,0xCF,0xEF,0xEF,0xEE,0xEF,0x5F,0x5F,0xDF,
    0xBF,0x3F,0x7F,0xFF,0xFF,0xFF,0xFF,0xFF,0xFF,0xFF,0xF7,0xFF,0xFF,0xFF,0x7F,0x3E,
    0xE1,0xFF,0xFF,0xF8,0xF9,0xF9,0xDB,0xCF,0xEF,0xFF,0xEF,0xFF,0xFF,0xF7,0xFF,0xF7,
    0xF7,0xE3,0xE3,0xE3,0xE7,0xE7,0xE7,0xE3,0xE3,0xE3,0xE3,0xE1,0xF3,0xF7,0xF7,0xEF,
    0xAF,0x9F,0x9F,0x9F,0x9F,0xC7,0xC1,0xCF,0xDF,0xD8,0xC7,0xDF,0xBF,0xBF,0x9D,0x9F,
    0x83,0x99,0xBD,0xBD,0xBE,0xBE,0xBF,0xBF,0xBF,0xFB,0xB3,0xB7,0xF7,0xF3,0xF3,0xF3,
    0xF3,0xF1,0xF3,0xF3,0xF0,0xF2,0xF0,0xF1,
  },
  {
    0x1F,0x1F,0x9F,0xCF,0xCF,0xCF,0xCF,0x8F,0xEF,0xFF,0xFF,0x3F,0xFF,0xFF,0xFF,0xFF,
    0xFF,0xBB,0x77,0xEF,0xDF,0xBF,0x7F,0xFF,0xFF,0xFF,0xFF,0xFF,0xFF,0xFF,0xFF,0xFF,
    0xFF,0xFF,0xFF,0xFF,0xFF,0xFF,0xFF,0xFF,0x7F,0x7F,0xFF,0xBF,0xAF,0xC7,0x86,0x87,
    0xCE,0xDC,0xFE,0xFE,0xFF,0xFF,0xFF,0xE6,0xE6,0xE7,0xE7,0xC7,0xC7,0xCF,0xCF,0xDF,
    0xFF,0xEC,0xFC,0xFF,0xFF,0xFF,0xFF,0xFF,0xF9,0xCC,0x00,0x5B,0x17,0xCF,0xDE,0xE9,
    0xF3,0xFB,0xFB,0xF3,0xFB,0xFB,0xFB,0xFB,0xFB,0xFF,0xFD,0x4F,0x76,0x76,0xBF,0xB3,
    0xF3,0xDB,0xED,0xF7,0xF0,0xF7,0xBF,0x3F,0x0F,0x0F,0x9F,0xDF,0xDF,0xFF,0x7F,0x7F,
    0x7F,0x1F,0x9F,0xBF,0xBF,0x3F,0x3F,0x3F,0x3F,0x3F,0xBF,0x3F,0x3F,0x3F,0x3F,0x3F,
    0x3F,0x3C,0x38,0x01,0xFF,0xDF,0xCF,0xEF,0xFF,0xDF,0xEF,0xEB,0xFB,0xFB,0x79,0x7D,
    0x7F,0xBF,0x8F,0x80,0x9E,0x9F,0x7F,0x7F,0xFF,0xFF,0xFF,0xFF,0xFF,0xFF,0xFF,0xFF,
    0xFF,0xFF,0xFE,0xFF,0xFF,0xF8,0xFB,0xFF,0xFF,0xF7,0xF7,0xFF,0xDF,0x9F,0x9F,0x9F,
    0x9E,0x9F,0x9F,0xBE,0xFE,0xFE,0xFE,0x7E,0x3E,0x3F,0x1F,0x66,0xBC,0xFD,0xFD,0xFD,
    0xFE,0xFE,0xFE,0xFE,0xFE,0xFE,0xFF,0xFF,0xFF,0xFF,0x7F,0xFF,0x7E,0x3C,0x00,0xE0,
    0xFF,0xFF,0xFF,0xFF,0xFF,0xFF,0xFF,0xFF,0xFF,0xFF,0xFF,0xFF,0x1F,0x1F,0x0F,0x0F,
    0x1F,0x3F,0x3F,0x3F,0x3F,0x7F,0xFF,0xFF,0x7F,0xE3,0xC3,0xC9,0xCC,0x5E,0x9F,0x9F,
    0xCE,0xCF,0xE3,0xFB,0xF8,0xF7,0xEF,0xDF,0xBF,0xE3,0xE7,0xF7,0xF3,0xF9,0xF8,0xE7,
    0xFC,0x0E,0xDD,0xDF,0xBF,0xBF,0xBE,0xBD,0x2B,0x67,0xAF,0x8F,0xFF,0xFF,0xFF,0xFF,
    0xFF,0xEF,0xFF,0xFC,0xFC,0xFC,0xFE,0xFF,0xFF,0xFE,0xFC,0xFF,0xFF,0xFE,0xFE,0xFE,
    0xFF,0x83,0xF9,0xFE,0xFF,0xFF,0xFF,0xFF,0xFF,0xFF,0xFF,0xFF,0xFF,0xFF,0xFF,0xFF,
    0xFF,0xFF,0xFF,0xFF,0xFF,0xFF,0xFF,0xFF,0xFF,0x81,0x7F,0xFF,0xFF,0xFF,0xFF,0xFF,
    0x9F,0x8F,0x8F,0x8F,0x9F,0xDF,0x9F,0xDF,0xBF,0xFF,0x87,0x97,0x9F,0x9F,0x9F,0x9F,
    0x9F,0xBF,0xBF,0xBF,0x3F,0x9F,0xEF,0xF3,0xFB,0xFF,0xFF,0x77,0xBF,0xBF,0xDF,0xCF,
    0xC7,0xF7,0xFF,0xF7,0x9F,0xFF,0xFF,0xFF,0xFF,0xFF,0xFF,0xFF,0x7F,0x7F,0x3F,0x9F,
    0xE1,0xF8,0xFF,0xFF,0xF9,0xF9,0xDB,0xCF,0xEF,0xFF,0xEF,0xFF,0xFF,0xF7,0xFF,0xF7,
    0xF7,0xE3,0xE3,0xE3,0xE7,0xE7,0xE7,0xE7,0xE7,0xF7,0xF7,0xF0,0xF1,0xF3,0xF3,0xF1,
    0xB5,0xB6,0xB7,0xB3,0xB3,0xB3,0xB3,0xB3,0xB5,0xF7,0xF3,0xC1,0x9F,0x9F,0x9F,0x9F,
    0x83,0x98,0xBE,0xBE,0xBF,0xBF,0xBF,0xBF,0xBF,0xFB,0xB3,0xB7,0xF7,0xF3,0xF3,0xF3,
    0xF3,0xF1,0xF3,0xF3,0xF0,0xF2,0xF0,0xF1,
  },
  {
    0x1F,0x1F,0x9F,0xCF,0xCF,0xCF,0xCF,0x8F,0xEF,0xFF,0xFF,0x3F,0xFF,0xFF,0xFF,0xFF,
    0xFF,0xBB,0x77,0xEF,0xDF,0xBF,0x7F,0xFF,0xFF,0xFF,0xFF,0xFF,0xFF,0xFF,0xFF,0xFF,
    0xFF,0xFF,0xFF,0xFF,0xFF,0xFF,0xFF,0xFF,0x7F,0x7F,0xFF,0xBF,0xAF,0xC7,0x86,0x87,
    0xCE,0xDC,0xFE,0xFE,0xFF,0xFF,0xFF,0xE6,0xE6,0xE7,0xE7,0xC7,0xC7,0xCF,0xCF,0xDF,
    0xFF,0xEC,0xFC,0xFF,0xFF,0xFF,0xFF,0xFF,0xF9,0xCC,0x00,0x5B,0x17,0xCF,0xDE,0xE9,
    0xF3,0xFB,0xFB,0xF3,0xFB,0xFB,0xFB,0xFB,0xFB,0xFF,0xFD,0x4F,0x76,0x76,0xBF,0xB3,
    0xF3,0xDB,0xED,0xF7,0xF0,0xF7,0xBF,0x3F,0x0F,0x0F,0x9F,0xDF,0xDF,0xFF,0x7F,0x7F,
    0x7F,0x1F,0x9F,0xBF,0xBF,0x3F,0x3F,0x3F,0x3F,0x3F,0xBF,0x3F,0x3F,0x3F,0x3F,0x3F,
    0x3F,0x3C,0x38,0x01,0xFF,0xDF,0xCF,0xEF,0xFF,0xDF,0xEF,0xEB,0xFB,0xFB,0x79,0x7D,
    0x7F,0xBF,0x8F,0x80,0x9E,0x9F,0x7F,0x7F,0xFF,0xFF,0xFF,0xFF,0xFF,0xFF,0xFF,0xFF,
    0xFF,0xFF,0xFE,0xFF,0xFF,0xF8,0xFB,0xFF,0xFF,0xF7,0xF7,0xFF,0xDF,0x9F,0x9F,0x9F,
    0x9E,0x9F,0x9F,0xBE,0xFE,0xFE,0xFE,0x7E,0x3E,0x3F,0x1F,0x66,0xBC,0xFD,0xFD,0xFD,
    0xFE,0xFE,0xFE,0xFE,0xFE,0xFE,0xFF,0xFF,0xFF,0xFF,0x7F,0xFF,0x7E,0x3C,0x00,0xF0,
    0xFF,0xFF,0xFF,0xFF,0xFF,0xFF,0xFF,0xFF,0xFF,0xFF,0xFF,0xFF,0x1F,0x1F,0x0F,0x0F,
    0x1F,0x3F,0x3F,0x3F,0x3F,0x7F,0xFF,0xFF,0x7F,0xE3,0xC3,0xC9,0xCC,0x5E,0x9F,0x9F,
    0xCE,0xCF,0xE3,0xFB,0xF8,0xF7,0xEF,0xDF,0xBF,0xE3,0xF7,0xF7,0xF3,0xF9,0xF8,0xE7,
    0xFC,0x0E,0xDD,0xDF,0xBF,0xBF,0xBE,0xBD,0x2B,0x67,0xAF,0x8F,0xFF,0xFF,0xFF,0xFF,
    0xFF,0xEF,0xFF,0xFC,0xFC,0xFC,0xFE,0xFF,0xFF,0xFE,0xFC,0xFF,0xFF,0xFE,0xFE,0xFE,
    0xFF,0x83,0xF9,0xFE,0xFF,0xFF,0xFF,0xFF,0xFF,0xFF,0xFF,0xFF,0xFF,0xFF,0xFF,0xFF,
    0xFF,0xFF,0xFF,0xFF,0xFF,0xFF,0xFF,0xFF,0xFF,0x81,0x7F,0xFF,0xFF,0xFF,0xFF,0xFF,
    0x9F,0x8F,0x8F,0x8F,0x9F,0xDF,0x9F,0xDF,0xBF,0xFF,0x87,0x97,0x9F,0x9F,0x9F,0x9F,
    0x9F,0xBF,0xBF,0xBF,0x3F,0x8F,0xEF,0xF3,0xFB,0xFF,0xFF,0x77,0xBF,0xBF,0xDF,0xCF,
    0xC7,0xF7,0xFF,0xF7,0x9F,0xFF,0xFF,0xFF,0xFF,0xFF,0xFF,0xFF,0x7F,0x7F,0x3F,0x9F,
    0xE1,0xF8,0xFF,0xFF,0xF9,0xF9,0xDB,0xCF,0xEF,0xFF,0xEF,0xFF,0xFF,0xF7,0xFF,0xF7,
    0xF7,0xE3,0xE3,0xE3,0xE7,0xE7,0xE7,0xE7,0xE7,0xF7,0xF7,0xF0,0xF1,0xF3,0xF3,0xF1,
    0xB5,0xB6,0xB7,0xB3,0xB3,0xB3,0xB3,0xB3,0xB5,0xF7,0xF3,0xC1,0x9F,0x9F,0x9F,0x9F,
    0x83,0x98,0xBE,0xBE,0xBF,0xBF,0xBF,0xBF,0xBF,0xFB,0xB3,0xB7,0xF7,0xF3,0xF3,0xF3,
    0xF3,0xF1,0xF3,0xF3,0xF0,0xF2,0xF0,0xF1,
  },
  {
    0x1F,0x1F,0x9F,0xCF,0xCF,0xCF,0xCF,0x8F,0xEF,0xFF,0xFF,0x3F,0xFF,0xFF,0xFF,0xFF,
    0xFF,0xBB,0x77,0xEF,0xDF,0xBF,0x7F,0xFF,0xFF,0xFF,0xFF,0xFF,0xFF,0xFF,0xFF,0xFF,
    0xFF,0xFF,0xFF,0xFF,0xFF,0xFF,0xFF,0xFF,0x7F,0x7F,0xFF,0xBF,0xBF,0xC7,0x86,0x87,
    0xCE,0xDC,0xFE,0xFE,0xFF,0xFF,0xFF,0xE6,0xE6,0xE7,0xE7,0xC7,0xC7,0xCF,0xCF,0xDF,
    0xFF,0xEC,0xFC,0xFF,0xFF,0xFF,0xFF,0xFF,0xF9,0xCC,0x01,0x5B,0x17,0xCF,0xDE,0xE9,
    0xF3,0xFB,0xFB,0xF3,0xFB,0xFB,0xFB,0xFB,0xFB,0xFF,0xFD,0x4F,0x76,0x76,0xBF,0xB3,
    0xF3,0xDB,0xED,0xF7,0xF0,0xF7,0xBF,0x3F,0x0F,0x0F,0x9F,0xDF,0xDF,0xFF,0x7F,0x7F,
    0x7F,0x1F,0x9F,0xBF,0xBF,0x3F,0x3F,0x3F,0x3F,0x3F,0xBF,0x3F,0x3F,0x3F,0x3F,0x3F,
    0x3F,0x3C,0x38,0x01,0xFF,0xDF,0xCF,0xEF,0xFF,0xDF,0xEF,0xFB,0xFB,0xFB,0x79,0x7D,
    0x7F,0xBF,0x8F,0x80,0x9E,0x9F,0x7F,0x7F,0xFF,0xFF,0xFF,0xFF,0xFF,0xFF,0xFF,0xFF,
    0xFF,0xFF,0xFE,0xFF,0xFF,0xF8,0xFB,0xFF,0xFF,0xF3,0xF7,0xFF,0xDF,0x9F,0x9F,0x9F,
    0x9E,0x9F,0x9F,0xBE,0xFE,0xFE,0xFE,0x7E,0x3E,0x3F,0x1F,0x66,0xBC,0xFD,0xFD,0xFD,
    0xFE,0xFE,0xFE,0xFE,0xFE,0xFE,0xFF,0x7F,0xFF,0xFF,0x7F,0xFF,0x7E,0x3C,0x00,0xF0,
    0xFF,0xFF,0xFF,0xFF,0xFF,0xFF,0xFF,0xFF,0xFF,0xFF,0xFF,0xFF,0x1F,0x1F,0x0F,0x0F,
    0x1F,0x3F,0x3F,0x3F,0x3F,0x7F,0xFF,0xFF,0x7F,0xE3,0xC3,0xC9,0xCC,0x5E,0x9F,0x9F,
    0xCE,0xCF,0xE3,0xFB,0xF8,0xF3,0xEF,0xDF,0xBF,0xE3,0xE7,0xF7,0xF3,0xF1,0xF8,0xE7,
    0xFC,0x0E,0xDD,0xDF,0xBF,0xBF,0xBE,0xBD,0x2B,0x67,0xAF,0x8F,0xFF,0xFF,0xFF,0xFF,
    0xFF,0xEF,0xFF,0xFC,0xFC,0xFC,0xFE,0xFF,0xFF,0xFE,0xFC,0xFF,0xFF,0xFE,0xFE,0xFE,
    0xFF,0x83,0xF9,0xFE,0xFF,0xFF,0xFF,0xFF,0xFF,0xFF,0xFF,0xFF,0xFF,0xFF,0xFF,0xFF,
    0xFF,0xFF,0xFF,0xFF,0xFF,0xFF,0xFF,0xFF,0xFF,0x81,0x7F,0xFF,0xFF,0xFF,0xFF,0xFF,
    0x9F,0x8F,0x8F,0x8F,0x9F,0xDF,0x9F,0xDF,0xBF,0xFF,0x87,0x97,0x9F,0x9F,0x9F,0x9F,
    0x9F,0xBF,0xBF,0xBF,0x3F,0x9F,0xEF,0xF3,0xF9,0xFF,0xFF,0x77,0xBF,0xBF,0xDF,0xCF,
    0xC7,0xF7,0xFF,0xF7,0xDF,0xFF,0xFF,0xFF,0xFF,0xFF,0xFF,0xFF,0x7F,0x7F,0x3F,0x9F,
    0xE1,0xF8,0xFF,0xFB,0xF9,0xF9,0xDB,0xCF,0xEF,0xFF,0xEF,0xFF,0xFF,0xF7,0xFF,0xF7,
    0xF7,0xE3,0xE3,0xE3,0xE7,0xE7,0xE7,0xE7,0xE7,0xF7,0xF7,0xF0,0xF1,0xF3,0xF3,0xF1,
    0xB5,0xB6,0xB7,0xB7,0xB3,0xB3,0xB3,0xB3,0xB5,0xF7,0xF3,0xC1,0x9F,0x9F,0x9F,0x9F,
    0x83,0x98,0xBE,0xBE,0xBF,0xBF,0xBF,0xBF,0xBF,0xFB,0xB3,0xB7,0xF7,0xF3,0xF3,0xF3,
    0xF3,0xF1,0xF3,0xF3,0xF0,0xF2,0xF0,0xF1,
  },
  {
    0x1F,0x1F,0x9F,0xCF,0xCF,0xCF,0xCF,0x8F,0xEF,0xFF,0xFF,0x3F,0xFF,0xFF,0xFF,0xFF,
    0xFF,0x3F,0x77,0xEF,0xDF,0xDF,0xFF,0xFF,0xFF,0xFF,0xFF,0xFF,0xFF,0xFF,0xFF,0xFF,
    0xFF,0xFF,0xFF,0xFF,0xFF,0xFF,0xFF,0xFF,0xFF,0xFF,0x7F,0x7F,0xA7,0x87,0x06,0x86,
    0xCE,0xDC,0xFC,0xFE,0xFF,0xFF,0xFF,0xE6,0xE6,0xE7,0xE7,0xC7,0xC7,0xCF,0xCF,0xDF,
    0xFF,0xEC,0xF8,0xFD,0xFF,0xFF,0xFF,0xFF,0xFC,0xE0,0x00,0x19,0x47,0xCF,0xEF,0xF9,
    0xFB,0xFB,0xFB,0xFB,0xF9,0xFB,0xFB,0xF9,0xFD,0xFD,0xED,0x4F,0x76,0x3E,0x3E,0xA7,
    0xF3,0xF7,0xD9,0xFD,0xF3,0xF5,0xBF,0x3F,0x0F,0x0F,0x9F,0x9F,0xDF,0xFF,0x7F,0x7F,
    0x7F,0x1F,0x9F,0xBF,0xBF,0x3F,0x3F,0x3F,0x3F,0x3F,0x3F,0x3F,0x3F,0x3F,0x3F,0x3F,
    0x3F,0x3C,0x3C,0x01,0x7F,0xCF,0xCF,0xE7,0xFF,0xDF,0xEF,0xEF,0x79,0x79,0x79,0x7D,
    0xBF,0xBF,0x8F,0xC0,0x7E,0x0F,0x3F,0x7F,0xFF,0xFF,0xFF,0xFF,0xFF,0xFF,0xFF,0xFF,
    0xFF,0xFF,0xFE,0xFF,0xFD,0xF8,0xFB,0xFF,0xF3,0xF3,0xF7,0xFF,0xDF,0x9F,0x9F,0x1F,
    0x1E,0x1F,0x9F,0xBE,0xBE,0xFE,0xFE,0x7E,0x3E,0xBF,0x1E,0x64,0xB8,0xFC,0xFC,0xFC,
    0xFE,0xFE,0xFE,0xFE,0xFE,0xFF,0xFF,0x7F,0xFF,0xFF,0xFF,0x1F,0xFE,0x1C,0x00,0x70,
    0xFF,0xFF,0xFF,0xFF,0xFF,0xFF,0xFF,0xFF,0xFF,0xFF,0xFF,0xFF,0x1F,0x1F,0x0F,0x0F,
    0x1F,0x3F,0x3F,0x3F,0x3F,0x7F,0xFF,0xFF,0x7F,0xFF,0xE3,0xDB,0x5D,0x9C,0x9E,0xDF,
    0xCF,0xEE,0xF3,0xF9,0xFC,0xCB,0xFF,0xF7,0xFB,0xF1,0xFA,0xFB,0xFB,0xFD,0xFC,0xF0,
    0xFF,0x0D,0xDC,0xDE,0xBF,0xBF,0xBE,0xBC,0xB9,0xBB,0xB7,0x97,0xCF,0xFF,0xFF,0xFF,
    0xEF,0xEF,0xEF,0xFC,0xFC,0xFC,0xFE,0xFF,0xFF,0xFE,0xFC,0xFF,0xFF,0xFE,0xFE,0xFC,
    0xFF,0xE3,0xFD,0xFE,0xFF,0xFF,0xFF,0xFF,0xFF,0xFF,0xFF,0xFF,0xFF,0xFF,0xFF,0xFF,
    0xFF,0xFF,0xFF,0xFF,0xFF,0xFF,0xFF,0xFF,0xFF,0x80,0x7F,0xFF,0xFF,0xFF,0xFF,0xFF,
    0x9F,0x8F,0x8F,0x8F,0x9F,0xDF,0x9F,0x9F,0xBF,0xFF,0x87,0x87,0x9B,0x9B,0x9F,0x9F,
    0x9F,0xBF,0xBF,0xBF,0x3F,0xCF,0xE7,0xF3,0xF8,0xFF,0xFF,0x7F,0xBF,0xDF,0xCF,0xC7,
    0xF7,0xF7,0xF7,0xC7,0xFF,0xFF,0xFF,0xFF,0xFF,0xFF,0xFF,0xFF,0x7F,0x7F,0x3F,0x8F,
    0xE1,0xF8,0xFF,0xFB,0xF9,0xF9,0xDB,0xCF,0xEF,0xEF,0xEF,0xFF,0xFF,0xF7,0xFF,0xF7,
    0xF7,0xE3,0xE3,0xE3,0xE7,0xE7,0xE7,0xE7,0xE7,0xF7,0xF7,0xF4,0xF1,0xF3,0xF1,0xF5,
    0xB6,0xB7,0xB7,0xB3,0xB3,0xB3,0xB3,0xB3,0xB3,0xB3,0xF0,0xC3,0x9F,0x9F,0x9F,0x9F,
    0x83,0x98,0xBE,0xBE,0xBF,0xBF,0xBF,0xBF,0xBB,0xFB,0xB3,0xB7,0xF7,0xF3,0xF3,0xF3,
    0xF3,0xF1,0xF3,0xF3,0xF0,0xF2,0xF0,0xF1,
  },
  {
    0x1F,0x1F,0x9F,0xCF,0xCF,0xCF,0xCF,0x8F,0xEF,0xFF,0xFF,0x3F,0xFF,0xFF,0xFF,0xFF,
    0xFF,0x3F,0x77,0xEF,0xDF,0xDF,0xFF,0xFF,0xFF,0xFF,0xFF,0xFF,0xFF,0xFF,0xFF,0xFF,
    0xFF,0xFF,0xFF,0xFF,0xFF,0xFF,0xFF,0xFF,0xFF,0xFF,0x7F,0x7F,0xA7,0x87,0x06,0x86,
    0xCE,0xDC,0xFC,0xFE,0xFF,0xFF,0xFF,0xE6,0xE6,0xE7,0xE7,0xC7,0xC7,0xCF,0xCF,0xDF,
    0xFF,0xEC,0xF8,0xFD,0xFF,0xFF,0xFF,0xFF,0xF8,0xE0,0x00,0x39,0x07,0xCF,0xEF,0xF9,
    0xFB,0xFB,0xFB,0xFB,0xF9,0xFB,0xFB,0xF9,0xFD,0xFD,0xED,0x0F,0xF6,0x3E,0x3E,0xA3,
    0xF3,0xF3,0xD9,0xFD,0xF3,0xF5,0xBF,0x3F,0x0F,0x0F,0x9F,0xDF,0xDF,0xFF,0x7F,0x7F,
    0x7F,0x1F,0x9F,0xBF,0xBF,0x3F,0x3F,0x3F,0x3F,0x3F,0x3F,0x3F,0x3F,0x3F,0x3F,0x3F,
    0x3F,0x3C,0x3C,0x01,0x7F,0xCF,0xEF,0xE7,0xFF,0xDF,0xEF,0xEF,0x79,0x79,0x79,0x7D,
    0xBF,0xBF,0x8F,0xC0,0x6E,0x1F,0x3F,0x7F,0xFF,0xFF,0xFF,0xFF,0xFF,0xFF,0xFF,0xFF,
    0xFF,0xFF,0xFE,0xFF,0xFD,0xF8,0xFB,0xFF,0xF7,0xF3,0xF7,0xFF,0xDF,0x9F,0x9F,0x1F,
    0x1E,0x1F,0x9F,0xBE,0xBE,0xFE,0xFE,0x7E,0x3E,0xBF,0x1E,0x64,0xB8,0xFC,0xFC,0xFC,
    0xFE,0xFE,0xFE,0xFE,0xFE,0xFF,0xFF,0x7F,0xFF,0xFF,0xFF,0x1F,0xFE,0x1C,0x10,0x60,
    0xFF,0xFF,0xFF,0xFF,0xFF,0xFF,0xFF,0xFF,0xFF,0xFF,0xFF,0xFF,0x1F,0x1F,0x0F,0x0F,
    0x1F,0x3F,0x3F,0x3F,0x3F,0x7F,0xFF,0xFF,0x7F,0xFF,0xE3,0xDB,0x5D,0x9C,0x9E,0xDF,
    0xCF,0xEE,0xF3,0xF9,0xFC,0xC3,0xFF,0xF7,0xF3,0xF1,0xFA,0xFB,0xFB,0xFD,0xFC,0xF0,
    0xFF,0x0D,0xDC,0xDE,0xBF,0xBF,0xBE,0xBC,0xB9,0xBB,0xB7,0x97,0xCF,0xFF,0xFF,0xFF,
    0xEF,0xEF,0xEF,0xFC,0xFC,0xFC,0xFE,0xFF,0xFF,0xFE,0xFC,0xFF,0xFF,0xFE,0xFC,0xFC,
    0xFF,0xE3,0xFD,0xFE,0xFF,0xFF,0xFF,0xFF,0xFF,0xFF,0xFF,0xFF,0xFF,0xFF,0xFF,0xFF,
    0xFF,0xFF,0xFF,0xFF,0xFF,0xFF,0xFF,0xFF,0xFF,0x80,0x7F,0xFF,0xFF,0xFF,0xFF,0xFF,
    0x9F,0x8F,0x8F,0x8F,0x9F,0xDF,0x9F,0x9F,0xBF,0xFF,0x87,0x87,0x9B,0x9B,0x9F,0x9F,
    0x9F,0xBF,0xBF,0xBF,0x3F,0xCF,0xE7,0xF3,0xF9,0xFF,0xFF,0x7F,0xBF,0xDF,0xCF,0xE7,
    0xF7,0xF7,0xF7,0xC7,0xFF,0xFF,0xFF,0xFF,0xFF,0xFF,0xFF,0xFF,0x7F,0x7F,0x3F,0x8F,
    0xE1,0xFC,0xFF,0xFB,0xF9,0xF9,0xDB,0xCF,0xEF,0xEF,0xEF,0xFF,0xFF,0xF7,0xFF,0xF7,
    0xF7,0xE3,0xE3,0xE3,0xE7,0xE7,0xE7,0xE7,0xE7,0xF7,0xF7,0xF4,0xF1,0xF3,0xF1,0xF5,
    0xB4,0xB7,0xB7,0xB3,0xB3,0xB3,0xB3,0xB3,0xB3,0xB7,0xF0,0xC3,0x9F,0x9F,0x9F,0x9F,
    0x83,0x98,0xBE,0xBE,0xBF,0xBF,0xBF,0xBF,0xBB,0xFB,0xB3,0xB7,0xF7,0xF3,0xF3,0xF3,
    0xF3,0xF1,0xF3,0xF3,0xF0,0xF6,0xF0,0xF1,
  },
  {
    0x1F,0x1F,0x9F,0xCF,0xCF,0xCF,0xCF,0x8F,0xEF,0xFF,0xFF,0x3F,0xFF,0xFF,0xFF,0xFF,
    0xFF,0x3F,0x77,0xEF,0xDF,0xDF,0xFF,0xFF,0xFF,0xFF,0xFF,0xFF,0xFF,0xFF,0xFF,0xFF,
    0xFF,0xFF,0xFF,0xFF,0xFF,0xFF,0xFF,0xFF,0xFF,0xFF,0x7F,0x7F,0xA7,0x87,0x06,0x86,
    0xCE,0xDC,0xFC,0xFE,0xFF,0xFF,0xFF,0xE6,0xE6,0xE7,0xE7,0xC7,0xC7,0xCF,0xCF,0xDF,
    0xFF,0xEC,0xF8,0xFD,0xFF,0xFF,0xFF,0xFF,0xF8,0xE0,0x00,0x39,0x07,0xCF,0xEF,0xF9,
    0xFB,0xFB,0xFB,0xFB,0xF9,0xFB,0xFB,0xF9,0xFD,0xFD,0xED,0x0F,0x76,0x3E,0x3E,0xA3,
    0xF3,0xF3,0xD9,0xFD,0xF3,0xF5,0xBF,0x3F,0x0F,0x0F,0x9F,0xDF,0xDF,0xFF,0x7F,0x7F,
    0x7F,0x1F,0x9F,0xBF,0xBF,0x3F,0x3F,0x3F,0x3F,0x3F,0x3F,0x3F,0x3F,0x3F,0x3F,0x3F,
    0x3F,0x3C,0x3C,0x01,0x7F,0xCF,0xEF,0xE7,0xFF,0xDF,0xEF,0xEF,0x79,0x79,0x79,0x7D,
    0xBF,0xBF,0x8F,0xC0,0x6E,0x1F,0x3F,0x7F,0xFF,0xFF,0xFF,0xFF,0xFF,0xFF,0xFF,0xFF,
    0xFF,0xFF,0xFE,0xFF,0xFD,0xF8,0xFB,0xFF,0xF3,0xF3,0xF7,0xFF,0xDF,0x9F,0x9F,0x1F,
    0x1E,0x1F,0x9F,0xBE,0xBE,0xFE,0xFE,0x7E,0x3E,0xBF,0x1E,0x64,0xB8,0xFC,0xFC,0xFC,
    0xFE,0xFE,0xFE,0xFE,0xFE,0xFF,0xFF,0x7F,0xFF,0xFF,0xFF,0x1F,0xFE,0x1C,0x00,0x60,
    0xFF,0xFF,0xFF,0xFF,0xFF,0xFF,0xFF,0xFF,0xFF,0xFF,0xFF,0xFF,0x1F,0x1F,0x0F,0x0F,
    0x1F,0x3F,0x3F,0x3F,0x3F,0x7F,0xFF,0xFF,0x7F,0xFF,0xE3,0xDB,0x5D,0x9C,0x9E,0xDF,
    0xCF,0xEE,0xF3,0xF9,0xFC,0xCB,0xFF,0xF7,0xF3,0xF9,0xFA,0xFB,0xFB,0xFD,0xFC,0xF0,
    0xFF,0x0D,0xDC,0xDE,0xBF,0xBF,0xBE,0xBC,0xB9,0xBB,0xB7,0x97,0xCF,0xFF,0xFF,0xFF,
    0xEF,0xEF,0xEF,0xFC,0xFC,0xFC,0xFE,0xFF,0xFF,0xFE,0xFC,0xFF,0xFF,0xFE,0xFE,0xFC,
    0xFF,0xE3,0xFD,0xFE,0xFF,0xFF,0xFF,0xFF,0xFF,0xFF,0xFF,0xFF,0xFF,0xFF,0xFF,0xFF,
    0xFF,0xFF,0xFF,0xFF,0xFF,0xFF,0xFF,0xFF,0xFF,0x80,0x7F,0xFF,0xFF,0xFF,0xFF,0xFF,
    0x9F,0x8F,0x8F,0x8F,0x9F,0xDF,0x9F,0x9F,0xBF,0xFF,0x87,0x87,0x9B,0x9B,0x9F,0x9F,
    0x9F,0xBF,0xBF,0xBF,0x3F,0xCF,0xE7,0xF3,0xF8,0xFF,0xFF,0x7F,0xBF,0xDF,0xCF,0xC7,
    0xF7,0xF7,0xF7,0xC7,0xFF,0xFF,0xFF,0xFF,0xFF,0xFF,0xFF,0xFF,0x7F,0x7F,0x3F,0x8F,
    0xE1,0xFC,0xFF,0xFB,0xF9,0xF9,0xDB,0xCF,0xEF,0xEF,0xEF,0xFF,0xFF,0xF7,0xFF,0xF7,
    0xF7,0xE3,0xE3,0xE3,0xE7,0xE7,0xE7,0xE7,0xE7,0xF7,0xF7,0xF4,0xF1,0xF3,0xF1,0xF5,
    0xB6,0xB7,0xB7,0xB3,0xB3,0xB3,0xB3,0xB3,0xB3,0xB3,0xF0,0xC3,0x9F,0x9F,0x9F,0x9F,
    0x83,0x98,0xBE,0xBE,0xBF,0xBF,0xBF,0xBF,0xBB,0xFB,0xB3,0xB7,0xF7,0xF3,0xF3,0xF3,
    0xF3,0xF1,0xF3,0xF3,0xF0,0xF6,0xF0,0xF1,
  },
  {
    0x1F,0x1F,0x9F,0xCF,0xCF,0xCF,0xCF,0x8F,0xEF,0xFF,0xFF,0x3F,0xFF,0xFF,0xFF,0xFF,
    0xFF,0xFF,0xFB,0xFF,0xEF,0xDF,0xBF,0x7F,0xFF,0xFF,0xFF,0xFF,0xFF,0xFF,0xFF,0xFF,
    0xFF,0xFF,0xFF,0xFF,0xFF,0xFF,0x7F,0xFF,0xBF,0xFF,0xDF,0xFF,0xCF,0x07,0x86,0x86,
    0xCE,0xDC,0xFC,0xFE,0xFF,0xFF,0xFF,0xE6,0xE6,0xE7,0xE7,0xC7,0xC7,0xCF,0xCF,0xDF,
    0xFF,0xEC,0xF8,0xFD,0xFF,0xFF,0xFF,0xFF,0xFF,0xF8,0x80,0x3F,0x17,0x8F,0xBE,0xF9,
    0xE7,0xF7,0xE7,0xE7,0xE7,0xE7,0xE7,0xFF,0xFB,0xFD,0x9D,0x0E,0xEE,0xF7,0x33,0x33,
    0xB1,0xDD,0xE7,0xF1,0xF0,0xF7,0xBF,0x3F,0x0F,0x0F,0x9F,0xDF,0xDF,0xFF,0x7F,0x7F,
    0x7F,0x1F,0x9F,0xBF,0xBF,0x3F,0x3F,0x3F,0x3F,0x3F,0x3F,0x3F,0x3F,0x3F,0x3F,0x3F,
    0x3F,0x3C,0x3C,0x01,0xFE,0x9F,0x9F,0xCF,0xFF,0xFF,0xBF,0xFF,0xF7,0xE7,0xE7,0xF3,
    0xFF,0xFF,0x7F,0x81,0xDC,0x5E,0x7F,0x7F,0xFF,0xFF,0xFF,0xFF,0xFF,0xFF,0xFF,0xFF,
    0xFF,0xFF,0xFE,0xFF,0xFD,0xF8,0xFB,0xFF,0xF3,0xF3,0xF7,0xFF,0xDF,0x9F,0x9F,0x9F,
    0xBE,0x9F,0x9F,0xBE,0x3E,0xBE,0xFE,0x7E,0xBE,0x3F,0x7E,0x34,0xF5,0xF3,0xFB,0xF9,
    0xFD,0xFD,0xFD,0xFD,0xFC,0xFC,0xFC,0xFE,0xEF,0xFF,0xFF,0xFE,0xFC,0x78,0xF8,0x00,
    0x6F,0xFF,0xFF,0xFF,0xFF,0xFF,0xFF,0xFF,0xFF,0xFF,0xFF,0xFF,0x1F,0x1F,0x0F,0x0F,
    0x1F,0x3F,0x3F,0x3F,0x3F,0x7F,0xFF,0xFF,0xFF,0x01,0xFE,0xFF,0x7F,0xB0,0xEF,0xD9,
    0xFC,0xFF,0xCC,0xE6,0xF3,0xF0,0xE7,0xFF,0xFF,0xDF,0xC7,0xE3,0xE7,0xF3,0xF1,0xED,
    0xF7,0x63,0x7D,0x7C,0x78,0x7C,0x7D,0x3E,0x80,0xFF,0xFF,0xFF,0xFF,0xFB,0xFF,0xFF,
    0xEF,0xEF,0xEF,0xFC,0xFC,0xFC,0xFE,0xFF,0xFF,0xFE,0xFC,0xFF,0xFF,0xFE,0xFE,0xFF,
    0xFF,0xEC,0x01,0xFF,0xFF,0xFF,0xFF,0xFF,0xFF,0xFF,0xFF,0xFF,0xFF,0xFF,0xFF,0xFF,
    0xFF,0xFF,0xFF,0xFF,0xFF,0xFF,0xFF,0xFF,0xFF,0xC1,0x1F,0xFF,0xFF,0xFF,0xFF,0xFF,
    0x9F,0x8F,0x8F,0x8F,0x9F,0xDF,0x9F,0x9F,0xBF,0xFF,0x87,0x87,0x9B,0x9B,0x9F,0x9F,
    0x9F,0x9F,0x9F,0x9F,0x9F,0x9F,0x9F,0xDF,0xFF,0xFE,0xDC,0x0B,0xF3,0xFF,0xFF,0xFF,
    0x7F,0x97,0xC7,0x47,0xF7,0xFF,0xFF,0xFF,0xFF,0xFF,0xFF,0xFF,0xFF,0xFF,0x7F,0x3F,
    0x9F,0xE0,0xFF,0xFF,0xF9,0xF9,0xDB,0xCF,0xEF,0xEF,0xEF,0xFF,0xFF,0xF7,0xF7,0xF7,
    0xF7,0xE3,0xE3,0xE3,0xE7,0xE7,0xE7,0xE7,0xE3,0xE3,0xE3,0xE3,0xF3,0xF3,0xF3,0xF3,
    0xB3,0xB7,0xB7,0xB2,0xB6,0xB6,0xBA,0xB3,0xB3,0xB7,0xF0,0xC7,0x9F,0xBF,0x9E,0x9C,
    0x81,0x9D,0xBD,0xBD,0xBE,0xBE,0xBF,0xBF,0xBF,0xFB,0xB3,0xB7,0xF7,0xF3,0xF3,0xF3,
    0xF3,0xF1,0xF3,0xF3,0xF0,0xF6,0xF0,0xF1,
  },
  {
    0x1F,0x1F,0x9F,0xCF,0xCF,0xCF,0xCF,0x8F,0xEF,0xFF,0xFF,0x3F,0xFF,0xFF,0xFF,0xFF,
    0xFF,0xFF,0xFB,0xFF,0xEF,0xDF,0xBF,0x7F,0xFF,0xFF,0xFF,0xFF,0xFF,0xFF,0xFF,0xFF,
    0xFF,0xFF,0xFF,0xFF,0xFF,0xFF,0x7F,0xFF,0xBF,0xFF,0xDF,0xFF,0xCF,0x07,0x86,0x86,
    0xCE,0xDC,0xFC,0xFE,0xFF,0xFF,0xFF,0xE6,0xE6,0xE7,0xE7,0xC7,0xC7,0xCF,0xCF,0xDF,
    0xFF,0xEC,0xF8,0xFD,0xFF,0xFF,0xFF,0xFF,0xFF,0xF8,0x80,0x3F,0x17,0x8F,0xBE,0xF9,
    0xE7,0xF7,0xE7,0xE7,0xE7,0xE7,0xE7,0xFF,0xFB,0xFD,0x9D,0x0E,0xEE,0xF7,0x33,0x33,
    0xB1,0xDD,0xE7,0xF1,0xF0,0xF7,0xBF,0x3F,0x0F,0x0F,0x9F,0xDF,0xDF,0xFF,0x7F,0x7F,
    0x7F,0x1F,0x9F,0xBF,0xBF,0x3F,0x3F,0x3F,0x3F,0x3F,0x3F,0x3F,0x3F,0x3F,0x3F,0x3F,
    0x3F,0x3E,0x3C,0x01,0xFE,0x9F,0x9F,0xCF,0xFF,0xFF,0xBF,0xFF,0xF7,0xE7,0xE7,0xF3,
    0xFF,0xFF,0x7F,0x81,0xDC,0x5E,0x7F,0x7F,0xFF,0xFF,0xFF,0xFF,0xFF,0xFF,0xFF,0xFF,
    0xFF,0xFF,0xFE,0xFF,0xFD,0xF8,0xFB,0xFF,0xF3,0xF3,0xF7,0xFF,0xDF,0x9F,0x9F,0x9F,
    0xBE,0x9F,0x9F,0xBE,0x3E,0xBE,0x7E,0x7E,0xBE,0x3F,0x7E,0x34,0xF5,0xF3,0xFB,0xF9,
    0xFD,0xFD,0xFD,0xFC,0xFC,0xFC,0xFC,0xFE,0xEF,0xFF,0xFF,0xFE,0xFC,0x78,0xF8,0x00,
    0x6F,0xFF,0xFF,0xFF,0xFF,0xFF,0xFF,0xFF,0xFF,0xFF,0xFF,0xFF,0x1F,0x1F,0x0F,0x0F,
    0x1F,0x3F,0x3F,0x3F,0x3F,0x7F,0xFF,0xFF,0xFF,0x01,0xFE,0xFF,0x7F,0xB0,0xEF,0xD9,
    0xFC,0xFF,0xCC,0xE6,0xF7,0xF0,0xE7,0xFF,0xFF,0xDF,0xC7,0xE3,0xE7,0xF3,0xF1,0xED,
    0xF7,0x63,0x7D,0x7C,0x78,0x7C,0x7F,0x3E,0x80,0xFF,0xFF,0xFF,0xFF,0xFB,0xFF,0xFF,
    0xEF,0xEF,0xEF,0xFC,0xFC,0xFC,0xFE,0xFF,0xFF,0xFE,0xFC,0xFF,0xFF,0xFE,0xFE,0xFF,
    0xFF,0xEC,0x01,0xFF,0xFF,0xFF,0xFF,0xFF,0xFF,0xFF,0xFF,0xFF,0xFF,0xFF,0xFF,0xFF,
    0xFF,0xFF,0xFF,0xFF,0xFF,0xFF,0xFF,0xFF,0xFF,0xC1,0x1F,0xFF,0xFF,0xFF,0xFF,0xFF,
    0x9F,0x8F,0x8F,0x8F,0x9F,0xDF,0x9F,0x9F,0xBF,0xFF,0x87,0x87,0x9B,0x9B,0x9F,0x9F,
    0x9F,0x9F,0x9F,0x9F,0x9F,0x9F,0x9F,0xDF,0xFF,0xFE,0xDC,0x0B,0xF3,0xFF,0xFF,0xFF,
    0x7F,0x97,0xC7,0x47,0xF7,0xFF,0xFF,0xFF,0xFF,0xFF,0xFF,0xFF,0xFF,0xFF,0x7F,0x3F,
    0x9F,0xE0,0xFF,0xFF,0xF9,0xF9,0xDB,0xCF,0xEF,0xEF,0xEF,0xFF,0xFF,0xF7,0xF7,0xF7,
    0xF7,0xE3,0xE3,0xE3,0xE7,0xE7,0xE7,0xE7,0xE3,0xE3,0xE3,0xE3,0xF3,0xF3,0xF7,0xF3,
    0xB3,0xB3,0xB7,0xB2,0xB2,0xB6,0xBA,0xB3,0xB3,0xB7,0xF0,0xC7,0x9F,0xBF,0x9E,0x9C,
    0x81,0x9D,0xBD,0xBD,0xBE,0xBE,0xBF,0xBF,0xBF,0xFB,0xB3,0xB7,0xF7,0xF3,0xF3,0xF3,
    0xF3,0xF1,0xF3,0xF3,0xF0,0xF6,0xF0,0xF1,
  },
  {
    0x1F,0x1F,0x9F,0xCF,0xCF,0xCF,0xCF,0x8F,0xEF,0xFF,0xFF,0x3F,0xFF,0xFF,0xFF,0xFF,
    0xFF,0xFF,0xEF,0xFF,0xEF,0xFF,0x7F,0xFF,0xFF,0xFF,0xFF,0xFF,0xFF,0xFF,0xFF,0xFF,
    0xFF,0xFF,0xFF,0xFF,0xFF,0xFF,0xFF,0xFF,0x7F,0xBF,0xFF,0xDF,0x8F,0x07,0x86,0x86,
    0xCE,0xDC,0xFC,0xFE,0xFF,0xFF,0xFF,0xE6,0xE6,0xE7,0xE7,0xC7,0xC7,0xCF,0xCF,0xDF,
    0xFF,0xEC,0xF8,0xF9,0xFF,0xFF,0xFF,0xFF,0xFF,0xF8,0x98,0x3D,0xB7,0x1F,0xBC,0xFB,
    0xCF,0xEF,0xEF,0xEF,0xEF,0xE7,0xE7,0xEF,0xF7,0xFB,0x3B,0x1D,0xEF,0xEE,0x77,0x27,
    0xE3,0xB9,0xEF,0xF0,0xF0,0xF7,0xBF,0x3F,0x0F,0x0F,0x9F,0xDF,0xDF,0xFF,0x7F,0x7F,
    0x7F,0x1F,0x9F,0xBF,0xBF,0x3F,0x3F,0x3F,0x3F,0x3F,0x3F,0x3F,0x3F,0x3F,0x3F,0x3F,
    0x3F,0x3D,0x38,0x00,0x9E,0xBF,0xBF,0x9F,0xFF,0xFF,0xBF,0xBF,0xE7,0xE7,0xE7,0xE7,
    0xFF,0xFF,0x7F,0x03,0x38,0x3E,0x7E,0xFF,0xFF,0xFF,0xFF,0xFF,0xFF,0xFF,0xFF,0xFF,
    0xFF,0xFF,0xFE,0xFF,0xFD,0xF8,0xFB,0xFF,0xF3,0xF3,0xF7,0xFF,0xDF,0x9F,0x9F,0x9F,
    0x1E,0x1F,0x9F,0xBE,0xBE,0xFE,0xFE,0x7E,0x3E,0x9F,0x1E,0x2D,0xF9,0xFB,0xBB,0xFB,
    0xFD,0xFD,0xFD,0xFD,0xFD,0xFD,0xFD,0xFF,0xFF,0xFF,0xFF,0xFF,0xFD,0xF0,0x60,0x03,
    0x7F,0xFF,0xFF,0xFF,0xFF,0xFF,0xFF,0xFF,0xFF,0xFF,0xFF,0xFF,0x1F,0x1F,0x0F,0x0F,
    0x1F,0x3F,0x3F,0x3F,0x3F,0x7F,0x7F,0xF7,0xFF,0xFF,0xFF,0xFF,0x7F,0xB3,0xC6,0xCF,
    0xFE,0xEE,0xEC,0xE3,0xFB,0xF1,0xE7,0xDF,0x0F,0xFF,0xFF,0xCF,0xCF,0xE7,0xE3,0xF0,
    0xEF,0x77,0x79,0x7C,0x7C,0x7E,0x7F,0xBE,0xC1,0xFF,0xFF,0xFF,0xFF,0xFB,0xFF,0xFF,
    0xEF,0xEF,0xEF,0xFC,0xFC,0xFC,0xFE,0xFF,0xFF,0xFE,0xFC,0xFF,0xFF,0xF0,0xEF,0xDF,
    0xBF,0x7F,0x00,0xFF,0xFF,0xFF,0xFF,0xFF,0xFF,0xFF,0xFF,0xFF,0xFF,0xFF,0xFF,0xFF,
    0xFF,0xFF,0xFF,0xFF,0xFF,0xFF,0xFF,0xFF,0xFE,0xC2,0x3E,0xFE,0xFF,0xFF,0xFF,0xFF,
    0x9F,0x8F,0x8F,0x8F,0x9F,0xDF,0x9F,0x9F,0xBF,0xFF,0x87,0x87,0x9B,0x9B,0x9F,0x9F,
    0x9F,0x9F,0x9F,0x9F,0x9F,0x9F,0x9F,0xDF,0xFF,0xFF,0xDE,0x8D,0x03,0x7F,0x7F,0x7F,
    0xBF,0xD7,0xE7,0xE7,0xF3,0xFF,0xFF,0xFF,0xFF,0xFF,0xFF,0xFF,0xFF,0xFF,0xFF,0x7F,
    0x9F,0xE0,0xFF,0xFF,0xF9,0xF9,0xDB,0xCF,0xEF,0xEF,0xEF,0xFF,0xFF,0xF7,0xF7,0xF7,
    0xF7,0xE3,0xE3,0xE3,0xE7,0xE7,0xE7,0xE7,0xE3,0xE3,0xE3,0xE3,0xF3,0xF3,0xF7,0xF3,
    0xB3,0xB7,0xB3,0xB3,0xB3,0xB3,0xBB,0xB3,0xB3,0xB3,0xF0,0xC7,0x9F,0x9F,0x9E,0x9D,
    0x81,0x9D,0xBD,0xBD,0xBD,0xBE,0xBF,0xBF,0xBF,0xFB,0xB3,0xB7,0xF7,0xF3,0xF3,0xF3,
    0xF3,0xF1,0xF3,0xF3,0xF0,0xF6,0xF0,0xF1,
  },
  {
    0x1F,0x1F,0x9F,0xCF,0xCF,0xCF,0xCF,0x8F,0xEF,0xFF,0xFF,0x3F,0xFF,0xFF,0xFF,0xFF,
    0xFF,0xFF,0xEF,0xFF,0xEF,0xFF,0x7F,0xFF,0xFF,0xFF,0xFF,0xFF,0xFF,0xFF,0xFF,0xFF,
    0xFF,0xFF,0xFF,0xFF,0xFF,0xFF,0xFF,0xFF,0x7F,0xFF,0xBF,0xDF,0x8F,0x07,0x86,0x86,
    0xCE,0xDC,0xFC,0xFE,0xFF,0xFF,0xFF,0xE6,0xE6,0xE7,0xE7,0xC7,0xC7,0xCF,0xCF,0xDF,
    0xFF,0xEC,0xF8,0xF9,0xFF,0xFF,0xFF,0xFF,0xFF,0xF8,0x98,0x3F,0xB7,0x0F,0xBC,0xFB,
    0xCF,0xEF,0xEF,0xEF,0xEF,0xE7,0xE7,0xEF,0xF7,0xFB,0x3B,0x1D,0xEF,0xEE,0x77,0x27,
    0xE3,0xBB,0xEF,0xF0,0xF0,0xF7,0xBF,0x3F,0x0F,0x0F,0x9F,0xDF,0xDF,0xFF,0x7F,0x7F,
    0x7F,0x1F,0x9F,0xBF,0xBF,0x3F,0x3F,0x3F,0x3F,0x3F,0x3F,0x3F,0x3F,0x3F,0x3F,0x3F,
    0x3F,0x3D,0x3C,0x00,0x9E,0xBF,0xBF,0x9F,0xFF,0xFF,0xBF,0xBF,0xE7,0xE7,0xE7,0xE7,
    0xFF,0xFF,0x7F,0x03,0x38,0x3E,0x7E,0xFF,0xFF,0xFF,0xFF,0xFF,0xFF,0xFF,0xFF,0xFF,
    0xFF,0xFF,0xFE,0xFF,0xFD,0xF8,0xFB,0xFF,0xF3,0xF3,0xF7,0xFF,0xDF,0x9F,0x9F,0x9F,
    0x1E,0x1F,0x9F,0xBE,0xBE,0xFE,0xFE,0x7E,0x3E,0x9F,0x1E,0x2D,0xF9,0xFB,0xBB,0xFB,
    0xFD,0xFD,0xFD,0xFD,0xFD,0xFD,0xFD,0xFF,0xFF,0xFF,0xFF,0xFF,0xFD,0xF0,0x60,0x03,
    0x7F,0xFF,0xFF,0xFF,0xFF,0xFF,0xFF,0xFF,0xFF,0xFF,0xFF,0xFF,0x1F,0x1F,0x0F,0x0F,
    0x1F,0x3F,0x3F,0x3F,0x3F,0x7F,0x7F,0xF7,0xFF,0xFB,0xFF,0xFF,0x7F,0xB3,0xC6,0xCF,
    0xFE,0xEE,0xEC,0xE3,0xFB,0xF1,0xE7,0xDF,0x0F,0xFF,0xFF,0xCF,0xCF,0xE7,0xE3,0xF0,
    0xEF,0x77,0x79,0x7C,0x7C,0x7E,0x7F,0xBE,0xC1,0xFF,0xFF,0xFF,0xFF,0xFB,0xFF,0xFF,
    0xEF,0xEF,0xEF,0xFC,0xFC,0xFC,0xFE,0xFF,0xFF,0xFE,0xFC,0xFF,0xFF,0xF0,0xEF,0xDF,
    0xBF,0x7F,0x00,0xFF,0xFF,0xFF,0xFF,0xFF,0xFF,0xFF,0xFF,0xFF,0xFF,0xFF,0xFF,0xFF,
    0xFF,0xFF,0xFF,0xFF,0xFF,0xFF,0xFF,0xFF,0xFE,0xC2,0x3E,0xFE,0xFF,0xFF,0xFF,0xFF,
    0x9F,0x8F,0x8F,0x8F,0x9F,0xDF,0x9F,0x9F,0xBF,0xFF,0x87,0x87,0x9B,0x9B,0x9F,0x9F,
    0x9F,0x9F,0x9F,0x9F,0x9F,0x9F,0x9F,0xDF,0xFF,0xFF,0xDE,0x8D,0x03,0x7F,0x7F,0x7F,
    0xBF,0xD7,0xE7,0xE7,0xF3,0xFF,0xFF,0xFF,0xFF,0xFF,0xFF,0xFF,0xFF,0xFF,0xFF,0x7F,
    0x9F,0xE0,0xFF,0xFF,0xF9,0xF9,0xDB,0xCF,0xEF,0xEF,0xEF,0xFF,0xFF,0xF7,0xF7,0xF7,
    0xF7,0xE3,0xE3,0xE3,0xE7,0xE7,0xE7,0xE7,0xE3,0xE3,0xE3,0xE3,0xF3,0xF3,0xF7,0xF3,
    0xB3,0xB7,0xB3,0xB3,0xB3,0xB3,0xB3,0xB3,0xB3,0xB3,0xF1,0xC7,0x9F,0x9F,0x9E,0x9D,
    0x81,0x9D,0xBD,0xBD,0xBD,0xBE,0xBF,0xBF,0xBF,0xFB,0xB3,0xB7,0xF7,0xF3,0xF3,0xF3,
    0xF3,0xF1,0xF3,0xF3,0xF0,0xF6,0xF0,0xF1,
  },
  {
    0x1F,0x1F,0x9F,0xCF,0xCF,0xCF,0xCF,0x8F,0xEF,0xFF,0xFF,0x3F,0xFF,0xFF,0xFF,0xFF,
    0xFF,0xFF,0xEF,0xFF,0xEF,0xFF,0x7F,0xFF,0xFF,0xFF,0xFF,0xFF,0xFF,0xFF,0xFF,0xFF,
    0xFF,0xFF,0xFF,0xFF,0xFF,0xFF,0xFF,0xFF,0x7F,0xBF,0xBF,0xDF,0x8F,0x07,0x86,0x86,
    0xCE,0xDC,0xFC,0xFE,0xFF,0xFF,0xFF,0xE6,0xE6,0xE7,0xE7,0xC7,0xC7,0xCF,0xCF,0xDF,
    0xFF,0xEC,0xF8,0xF9,0xFF,0xFF,0xFF,0xFF,0xFF,0xF8,0x98,0x3D,0xB7,0x0F,0xBE,0xF9,
    0xCF,0xEF,0xEF,0xEF,0xEF,0xE7,0xE7,0xFF,0xF7,0xFB,0x3B,0x1D,0xEF,0xEE,0x77,0x27,
    0xA3,0xBB,0xEF,0xF0,0xF0,0xF7,0xBF,0x3F,0x0F,0x0F,0x9F,0xDF,0xDF,0xFF,0x7F,0x7F,
    0x7F,0x1F,0x9F,0xBF,0xBF,0x3F,0x3F,0x3F,0x3F,0x3F,0x3F,0x3F,0x3F,0x3F,0x3F,0x3F,
    0x3F,0x3D,0x3C,0x00,0xBE,0xBF,0xBF,0x9F,0xFF,0xFF,0xBF,0xBF,0xE7,0xE7,0xE7,0xE7,
    0xFF,0xFF,0x7F,0x03,0x38,0x3E,0x7E,0xFF,0xFF,0xFF,0xFF,0xFF,0xFF,0xFF,0xFF,0xFF,
    0xFF,0xFF,0xFE,0xFF,0xFD,0xF8,0xFB,0xFF,0xF3,0xF3,0xF7,0xFF,0xDF,0x9F,0x9F,0x9F,
    0x1E,0x1F,0x9F,0xBE,0xBE,0xFE,0xFE,0x7E,0x3E,0x9F,0x1E,0x2D,0xF9,0xFB,0xBB,0xFB,
    0xFD,0xFD,0xFD,0xFD,0xFD,0xFD,0xFD,0xFF,0xFF,0xFF,0xFF,0xFF,0xFD,0xF0,0x60,0x03,
    0x7F,0xFF,0xFF,0xFF,0xFF,0xFF,0xFF,0xFF,0xFF,0xFF,0xFF,0xFF,0x1F,0x1F,0x0F,0x0F,
    0x1F,0x3F,0x3F,0x3F,0x3F,0x7F,0x7F,0xF7,0xFF,0xFB,0xFF,0xFF,0x7F,0xB3,0xC6,0xCF,
    0xFE,0xEE,0xEC,0xE3,0xFB,0xF1,0xF7,0xDF,0x0F,0xFF,0xFF,0xCF,0xCF,0xE7,0xE3,0xF0,
    0xEF,0x77,0x79,0x7E,0x7C,0x7E,0x7F,0xBE,0xC1,0xFF,0xFF,0xFF,0xFF,0xFB,0xFF,0xFF,
    0xEF,0xEF,0xEF,0xFC,0xFC,0xFC,0xFE,0xFF,0xFF,0xFE,0xFC,0xFF,0xFE,0xF0,0xEF,0xDF,
    0xBF,0x7F,0x00,0xFF,0xFF,0xFF,0xFF,0xFF,0xFF,0xFF,0xFF,0xFF,0xFF,0xFF,0xFF,0xFF,
    0xFF,0xFF,0xFF,0xFF,0xFF,0xFF,0xFF,0xFF,0xFE,0xC2,0x3E,0xFF,0xFF,0xFF,0xFF,0xFF,
    0x9F,0x8F,0x8F,0x8F,0x9F,0xDF,0x9F,0x9F,0xBF,0xFF,0x87,0x87,0x9B,0x9B,0x9F,0x9F,
    0x9F,0x9F,0x9F,0x9F,0x9F,0x9F,0x9F,0xDF,0xFF,0xFF,0xDE,0x8D,0x03,0x7F,0x7F,0x7F,
    0xBF,0xD7,0xE7,0xE7,0xF3,0xFF,0xFF,0xFF,0xFF,0xFF,0xFF,0xFF,0xFF,0xFF,0xFF,0x7F,
    0x9F,0xE0,0xFF,0xFF,0xF9,0xF9,0xDB,0xCF,0xEF,0xEF,0xEF,0xFF,0xFF,0xF7,0xF7,0xF7,
    0xF7,0xE3,0xE3,0xE3,0xE7,0xE7,0xE7,0xE7,0xE3,0xE3,0xE3,0xE3,0xF3,0xF3,0xF3,0xF3,
    0xB3,0xB7,0xB3,0xB3,0xB3,0xB3,0xBB,0xB3,0xB3,0xB3,0xF0,0xC7,0x9F,0x9F,0x9F,0x9D,
    0x81,0x9D,0xBD,0xBD,0xBD,0xBE,0xBF,0xBF,0xBF,0xFB,0xB3,0xF7,0xF7,0xF3,0xF3,0xF3,
    0xF3,0xF1,0xF3,0xF3,0xF0,0xF6,0xF0,0xF1,
  },
  {
    0x1F,0x1F,0x9F,0xCF,0xCF,0xCF,0xCF,0x8F,0xEF,0xFF,0xFF,0x7F,0xFF,0xFF,0xFF,0xFF,
    0xFF,0xBF,0x77,0xEF,0xDF,0xBF,0x7F,0xFF,0xFF,0xFF,0xFF,0xFF,0xFF,0xFF,0xFF,0xFF,
    0xFF,0xFF,0xFF,0xFF,0xFF,0xFF,0xFF,0xFF,0x7F,0xFF,0xFF,0xBF,0x8F,0xC7,0x86,0x87,
    0xCE,0xDC,0xFE,0xFE,0xFF,0xFF,0xFF,0xE6,0xE6,0xE7,0xE7,0xC7,0xC7,0xCF,0xCF,0xDF,
    0xFF,0xFC,0xF8,0xFF,0xFF,0xFF,0xFF,0xFF,0xF8,0xCC,0x00,0x5B,0x17,0xCF,0xDE,0xF9,
    0xF3,0xFB,0xFB,0xF3,0xFB,0xFB,0xFB,0xFB,0xFF,0xFF,0xED,0x4F,0x77,0x77,0xBF,0xB3,
    0xF3,0xD9,0xED,0xF7,0xF0,0xF7,0xBF,0x3F,0x0F,0x0F,0x9F,0xDF,0xDF,0xFF,0x7F,0x7F,
    0x7F,0x1F,0x9F,0xBF,0xBF,0x3F,0x3F,0x3F,0x3F,0x3F,0xBF,0x3F,0x3F,0x3F,0x3F,0x3F,
    0x3F,0x3C,0x38,0x01,0xFF,0xDF,0xCF,0xEF,0xFF,0xDF,0xEF,0xEB,0x7B,0x7B,0x79,0x7D,
    0x7F,0xBF,0x8F,0x80,0x9E,0xFF,0x3F,0x7F,0xFF,0xFF,0xFF,0xFF,0xFF,0xFF,0xFF,0xFF,
    0xFF,0xFF,0xFE,0xFF,0xFF,0xF8,0xFB,0xFF,0xFF,0xF3,0xF7,0xFF,0xFF,0x9F,0x9F,0x9F,
    0x9E,0x9F,0x9F,0xBE,0xFE,0xFE,0xFE,0x7E,0x3E,0x3F,0x1F,0x66,0xBC,0xFD,0xFD,0xFD,
    0xFE,0xFE,0xFE,0xFE,0xFE,0xFE,0xFF,0xFF,0xFF,0xFF,0x7F,0xFF,0x7E,0x3C,0x00,0xF0,
    0xFF,0xFF,0xFF,0xFF,0xFF,0xFF,0xFF,0xFF,0xFF,0xFF,0xFF,0xFF,0x1F,0x1F,0x0F,0x0F,
    0x1F,0x3F,0x3F,0x3F,0x3F,0x7F,0xFF,0xFF,0x7F,0x63,0xD3,0xC9,0xCC,0x7E,0xBF,0x9F,
    0xCE,0xCF,0xE3,0xF9,0xFC,0xF7,0xEF,0xDF,0xBF,0xE3,0xE7,0xF7,0xF7,0xF9,0xF8,0xE7,
    0xFC,0xAE,0x5D,0xBF,0xBF,0xBF,0x7E,0xFD,0x7B,0xE7,0xAF,0x8F,0xFF,0xFF,0xFF,0xFF,
    0xEF,0xEF,0xFF,0xFC,0xFC,0xFC,0xFE,0xFF,0xFF,0xFE,0xFC,0xFF,0xFF,0xFE,0xFE,0xFE,
    0xFF,0x83,0xF9,0xFE,0xFF,0xFF,0xFF,0xFF,0xFF,0xFF,0xFF,0xFF,0xFF,0xFF,0xFF,0xFF,
    0xFF,0xFF,0xFF,0xFF,0xFF,0xFF,0xFF,0xFF,0xFF,0xE0,0x0F,0xBF,0xDF,0xF0,0xFF,0xFF,
    0x9F,0x8F,0x8F,0x8F,0x9F,0xDF,0x9F,0xDF,0xBF,0xFF,0x87,0x97,0x9F,0x9F,0x9F,0x9F,
    0x9F,0xBF,0xBF,0xBF,0x3F,0x9F,0xEF,0xF3,0xFB,0xFF,0xFF,0x77,0x3F,0xBF,0xDF,0xCF,
    0xE7,0xF7,0xF7,0xC7,0xFF,0xFF,0xFF,0xFF,0xFF,0xFF,0xFF,0xFF,0x7F,0x7F,0x3F,0x9F,
    0xE3,0xF8,0xFF,0xFF,0xFF,0xFB,0xDB,0xCF,0xEF,0xFF,0xEF,0xFF,0xFF,0xF7,0xFF,0xF7,
    0xF7,0xE3,0xE3,0xE3,0xE7,0xE7,0xE7,0xE7,0xE7,0xF7,0xF7,0xF0,0xF1,0xF3,0xF3,0xF1,
    0xB5,0xB6,0xB7,0xB3,0xB3,0xB3,0xBB,0xB3,0xB3,0xF7,0xF0,0xC3,0x9F,0x9F,0x9F,0x9F,
    0x87,0x98,0xBE,0xBE,0xBF,0xBF,0xBF,0xBF,0xBF,0xFB,0xB3,0xF7,0xF7,0xF3,0xF3,0xF3,
    0xF3,0xF1,0xF3,0xF3,0xF0,0xF6,0xF0,0xF1,
  },
  {
    0x1F,0x1F,0x9F,0xCF,0xCF,0xCF,0xCF,0x8F,0xEF,0xFF,0xFF,0x3F,0xFF,0xFF,0xFF,0xFF,
    0xFF,0xBF,0x77,0xEF,0xDF,0xBF,0x7F,0xFF,0xFF,0xFF,0xFF,0xFF,0xFF,0xFF,0xFF,0xFF,
    0xFF,0xFF,0xFF,0xFF,0xFF,0xFF,0xFF,0xFF,0x7F,0xFF,0xFF,0xBF,0x8F,0xC7,0x86,0x87,
    0xCE,0xDC,0xFE,0xFE,0xFF,0xFF,0xFF,0xE6,0xE6,0xE7,0xE7,0xC7,0xC7,0xCF,0xCF,0xDF,
    0xFF,0xFC,0xF8,0xFF,0xFF,0xFF,0xFF,0xFF,0xF8,0xCC,0x00,0x5B,0x17,0xCF,0xDE,0xF9,
    0xF3,0xFB,0xFB,0xF3,0xFB,0xFB,0xFB,0xFB,0xFF,0xFF,0xED,0x4F,0x77,0x77,0xBF,0xB3,
    0xF3,0xD9,0xED,0xF7,0xF0,0xF7,0xBF,0x3F,0x0F,0x0F,0x9F,0xDF,0xDF,0xFF,0x7F,0x7F,
    0x7F,0x1F,0x9F,0xBF,0xBF,0x3F,0x3F,0x3F,0x3F,0x3F,0xBF,0x3F,0x3F,0x3F,0x3F,0x3F,
    0x3F,0x3C,0x38,0x01,0xFF,0xDF,0xCF,0xEF,0xFF,0xDF,0xEF,0xEB,0x7B,0x7B,0x79,0x7D,
    0x7F,0xBF,0x8F,0x80,0x9E,0xFF,0x3F,0x7F,0xFF,0xFF,0xFF,0xFF,0xFF,0xFF,0xFF,0xFF,
    0xFF,0xFF,0xFE,0xFF,0xFF,0xF8,0xFB,0xFF,0xFF,0xF3,0xF7,0xFF,0xFF,0x9F,0x9F,0x9F,
    0x9E,0x1F,0x9F,0xBE,0xFE,0xFE,0xFE,0x7E,0x3E,0x3F,0x1F,0x66,0xBC,0xFD,0xFD,0xFD,
    0xFE,0xFE,0xFE,0xFE,0xFE,0xFE,0xFF,0xFF,0xFF,0xFF,0x7F,0xFF,0x7E,0x3C,0x00,0xF0,
    0xFF,0xFF,0xFF,0xFF,0xFF,0xFF,0xFF,0xFF,0xFF,0xFF,0xFF,0xFF,0x1F,0x1F,0x0F,0x0F,
    0x1F,0x3F,0x3F,0x3F,0x3F,0x7F,0xFF,0xFF,0x7F,0x63,0xD3,0xC9,0xCC,0x7E,0xBF,0x9F,
    0xCF,0xCF,0xE3,0xF9,0xFC,0xF7,0xEF,0xDF,0xBF,0xE3,0xE7,0xF7,0xF7,0xF9,0xF8,0xE7,
    0xFC,0xAE,0x5D,0xBF,0xBF,0xBF,0x7E,0xFD,0x7B,0xE7,0xAF,0x8F,0xFF,0xFF,0xFF,0xFF,
    0xEF,0xEF,0xFF,0xFC,0xFC,0xFC,0xFE,0xFF,0xFF,0xFE,0xFC,0xFF,0xFF,0xFE,0xFE,0xFE,
    0xFF,0x83,0xF9,0xFE,0xFF,0xFF,0xFF,0xFF,0xFF,0xFF,0xFF,0xFF,0xFF,0xFF,0xFF,0xFF,
    0xFF,0xFF,0xFF,0xFF,0xFF,0xFF,0xFF,0xFF,0xFF,0xE0,0x0F,0xBF,0xDF,0xF0,0xFF,0xFF,
    0x9F,0x8F,0x8F,0x8F,0x9F,0xDF,0x9F,0xDF,0xBF,0xFF,0x87,0x97,0x9F,0x9F,0x9F,0x9F,
    0x9F,0xBF,0xBF,0xBF,0x3F,0x9F,0xEF,0xF3,0xFB,0xFF,0xFF,0x77,0x3F,0xBF,0xDF,0xCF,
    0xE7,0xF7,0xF7,0xC7,0xFF,0xFF,0xFF,0xFF,0xFF,0xFF,0xFF,0xFF,0x7F,0x7F,0x3F,0x9F,
    0xE3,0xF8,0xFF,0xFF,0xFF,0xFB,0xDB,0xCF,0xEF,0xFF,0xEF,0xFF,0xFF,0xF7,0xFF,0xF7,
    0xF7,0xE3,0xE3,0xE3,0xE7,0xE7,0xE7,0xE7,0xE7,0xF7,0xF7,0xF0,0xF1,0xF3,0xF3,0xF1,
    0xB5,0xB6,0xB7,0xB3,0xB3,0xB3,0xBB,0xB3,0xB3,0xF3,0xF0,0xC3,0x9F,0x9F,0x9F,0x9F,
    0x87,0x98,0xBE,0xBE,0xBF,0xBF,0xBF,0xBF,0xBF,0xFB,0xB3,0xF7,0xF7,0xF3,0xF3,0xF3,
    0xF3,0xF1,0xF3,0xF3,0xF0,0xF6,0xF0,0xF1,
  },
  {
    0x1F,0x1F,0x9F,0xCF,0xCF,0xCF,0xCF,0x8F,0xEF,0xFF,0xFF,0x3F,0xFF,0xFF,0xFF,0xFF,
    0xFF,0xBF,0x77,0xEF,0xDF,0xBF,0x7F,0xFF,0xFF,0xFF,0xFF,0xFF,0xFF,0xFF,0xFF,0xFF,
    0xFF,0xFF,0xFF,0xFF,0xFF,0xFF,0xFF,0xFF,0x7F,0xFF,0xFF,0xBF,0x8F,0xC7,0x86,0x87,
    0xCE,0xDC,0xFE,0xFE,0xFF,0xFF,0xFF,0xE6,0xE6,0xE7,0xE7,0xC7,0xC7,0xCF,0xCF,0xDF,
    0xFF,0xFC,0xF8,0xFF,0xFF,0xFF,0xFF,0xFF,0xF8,0xCC,0x00,0x5B,0x17,0xCF,0xDE,0xF9,
    0xF3,0xFB,0xFB,0xF3,0xFB,0xFB,0xFB,0xFB,0xFF,0xFF,0xED,0x4F,0x77,0x77,0xBF,0xB3,
    0xF3,0xD9,0xED,0xF7,0xF0,0xF7,0xBF,0x3F,0x0F,0x0F,0x9F,0xDF,0xDF,0xFF,0x7F,0x7F,
    0x7F,0x1F,0x9F,0xBF,0xBF,0x3F,0x3F,0x3F,0x3F,0x3F,0xBF,0x3F,0x3F,0x3F,0x3F,0x3F,
    0x3F,0x3C,0x38,0x01,0xFF,0xDF,0xCF,0xEF,0xFF,0xDF,0xEF,0xEB,0x7B,0x7B,0x79,0x7D,
    0x7F,0xBF,0x8F,0x80,0x9E,0xFF,0x3F,0x7F,0xFF,0xFF,0xFF,0xFF,0xFF,0xFF,0xFF,0xFF,
    0xFF,0xFF,0xFE,0xFF,0xFF,0xF8,0xFB,0xFF,0xFF,0xF3,0xF7,0xFF,0xFF,0x9F,0x9F,0x9F,
    0x9E,0x1F,0x9F,0xBE,0xFE,0xFE,0xFE,0x7E,0x3E,0x3F,0x1F,0x66,0xBC,0xFD,0xFD,0xFD,
    0xFE,0xFE,0xFE,0xFE,0xFE,0xFE,0xFF,0xFF,0xFF,0xFF,0x7F,0xFF,0x7E,0x3C,0x00,0xF0,
    0xFF,0xFF,0xFF,0xFF,0xFF,0xFF,0xFF,0xFF,0xFF,0xFF,0xFF,0xFF,0x1F,0x1F,0x0F,0x0F,
    0x1F,0x3F,0x3F,0x3F,0x3F,0x7F,0xFF,0xFF,0x7F,0x63,0xC3,0xC9,0xCC,0x7E,0xBF,0x9F,
    0xCF,0xCF,0xE3,0xF9,0xFC,0xF7,0xEF,0xDF,0xBF,0xE3,0xE7,0xF7,0xF7,0xF9,0xF8,0xE7,
    0xFC,0xAE,0x5D,0xBF,0xBF,0xBF,0x7E,0xFD,0x7B,0xE7,0xAF,0x8F,0xFF,0xFF,0xFF,0xFF,
    0xEF,0xEF,0xFF,0xFC,0xFC,0xFC,0xFE,0xFF,0xFF,0xFE,0xFC,0xFF,0xFF,0xFE,0xFE,0xFE,
    0xFF,0x83,0xF9,0xFE,0xFF,0xFF,0xFF,0xFF,0xFF,0xFF,0xFF,0xFF,0xFF,0xFF,0xFF,0xFF,
    0xFF,0xFF,0xFF,0xFF,0xFF,0xFF,0xFF,0xFF,0xFF,0xE0,0x0F,0xBF,0xDF,0xF0,0xFF,0xFF,
    0x9F,0x8F,0x8F,0x8F,0x9F,0xDF,0x9F,0xDF,0xBF,0xFF,0x87,0x97,0x9F,0x9F,0x9F,0x9F,
    0x9F,0xBF,0xBF,0xBF,0x3F,0x9F,0xEF,0xF3,0xFB,0xFF,0xFF,0x77,0x3F,0xBF,0xDF,0xCF,
    0xE7,0xF7,0xF7,0xC7,0xFF,0xFF,0xFF,0xFF,0xFF,0xFF,0xFF,0xFF,0xFF,0x7F,0x3F,0x9F,
    0xE3,0xF8,0xFF,0xFF,0xFF,0xFB,0xDB,0xCF,0xEF,0xFF,0xEF,0xFF,0xFF,0xF7,0xFF,0xF7,
    0xF7,0xE3,0xE3,0xE3,0xE7,0xE7,0xE7,0xE7,0xE7,0xF7,0xF7,0xF0,0xF1,0xF3,0xF3,0xF1,
    0xB5,0xB6,0xB7,0xB3,0xB3,0xB3,0xBB,0xB3,0xB3,0xF3,0xF0,0xC3,0x9F,0x9F,0x9F,0x9F,
    0x87,0x98,0xBE,0xBE,0xBF,0xBF,0xBF,0xBF,0xBF,0xFB,0xB3,0xF7,0xF7,0xF3,0xF3,0xF3,
    0xF3,0xF1,0xF3,0xF3,0xF0,0xF6,0xF0,0xF1,
  },
  {
    0x1F,0x1F,0x9F,0xCF,0xCF,0xCF,0xCF,0x8F,0xEF,0xFF,0xFF,0x3F,0xFF,0xFF,0xFF,0xFF,
    0xFF,0xFF,0x77,0xFF,0xDF,0xDF,0xFF,0xFF,0xFF,0xFF,0xFF,0xFF,0xFF,0xFF,0xFF,0xFF,
    0xFF,0xFF,0xFF,0xFF,0xFF,0xFF,0xFF,0xFF,0xFF,0xFF,0x7F,0x7F,0x87,0x87,0x06,0x86,
    0xCE,0xDC,0xFC,0xFE,0xFF,0xFF,0xFF,0xE6,0xE6,0xE7,0xE7,0xC7,0xC7,0xCF,0xCF,0xDF,
    0xFF,0xEC,0xF8,0xFD,0xFF,0xFF,0xFF,0xFF,0xF9,0xEE,0x00,0x59,0x47,0xCF,0xEF,0xF9,
    0xFB,0xFB,0xFB,0xFB,0xF9,0xF9,0xFB,0xF9,0xFD,0xFD,0xEF,0x4F,0x66,0x3F,0xBF,0xA3,
    0xE3,0xF3,0xD9,0xFF,0xF3,0xF5,0xBF,0x3F,0x0F,0x0F,0x9F,0xDF,0xDF,0xFF,0x7F,0x7F,
    0x7F,0x1F,0x9F,0xBF,0xBF,0x3F,0x3F,0x3F,0x3F,0x3F,0x3F,0x3F,0x3F,0x3F,0x3F,0x3F,
    0x3F,0x3E,0x3C,0x01,0x7F,0xCF,0xEF,0xE7,0xFF,0xDF,0xEF,0x6F,0x79,0x79,0x79,0x7D,
    0xBF,0xBF,0x8F,0xC0,0x6E,0x0F,0x3F,0x7F,0xFF,0xFF,0xFF,0xFF,0xFF,0xFF,0xFF,0xFF,
    0xFF,0xFF,0xFE,0xFF,0xFF,0xF8,0xFB,0xFF,0xF3,0xF3,0xF7,0xFF,0xDF,0x9F,0x9F,0x1F,
    0x1E,0x1F,0x9F,0xBE,0xBE,0xFE,0xFE,0x7E,0x3E,0xBF,0x1E,0x64,0xBC,0xFC,0xFC,0xFC,
    0xFE,0xFE,0xFE,0xFE,0xFE,0xFF,0xFF,0x7F,0xFF,0xFF,0xFF,0x9F,0x7F,0xBC,0x10,0x70,
    0xFF,0xFF,0xFF,0xFF,0xFF,0xFF,0xFF,0xFF,0xFF,0xFF,0xFF,0xFF,0x1F,0x1F,0x0F,0x0F,
    0x1F,0x3F,0x3F,0x3F,0x3F,0x7F,0xFF,0xFF,0x7F,0x7F,0xE3,0xDB,0xDD,0x7C,0x9E,0xDF,
    0xCF,0xEE,0xF0,0xF9,0xFC,0xC3,0xFF,0xF7,0xFB,0xF9,0xFA,0xFB,0xFB,0xFD,0xFC,0xF0,
    0xFF,0x0F,0xDC,0xFE,0xFF,0xBF,0xBE,0xBC,0xB9,0xB3,0xB7,0x97,0xCF,0xFF,0xFF,0xFF,
    0xEF,0xEF,0xFF,0xFC,0xFC,0xFC,0xFE,0xFF,0xFF,0xFE,0xFC,0xFE,0xFF,0xFE,0xFC,0xFC,
    0xFF,0xE1,0xFD,0xFE,0xFF,0xFF,0xFF,0xFF,0xFF,0xFF,0xFF,0xFF,0xFF,0xFF,0xFF,0xFF,
    0xFF,0xFF,0xFF,0xFF,0xFF,0xFF,0xFF,0xFF,0xFF,0xE1,0x0B,0xFF,0xF7,0xC7,0x1F,0xFF,
    0xFF,0xFF,0xCF,0x0F,0x9F,0x9F,0x9F,0x9F,0xBF,0xFF,0x87,0x87,0x9B,0x9B,0x9F,0x9F,
    0x9F,0xBF,0xBF,0xBF,0x3F,0xCF,0xE7,0xF3,0xF8,0xFF,0x7F,0x7F,0xBF,0xDF,0xCF,0xC7,
    0xF7,0xF7,0xF7,0xC7,0xFF,0xFF,0xFF,0xFF,0xFF,0xFF,0xFF,0xFF,0x7F,0x7F,0x3F,0xDF,
    0xE3,0xDC,0xDF,0xDF,0xDF,0xDE,0xD0,0xCF,0xEF,0xE7,0xEC,0xFF,0xFF,0xF7,0xF7,0xF7,
    0xF7,0xE3,0xE3,0xE3,0xE7,0xE7,0xE7,0xE7,0xE7,0xF7,0xF7,0xF4,0xF1,0xF3,0xF3,0xF5,
    0xB6,0xB7,0xB3,0xB3,0xB3,0xB3,0xB3,0xB3,0xB3,0xB3,0xF0,0xC3,0x9F,0x9F,0x9F,0x9F,
    0x83,0x98,0xBE,0xBE,0xBF,0xBF,0xBF,0xBF,0xBF,0xFB,0xB3,0xF7,0xF7,0xF3,0xF3,0xF3,
    0xF3,0xF1,0xF3,0xF3,0xF0,0xF6,0xF0,0xF1,
  },
  {
    0x1F,0x1F,0x9F,0xCF,0xCF,0xCF,0xCF,0x8F,0xEF,0xFF,0xFF,0x3F,0xFF,0xFF,0xFF,0xFF,
    0xFF,0xFF,0x77,0xFF,0xDF,0xDF,0xFF,0xFF,0xFF,0xFF,0xFF,0xFF,0xFF,0xFF,0xFF,0xFF,
    0xFF,0xFF,0xFF,0xFF,0xFF,0xFF,0xFF,0xFF,0xFF,0xFF,0x7F,0x7F,0x87,0x87,0x06,0x86,
    0xCE,0xDC,0xFC,0xFE,0xFF,0xFF,0xFF,0xE6,0xE6,0xE7,0xE7,0xC7,0xC7,0xCF,0xCF,0xDF,
    0xFF,0xEC,0xF8,0xFD,0xFF,0xFF,0xFF,0xFF,0xF9,0xEE,0x00,0x59,0x07,0xCF,0xEF,0xF9,
    0xFB,0xFB,0xFB,0xFB,0xF9,0xF9,0xFB,0xF9,0xFD,0xFD,0xEF,0x4F,0x66,0x3E,0xBF,0xA3,
    0xE3,0xF3,0xD9,0xFF,0xF3,0xF5,0xBF,0x3F,0x0F,0x0F,0x9F,0xDF,0xDF,0xFF,0x7F,0x7F,
    0x7F,0x1F,0x9F,0xBF,0xBF,0x3F,0x3F,0x3F,0x3F,0x3F,0x3F,0x3F,0x3F,0x3F,0x3F,0x3F,
    0x3F,0x3E,0x3C,0x01,0x7F,0xCF,0xEF,0xE7,0xFF,0xDF,0xEF,0x6F,0x79,0x79,0x79,0x7D,
    0xBF,0xBF,0x8F,0xC0,0x6E,0x0F,0x3F,0x7F,0xFF,0xFF,0xFF,0xFF,0xFF,0xFF,0xFF,0xFF,
    0xFF,0xFF,0xFE,0xFF,0xFF,0xF8,0xFB,0xFF,0xF3,0xF3,0xF7,0xFF,0xDF,0x9F,0x9F,0x1F,
    0x1E,0x1F,0x9F,0xBE,0xBE,0xFE,0xFE,0x7E,0x3E,0xBF,0x1E,0x64,0xBC,0xFC,0xFC,0xFC,
    0xFE,0xFE,0xFE,0xFE,0xFE,0xFF,0xFF,0x7F,0xFF,0xFF,0xFF,0x9F,0xFF,0xBC,0x10,0x70,
    0xFF,0xFF,0xFF,0xFF,0xFF,0xFF,0xFF,0xFF,0xFF,0xFF,0xFF,0xFF,0x1F,0x1F,0x0F,0x0F,
    0x1F,0x3F,0x3F,0x3F,0x3F,0x7F,0xFF,0xFF,0x7F,0x7F,0xE3,0xDB,0xDD,0x7C,0x9E,0xDF,
    0xCF,0xEE,0xF0,0xF9,0xFC,0xC3,0xFF,0xF7,0xFB,0xF9,0xFA,0xFB,0xFB,0xFD,0xFC,0xF0,
    0xFF,0x0F,0xDC,0xFE,0xFF,0xBF,0xBE,0xBC,0xB9,0xB3,0xB7,0x97,0xCF,0xFF,0xFF,0xFF,
    0xEF,0xEF,0xEF,0xFC,0xFC,0xFC,0xFE,0xFF,0xFF,0xFE,0xFC,0xFE,0xFF,0xFE,0xFC,0xFC,
    0xFF,0xE1,0xFD,0xFE,0xFF,0xFF,0xFF,0xFF,0xFF,0xFF,0xFF,0xFF,0xFF,0xFF,0xFF,0xFF,
    0xFF,0xFF,0xFF,0xFF,0xFF,0xFF,0xFF,0xFF,0xFF,0xE1,0x03,0xFF,0xE7,0xC7,0x1F,0xFF,
    0xFF,0xFF,0xCF,0x0F,0x9F,0x9F,0x9F,0x9F,0xBF,0xFF,0x87,0x87,0x9B,0x9B,0x9F,0x9F,
    0x9F,0xBF,0xBF,0xBF,0x3F,0xCF,0xE7,0xF3,0xF8,0xFF,0x7F,0x7F,0xBF,0xDF,0xCF,0xC7,
    0xF7,0xF7,0xF7,0xC7,0xDF,0xFF,0xFF,0xFF,0xFF,0xFF,0xFF,0xFF,0x7F,0x7F,0x3F,0xDF,
    0xE3,0xDC,0xDF,0xDF,0xDF,0xDE,0xD0,0xCF,0xEF,0xE7,0xEC,0xFF,0xFF,0xF7,0xF7,0xF7,
    0xF7,0xE3,0xE3,0xE3,0xE7,0xE7,0xE7,0xE7,0xE7,0xF7,0xF7,0xF4,0xF1,0xF3,0xF3,0xF5,
    0xB6,0xB7,0xB7,0xB3,0xB3,0xB3,0xB3,0xB3,0xB3,0xB3,0xF0,0xC3,0x9F,0xBF,0x9F,0x9F,
    0x83,0x98,0xBE,0xBE,0xBF,0xBF,0xBF,0xBF,0xBF,0xFB,0xB3,0xF7,0xF7,0xF3,0xF3,0xF3,
    0xF3,0xF1,0xF3,0xF3,0xF0,0xF6,0xF0,0xF1,
  },
  {
    0x1F,0x1F,0x9F,0xCF,0xCF,0xCF,0xCF,0x8F,0xEF,0xFF,0xFF,0x3F,0xFF,0xFF,0xFF,0xFF,
    0xFF,0xFF,0x77,0xFF,0xDF,0xDF,0xFF,0xFF,0xFF,0xFF,0xFF,0xFF,0xFF,0xFF,0xFF,0xFF,
    0xFF,0xFF,0xFF,0xFF,0xFF,0xFF,0xFF,0xFF,0xFF,0xFF,0x7F,0x7F,0x87,0x87,0x06,0x86,
    0xCE,0xDC,0xFC,0xFE,0xFF,0xFF,0xFF,0xE6,0xE6,0xE7,0xE7,0xC7,0xC7,0xCF,0xCF,0xDF,
    0xFF,0xEC,0xF8,0xFD,0xFF,0xFF,0xFF,0xFF,0xF9,0xEE,0x00,0x59,0x07,0xCF,0xEF,0xF9,
    0xFB,0xFB,0xFB,0xFB,0xF9,0xF9,0xFB,0xF9,0xFD,0xFD,0xEF,0x4F,0x66,0x3E,0xBF,0xA3,
    0xE3,0xF3,0xD9,0xFF,0xF3,0xF5,0xBF,0x3F,0x0F,0x0F,0x9F,0xDF,0xDF,0xFF,0x7F,0x7F,
    0x7F,0x1F,0x9F,0xBF,0xBF,0x3F,0x3F,0x3F,0x3F,0x3F,0x3F,0x3F,0x3F,0x3F,0x3F,0x3F,
    0x3F,0x3E,0x3C,0x01,0x7F,0xCF,0xEF,0xE7,0xFF,0xDF,0xEF,0x6F,0x79,0x79,0x79,0x7D,
    0xBF,0xBF,0x8F,0xC0,0x6E,0x0F,0x3F,0x7F,0xFF,0xFF,0xFF,0xFF,0xFF,0xFF,0xFF,0xFF,
    0xFF,0xFF,0xFE,0xFF,0xFF,0xF8,0xFB,0xFF,0xF3,0xF3,0xF7,0xFF,0xDF,0x9F,0x9F,0x1F,
    0x1E,0x1F,0x9F,0xBE,0xBE,0xFE,0xFE,0x7E,0x3E,0xBF,0x1E,0x64,0xBC,0xFC,0xFC,0xFC,
    0xFE,0xFE,0xFE,0xFE,0xFE,0xFF,0xFF,0x7F,0xFF,0xFF,0xFF,0x9F,0xFF,0xBC,0x10,0x70,
    0xFF,0xFF,0xFF,0xFF,0xFF,0xFF,0xFF,0xFF,0xFF,0xFF,0xFF,0xFF,0x1F,0x1F,0x0F,0x0F,
    0x1F,0x3F,0x3F,0x3F,0x3F,0x7F,0xFF,0xFF,0x7F,0x7F,0xE3,0xDB,0xDD,0x7C,0x9E,0xDF,
    0xCF,0xEE,0xF0,0xF9,0xFC,0xC3,0xFF,0xF7,0xFB,0xF9,0xFA,0xFB,0xFB,0xFD,0xFC,0xF0,
    0xFF,0x0F,0xDC,0xFE,0xFF,0xBF,0xBE,0xBC,0xB9,0xB3,0xB7,0x97,0xCF,0xFF,0xFF,0xFF,
    0xEF,0xEF,0xEF,0xFC,0xFC,0xFC,0xFE,0xFF,0xFF,0xFE,0xFC,0xFE,0xFF,0xFE,0xFC,0xFC,
    0xFF,0xE1,0xFD,0xFE,0xFF,0xFF,0xFF,0xFF,0xFF,0xFF,0xFF,0xFF,0xFF,0xFF,0xFF,0xFF,
    0xFF,0xFF,0xFF,0xFF,0xFF,0xFF,0xFF,0xFF,0xFF,0xE1,0x03,0xFF,0xE7,0xC7,0x1F,0xFF,
    0xFF,0xFF,0xCF,0x0F,0x9F,0x9F,0x9F,0x9F,0xBF,0xFF,0x87,0x87,0x9B,0x9B,0x9F,0x9F,
    0x9F,0xBF,0xBF,0xBF,0x3F,0xCF,0xE7,0xF3,0xF8,0xFF,0x7F,0x7F,0xBF,0xDF,0xCF,0xC7,
    0xF7,0xF7,0xF7,0xC7,0xDF,0xFF,0xFF,0xFF,0xFF,0xFF,0xFF,0xFF,0x7F,0x7F,0x3F,0xDF,
    0xE3,0xDC,0xDF,0xDF,0xDF,0xDE,0xD0,0xCF,0xEF,0xE7,0xEC,0xFF,0xFF,0xF7,0xF7,0xF7,
    0xF7,0xE3,0xE3,0xE3,0xE7,0xE7,0xE7,0xE7,0xE7,0xF7,0xF7,0xF4,0xF1,0xF3,0xF3,0xF5,
    0xB6,0xB7,0xB3,0xB3,0xB3,0xB3,0xB3,0xB3,0xB3,0xB3,0xF0,0xC3,0x9F,0xBF,0x9F,0x9F,
    0x83,0x98,0xBE,0xBE,0xBF,0xBF,0xBF,0xBF,0xBF,0xFB,0xB3,0xF7,0xF7,0xF3,0xF3,0xF3,
    0xF3,0xF1,0xF3,0xF3,0xF0,0xF6,0xF0,0xF1,
  },
  {
    0x1F,0x1F,0x9F,0xCF,0xCF,0xCF,0xCF,0x8F,0xEF,0xFF,0xFF,0x3F,0xFF,0xFF,0xFF,0xFF,
    0xFF,0xFF,0xEF,0xFF,0xEF,0xDF,0xBF,0x7F,0xFF,0xFF,0xFF,0xFF,0xFF,0xFF,0xFF,0xFF,
    0xFF,0xFF,0xFF,0xFF,0xFF,0xFF,0x7F,0xFF,0xBF,0xFF,0xDF,0xFF,0xC7,0x07,0x86,0x86,
    0xCE,0xDC,0xFC,0xFE,0xFF,0xFF,0xFF,0xE6,0xE6,0xE7,0xE7,0xC7,0xC7,0xCF,0xCF,0xDF,
    0xFF,0xEC,0xF8,0xF9,0xFF,0xFF,0xFF,0xFF,0xFF,0xFB,0x88,0x1B,0x17,0x8F,0xBE,0xF9,
    0xE7,0xF7,0xF7,0xE7,0xE7,0xE7,0xE7,0xFF,0xFB,0xFF,0x9D,0x4E,0xEE,0xF7,0x33,0x33,
    0xB1,0xDD,0xE7,0xF1,0xF0,0xF7,0xBF,0x3F,0x0F,0x0F,0x9F,0xDF,0xDF,0xFF,0x7F,0x7F,
    0x7F,0x1F,0x9F,0xBF,0xBF,0x3F,0x3F,0x3F,0x3F,0x3F,0x3F,0x3F,0x3F,0x3F,0x3F,0x3F,
    0x3F,0x3E,0x3C,0x00,0xFF,0xBF,0x9F,0xCF,0xFF,0xFF,0xBF,0xFF,0xF7,0xE7,0xE7,0xF3,
    0xFF,0xFF,0x7F,0x81,0xDC,0x5E,0x7F,0x7F,0xFF,0xFF,0xFF,0xFF,0xFF,0xFF,0xFF,0xFF,
    0xFF,0xFF,0xFE,0xFF,0xFF,0xF8,0xFB,0xFF,0xF3,0xF3,0xF7,0xFF,0xDF,0x9F,0x9F,0x1F,
    0x1E,0x1F,0x9F,0xBE,0xBE,0xFE,0xFE,0x3E,0xBE,0x3F,0x1E,0x24,0xF5,0xF3,0xFB,0xFB,
    0xFD,0xFD,0xFD,0xFD,0xFC,0xFC,0xFC,0xFE,0xFF,0xFF,0xFF,0xFE,0xFC,0x78,0x38,0x00,
    0x7F,0xFF,0xFF,0xFF,0xFF,0xFF,0xFF,0xFF,0xFF,0xFF,0xFF,0xFF,0x1F,0x1F,0x0F,0x0F,
    0x1F,0x3F,0x3F,0x3F,0x3F,0x7F,0xFF,0xFF,0x7F,0x7F,0xFF,0xFF,0x7F,0xB1,0xAF,0xD9,
    0xD8,0xDF,0xCC,0xE0,0xF3,0xF0,0x87,0xFF,0xFF,0xDF,0xC7,0xE3,0xE7,0xF3,0xF1,0xED,
    0xF7,0x6B,0x7D,0xFC,0xF8,0xFC,0x7F,0x7E,0x81,0xFF,0xFF,0xFF,0xFF,0xFB,0xFF,0xFF,
    0xEF,0xEF,0xEF,0xFC,0xFC,0xFC,0xFE,0xFF,0xFF,0xFE,0xFC,0xFE,0xFF,0xFE,0xFC,0xFC,
    0xFF,0xEF,0x01,0xFE,0xFF,0xFF,0xFF,0xFF,0xFF,0xFF,0xFF,0xFF,0xFF,0xFF,0xFF,0xFF,
    0xFF,0xFF,0xFF,0xFF,0xFF,0xFF,0xFF,0xFF,0xFF,0xF0,0x0E,0xFE,0xFD,0xFD,0x03,0x3F,
    0xFF,0xF7,0xE7,0xEF,0xFF,0x7F,0x8F,0x9F,0xBF,0xFF,0x87,0x87,0x9B,0x9B,0x9F,0x9F,
    0x9F,0x9F,0x9F,0x9F,0x9F,0x9F,0x9F,0xDF,0xFF,0xFE,0xDC,0x0B,0xF3,0xFF,0xFF,0xFF,
    0x7F,0xD7,0xC7,0x47,0xF7,0xFF,0xFF,0xFF,0xFF,0xFF,0xFF,0xFF,0xFF,0xFF,0x7F,0x3F,
    0x9F,0xE0,0xF7,0xF7,0xF7,0xFC,0xD7,0xC7,0xE7,0xEB,0xEB,0xFD,0xFE,0xF7,0xF7,0xF7,
    0xF7,0xE3,0xE3,0xE3,0xE7,0xE7,0xE7,0xE7,0xE3,0xE3,0xE3,0xE3,0xF3,0xF3,0xF3,0xF3,
    0xB3,0xB7,0xB3,0xB2,0xB6,0xB6,0xBA,0xB3,0xB7,0xB3,0xF0,0xC7,0x9F,0xBF,0x9E,0x9C,
    0x81,0x9D,0xBD,0xBD,0xBE,0xBE,0xBF,0xBF,0xBF,0xFB,0xB3,0xF7,0xF7,0xF3,0xF3,0xF3,
    0xF3,0xF1,0xF3,0xF3,0xF0,0xF6,0xF0,0xF1,
  },
  {
    0x1F,0x1F,0x9F,0xCF,0xCF,0xCF,0xCF,0x8F,0xEF,0xFF,0xFF,0x3F,0xFF,0xFF,0xFF,0xFF,
    0xFF,0xFF,0xFF,0xFF,0xEF,0xDF,0xBF,0x7F,0xFF,0xFF,0xFF,0xFF,0xFF,0xFF,0xFF,0xFF,
    0xFF,0xFF,0xFF,0xFF,0xFF,0xFF,0x7F,0xFF,0xBF,0xFF,0xDF,0xFF,0xC7,0x07,0x86,0x86,
    0xCE,0xDC,0xFC,0xFE,0xFF,0xFF,0xFF,0xE6,0xE6,0xE7,0xE7,0xC7,0xC7,0xCF,0xCF,0xDF,
    0xFF,0xEC,0xF8,0xF1,0xFF,0xFF,0xFF,0xFF,0xFF,0xFF,0x88,0x3B,0x17,0x8F,0xBE,0xF9,
    0xE7,0xF7,0xF7,0xE7,0xE7,0xE7,0xE7,0xFF,0xFB,0xFF,0x9D,0x0E,0xEE,0xF7,0x33,0x33,
    0xB1,0xDD,0xE7,0xF0,0xF0,0xF7,0xBF,0x3F,0x0F,0x0F,0x9F,0xDF,0xDF,0xFF,0x7F,0x7F,
    0x7F,0x1F,0x9F,0xBF,0xBF,0x3F,0x3F,0x3F,0x3F,0x3F,0x3F,0x3F,0x3F,0x3F,0x3F,0x3F,
    0x3F,0x3C,0x3C,0x01,0xFF,0x9F,0x9F,0xCF,0xFF,0xFF,0xBF,0xFF,0xF7,0xE7,0xE7,0xF3,
    0xFF,0xFF,0x7F,0x81,0xDC,0x5E,0x7F,0x7F,0xFF,0xFF,0xFF,0xFF,0xFF,0xFF,0xFF,0xFF,
    0xFF,0xFF,0xFE,0xFF,0xFF,0xF8,0xFB,0xFF,0xFB,0xF3,0xF7,0xFF,0xDF,0x9F,0x9F,0x1F,
    0x1E,0x1F,0x9F,0xBE,0xBE,0xFE,0xFE,0x3E,0xBE,0x3F,0x1E,0x24,0xF5,0xF3,0xFB,0xFB,
    0xFD,0xFD,0xFD,0xFD,0xFC,0xFC,0xFC,0xFE,0xEF,0xFF,0xFF,0xFE,0xFC,0x78,0x38,0x00,
    0x7F,0xFF,0xFF,0xFF,0xFF,0xFF,0xFF,0xFF,0xFF,0xFF,0xFF,0xFF,0x1F,0x1F,0x0F,0x0F,
    0x1F,0x3F,0x3F,0x3F,0x3F,0x7F,0xFF,0xFF,0x7F,0x7F,0xFF,0xFF,0xFF,0xB1,0xAF,0xD9,
    0xDC,0xDF,0xCC,0xE0,0xF7,0xF0,0x87,0xFF,0xFF,0xDF,0xC7,0xE3,0xE7,0xF3,0xF1,0xED,
    0xF7,0x63,0x7D,0xFC,0xF8,0xFC,0x7F,0x7E,0x80,0xFF,0xFF,0xFF,0xFF,0xFB,0xFF,0xFF,
    0xEF,0xEF,0xEF,0xFC,0xFC,0xFC,0xFE,0xFF,0xFF,0xFE,0xFC,0xFE,0xFF,0xFE,0xFC,0xFC,
    0xFE,0xE7,0x01,0xFE,0xFF,0xFF,0xFF,0xFF,0xFF,0xFF,0xFF,0xFF,0xFF,0xFF,0xFF,0xFF,
    0xFF,0xFF,0xFF,0xFF,0xFF,0xFF,0xFF,0xFF,0xFF,0xF0,0x0E,0xFE,0xFD,0xFD,0x03,0x3F,
    0xFF,0xF7,0xE7,0xEF,0xFF,0x7F,0x8F,0x9F,0xBF,0xFF,0x87,0x87,0x9B,0x9B,0x9F,0x9F,
    0x9F,0x9F,0x9F,0x9F,0x9F,0x9F,0x9F,0xDF,0xFF,0xFE,0xDC,0x0B,0xF3,0xFF,0xFF,0xFF,
    0x7F,0xD7,0xC7,0x47,0xF7,0xFF,0xFF,0xFF,0xFF,0xFF,0xFF,0xFF,0xFF,0xFF,0x7F,0x3F,
    0x9F,0xE0,0xF7,0xF7,0xF7,0xFC,0xD7,0xC7,0xE7,0xEB,0xEB,0xED,0xFE,0xF7,0xF7,0xF7,
    0xF7,0xE3,0xE3,0xE3,0xE7,0xE7,0xE7,0xE7,0xE3,0xE3,0xE3,0xE3,0xF3,0xF3,0xF3,0xF3,
    0xB3,0xB3,0xB3,0xB2,0xB6,0xB6,0xBA,0xB3,0xB7,0xB7,0xF0,0xC7,0x9F,0xBF,0x9E,0x9C,
    0x81,0x9D,0xBD,0xBD,0xBE,0xBE,0xBF,0xBF,0xBF,0xFB,0xB3,0xF7,0xF7,0xF3,0xF3,0xF3,
    0xF3,0xF1,0xF3,0xF3,0xF0,0xF6,0xF0,0xF1,
  },
  {
    0x1F,0x1F,0x9F,0xCF,0xCF,0xCF,0xCF,0x8F,0xEF,0xFF,0xFF,0x3F,0xFF,0xFF,0xFF,0xFF,
    0xFF,0xFF,0xEF,0xFF,0xEF,0xFF,0x7F,0xFF,0xFF,0xFF,0xFF,0xFF,0xFF,0xFF,0xFF,0xFF,
    0xFF,0xFF,0xFF,0xFF,0xFF,0xFF,0xFF,0xFF,0x7F,0xBF,0xBF,0xDF,0xCF,0x07,0x86,0x87,
    0xCE,0xDC,0xFE,0xFE,0xFF,0xFF,0xFF,0xE6,0xE6,0xE7,0xE7,0xC7,0xC7,0xCF,0xCF,0xDF,
    0xFF,0xFC,0xF8,0xF7,0xFF,0xFF,0xFF,0xFF,0xFF,0xF9,0x9F,0x31,0xB7,0x1F,0xBE,0xF9,
    0xC7,0xEF,0xEF,0xEF,0xEF,0xE7,0xE7,0xEF,0xF7,0xFB,0x3B,0x1D,0x6F,0xEE,0x77,0x27,
    0xB3,0xB9,0xCF,0xF3,0xF0,0xF7,0xBF,0x3F,0x0F,0x0F,0x9F,0xDF,0xDF,0xFF,0x7F,0x7F,
    0x7F,0x1F,0x9F,0xBF,0xBF,0x3F,0x3F,0x3F,0x3F,0x3F,0xBF,0x3F,0x3F,0x3F,0x3F,0x3F,
    0x3F,0x3D,0x38,0x00,0xBF,0xBF,0xBF,0x9F,0xFF,0xFF,0xBF,0xBF,0xE7,0xE7,0xE7,0xE7,
    0xFF,0xFF,0x7F,0x03,0x38,0x3E,0x7E,0xFF,0xFF,0xFF,0xFF,0xFF,0xFF,0xFF,0xFF,0xFF,
    0xFF,0xFF,0xFE,0xFF,0xFF,0xF8,0xFB,0xFF,0xFF,0xF7,0xF7,0xFF,0xFF,0x9F,0x9F,0x1F,
    0x1E,0x1F,0x9F,0xBE,0xBE,0x7E,0xFE,0x3E,0xBE,0xBF,0x1E,0x25,0xF9,0xFB,0xBB,0xFB,
    0xFF,0xFD,0xFD,0xFD,0xFD,0xFD,0xFD,0xFF,0xFF,0xFF,0xFF,0xFF,0xFD,0xF0,0x60,0x03,
    0x7F,0xFF,0xFF,0xFF,0xFF,0xFF,0xFF,0xFF,0xFF,0xFF,0xFF,0xFF,0x1F,0x1F,0x0F,0x0F,
    0x1F,0x3F,0x3F,0x3F,0x3F,0x7F,0xFF,0xFF,0x7F,0x7F,0xFF,0xFF,0x7F,0xB3,0xC6,0xCF,
    0xFE,0xFE,0xEC,0xE3,0xF9,0xF8,0xE7,0xEF,0x1F,0xFF,0xBF,0xCF,0xCF,0xEF,0xF3,0xF0,
    0xFF,0x7F,0x7D,0xFC,0xFC,0x7E,0x7F,0xBE,0xC0,0xFF,0xFF,0xFF,0xFF,0xFB,0xFF,0xFF,
    0xEF,0xEF,0xEF,0xFC,0xFC,0xFC,0xFE,0xFF,0xFF,0xFE,0xFC,0xFF,0xFF,0xFE,0xFC,0xFC,
    0xFF,0xEF,0x01,0xFF,0xFF,0xFF,0xFF,0xFF,0xFF,0xFF,0xFF,0xFF,0xFF,0xFF,0xFF,0xFF,
    0xFF,0xFF,0xFF,0xFF,0xFF,0xFF,0xFF,0xFF,0xFF,0xE0,0x1E,0xFE,0xFE,0x7D,0x0B,0xE7,
    0xEF,0xCF,0x8F,0x0F,0x1F,0x9F,0x9F,0x9F,0xBF,0xFF,0x87,0x97,0x9F,0x9F,0x9F,0x9F,
    0x9F,0x9F,0x9F,0x9F,0x9F,0x9F,0x9F,0xDF,0xFF,0xFF,0xDE,0x8D,0x23,0x7F,0x7F,0x7F,
    0xBF,0xD7,0xE7,0xC7,0xF3,0xFF,0xFF,0xFF,0xFF,0xFF,0xFF,0xFF,0xFF,0xFF,0xFF,0x7F,
    0x9F,0xE0,0xFB,0xF5,0xFE,0xFF,0xCF,0xCF,0xCF,0xEF,0xEF,0xEF,0xF6,0xF2,0xFD,0xF7,
    0xF7,0xE3,0xE3,0xE3,0xE7,0xE7,0xE7,0xE7,0xE3,0xE3,0xF3,0xF3,0xF3,0xF3,0xF3,0xF3,
    0xB3,0xB3,0xB3,0xB3,0xB3,0xB3,0xB3,0xB3,0xB7,0xF7,0xF0,0xC7,0x9F,0xBF,0x9E,0x9D,
    0x81,0x9D,0xBD,0xBD,0xBD,0xBE,0xBF,0xBF,0xBF,0xFB,0xB3,0xF7,0xF7,0xF3,0xF3,0xF3,
    0xF3,0xF1,0xF3,0xF3,0xF0,0xF6,0xF0,0xF1,
  },
  {
    0x1F,0x1F,0x9F,0xCF,0xCF,0xCF,0xCF,0x8F,0xEF,0xFF,0xFF,0x3F,0xFF,0xFF,0xFF,0xFF,
    0xFF,0xFF,0xEF,0xFF,0xEF,0xFF,0x7F,0xFF,0xFF,0xFF,0xFF,0xFF,0xFF,0xFF,0xFF,0xFF,
    0xFF,0xFF,0xFF,0xFF,0xFF,0xFF,0xFF,0xFF,0x7F,0xBF,0xBF,0xDF,0xCF,0x07,0x86,0x87,
    0xCE,0xDC,0xFE,0xFE,0xFF,0xFF,0xFF,0xE6,0xE6,0xE7,0xE7,0xC7,0xC7,0xCF,0xCF,0xDF,
    0xFF,0xFC,0xF8,0xF7,0xFF,0xFF,0xFF,0xFF,0xFF,0xF9,0x9F,0x31,0xB7,0x1F,0xBE,0xF9,
    0xC7,0xEF,0xEF,0xEF,0xEF,0xE7,0xE7,0xEF,0xF7,0xFB,0x3B,0x5D,0x6F,0xEE,0x77,0x27,
    0xB3,0xB9,0xCF,0xF3,0xF0,0xF7,0xBF,0x3F,0x0F,0x0F,0x9F,0xDF,0xDF,0xFF,0x7F,0x7F,
    0x7F,0x1F,0x9F,0xBF,0xBF,0x3F,0x3F,0x3F,0x3F,0x3F,0xBF,0x3F,0x3F,0x3F,0x3F,0x3F,
    0x3F,0x3D,0x3C,0x00,0xBF,0xBF,0xBF,0x9F,0xFF,0xFF,0xBF,0xBF,0xE7,0xE7,0xE7,0xE7,
    0xFF,0xFF,0x7F,0x03,0x38,0x3E,0x7E,0xFF,0xFF,0xFF,0xFF,0xFF,0xFF,0xFF,0xFF,0xFF,
    0xFF,0xFF,0xFE,0xFF,0xFF,0xF8,0xFB,0xFF,0xFF,0xF7,0xF7,0xFF,0xFF,0x9F,0x9F,0x1F,
    0x1E,0x1F,0x9F,0xBE,0xBE,0x7E,0xFE,0x3E,0xBE,0xBF,0x1E,0x25,0xF9,0xFB,0x3B,0xFB,
    0xFF,0xFD,0xFD,0xFD,0xFD,0xFD,0xFD,0xFF,0xFF,0xFF,0xFF,0xFF,0xFD,0xF0,0x60,0x03,
    0x7F,0xFF,0xFF,0xFF,0xFF,0xFF,0xFF,0xFF,0xFF,0xFF,0xFF,0xFF,0x1F,0x1F,0x0F,0x0F,
    0x1F,0x3F,0x3F,0x3F,0x3F,0x7F,0xFF,0xFF,0x7F,0x7F,0xFF,0xFF,0x7F,0xB3,0xC6,0xCF,
    0xFE,0xFE,0xEC,0xE3,0xF9,0xF8,0xE7,0xEF,0x1F,0xFF,0xBF,0xCF,0xCF,0xEF,0xF3,0xF0,
    0xEF,0x7F,0x7D,0xFC,0xFC,0x7E,0x7F,0xBE,0xC0,0xFF,0xFF,0xFF,0xFF,0xFB,0xFF,0xFF,
    0xEF,0xEF,0xEF,0xFC,0xFC,0xFC,0xFE,0xFF,0xFF,0xFE,0xFC,0xFF,0xFF,0xFE,0xFC,0xFC,
    0xFF,0xEF,0x01,0xFF,0xFF,0xFF,0xFF,0xFF,0xFF,0xFF,0xFF,0xFF,0xFF,0xFF,0xFF,0xFF,
    0xFF,0xFF,0xFF,0xFF,0xFF,0xFF,0xFF,0xFF,0xFE,0xE0,0x1E,0xFE,0xFE,0x7D,0x0B,0xE7,
    0xEF,0xCF,0x8F,0x0F,0x1F,0x9F,0x9F,0x9F,0xBF,0xFF,0x87,0x97,0x9F,0x9F,0x9F,0x9F,
    0x9F,0x9F,0x9F,0x9F,0x9F,0x9F,0x9F,0xDF,0xFF,0xFF,0xDE,0x8D,0x23,0x7F,0x7F,0x7F,
    0xBF,0xD7,0xE7,0xC7,0xF3,0xFF,0xFF,0xFF,0xFF,0xFF,0xFF,0xFF,0xFF,0xFF,0xFF,0x7F,
    0x9F,0xE0,0xFB,0xF5,0xFE,0xFF,0xCF,0xCF,0xCF,0xEF,0xEF,0xEF,0xF6,0xF2,0xFD,0xF7,
    0xF7,0xE3,0xE3,0xE3,0xE7,0xE7,0xE7,0xE7,0xE3,0xE3,0xF3,0xF3,0xF3,0xF3,0xF3,0xF3,
    0xB3,0xB3,0xB3,0xB3,0xB3,0xB3,0xB3,0xB3,0xB7,0xF7,0xF0,0xC7,0x9F,0xBF,0x9C,0x9D,
    0x81,0x9D,0xBD,0xBD,0xBD,0xBE,0xBF,0xBF,0xBF,0xFB,0xB3,0xF7,0xF7,0xF3,0xF3,0xF3,
    0xF3,0xF1,0xF3,0xF3,0xF0,0xF6,0xF0,0xF1,
  },
  {
    0x1F,0x1F,0x9F,0xCF,0xCF,0xCF,0xCF,0x8F,0xEF,0xFF,0xFF,0x3F,0xFF,0xFF,0xFF,0xFF,
    0xFF,0xFF,0xEF,0xFF,0xEF,0xFF,0x7F,0xFF,0xFF,0xFF,0xFF,0xFF,0xFF,0xFF,0xFF,0xFF,
    0xFF,0xFF,0xFF,0xFF,0xFF,0xFF,0xFF,0xFF,0xFF,0xBF,0xBF,0xDF,0xCF,0x07,0x86,0x87,
    0xCE,0xDC,0xFE,0xFE,0xFF,0xFF,0xFF,0xE6,0xE6,0xE7,0xE7,0xC7,0xC7,0xCF,0xCF,0xDF,
    0xFF,0xFC,0xF8,0xF7,0xFF,0xFF,0xFF,0xFF,0xFF,0xF9,0x9F,0x31,0xB7,0x1F,0xBE,0xF9,
    0xC7,0xEF,0xEF,0xEF,0xEF,0xE7,0xE7,0xEF,0xF7,0xFB,0x3B,0x5D,0x6F,0xEE,0x77,0x27,
    0xB3,0xB9,0xEF,0xF3,0xF0,0xF7,0xBF,0x3F,0x0F,0x0F,0x9F,0xDF,0xDF,0xFF,0x7F,0x7F,
    0x7F,0x1F,0x9F,0xBF,0xBF,0x3F,0x3F,0x3F,0x3F,0x3F,0xBF,0x3F,0x3F,0x3F,0x3F,0x3F,
    0x3F,0x3D,0x3C,0x00,0xBF,0xBF,0xBF,0x9F,0xFF,0xFF,0xBF,0xBF,0xE7,0xE7,0xE7,0xE7,
    0xFF,0xFF,0x7F,0x03,0x38,0x3E,0x7E,0xFF,0xFF,0xFF,0xFF,0xFF,0xFF,0xFF,0xFF,0xFF,
    0xFF,0xFF,0xFE,0xFF,0xFF,0xF8,0xFB,0xFF,0xFF,0xF7,0xF7,0xFF,0xFF,0x9F,0x9F,0x1F,
    0x1E,0x1F,0x9F,0xBE,0xBE,0x7E,0xFE,0x3E,0xBE,0xBF,0x1E,0x25,0xF9,0xFB,0x3B,0xFB,
    0xFF,0xFD,0xFD,0xFD,0xFD,0xFD,0xFD,0xFF,0xFF,0xFF,0xFF,0xFF,0xFD,0xF0,0x60,0x03,
    0x7F,0xFF,0xFF,0xFF,0xFF,0xFF,0xFF,0xFF,0xFF,0xFF,0xFF,0xFF,0x1F,0x1F,0x0F,0x0F,
    0x1F,0x3F,0x3F,0x3F,0x3F,0x7F,0xFF,0xFF,0x7F,0x7F,0xFF,0xFF,0x7F,0xB3,0xC6,0xCF,
    0xFE,0xFE,0xEC,0xE3,0xF9,0xF8,0xF7,0xEF,0x1F,0xFF,0xBF,0xCF,0xCF,0xEF,0xF3,0xF0,
    0xFF,0x77,0x7D,0xFC,0xFC,0x7E,0x7F,0xBE,0xC0,0xFF,0xFF,0xFF,0xFF,0xFB,0xFF,0xFF,
    0xEF,0xEF,0xEF,0xFC,0xFC,0xFC,0xFE,0xFF,0xFF,0xFE,0xFC,0xFF,0xFF,0xFE,0xFC,0xFC,
    0xFF,0xEF,0x01,0xFF,0xFF,0xFF,0xFF,0xFF,0xFF,0xFF,0xFF,0xFF,0xFF,0xFF,0xFF,0xFF,
    0xFF,0xFF,0xFF,0xFF,0xFF,0xFF,0xFF,0xFF,0xFE,0xE0,0x1E,0xFE,0xFE,0x7D,0x0B,0xE7,
    0xEF,0xCF,0x8F,0x0F,0x1F,0x9F,0x9F,0x9F,0xBF,0xFF,0x87,0x97,0x9F,0x9F,0x9F,0x9F,
    0x9F,0x9F,0x9F,0x9F,0x9F,0x9F,0x9F,0xDF,0xFF,0xFF,0xDE,0x8D,0x23,0x7F,0x7F,0x7F,
    0xBF,0xD7,0xE7,0xC7,0xF3,0xFF,0xFF,0xFF,0xFF,0xFF,0xFF,0xFF,0xFF,0xFF,0xFF,0x7F,
    0x9F,0xE0,0xFB,0xF5,0xFE,0xFF,0xCF,0xCF,0xCF,0xEF,0xEF,0xEF,0xF6,0xF2,0xF5,0xF7,
    0xF7,0xE3,0xE3,0xE3,0xE7,0xE7,0xE7,0xE7,0xE3,0xE3,0xF3,0xF3,0xF3,0xF3,0xF3,0xF3,
    0xB3,0xB3,0xB3,0xB3,0xB3,0xB3,0xB3,0xB3,0xB7,0xF7,0xF0,0xC7,0x9F,0xBF,0x9C,0x9D,
    0x81,0x9D,0xBD,0xBD,0xBD,0xBE,0xBE,0xBF,0xBF,0xFB,0xB3,0xF7,0xF7,0xF3,0xF3,0xF3,
    0xF3,0xF1,0xF3,0xF3,0xF0,0xF6,0xF0,0xF1,
  },
  {
    0x1F,0x1F,0x9F,0xCF,0xCF,0xCF,0xCF,0x8F,0xEF,0xFF,0xFF,0x3F,0xFF,0xFF,0xFF,0xFF,
    0xFF,0xFF,0xFF,0xFF,0xFE,0xBF,0x7F,0xF7,0xEF,0xEF,0xDF,0xBF,0x7F,0x7F,0x7F,0xFF,
    0xFF,0xFF,0xFF,0xFF,0xFF,0xFF,0xFF,0xFF,0xFF,0xFF,0x7F,0xFF,0xBF,0xAF,0xCE,0xC7,
    0xCE,0x1C,0xFE,0xFF,0xFF,0xFF,0xFF,0xE6,0xE6,0xE7,0xE7,0xC7,0xC7,0xCF,0xCF,0xDF,
    0xFF,0xFC,0xF8,0xF7,0xFF,0xFF,0xFF,0xFF,0xFF,0x7F,0x3F,0x7F,0x7B,0xE0,0xCA,0x1F,
    0xF1,0x39,0xDF,0x9F,0xFE,0xFE,0xFE,0xFE,0x7F,0xBC,0xBD,0x3D,0xFD,0xFF,0xEE,0xEF,
    0x77,0x57,0x7B,0xBB,0xE1,0xF8,0xFE,0xF9,0x9E,0x8F,0x9F,0xDF,0xDF,0xFF,0x7F,0x7F,
    0x7F,0x1F,0x9F,0xBF,0xBF,0x3F,0x3F,0x3F,0x3F,0x3F,0xBF,0x3F,0x3F,0x3F,0x3F,0x18,
    0x0F,0x3F,0xFF,0xFF,0xFE,0x79,0xA4,0xDC,0x9C,0xBC,0xBC,0x07,0x37,0xB7,0xDF,0xF8,
    0xB9,0xB1,0xB8,0xBD,0x9F,0x67,0xF0,0xF6,0xFB,0xFF,0xFD,0x1B,0xEF,0xFF,0xFF,0xFF,
    0xFF,0xFF,0xFE,0xFF,0xFF,0xF8,0xFB,0xFF,0xFF,0xF7,0xF7,0xFF,0xFF,0x9F,0x9F,0x9F,
    0xBE,0x9F,0xBF,0xFF,0x3E,0xCE,0xF7,0xFA,0xFC,0xFC,0xA1,0x79,0x7E,0x3F,0x1F,0xFF,
    0x7F,0xFF,0xFF,0xFF,0xFF,0xFF,0xFF,0x3F,0xFF,0xFF,0xFF,0x37,0x26,0x9F,0x8F,0xE7,
    0xF3,0xFC,0xFF,0xFF,0xFF,0xFF,0xFF,0xFF,0xFF,0xFF,0xFF,0xFF,0x1F,0x1F,0x0F,0x0F,
    0x1F,0x3F,0x3F,0x3F,0x3F,0xFF,0xFF,0xFF,0xDF,0xEF,0xF7,0xF0,0xF7,0xF7,0xF7,0xF7,
    0xF7,0xF9,0xFC,0xFE,0xFF,0xFF,0xF9,0xF0,0xFF,0xFF,0xBF,0xF9,0xF9,0xF8,0xF0,0xE7,
    0xFD,0xFB,0x13,0xF9,0xFF,0x7F,0xFF,0xFF,0xFF,0xFF,0xFF,0xFF,0xFB,0xFB,0xFF,0xFF,
    0xEF,0xEF,0xEF,0xFC,0xFC,0xFC,0xFE,0xFF,0xFF,0xE6,0xD2,0x9B,0x7B,0xFA,0xFA,0xF9,
    0xFF,0xFF,0xFF,0xFF,0xFF,0xFF,0xFF,0xFF,0xFF,0xFF,0xFF,0xFF,0xFF,0xFF,0xFF,0xFF,
    0xFF,0xFF,0xFF,0xFF,0xFF,0xFF,0xFF,0xFF,0xEF,0x00,0xFF,0xFF,0xFE,0xFF,0xFF,0xFF,
    0x8F,0x8F,0x8F,0x8F,0x9F,0x9F,0x9F,0xDF,0xBF,0xFF,0x87,0x97,0x9F,0x9F,0x9F,0x9F,
    0x9F,0x9F,0x9F,0x9F,0x9E,0x9E,0x9F,0xDD,0xFD,0xFF,0xDF,0xDD,0xDD,0xFF,0xFF,0xDF,
    0xFE,0xFD,0xF3,0x0F,0xFF,0xFF,0xFF,0xFF,0xFF,0xFF,0x7F,0x7F,0xBF,0xDF,0xEF,0xF1,
    0xFC,0xFF,0xFF,0xFB,0xF9,0xF9,0xDB,0xCF,0xEF,0xFF,0xFF,0xFF,0xFF,0xF7,0xFF,0xF7,
    0xF7,0xE3,0xE3,0xE3,0xE7,0xE7,0xE7,0xE7,0xE3,0xE3,0xE3,0xF3,0xF3,0xF3,0xF3,0xF3,
    0xB3,0xB3,0xB3,0xB3,0xB3,0xB3,0xB3,0xB3,0xB3,0xB3,0xF0,0xF3,0x9F,0x9F,0x9F,0x9F,
    0x97,0x90,0xBF,0xBF,0xBF,0xBF,0xBF,0xBF,0xBB,0xFA,0xB3,0xF7,0xF7,0xF3,0xF3,0xF3,
    0xF3,0xF1,0xF3,0xF3,0xF0,0xF6,0xF0,0xF1,
  },
  {
    0x1F,0x1F,0x9F,0xCF,0xCF,0xCF,0xCF,0x8F,0xEF,0xFF,0xFF,0x3F,0xFF,0xFF,0xFF,0xFF,
    0xFF,0xFF,0xFF,0xFF,0xFE,0xBF,0x7F,0xF7,0xEF,0xEF,0xDF,0xBF,0x7F,0x7F,0x7F,0xFF,
    0xFF,0xFF,0xFF,0xFF,0xFF,0xFF,0xFF,0xFF,0xFF,0xFF,0x7F,0xFF,0xBF,0xAF,0xCE,0xC7,
    0xCE,0x1C,0xFE,0xFF,0xFF,0xFF,0xFF,0xE6,0xE6,0xE7,0xE7,0xC7,0xC7,0xCF,0xCF,0xDF,
    0xFF,0xFC,0xF8,0xF7,0xFF,0xFF,0xFF,0xFF,0xFF,0x7F,0x3F,0x7F,0x7B,0xE0,0xCA,0x1F,
    0xF1,0x39,0xDF,0x9F,0xFE,0xFE,0xFE,0xFE,0x7F,0xBC,0xBD,0x3D,0xFD,0xFF,0xEE,0xEF,
    0x77,0x57,0x7B,0xBB,0xE1,0xF8,0xFE,0xF9,0x9E,0x8F,0x9F,0xDF,0xDF,0xFF,0x7F,0x7F,
    0x7F,0x1F,0x9F,0xBF,0xBF,0x3F,0x3F,0x3F,0x3F,0x3F,0xBF,0x3F,0x3F,0x3F,0x3F,0x18,
    0x0F,0x3F,0xFF,0xFF,0xFE,0x79,0xA4,0xDC,0x9C,0xBC,0xBC,0x07,0x37,0xB7,0xDF,0xB8,
    0xB9,0xB1,0xB8,0xBD,0x9F,0x67,0xF0,0xF6,0xFB,0xFF,0xFD,0x1B,0xEF,0xFF,0xFF,0xFF,
    0xFF,0xFF,0xFE,0xFF,0xFF,0xF8,0xFB,0xFF,0xFF,0xF7,0xF7,0xFF,0xFF,0x9F,0x9F,0x9F,
    0xBE,0x9F,0xBF,0xFF,0x3E,0xCE,0xF7,0xFA,0xFC,0xFC,0xA1,0x79,0x7E,0x3F,0x1F,0xFF,
    0x7F,0xFF,0xFF,0xFF,0xFF,0xFF,0xFF,0x3F,0xFF,0xFF,0xFF,0x37,0x26,0x9F,0x8F,0xE7,
    0xF3,0xFC,0xFF,0xFF,0xFF,0xFF,0xFF,0xFF,0xFF,0xFF,0xFF,0xFF,0x1F,0x1F,0x0F,0x0F,
    0x1F,0x3F,0x3F,0x3F,0x3F,0xFF,0xFF,0x7F,0xDF,0xEF,0xF7,0xF0,0xF7,0xF7,0xF7,0xF7,
    0xF7,0xF9,0xFC,0xFE,0xFF,0xFF,0xF9,0xF0,0xFF,0xFF,0xBF,0xF9,0xF9,0xF8,0xF0,0xE7,
    0xFD,0x7B,0x13,0xF9,0xFF,0x7F,0xFF,0xFF,0xFF,0xFF,0xFF,0xFF,0xFB,0xFB,0xFF,0xFF,
    0xEF,0xEF,0xEF,0xFC,0xFC,0xFC,0xFE,0xFF,0xFF,0xE6,0xD2,0x9B,0x7B,0xFA,0xF8,0xF9,
    0xFF,0xFF,0xFF,0xFF,0xFF,0xFF,0xFF,0xFF,0xFF,0xFF,0xFF,0xFF,0xFF,0xFF,0xFF,0xFF,
    0xFF,0xFF,0xFF,0xFF,0xFF,0xFF,0xFF,0xFF,0xEF,0x00,0xFF,0xFF,0xFE,0xFF,0xFF,0xFF,
    0x8F,0x8F,0x8F,0x8F,0x9F,0x9F,0x9F,0xDF,0xBF,0xFF,0x87,0x97,0x9F,0x9F,0x9F,0x9F,
    0x9F,0x9F,0x9F,0x9F,0x9E,0x9E,0x9F,0xDD,0xFD,0xFF,0xDF,0xDD,0xDD,0xFF,0xFF,0xDF,
    0xFE,0xFD,0xF1,0x0F,0xFF,0xFF,0xFF,0xFF,0xFF,0xFF,0x7F,0x7F,0xBF,0xDF,0xEF,0xF1,
    0xFC,0xFF,0xFF,0xFB,0xF9,0xF9,0xDB,0xCF,0xEF,0xFF,0xFF,0xFF,0xFF,0xF7,0xFF,0xF7,
    0xF7,0xE3,0xE3,0xE3,0xE7,0xE7,0xE7,0xE7,0xE3,0xE3,0xE3,0xF3,0xF3,0xF3,0xF3,0xF3,
    0xB3,0xB3,0xB3,0xB3,0xB3,0xB3,0xB3,0xB3,0xB3,0xB3,0xF0,0xF3,0x9F,0x9F,0x9F,0x9F,
    0x97,0x90,0xBF,0xBF,0xBF,0xBF,0xBF,0xBF,0xBB,0xFA,0xB3,0xF7,0xF7,0xF3,0xF3,0xF3,
    0xF3,0xF1,0xF3,0xF3,0xF0,0xF6,0xF0,0xF1,
  },
  {
    0x1F,0x1F,0x9F,0xCF,0xCF,0xCF,0xCF,0x8F,0xEF,0xFF,0xFF,0x3F,0xFF,0xFF,0xFF,0xFF,
    0xFF,0xFF,0xFF,0xFF,0xFE,0xBF,0x7F,0xF7,0xEF,0xEF,0xDF,0xBF,0x7F,0x7F,0x7F,0xFF,
    0xFF,0xFF,0xFF,0xFF,0xFF,0xFF,0xFF,0xFF,0xFF,0xFF,0x7F,0xFF,0xBF,0xAF,0xCE,0xC7,
    0xCE,0x1C,0xFE,0xFF,0xFF,0xFF,0xFF,0xE6,0xE6,0xE7,0xE7,0xC7,0xC7,0xCF,0xCF,0xDF,
    0xFF,0xFC,0xF8,0xF7,0xFF,0xFF,0xFF,0xFF,0xFF,0x7F,0x3F,0x7F,0x7B,0xE0,0xCA,0x1F,
    0xF1,0x39,0xDF,0xBF,0xFE,0xFE,0xFE,0xFE,0x7F,0xBC,0xBD,0x3D,0xFD,0xFF,0xCE,0xCF,
    0x77,0x57,0x7B,0xBB,0xE1,0xF8,0xFE,0xF9,0x9E,0x8F,0x9F,0xDF,0xDF,0xFF,0x7F,0x7F,
    0x7F,0x1F,0x9F,0xBF,0xBF,0x3F,0x3F,0x3F,0x3F,0x3F,0xBF,0x3F,0x3F,0x3F,0x3F,0x18,
    0x0F,0x3F,0xFF,0xFF,0xFE,0x79,0xA4,0xDC,0x9C,0xBC,0xBC,0x07,0x37,0xB7,0xDF,0xB8,
    0xB9,0xB1,0xB8,0xBD,0x9F,0x67,0xF0,0xF6,0xFB,0xFF,0xFD,0x1B,0xEF,0xFF,0xFF,0xFF,
    0xFF,0xFF,0xFE,0xFF,0xFF,0xF8,0xFB,0xFF,0xFF,0xF7,0xF7,0xFF,0xFF,0x9F,0x9F,0x9F,
    0xBE,0x9F,0xBF,0xFF,0x3E,0xCE,0xF7,0xFA,0xFC,0xFC,0xA1,0x79,0x7E,0x3F,0x1F,0xFF,
    0x7F,0xFF,0xFF,0xFF,0xFF,0xFF,0xFF,0x3F,0xFF,0xFF,0xFF,0x37,0x26,0x9F,0x8F,0xE7,
    0xF3,0xFC,0xFF,0xFF,0xFF,0xFF,0xFF,0xFF,0xFF,0xFF,0xFF,0xFF,0x1F,0x1F,0x0F,0x0F,
    0x1F,0x3F,0x3F,0x3F,0x3F,0xFF,0xFF,0x7F,0xDF,0xEF,0xF7,0xF0,0xF7,0xF7,0xF7,0xF7,
    0xF7,0xF9,0xFC,0xFE,0xFF,0xFF,0xF9,0xF0,0xFF,0xFF,0xBF,0xF9,0xF9,0xF8,0xF0,0xE7,
    0xFD,0xFB,0x13,0xFD,0xFF,0x7F,0xFF,0xFF,0xFF,0xFF,0xFF,0xFF,0xFB,0xFB,0xFF,0xFF,
    0xEF,0xEF,0xEF,0xFC,0xFC,0xFC,0xFE,0xFF,0xFF,0xE6,0xD2,0x9B,0x7B,0xFB,0xF8,0xF9,
    0xFF,0xFF,0xFF,0xFF,0xFF,0xFF,0xFF,0xFF,0xFF,0xFF,0xFF,0xFF,0xFF,0xFF,0xFF,0xFF,
    0xFF,0xFF,0xFF,0xFF,0xFF,0xFF,0xFF,0xFF,0xEF,0x00,0xFF,0xFF,0xFE,0xFF,0xFF,0xFF,
    0x8F,0x8F,0x8F,0x8F,0x9F,0x9F,0x9F,0xDF,0xBF,0xFF,0x87,0x97,0x9F,0x9F,0x9F,0x9F,
    0x9F,0x9F,0x9F,0x9F,0x9E,0x9E,0x9F,0xDD,0xFD,0xFF,0xDF,0xDD,0xDD,0xFF,0xFF,0xDF,
    0xFE,0xFD,0xF1,0x0F,0xFF,0xFF,0xFF,0xFF,0xFF,0xFF,0x7F,0x7F,0xBF,0xDF,0xEF,0xF1,
    0xFC,0xFF,0xFF,0xFB,0xF9,0xF9,0xDB,0xCF,0xEF,0xFF,0xEF,0xFF,0xFF,0xF7,0xFF,0xF7,
    0xF7,0xE3,0xE3,0xE3,0xE7,0xE7,0xE7,0xE7,0xE3,0xE3,0xE3,0xF3,0xF3,0xF3,0xF3,0xF3,
    0xB3,0xB3,0xB3,0xB3,0xB3,0xB3,0xB3,0xB3,0xB3,0xB3,0xF0,0xF3,0x9F,0xBF,0x9F,0x9F,
    0x97,0x90,0xBF,0xBF,0xBF,0xBF,0xBF,0xBF,0xBB,0xFA,0xB3,0xF7,0xF7,0xF3,0xF3,0xF3,
    0xF3,0xF1,0xF3,0xF3,0xF0,0xF6,0xF0,0xF1,
  },
  {
    0x1F,0x1F,0x9F,0xCF,0xCF,0xCF,0xCF,0x8F,0xEF,0xFF,0xFF,0x3F,0xFF,0xFF,0xFF,0xFF,
    0xFF,0xFF,0xFF,0x01,0xFF,0xBF,0x7F,0xEF,0xEF,0xDF,0xFF,0xBF,0x7F,0xFF,0xFF,0x3F,
    0x7F,0xFF,0xFF,0xFF,0xFF,0xFF,0xFF,0xFF,0xFF,0x7F,0x7F,0x7F,0xFF,0xAF,0x8E,0xC7,
    0x4E,0x1C,0x8E,0xFF,0xFF,0xFF,0xFF,0xE6,0xE6,0xE7,0xE7,0xC7,0xC7,0xCF,0xCF,0xDF,
    0xFF,0xFC,0xF8,0xF1,0xFF,0xFF,0xFF,0xFF,0xFF,0x7F,0x7F,0x7D,0xFB,0xE4,0x86,0x3D,
    0xB1,0x3B,0xDF,0xDE,0xFE,0xFE,0xFE,0xFF,0x7E,0xBE,0xDC,0x3D,0xFD,0xFE,0xEE,0xCE,
    0x57,0x57,0x7F,0x7B,0x89,0xF0,0xE8,0xF6,0x9C,0x8F,0x9F,0xDF,0xDF,0xFF,0x7F,0x7F,
    0x7F,0x1F,0x9F,0xBF,0xBF,0x3F,0x3F,0x3F,0x3F,0x3F,0xBF,0x3F,0x3F,0x3F,0x3F,0x07,
    0x1F,0x7F,0xFF,0xFE,0xBD,0x79,0xD4,0xCF,0xDC,0xBC,0xBC,0x87,0x37,0xB7,0x87,0xBC,
    0xB9,0xB9,0xB8,0xFC,0x9F,0xCF,0xE0,0xE4,0xF6,0xFB,0xFF,0x7B,0x9F,0xFF,0xFF,0xFF,
    0xFF,0xFF,0xFE,0xFF,0xFF,0xF8,0xFB,0xFF,0xF3,0xF3,0xF7,0xFF,0xFF,0xDF,0xDF,0xBF,
    0x7F,0x1F,0xEF,0xFF,0xFE,0xFE,0xFE,0xFE,0xFE,0xCE,0x91,0x7E,0x3E,0x1F,0x0F,0xFB,
    0xFF,0xFF,0xFF,0xFF,0xFF,0xFF,0x3F,0xDF,0xFF,0xFF,0x7F,0x37,0x8F,0x1F,0x9F,0x9F,
    0xF7,0xF9,0xFE,0xFF,0xFF,0xFF,0xFF,0xFF,0xFF,0xFF,0xFF,0xFF,0x1F,0x1F,0x0F,0x0F,
    0x1F,0x3F,0x3F,0x3F,0x3F,0xFF,0xFF,0xFC,0x13,0xF7,0xF3,0xFB,0xFB,0xFB,0xFB,0xFB,
    0xFB,0xF9,0xFC,0xFF,0xFE,0xEC,0xEF,0xF7,0xCF,0xF7,0xF9,0xF8,0xF0,0xF2,0xFB,0xFD,
    0xFC,0x08,0x03,0xFD,0xFE,0xFF,0xFF,0xFF,0xFF,0xFF,0xFF,0xFF,0xFB,0xFB,0xFF,0xFF,
    0xEF,0xEF,0xEF,0xFC,0xFC,0xFC,0xFE,0xFF,0xFF,0xFE,0xE0,0xE1,0xCD,0xBC,0x7C,0x7C,
    0xFD,0xFB,0xFF,0xFF,0xFF,0xFF,0xFF,0xFF,0xFF,0xFF,0xFF,0xFF,0xFF,0xFF,0xFF,0xFF,
    0xFF,0xFF,0xFF,0xFF,0xFF,0xFF,0xFF,0xFF,0x01,0xE0,0xFF,0xFF,0xFF,0xFF,0xFF,0xFF,
    0x8F,0x8F,0x8F,0x8F,0x9F,0x9F,0x9F,0x9F,0xBF,0xFF,0x87,0x87,0x9B,0x9B,0x9F,0x9F,
    0x9F,0x9F,0x9F,0x9F,0x9F,0x9F,0x9F,0xDE,0xDE,0xFF,0xDD,0xDD,0xDE,0xFF,0xDE,0xDE,
    0xFE,0xFD,0xF1,0x0F,0xFF,0xFF,0xFF,0xFF,0xFF,0xFF,0xFF,0x7F,0x3F,0xDF,0xEF,0xF0,
    0xFD,0xFF,0xFF,0xFA,0xF9,0xF9,0xDB,0xCF,0xEF,0xFF,0xEF,0xFF,0xFF,0xF7,0xFF,0xF7,
    0xF7,0xE3,0xE3,0xE3,0xE7,0xE7,0xE7,0xE7,0xE3,0xE3,0xE3,0xE3,0xF3,0xF3,0xF3,0xF3,
    0xB3,0xB3,0xB3,0xB3,0xB3,0xB3,0xB3,0xB3,0xB3,0xB3,0xF8,0xF3,0x9F,0xBF,0x9F,0x9F,
    0x87,0x90,0xBF,0xBF,0xBF,0xBF,0xBF,0xBF,0xBB,0xFA,0xB3,0xF7,0xF3,0xF3,0xF3,0xF3,
    0xF3,0xF1,0xF3,0xF3,0xF0,0xF6,0xF0,0xF1,
  },
  {
    0x1F,0x1F,0x9F,0xCF,0xCF,0xCF,0xCF,0x8F,0xEF,0xFF,0xFF,0x3F,0xFF,0xFF,0xFF,0xFF,
    0xFF,0xFF,0xFF,0x01,0xFF,0x3F,0x77,0xEF,0xEF,0xDF,0xBF,0xBF,0x7F,0xFF,0xFF,0x3F,
    0x7F,0xFF,0xFF,0xFF,0xFF,0xFF,0xFF,0xFF,0xFF,0x7F,0x7F,0x7F,0xFF,0xAF,0x8E,0xC7,
    0x4E,0x1C,0x8E,0xFF,0xFF,0xFF,0xFF,0xE6,0xE6,0xE7,0xE7,0xC7,0xC7,0xCF,0xCF,0xDF,
    0xFF,0xFC,0xF8,0xF1,0xFF,0xFF,0xFF,0xFF,0xFF,0x7F,0x7F,0x7D,0xFB,0xE4,0x86,0x3D,
    0xB1,0x3B,0xDF,0xDE,0xFE,0xFE,0xFE,0xFF,0x7E,0xBE,0xDC,0x3D,0xFD,0xFE,0xEE,0xCE,
    0x5F,0x57,0x7F,0x73,0x89,0xF0,0xE8,0xF6,0x9C,0x8F,0x9F,0xDF,0xDF,0xFF,0x7F,0x7F,
    0x7F,0x1F,0x9F,0xBF,0xBF,0x3F,0x3F,0x3F,0x3F,0x3F,0xBF,0x3F,0x3F,0x3F,0x3F,0x07,
    0x1F,0x7F,0xFF,0xFE,0xBD,0x79,0xD4,0xCF,0xDC,0xBC,0xBC,0x87,0x37,0xB7,0x87,0xBC,
    0xB9,0xB9,0xB8,0xFC,0x9F,0xCF,0xE0,0xE4,0xF6,0xFB,0xFF,0x7B,0x9F,0xFF,0xFF,0xFF,
    0xFF,0xFF,0xFE,0xFF,0xFF,0xF8,0xFB,0xFF,0xF3,0xF3,0xF7,0xFF,0xFF,0xDF,0xDF,0xBF,
    0x7F,0x1F,0xEF,0xFF,0xFE,0xFE,0xFF,0xFE,0xFE,0xCE,0x91,0x7C,0x3E,0x1F,0x0F,0xFB,
    0xFF,0xFF,0xFF,0xFF,0xFF,0xFF,0x3F,0xDF,0xFF,0xFF,0x7F,0x37,0x8F,0x1F,0x9F,0x9F,
    0xF7,0xF9,0xFE,0xFF,0xFF,0xFF,0xFF,0xFF,0xFF,0xFF,0xFF,0xFF,0x1F,0x1F,0x0F,0x0F,
    0x1F,0x3F,0x3F,0x3F,0x3F,0xFF,0xFF,0xFC,0x13,0xF7,0xF3,0xFB,0xFB,0xFB,0xFB,0xFB,
    0xFB,0xF9,0xFC,0xFF,0xFE,0xEC,0xEF,0xF7,0xCF,0xF7,0xF9,0xF8,0xF4,0xF0,0xFB,0xFD,
    0xFC,0x00,0x03,0xFD,0xFE,0xFF,0xFF,0xFF,0xFF,0xFF,0xFF,0xFF,0xFB,0xFB,0xFF,0xFF,
    0xEF,0xEF,0xEF,0xFC,0xFC,0xFC,0xFE,0xFF,0xFF,0xFE,0xE0,0xE1,0xCD,0xBC,0x7C,0x7C,
    0xFD,0xFB,0xFF,0xFF,0xFF,0xFF,0xFF,0xFF,0xFF,0xFF,0xFF,0xFF,0xFF,0xFF,0xFF,0xFF,
    0xFF,0xFF,0xFF,0xFF,0xFF,0xFF,0xFF,0xFF,0x21,0xE0,0xFF,0xFF,0xFF,0xFF,0xFF,0xFF,
    0x8F,0x8F,0x8F,0x8F,0x9F,0x9F,0x9F,0x9F,0xBF,0xFF,0x87,0x87,0x9B,0x9B,0x9F,0x9F,
    0x9F,0x9F,0x9F,0x9F,0x9F,0x9F,0x9F,0xDE,0xDE,0xFF,0xDD,0xDD,0xDE,0xDF,0xDE,0xDE,
    0xFE,0xFD,0xF1,0x0F,0xFF,0xFF,0xFF,0xFF,0xFF,0xFF,0xFF,0x7F,0x3F,0xDF,0xEF,0xF0,
    0xFD,0xFF,0xFF,0xFA,0xF9,0xF9,0xDB,0xCF,0xEF,0xFF,0xEF,0xFF,0xFF,0xF7,0xF7,0xF7,
    0xF7,0xE3,0xE3,0xE3,0xE7,0xE7,0xE7,0xE7,0xE3,0xE3,0xE3,0xE3,0xF3,0xF3,0xF3,0xF3,
    0xB3,0xB3,0xB3,0xB3,0xB3,0xB3,0xB3,0xB3,0xB3,0xB3,0xF0,0xF3,0x8F,0x9F,0x9F,0x9F,
    0x81,0x90,0xBF,0xBF,0xBF,0xBF,0xBF,0xBF,0xBB,0xFA,0xB3,0xF7,0xF3,0xF3,0xF3,0xF3,
    0xF3,0xF1,0xF3,0xF3,0xF0,0xF6,0xF0,0xF1,
  },
  {
    0x1F,0x1F,0x9F,0xCF,0xCF,0xCF,0xCF,0x8F,0xEF,0xFF,0xFF,0x3F,0xFF,0xFF,0xFF,0xFF,
    0xFF,0xFF,0xFF,0x01,0xFF,0x3F,0x77,0xEF,0xEF,0xDF,0xBF,0xBF,0x7F,0xFF,0xFF,0x3F,
    0x7F,0xFF,0xFF,0xFF,0xFF,0xFF,0xFF,0xFF,0xFF,0x7F,0x7F,0x7F,0xFF,0xAF,0x8E,0xC7,
    0x4E,0x1C,0x8E,0xFF,0xFF,0xFF,0xFF,0xE6,0xE6,0xE7,0xE7,0xC7,0xC7,0xCF,0xCF,0xDF,
    0xFF,0xFC,0xF8,0xF1,0xFF,0xFF,0xFF,0xFF,0xFF,0x7F,0x7F,0x7D,0xFB,0xE4,0x86,0x1D,
    0xB1,0x3B,0xDF,0xDE,0xFE,0xFE,0xFE,0xFF,0x7E,0xBE,0xDC,0x3D,0xFD,0xFE,0xEE,0xEE,
    0x57,0x57,0x7F,0x73,0x89,0xF0,0xE8,0xF6,0x9C,0x8F,0x9F,0xDF,0xDF,0xFF,0x7F,0x7F,
    0x7F,0x1F,0x9F,0xBF,0xBF,0x3F,0x3F,0x3F,0x3F,0x3F,0xBF,0x3F,0x3F,0x3F,0x3F,0x07,
    0x1F,0x7F,0xFF,0xFE,0xBD,0x79,0xD4,0xCF,0xDC,0xBC,0xBC,0x87,0x37,0xB7,0x87,0xBC,
    0xB9,0xB9,0xB8,0xFC,0x9F,0xCF,0xE0,0xE4,0xF6,0xFB,0xFF,0x7B,0x9F,0xFF,0xFF,0xFF,
    0xFF,0xFF,0xFE,0xFF,0xFF,0xF8,0xFB,0xFF,0xF3,0xF3,0xF7,0xFF,0xFF,0xDF,0xDF,0xBF,
    0x7F,0x1F,0xEF,0xFF,0xFE,0xFE,0xFF,0xFE,0xFE,0xCE,0x91,0x7C,0x3E,0x1F,0x0F,0xFB,
    0xFF,0xFF,0xFF,0xFF,0xFF,0xFF,0x3F,0xDF,0xFF,0xFF,0x7F,0x37,0x8F,0x1F,0x9F,0x9F,
    0xF7,0xF9,0xFE,0xFF,0xFF,0xFF,0xFF,0xFF,0xFF,0xFF,0xFF,0xFF,0x1F,0x1F,0x0F,0x0F,
    0x1F,0x3F,0x3F,0x3F,0x3F,0xFF,0xFF,0xFC,0x13,0xF7,0xF3,0xFB,0xFB,0xFB,0xFB,0xFB,
    0xFB,0xF9,0xFC,0xFF,0xFE,0xEC,0xEF,0xF7,0xCF,0xF7,0xF9,0xF8,0xF4,0xF0,0xFB,0xFD,
    0xFC,0x00,0x03,0xFD,0xFE,0xFF,0xFF,0xFF,0xFF,0xFF,0xFF,0xFF,0xFB,0xFB,0xFF,0xFF,
    0xEF,0xEF,0xEF,0xFC,0xFC,0xFC,0xFE,0xFF,0xFF,0xFE,0xE0,0xE1,0xCC,0xBC,0x7C,0x7C,
    0xFD,0xFB,0xFF,0xFF,0xFF,0xFF,0xFF,0xFF,0xFF,0xFF,0xFF,0xFF,0xFF,0xFF,0xFF,0xFF,
    0xFF,0xFF,0xFF,0xFF,0xFF,0xFF,0xFF,0xFF,0x21,0xE0,0xFF,0xFF,0xFF,0xFF,0xFF,0xFF,
    0x8F,0x8F,0x8F,0x8F,0x9F,0x9F,0x9F,0x9F,0xBF,0xFF,0x87,0x87,0x9B,0x9B,0x9F,0x9F,
    0x9F,0x9F,0x9F,0x9F,0x9F,0x9F,0x9F,0xDE,0xDE,0xFF,0xDD,0xDD,0xDE,0xFF,0xDE,0xDE,
    0xFE,0xFD,0xF1,0x0F,0xFF,0xFF,0xFF,0xFF,0xFF,0xFF,0xFF,0x7F,0x3F,0xDF,0xEF,0xF0,
    0xFD,0xFF,0xFF,0xFE,0xF9,0xF9,0xDB,0xCF,0xEF,0xFF,0xEF,0xFF,0xFF,0xF7,0xF7,0xF7,
    0xF7,0xE3,0xE3,0xE3,0xE7,0xE7,0xE7,0xE7,0xE3,0xE3,0xE3,0xE3,0xF3,0xF3,0xF3,0xF3,
    0xB3,0xB3,0xB3,0xB3,0xB3,0xB3,0xB3,0xB3,0xB3,0xB3,0xF0,0xF3,0x8F,0x9F,0x9F,0x8F,
    0x81,0x90,0xBF,0xBF,0xBF,0xBF,0xBF,0xBF,0xBB,0xFA,0xB3,0xF7,0xF7,0xF3,0xF3,0xF3,
    0xF3,0xF1,0xF3,0xF3,0xF0,0xF6,0xF0,0xF1,
  },
  {
    0x1F,0x1F,0x9F,0xDF,0xCF,0xCF,0xCF,0x8F,0xEF,0xFF,0xFF,0x7F,0xFF,0xFF,0xFF,0xFF,
    0xFF,0xFF,0xFF,0xFF,0xF7,0xFB,0xF7,0xEF,0xDF,0x3F,0xFF,0xFF,0xFF,0xFF,0xFF,0xFF,
    0xFF,0xFF,0xFF,0xFF,0xFF,0xFF,0xFF,0xFF,0xFF,0xFF,0xFF,0xFF,0xFF,0x0F,0x06,0x07,
    0x4E,0xFC,0xFE,0xFF,0xFF,0xFF,0xFF,0xE6,0xE6,0xE7,0xE7,0xC7,0xC7,0xCF,0xCF,0xFF,
    0xFF,0xFC,0xFC,0xFF,0xFF,0xFF,0xFF,0xFF,0xFF,0xFF,0xFF,0xFB,0xCF,0x06,0xCB,0x87,
    0xFF,0xFC,0xF3,0xF7,0xF3,0xFF,0xF7,0xF7,0xE7,0xEF,0xEF,0xF7,0xF7,0x3B,0xBB,0xDD,
    0xDD,0xED,0xCE,0xC6,0xB7,0xFF,0xF3,0xBF,0x8F,0x8F,0x9F,0xDF,0xDF,0xFF,0x7F,0x7F,
    0x7F,0x1F,0xBF,0xBF,0xBF,0x3F,0x3F,0x3F,0x3F,0x3F,0xBF,0x3F,0x3F,0x3F,0x3F,0x3F,
    0x3F,0x3F,0x7F,0x7E,0x2E,0xFC,0xC3,0xCD,0xED,0xFF,0xFF,0x9F,0xFF,0xF3,0xE2,0xE6,
    0xE0,0xE3,0xFF,0x7F,0x07,0xF3,0xFB,0xFD,0xFC,0xFE,0xFF,0xFF,0xFF,0xFF,0xFF,0xFF,
    0xFF,0xFF,0xFF,0xFF,0xFF,0xF8,0xFB,0xFF,0xFF,0xF7,0xF7,0xFF,0xFF,0xDF,0x9F,0x9F,
    0x3F,0x1F,0x9F,0x8F,0x76,0xFE,0xFF,0x3E,0xDE,0xDF,0xCF,0x38,0xBC,0xFC,0xDD,0xFD,
    0xFD,0xF9,0xFD,0xFD,0xFF,0xFE,0xFE,0xFE,0xFE,0xFE,0xFC,0x7A,0x7B,0xB0,0x87,0xBF,
    0x7F,0xFF,0xFF,0xFF,0xFF,0xFF,0xFF,0xFF,0xFF,0xFF,0xFF,0xFF,0x1F,0x1F,0x0F,0x0F,
    0x1F,0x3F,0x3F,0x3F,0x3F,0x7F,0xFF,0xFD,0x3E,0xFF,0xFF,0xEF,0x77,0xBE,0xF8,0xDB,
    0xDB,0xFC,0xC0,0xF3,0xF7,0xEF,0xDF,0xDF,0xF3,0xF1,0xF7,0xF7,0xF3,0xC1,0xED,0xFF,
    0xFF,0xE1,0x10,0xF7,0xF7,0xF7,0xF3,0xF8,0xFF,0xFF,0xFF,0xFF,0xFF,0xFB,0xFF,0xFF,
    0xEF,0xEF,0xEF,0xFC,0xFC,0xFC,0xFE,0xFF,0xFF,0xFE,0xFE,0xFF,0xFF,0xFE,0xFE,0xFC,
    0xFE,0xEC,0x00,0xFE,0xFF,0xFF,0xFF,0xFF,0xFF,0xFF,0xFF,0xFF,0xFF,0xFF,0xFF,0xFF,
    0xFF,0xFF,0xFF,0xFF,0xFF,0xFF,0xFF,0xFF,0xFF,0xF0,0x03,0xFF,0xFF,0xFF,0xFF,0xFF,
    0x9F,0x8F,0x8F,0x8F,0x9F,0x9F,0x9F,0x9F,0xBF,0xFF,0x87,0x97,0x9F,0x9F,0x9F,0x9F,
    0x9F,0x9F,0x9F,0x9F,0x9F,0x9F,0x9F,0xDF,0xFF,0xFE,0xDC,0x0B,0xF3,0xFF,0xFF,0xFF,
    0x7F,0xD7,0xC7,0x07,0xF7,0xFF,0xFF,0xFF,0xFF,0xFF,0xFF,0xFF,0xFF,0xFF,0xFF,0x3F,
    0x9F,0xE0,0xFF,0xFF,0xFB,0xF9,0xDF,0xCF,0xEF,0xFF,0xFF,0xFF,0xFF,0xF7,0xFF,0xF7,
    0xF7,0xE3,0xE3,0xE3,0xE7,0xE7,0xE7,0xE7,0xE3,0xE3,0xE3,0xF3,0xF7,0xF3,0xF3,0xF3,
    0xB3,0xB7,0xB7,0xB2,0xB6,0xB6,0xB2,0xBB,0xB7,0xB7,0xF0,0xC7,0x9F,0xBF,0x9E,0x9C,
    0x81,0x9D,0xBD,0xBF,0xBE,0xBE,0xBF,0xBF,0xBF,0xFB,0xB3,0xFF,0xF7,0xF3,0xF3,0xF3,
    0xF3,0xF1,0xF3,0xF3,0xF1,0xF6,0xF0,0xF1,
  },
  {
    0x1F,0x1F,0x9F,0xDF,0xCF,0xCF,0xCF,0x8F,0xEF,0xFF,0xFF,0x7F,0xFF,0xFF,0xFF,0xFF,
    0xFF,0xFF,0xFF,0xFF,0xF7,0xFB,0xF7,0xEF,0xDF,0x3F,0xFF,0xFF,0xFF,0xFF,0xFF,0xFF,
    0xFF,0xFF,0xFF,0xFF,0xFF,0xFF,0xFF,0xFF,0xFF,0xFF,0xFF,0xFF,0xFF,0x0F,0x06,0x07,
    0x4E,0xFC,0xFE,0xFF,0xFF,0xFF,0xFF,0xE6,0xE6,0xE7,0xE7,0xC7,0xC7,0xCF,0xCF,0xFF,
    0xFF,0xFC,0xFC,0xFF,0xFF,0xFF,0xFF,0xFF,0xFF,0xFF,0xFF,0xFB,0xCF,0x06,0xCB,0x87,
    0xFF,0xFC,0xF3,0xF7,0xF3,0xFF,0xF7,0xF7,0xE7,0xEF,0xEF,0xF7,0xF7,0x3B,0x3B,0xDD,
    0xDD,0xED,0xCE,0xC6,0xB7,0xFF,0xF3,0xBF,0x8F,0x8F,0x9F,0xDF,0xDF,0xFF,0x7F,0x7F,
    0x7F,0x1F,0xBF,0xBF,0xBF,0x3F,0x3F,0x3F,0x3F,0x3F,0xBF,0x3F,0x3F,0x3F,0x3F,0x3F,
    0x3F,0x3F,0x7F,0x7E,0x2E,0xFC,0xC3,0xCD,0xED,0xFF,0xFF,0x9F,0xFF,0xF3,0xE2,0xE6,
    0xE0,0xE3,0xFF,0x7F,0x07,0xF3,0xFB,0xFD,0xFC,0xFE,0xFF,0xFF,0xFF,0xFF,0xFF,0xFF,
    0xFF,0xFF,0xFF,0xFF,0xFF,0xF8,0xFB,0xFF,0xFF,0xF7,0xF7,0xFF,0xFF,0xDF,0x9F,0x9F,
    0x3F,0x1F,0x9F,0x8F,0x76,0xFE,0xFF,0x3E,0xDE,0xDF,0xCF,0x38,0xBC,0xFC,0xDD,0xFD,
    0xFD,0xF9,0xFD,0xFD,0xFF,0xFE,0xFE,0xFE,0xFE,0xFE,0xFC,0x7A,0x7B,0xB0,0x87,0xBF,
    0x7F,0xFF,0xFF,0xFF,0xFF,0xFF,0xFF,0xFF,0xFF,0xFF,0xFF,0xFF,0x1F,0x1F,0x0F,0x0F,
    0x1F,0x3F,0x3F,0x3F,0x3F,0x7F,0xFF,0xFD,0x3E,0xFF,0xFF,0xEF,0x77,0xBE,0xF8,0xDB,
    0xDB,0xFC,0xC0,0xF3,0xF7,0xEF,0xDF,0xDF,0xF3,0xF1,0xF7,0xF7,0xF3,0xC1,0xED,0xFF,
    0xFF,0xE1,0x10,0xF7,0xF7,0xF7,0xF3,0xF8,0xFF,0xFF,0xFF,0xFF,0xFF,0xFB,0xFF,0xFF,
    0xEF,0xEF,0xEF,0xFC,0xFC,0xFC,0xFE,0xFF,0xFF,0xFE,0xFE,0xFF,0xFF,0xFE,0xFE,0xFC,
    0xFE,0xEC,0x01,0xFE,0xFF,0xFF,0xFF,0xFF,0xFF,0xFF,0xFF,0xFF,0xFF,0xFF,0xFF,0xFF,
    0xFF,0xFF,0xFF,0xFF,0xFF,0xFF,0xFF,0xFF,0xFF,0xF0,0x03,0xFF,0xFF,0xFF,0xFF,0xFF,
    0x9F,0x8F,0x8F,0x8F,0x9F,0x9F,0x9F,0x9F,0xBF,0xFF,0x87,0x97,0x9F,0x9F,0x9F,0x9F,
    0x9F,0x9F,0x9F,0x9F,0x9F,0x9F,0x9F,0xDF,0xFF,0xFE,0xDC,0x0B,0xF3,0xFF,0xFF,0xFF,
    0x7F,0xD7,0xC7,0x07,0xF7,0xFF,0xFF,0xFF,0xFF,0xFF,0xFF,0xFF,0xFF,0xFF,0xFF,0x3F,
    0x9F,0xE0,0xFF,0xFF,0xFB,0xF9,0xDF,0xCF,0xEF,0xFF,0xFF,0xFF,0xFF,0xF7,0xFF,0xF7,
    0xF7,0xE3,0xE3,0xE3,0xE7,0xE7,0xE7,0xE7,0xE3,0xE3,0xF3,0xF3,0xF7,0xF3,0xF3,0xF3,
    0xB3,0xB7,0xB7,0xB2,0xB6,0xB6,0xB2,0xBB,0xB7,0xB7,0xF0,0xC7,0x9F,0xBF,0x9E,0x9C,
    0x81,0x9D,0xBD,0xBD,0xBE,0xBE,0xBF,0xBF,0xBF,0xFB,0xB3,0xFF,0xF7,0xF3,0xF3,0xF3,
    0xF3,0xF1,0xF3,0xF3,0xF1,0xF6,0xF0,0xF1,
  },
  {
    0x1F,0x1F,0x9F,0xDF,0xCF,0xCF,0xCF,0x8F,0xEF,0xFF,0xFF,0x7F,0xFF,0xFF,0xFF,0xFF,
    0xFF,0xFF,0xFF,0xFF,0xF7,0xFB,0xF7,0xEF,0xDF,0x3F,0xFF,0xFF,0xFF,0xFF,0xFF,0xFF,
    0xFF,0xFF,0xFF,0xFF,0xFF,0xFF,0xFF,0xFF,0xFF,0xFF,0xFF,0xFF,0xFF,0x0F,0x06,0x07,
    0x4E,0xFC,0xFE,0xFF,0xFF,0xFF,0xFF,0xE6,0xE6,0xE7,0xE7,0xC7,0xC7,0xCF,0xCF,0xFF,
    0xFF,0xFC,0xFC,0xFF,0xFF,0xFF,0xFF,0xFF,0xFF,0xFF,0xFF,0xFB,0xCF,0x06,0xCB,0x87,
    0xFF,0xFC,0xF3,0xF7,0xF3,0xFF,0xF7,0xF7,0xE7,0xEF,0xEF,0xF7,0xF7,0x3B,0x3B,0xDD,
    0xDD,0xED,0xCE,0xC6,0xB7,0xFF,0xF3,0xBF,0x8F,0x8F,0x9F,0xDF,0xDF,0xFF,0x7F,0x7F,
    0x7F,0x1F,0xBF,0xBF,0xBF,0x3F,0x3F,0x3F,0x3F,0x3F,0xBF,0x3F,0x3F,0x3F,0x3F,0x3F,
    0x3F,0x3F,0x7F,0x7E,0x2E,0xFC,0xC3,0xCD,0xED,0xFF,0xFF,0x9F,0xBF,0xF3,0xE2,0xE6,
    0xE0,0xE3,0xFF,0x7F,0x07,0xF3,0xF9,0xFD,0xFC,0xFE,0xFF,0xFF,0xFF,0xFF,0xFF,0xFF,
    0xFF,0xFF,0xFF,0xFF,0xFF,0xF8,0xFB,0xFF,0xFF,0xF7,0xF7,0xFF,0xFF,0xDF,0x9F,0x9F,
    0x3F,0x1F,0x9F,0x8F,0x76,0xFE,0xFF,0x3E,0xDE,0xDF,0xCF,0x38,0xBC,0xFC,0xDD,0xFD,
    0xFD,0xF9,0xFD,0xFD,0xFF,0xFE,0xFE,0xFE,0xFE,0xFE,0xFC,0x7A,0x7B,0xB0,0x87,0xBF,
    0x7F,0xFF,0xFF,0xFF,0xFF,0xFF,0xFF,0xFF,0xFF,0xFF,0xFF,0xFF,0x1F,0x1F,0x0F,0x0F,
    0x1F,0x3F,0x3F,0x3F,0x3F,0x7F,0xFF,0xF9,0x3E,0xFF,0xFF,0xEF,0x77,0xBE,0xF8,0xDB,
    0xDB,0xFC,0xC0,0xF3,0xF7,0xEF,0xDF,0xDF,0xF3,0xF1,0xF7,0xF7,0xF3,0xC1,0xED,0xFF,
    0xFF,0xE1,0x10,0xF7,0xF7,0xF7,0xF3,0xF8,0xFF,0xFF,0xFF,0xFF,0xFF,0xFB,0xFF,0xFF,
    0xEF,0xEF,0xEF,0xFC,0xFC,0xFC,0xFE,0xFF,0xFF,0xFE,0xFE,0xFF,0xFF,0xFE,0xFC,0xFC,
    0xFE,0xEC,0x01,0xFF,0xFF,0xFF,0xFF,0xFF,0xFF,0xFF,0xFF,0xFF,0xFF,0xFF,0xFF,0xFF,
    0xFF,0xFF,0xFF,0xFF,0xFF,0xFF,0xFF,0xFF,0xFF,0xF0,0x03,0xFF,0xFF,0xFF,0xFF,0xFF,
    0x9F,0x8F,0x8F,0x8F,0x9F,0x9F,0x9F,0x9F,0xBF,0xFF,0x87,0x97,0x9F,0x9F,0x9F,0x9F,
    0x9F,0x9F,0x9F,0x9F,0x9F,0x9F,0x9F,0xDF,0xFF,0xFE,0xDC,0x0B,0xF3,0xFF,0xFF,0xFF,
    0x7F,0xD7,0xC7,0x87,0xF7,0xFF,0xFF,0xFF,0xFF,0xFF,0xFF,0xFF,0xFF,0xFF,0xFF,0x3F,
    0x9F,0xE0,0xFF,0xFF,0xF9,0xFB,0xDF,0xCF,0xEF,0xFF,0xFF,0xFF,0xFF,0xF7,0xFF,0xF7,
    0xF7,0xE3,0xE3,0xE3,0xE7,0xE7,0xE7,0xE7,0xE3,0xE3,0xF3,0xF3,0xF7,0xF3,0xF3,0xF3,
    0xB3,0xB7,0xB7,0xB2,0xB6,0xB6,0xB2,0xBB,0xB7,0xB7,0xF0,0xC7,0x9F,0xBF,0x9E,0x9C,
    0x81,0x9D,0xBD,0xBD,0xBE,0xBE,0xBF,0xBF,0xBF,0xFB,0xB3,0xFF,0xF7,0xF3,0xF3,0xF3,
    0xF3,0xF1,0xF3,0xF3,0xF1,0xF6,0xF0,0xF1,
  },
  {
    0x1F,0x1F,0x9F,0xDF,0xCF,0xCF,0xCF,0x8F,0xEF,0xFF,0xFF,0x7F,0xFF,0xFF,0xFF,0xFF,
    0xFF,0xFF,0xFF,0xFF,0xF7,0xFB,0xF7,0xEF,0xDF,0x3F,0xFF,0xFF,0xFF,0xFF,0xFF,0xFF,
    0xFF,0xFF,0xFF,0xFF,0xFF,0xFF,0xFF,0xFF,0xFF,0xFF,0xFF,0xFF,0xFF,0x0F,0x06,0x07,
    0x4E,0xFC,0xFE,0xFF,0xFF,0xFF,0xFF,0xE6,0xE6,0xE7,0xE7,0xC7,0xC7,0xCF,0xCF,0xFF,
    0xFF,0xFC,0xFC,0xFF,0xFF,0xFF,0xFF,0xFF,0xFF,0xFF,0xFF,0xFB,0xCF,0x06,0xCB,0x87,
    0xFF,0xFC,0xF3,0xF7,0xF3,0xFF,0xF7,0xF7,0xE7,0xEF,0xEF,0xF7,0xF7,0x3B,0x3B,0xDD,
    0xDD,0xED,0xCE,0xC6,0xB7,0xFF,0xF3,0xBF,0x8F,0x8F,0x9F,0xDF,0xDF,0xFF,0x7F,0x7F,
    0x7F,0x1F,0xBF,0xBF,0xBF,0x3F,0x3F,0x3F,0x3F,0x3F,0xBF,0x3F,0x3F,0x3F,0x3F,0x3F,
    0x3F,0x3F,0x7F,0x7E,0x2E,0xFC,0xC3,0xCD,0xED,0xFF,0xFF,0x9F,0xFF,0xF3,0xE2,0xE6,
    0xE0,0xE3,0xFF,0x7F,0x07,0xF3,0xF9,0xFD,0xFC,0xFE,0xFF,0xFF,0xFF,0xFF,0xFF,0xFF,
    0xFF,0xFF,0xFF,0xFF,0xFF,0xF8,0xFB,0xFF,0xFF,0xF7,0xF7,0xFF,0xFF,0xDF,0x9F,0x9F,
    0x3F,0x1F,0x9F,0x8F,0x76,0xFE,0xFF,0x3E,0xDE,0xDF,0xCF,0x38,0xBC,0xFC,0xDD,0xFD,
    0xFD,0xF9,0xFD,0xFD,0xFF,0xFE,0xFE,0xFE,0xFE,0xFE,0xFC,0x7A,0x7B,0xB0,0x87,0xBF,
    0x7F,0xFF,0xFF,0xFF,0xFF,0xFF,0xFF,0xFF,0xFF,0xFF,0xFF,0xFF,0x1F,0x1F,0x0F,0x0F,
    0x1F,0x3F,0x3F,0x3F,0x3F,0x7F,0xFF,0xF9,0x3E,0xFF,0xFF,0xEF,0x77,0xBE,0xF8,0xDB,
    0xDB,0xFC,0xC0,0xF3,0xF7,0xEF,0xDF,0xDF,0xF3,0xF1,0xF7,0xF7,0xF3,0xC1,0xED,0xFF,
    0xFF,0xE1,0x10,0xF7,0xF7,0xF7,0xF3,0xF8,0xFF,0xFF,0xFF,0xFF,0xFF,0xFB,0xFF,0xFF,
    0xEF,0xEF,0xEF,0xFC,0xFC,0xFC,0xFE,0xFF,0xFF,0xFE,0xFE,0xFF,0xFF,0xFE,0xFC,0xFC,
    0xFE,0xEC,0x01,0xFF,0xFF,0xFF,0xFF,0xFF,0xFF,0xFF,0xFF,0xFF,0xFF,0xFF,0xFF,0xFF,
    0xFF,0xFF,0xFF,0xFF,0xFF,0xFF,0xFF,0xFF,0xFF,0xF0,0x03,0xFF,0xFF,0xFF,0xFF,0xFF,
    0x9F,0x8F,0x8F,0x8F,0x9F,0x9F,0x9F,0xDF,0xBF,0xFF,0x87,0x97,0x9F,0x9F,0x9F,0x9F,
    0x9F,0x9F,0x9F,0x9F,0x9F,0x9F,0x9F,0xDF,0xFF,0xFE,0xDC,0x0B,0xF3,0xFF,0xFF,0xFF,
    0x7F,0xD7,0xC7,0x87,0xF7,0xFF,0xFF,0xFF,0xFF,0xFF,0xFF,0xFF,0xFF,0xFF,0xFF,0x3F,
    0x9F,0xE0,0xFF,0xFF,0xF9,0xFB,0xDF,0xCF,0xEF,0xFF,0xFF,0xFF,0xFF,0xF7,0xFF,0xF7,
    0xF7,0xE3,0xE3,0xE3,0xE7,0xE7,0xE7,0xE7,0xE3,0xE3,0xF3,0xF3,0xF7,0xF3,0xF3,0xF3,
    0xB3,0xB7,0xB7,0xB2,0xB6,0xB6,0xB2,0xBB,0xB7,0xB7,0xF0,0xC7,0x9F,0xBF,0x9E,0x9C,
    0x81,0x9D,0xBD,0xBD,0xBE,0xBE,0xBF,0xBF,0xBF,0xFB,0xB3,0xFF,0xF7,0xF3,0xF3,0xF3,
    0xF3,0xF1,0xF3,0xF3,0xF1,0xF6,0xF0,0xF1,
  },
  {
    0x1F,0x1F,0x9F,0xCF,0xCF,0xCF,0xCF,0x8F,0xEF,0xFF,0xFF,0x7F,0xFF,0xFF,0xFF,0x5F,
    0xDF,0x9F,0xBF,0x7F,0x7F,0x7F,0xFF,0xFF,0xFF,0xFF,0xFF,0xFF,0xFF,0xFF,0xFF,0xFF,
    0xFF,0xFF,0xFF,0xFF,0xFF,0xFF,0xFF,0xFF,0xFF,0xFF,0xFF,0xFF,0x7F,0x0F,0x06,0x07,
    0xCE,0xFC,0xFC,0xFE,0xFF,0xFF,0xFF,0xE6,0xE6,0xE7,0xE7,0xC7,0xC7,0xCF,0xCF,0xDF,
    0xFF,0xFC,0xFC,0xFF,0xFF,0xFF,0xFC,0xFF,0xDB,0xB7,0x07,0xFF,0xCF,0xEE,0x7E,0x7D,
    0xF9,0xFD,0xFD,0xFD,0xF9,0x7D,0xBB,0x7B,0xFB,0xFB,0xFF,0x9D,0xDF,0x3F,0xFF,0xEF,
    0x36,0x66,0xF3,0xB3,0xEF,0xF2,0xFC,0xBF,0x8F,0x0F,0x9F,0xDF,0xDF,0xFF,0x7F,0x7F,
    0x7F,0x1F,0x9F,0xBF,0xBF,0x3F,0x3F,0x3F,0x3F,0x3F,0xBF,0x3F,0x3F,0x3F,0x3F,0x3F,
    0x3F,0x3E,0x0E,0x38,0x71,0x60,0x73,0xFB,0xEF,0xEF,0x6F,0x7F,0xF0,0xF3,0xB0,0xB0,
    0xBF,0xFF,0xCD,0x9D,0xBC,0x7E,0xFE,0xFF,0xFF,0xFF,0xFF,0xFF,0xFF,0xFF,0xFF,0xFF,
    0xFF,0xFF,0xFE,0xFF,0xFF,0xF8,0xFB,0xFF,0xFF,0xF7,0xF7,0xFF,0xFF,0x9F,0x9F,0x9F,
    0x1E,0x1F,0x9F,0xBE,0xBE,0x7E,0xFE,0x3E,0x0E,0xBE,0xFF,0x3F,0xFF,0xFE,0xFE,0xFE,
    0xFE,0xFF,0xFF,0xFF,0xFF,0xFF,0xFF,0xFF,0xFF,0xFF,0xFF,0x80,0x00,0xFF,0xFF,0xFF,
    0xFF,0xFF,0xFF,0xFF,0xFF,0xFF,0xFF,0xFF,0xFF,0xFF,0xFF,0xFF,0x1F,0x1F,0x0F,0x0F,
    0x1F,0x3F,0x3F,0x3F,0x3F,0x7F,0xFF,0x7F,0x7F,0x7F,0xFF,0xFF,0xFF,0xFF,0xC1,0x00,
    0xE3,0xFB,0xF8,0xFF,0xFF,0xF8,0xB9,0xFB,0xF7,0xF6,0xF1,0xFB,0xFB,0xE1,0xC8,0xB9,
    0x7D,0xFF,0xBF,0xCC,0xFB,0xFF,0xFF,0xFF,0xFF,0xFF,0xFF,0xFF,0xFB,0xFB,0xFF,0xFF,
    0xEF,0xEF,0xEF,0xFC,0xFC,0xFC,0xFE,0xFF,0xFF,0xFE,0xFE,0xFE,0xFF,0xFE,0xFC,0xFC,
    0xFE,0xFF,0x7F,0xC7,0xF3,0xFC,0xFF,0xFF,0xFF,0xFF,0xFF,0xFF,0xFF,0xFF,0xFF,0xFF,
    0xFF,0xFF,0xFF,0xFF,0xFF,0xFF,0xFF,0xFF,0xFC,0xC1,0x1F,0xF3,0xE7,0x3F,0xFF,0xFF,
    0xDF,0x8F,0x8F,0x8F,0x9F,0x9F,0x9F,0xDF,0xBF,0xFF,0x87,0x97,0x9F,0x9F,0x9F,0x9F,
    0x9F,0x9F,0x9F,0x9F,0x9F,0x9F,0x9F,0xDF,0xFF,0xF8,0xCF,0xBF,0x7F,0x7F,0xFF,0xFF,
    0xFF,0xFF,0xFF,0xFF,0xFF,0x3F,0xFF,0xFF,0xFF,0xFF,0xFF,0xFF,0xFF,0xFF,0x7F,0x9F,
    0xE7,0xF8,0xF9,0xFC,0xFE,0xFB,0xDF,0xDF,0xEF,0xFF,0xEF,0xFF,0xFF,0xF7,0xFF,0xF7,
    0xF7,0xE3,0xE3,0xE3,0xE7,0xE7,0xE7,0xE7,0xE3,0xE3,0xE3,0xF3,0xF3,0xF3,0xF3,0xF3,
    0xB3,0xB7,0xB7,0xB3,0xB6,0xB6,0xF8,0xF3,0x8F,0x9F,0xDF,0xDF,0x83,0x9F,0x9F,0x9F,
    0x9F,0x8F,0xB3,0xB9,0xBE,0xBF,0xBF,0xBF,0xBF,0xFB,0xB3,0xF7,0xF3,0xF3,0xF3,0xF3,
    0xF3,0xF1,0xF3,0xF3,0xF0,0xF6,0xF0,0xF1,
  },
  {
    0x1F,0x1F,0x9F,0xCF,0xCF,0xCF,0xCF,0x8F,0xEF,0xFF,0xFF,0x7F,0xFF,0xFF,0xFF,0x5F,
    0xDF,0x9F,0xBF,0x7F,0x7F,0x7F,0xFF,0xFF,0xFF,0xFF,0xFF,0xFF,0xFF,0xFF,0xFF,0xFF,
    0xFF,0xFF,0xFF,0xFF,0xFF,0xFF,0xFF,0xFF,0xFF,0xFF,0xFF,0xFF,0x7F,0x0F,0x06,0x07,
    0xCE,0xFC,0xFC,0xFE,0xFF,0xFF,0xFF,0xE6,0xE6,0xE7,0xE7,0xC7,0xC7,0xCF,0xCF,0xDF,
    0xFF,0xFC,0xFC,0xFF,0xFF,0xFF,0xFC,0xFF,0xDB,0xB7,0x07,0xFF,0xCF,0xEE,0x7E,0x7D,
    0xF9,0xFD,0xFD,0xFD,0xF9,0x7D,0xBB,0x7B,0xFB,0xFB,0xFF,0x9D,0xDF,0x3F,0xFF,0x6F,
    0x36,0x66,0xF3,0xB3,0xEF,0xF2,0xFC,0xBF,0x8F,0x0F,0x9F,0xDF,0xDF,0xFF,0x7F,0x7F,
    0x7F,0x1F,0x9F,0xBF,0xBF,0x3F,0x3F,0x3F,0x3F,0x3F,0xBF,0x3F,0x3F,0x3F,0x3F,0x3F,
    0x3F,0x3E,0x0E,0x38,0x71,0x60,0x73,0xFB,0xEF,0xEF,0x6F,0x7F,0xF0,0xF3,0xB0,0xB0,
    0xBF,0xFF,0xCD,0x9D,0xBC,0x7E,0xFE,0xFF,0xFF,0xFF,0xFF,0xFF,0xFF,0xFF,0xFF,0xFF,
    0xFF,0xFF,0xFE,0xFF,0xFF,0xF8,0xFB,0xFF,0xFF,0xF7,0xF7,0xFF,0xFF,0x9F,0x9F,0x9F,
    0x1E,0x1F,0x9F,0xBE,0xBE,0x7E,0xFE,0x3E,0x0E,0xBE,0xFF,0x3F,0xFF,0xFE,0xFE,0xFE,
    0xFE,0xFF,0xFF,0xFF,0xFF,0xFF,0xFF,0xFF,0xFF,0xFF,0xFF,0x80,0x00,0xFF,0xFF,0xFF,
    0xFF,0xFF,0xFF,0xFF,0xFF,0xFF,0xFF,0xFF,0xFF,0xFF,0xFF,0xFF,0x1F,0x1F,0x0F,0x0F,
    0x1F,0x3F,0x3F,0x3F,0x3F,0x7F,0xFF,0x7F,0x7F,0x7F,0xFF,0xFF,0xFF,0xFF,0xC1,0x00,
    0xE3,0xFB,0xF8,0xFF,0xFF,0xF8,0xB9,0xFB,0xF7,0xF6,0xF1,0xFB,0xFB,0xE1,0xC8,0xB9,
    0x7D,0xFF,0xBF,0xCC,0xFB,0xFF,0xFF,0xFF,0xFF,0xFF,0xFF,0xFF,0xFB,0xFB,0xFF,0xFF,
    0xEF,0xEF,0xEF,0xFC,0xFC,0xFC,0xFE,0xFF,0xFF,0xFE,0xFE,0xFE,0xFF,0xFE,0xFC,0xFC,
    0xFE,0xFF,0x7F,0xC7,0xF3,0xFC,0xFF,0xFF,0xFF,0xFF,0xFF,0xFF,0xFF,0xFF,0xFF,0xFF,
    0xFF,0xFF,0xFF,0xFF,0xFF,0xFF,0xFF,0xFF,0xFC,0xC1,0x1F,0xF3,0xE7,0x3F,0xFF,0xFF,
    0xDF,0x8F,0x8F,0x8F,0x9F,0x9F,0x9F,0xDF,0xBF,0xFF,0x87,0x97,0x9F,0x9F,0x9F,0x9F,
    0x9F,0x9F,0x9F,0x9F,0x9F,0x9F,0x9F,0xDF,0xFF,0xF8,0xCF,0xBF,0x7F,0x7F,0xFF,0xFF,
    0xFF,0xFF,0xFF,0xFF,0xFF,0x3F,0xFF,0xFF,0xFF,0xFF,0xFF,0xFF,0xFF,0xFF,0x7F,0x9F,
    0xE7,0xF8,0xF9,0xFC,0xFE,0xFB,0xDF,0xDF,0xEF,0xFF,0xEF,0xFF,0xFF,0xF7,0xFF,0xF7,
    0xF7,0xE3,0xE3,0xE3,0xE7,0xE7,0xE7,0xE7,0xE3,0xE3,0xE3,0xF3,0xF3,0xF3,0xF3,0xF3,
    0xB3,0xB7,0xB7,0xB3,0xB6,0xB6,0xF8,0xF3,0x8F,0x9F,0xDF,0xDF,0x83,0x9F,0x9F,0x9F,
    0x9F,0x8F,0xB3,0xB9,0xBC,0xBF,0xBF,0xBF,0xBF,0xFB,0xB3,0xF7,0xF3,0xF3,0xF3,0xF3,
    0xF3,0xF1,0xF3,0xF3,0xF0,0xF6,0xF0,0xF1,
  },
  {
    0x1F,0x1F,0x9F,0xCF,0xCF,0xCF,0xCF,0x8F,0xEF,0xFF,0xFF,0x7F,0xFF,0xFF,0xFF,0x5F,
    0xDF,0x9F,0xBF,0x7F,0x7F,0x7F,0xFF,0xFF,0xFF,0xFF,0xFF,0xFF,0xFF,0xFF,0xFF,0xFF,
    0xFF,0xFF,0xFF,0xFF,0xFF,0xFF,0xFF,0xFF,0xFF,0xFF,0xFF,0xFF,0x7F,0x0F,0x06,0x07,
    0xCE,0xFC,0xFC,0xFE,0xFF,0xFF,0xFF,0xE6,0xE6,0xE7,0xE7,0xC7,0xC7,0xCF,0xCF,0xDF,
    0xFF,0xFC,0xFC,0xFF,0xFF,0xFF,0xFC,0xFF,0xDB,0xB7,0x07,0xF7,0xCF,0xEE,0x7E,0x7D,
    0xF9,0xFD,0xFD,0xFD,0xF9,0x7D,0xBB,0x7B,0xFB,0xFB,0xFF,0x1D,0xDF,0x3F,0xFF,0x6F,
    0x36,0xE6,0xE3,0xB3,0xEF,0xF2,0xFC,0xBF,0x8F,0x0F,0x9F,0xDF,0xDF,0xFF,0x7F,0x7F,
    0x7F,0x1F,0x9F,0xBF,0xBF,0x3F,0x3F,0x3F,0x3F,0x3F,0xBF,0x3F,0x3F,0x3F,0x3F,0x3F,
    0x3F,0x3E,0x0E,0x30,0x71,0x60,0x73,0xFB,0xEF,0xEF,0x7F,0x7F,0xF0,0xF3,0xB0,0xB0,
    0xBF,0xFF,0x8D,0x9D,0xBC,0x7E,0xFE,0xFF,0xFF,0xFF,0xFF,0xFF,0xFF,0xFF,0xFF,0xFF,
    0xFF,0xFF,0xFE,0xFF,0xFF,0xF8,0xFB,0xFF,0xFF,0xF7,0xF7,0xFF,0xFF,0x9F,0x9F,0x1F,
    0x1E,0x1F,0x9F,0xBE,0xBE,0x7E,0xFE,0x3E,0x0E,0xBE,0xFF,0x3F,0xFF,0xFE,0xFE,0xFE,
    0xFE,0xFF,0xFF,0xFF,0xFF,0xFF,0xFF,0xFF,0xFF,0xFF,0xFF,0x80,0x00,0xFF,0xFF,0xFF,
    0xFF,0xFF,0xFF,0xFF,0xFF,0xFF,0xFF,0xFF,0xFF,0xFF,0xFF,0xFF,0x1F,0x1F,0x0F,0x0F,
    0x1F,0x3F,0x3F,0x3F,0x3F,0x7F,0xFF,0x7F,0x7F,0x7F,0xFF,0xFF,0xFF,0xFF,0xC1,0x00,
    0xE3,0xFB,0xF8,0xEF,0xFF,0xFA,0xB9,0xFB,0xFF,0xF6,0xF1,0xFB,0xFB,0xE1,0xC9,0xB9,
    0x7D,0xFF,0xBF,0xCC,0xFB,0xFF,0xFF,0xFF,0xFF,0xFF,0xFF,0xFF,0xFB,0xFB,0xFF,0xFF,
    0xEF,0xEF,0xEF,0xFC,0xFC,0xFC,0xFE,0xFF,0xFF,0xFE,0xFE,0xFE,0xFF,0xFE,0xFC,0xFC,
    0xFE,0xFF,0x7F,0xC7,0xF3,0xFC,0xFF,0xFF,0xFF,0xFF,0xFF,0xFF,0xFF,0xFF,0xFF,0xFF,
    0xFF,0xFF,0xFF,0xFF,0xFF,0xFF,0xFF,0xFF,0xFC,0xC1,0x1B,0xF3,0xE7,0x3F,0xFF,0xFF,
    0xDF,0x8F,0x8F,0x8F,0x9F,0x9F,0x9F,0xDF,0xBF,0xFF,0x87,0x97,0x9F,0x9F,0x9F,0x9F,
    0x9F,0x9F,0x9F,0x9F,0x9F,0x9F,0x9F,0xDF,0xFF,0xF8,0xCF,0x9F,0x7F,0x7F,0xFF,0xFF,
    0xFF,0xFF,0xFF,0xFF,0xFF,0x3F,0xFF,0xFF,0xFF,0xFF,0xFF,0xFF,0xFF,0xFF,0x7F,0x9F,
    0xE7,0xF8,0xF9,0xFC,0xFE,0xFB,0xDF,0xDF,0xEF,0xFF,0xEF,0xFF,0xFF,0xF7,0xFF,0xF7,
    0xF7,0xE3,0xE3,0xE3,0xE7,0xE7,0xE7,0xE7,0xE3,0xE3,0xF3,0xF3,0xF7,0xF3,0xF3,0xF3,
    0xB3,0xB7,0xB7,0xB3,0xB6,0xB6,0xF8,0xF3,0x8F,0x9F,0xDF,0xDF,0x83,0x9F,0x9F,0x9F,
    0x9F,0x8F,0xB3,0xB9,0xBE,0xBF,0xBF,0xBF,0xBF,0xFB,0xB3,0xF7,0xF3,0xF3,0xF3,0xF3,
    0xF3,0xF1,0xF3,0xF3,0xF0,0xF6,0xF0,0xF1,
  },
  {
    0x1F,0x1F,0x9F,0xCF,0xCF,0xCF,0xCF,0x8F,0xEF,0xFF,0xFF,0x7F,0xFF,0xFF,0xDF,0xDF,
    0xBF,0xBF,0xFF,0x7F,0x7F,0xFF,0xFF,0xFF,0xFF,0xFF,0xFF,0xFF,0xFF,0xFF,0xFF,0xFF,
    0xFF,0xFF,0xFF,0xFF,0xFF,0xFF,0xFF,0xFF,0xFF,0xFF,0xFF,0xFF,0xFF,0x07,0x86,0x07,
    0xCE,0xFC,0xFC,0xFE,0xFF,0xFF,0xFF,0xE6,0xE6,0xE7,0xE7,0xC7,0xC7,0xCF,0xCF,0xDF,
    0xFF,0xFC,0xFC,0xFF,0xFF,0xFF,0xFB,0xFB,0xD7,0x27,0x07,0xCF,0xCE,0xFE,0x7F,0x7D,
    0xFD,0xFD,0xFD,0xFD,0xFD,0x3D,0xBD,0x7B,0xFB,0xFF,0xFD,0xDD,0x1D,0xFF,0xFF,0x6F,
    0x26,0xE6,0xF6,0xB2,0xEE,0xF0,0xFC,0xBF,0x8F,0x0F,0x9F,0xDF,0xDF,0xFF,0x7F,0x7F,
    0x7F,0x1F,0x9F,0xBF,0xBF,0x3F,0x3F,0x3F,0x3F,0x3F,0xBF,0x3F,0x3F,0x3F,0x3F,0x3F,
    0x3F,0x3E,0x04,0xBF,0x60,0x73,0x73,0xFF,0x6F,0x6F,0x7F,0x78,0xF1,0xB3,0xF0,0x98,
    0xFF,0xFF,0x81,0x9D,0x3C,0x7E,0xFE,0xFF,0xFF,0xFF,0xFF,0xFF,0xFF,0xFF,0xFF,0xFF,
    0xFF,0xFF,0xFE,0xFF,0xFF,0xF8,0xFB,0xFF,0xFF,0xF7,0xF7,0xFF,0xFF,0x9F,0x9F,0x1F,
    0x1E,0x1F,0x9F,0xBE,0xBE,0x7E,0xFE,0x3E,0x1E,0xFE,0xFD,0xCF,0xFF,0xFF,0xFE,0xFE,
    0xFE,0xFF,0xFF,0xFF,0xFF,0xFF,0xFF,0xFF,0xFF,0xFF,0x7D,0x08,0x60,0xF7,0xFF,0xFF,
    0xFF,0xFF,0xFF,0xFF,0xFF,0xFF,0xFF,0xFF,0xFF,0xFF,0xFF,0xFF,0x1F,0x1F,0x0F,0x0F,
    0x1F,0x3F,0x3F,0x3F,0x3F,0x7F,0xFF,0x7F,0x7F,0x7F,0xFF,0xFF,0xFF,0xFF,0x00,0x80,
    0xF3,0xF8,0xF3,0xDF,0xBF,0xF8,0xFB,0xF7,0xF7,0xF8,0xF9,0xFB,0xFB,0xE1,0xD8,0xF9,
    0x7F,0xFF,0xBF,0xC0,0xFF,0xFF,0xFF,0xFF,0xFF,0xFF,0xFF,0xFF,0xFB,0xFB,0xFF,0xFF,
    0xEF,0xEF,0xEF,0xFC,0xFC,0xFC,0xFE,0xFF,0xFF,0xFE,0xFE,0xFE,0xFF,0xFE,0xFC,0xFC,
    0xFE,0xFF,0xFF,0x03,0xFB,0xFE,0xFF,0xFF,0xFF,0xFF,0xFF,0xFF,0xFF,0xFF,0xFF,0xFF,
    0xFF,0xFF,0xFF,0xFF,0xFF,0xFF,0xFF,0xFE,0xFC,0xC6,0x7E,0xFD,0xFD,0xF3,0xE7,0x1F,
    0xFF,0x8F,0x8F,0x8F,0x9F,0x9F,0x9F,0xDF,0xBF,0xFF,0x87,0x97,0x9F,0x9F,0x9F,0x9F,
    0x9F,0x9F,0x9F,0x9F,0x9F,0x9F,0x9F,0xDF,0xFF,0xFC,0xC3,0xBF,0x7F,0xFF,0xFF,0xFF,
    0xFF,0xFF,0xFF,0xFF,0xFF,0xBF,0xFF,0xFF,0xFF,0xFF,0xFF,0xFF,0xFF,0xFF,0x7F,0x9F,
    0xCF,0xEE,0xEF,0xF7,0xFB,0xF9,0xDE,0xDF,0xFF,0xFF,0xFF,0xFF,0xFF,0xF7,0xFF,0xF7,
    0xF7,0xE3,0xE3,0xE3,0xE7,0xE7,0xE7,0xE7,0xE3,0xE3,0xE3,0xF3,0xF7,0xF3,0xF3,0xF3,
    0xB3,0xB7,0xB3,0xB3,0xB6,0xB6,0xFD,0xF1,0x87,0x9F,0x9F,0xDF,0x9E,0x9F,0x9F,0x9F,
    0x9F,0x8F,0xB7,0xB9,0xBC,0xBF,0xBF,0xBF,0xBF,0xFB,0xB3,0xF7,0xF3,0xF3,0xF3,0xF3,
    0xF3,0xF1,0xF3,0xF3,0xF0,0xF6,0xF0,0xF1,
  },
  {
    0x1F,0x1F,0x9F,0xCF,0xCF,0xCF,0xCF,0x8F,0xEF,0xFF,0xFF,0x7F,0xFF,0xFF,0xDF,0xDF,
    0xBF,0xBF,0xFF,0x7F,0x7F,0xFF,0xFF,0xFF,0xFF,0xFF,0xFF,0xFF,0xFF,0xFF,0xFF,0xFF,
    0xFF,0xFF,0xFF,0xFF,0xFF,0xFF,0xFF,0xFF,0xFF,0xFF,0xFF,0xFF,0xFF,0x07,0x86,0x07,
    0xCE,0xFC,0xFC,0xFE,0xFF,0xFF,0xFF,0xE6,0xE6,0xE7,0xE7,0xC7,0xC7,0xCF,0xCF,0xDF,
    0xFF,0xFC,0xF8,0xFF,0xFF,0xFF,0xFB,0xFB,0xD7,0x27,0x07,0xCF,0xCE,0xFE,0x7F,0x7D,
    0xFD,0xFD,0xFD,0xFD,0xFD,0x3D,0xBD,0x7B,0xFB,0xFF,0xFD,0xDD,0x9D,0xFF,0xFF,0x6F,
    0x26,0xE6,0xF2,0xB2,0xEE,0xF0,0xFE,0xBF,0x8F,0x0F,0x9F,0xDF,0xDF,0xFF,0x7F,0x7F,
    0x7F,0x1F,0x9F,0xBF,0xBF,0x3F,0x3F,0x3F,0x3F,0x3F,0xBF,0x3F,0x3F,0x3F,0x3F,0x3F,
    0x3F,0x3E,0x04,0xBF,0x60,0x73,0x73,0xFF,0x6F,0x6F,0x7F,0x78,0xF1,0xB3,0xF0,0x98,
    0xFF,0xFF,0x81,0x9D,0x3C,0x7E,0xFE,0xFF,0xFF,0xFF,0xFF,0xFF,0xFF,0xFF,0xFF,0xFF,
    0xFF,0xFF,0xFE,0xFF,0xFF,0xF8,0xFB,0xFF,0xFF,0xF7,0xF7,0xFF,0xFF,0x9F,0x9F,0x1F,
    0x1E,0x1F,0x9F,0xBE,0xBE,0x7E,0xFE,0x3E,0x1E,0xFE,0xFD,0xCF,0xFF,0xFF,0xFE,0xFE,
    0xFE,0xFF,0xFF,0xFF,0xFF,0xFF,0xFF,0xFF,0xFF,0xFF,0x7D,0x08,0x60,0xFF,0xFF,0xFF,
    0xFF,0xFF,0xFF,0xFF,0xFF,0xFF,0xFF,0xFF,0xFF,0xFF,0xFF,0xFF,0x1F,0x1F,0x0F,0x0F,
    0x1F,0x3F,0x3F,0x3F,0x3F,0x7F,0xFF,0x7F,0x7F,0x7F,0xFF,0xFF,0xFF,0xFF,0x00,0x80,
    0xF3,0xF8,0xF3,0xDF,0xBF,0xF8,0xFB,0xF7,0xF7,0xF8,0xF9,0xFB,0xFB,0xE1,0xD8,0xF9,
    0x7F,0xFF,0xBF,0xC0,0xFF,0xFF,0xFF,0xFF,0xFF,0xFF,0xFF,0xFF,0xFB,0xFB,0xFF,0xFF,
    0xEF,0xEF,0xEF,0xFC,0xFC,0xFC,0xFE,0xFF,0xFF,0xFE,0xFE,0xFE,0xFF,0xFE,0xFC,0xFC,
    0xFE,0xFF,0xFF,0x07,0xFB,0xFE,0xFF,0xFF,0xFF,0xFF,0xFF,0xFF,0xFF,0xFF,0xFF,0xFF,
    0xFF,0xFF,0xFF,0xFF,0xFF,0xFF,0xFF,0xFE,0xFC,0x86,0x5E,0xFD,0xFD,0xFB,0xE7,0x1F,
    0xFF,0x8F,0x8F,0x8F,0x9F,0x9F,0x9F,0xDF,0xBF,0xFF,0x87,0x97,0x9F,0x9F,0x9F,0x9F,
    0x9F,0x9F,0x9F,0x9F,0x9F,0x9F,0x9F,0xDF,0xFF,0xFC,0xC3,0xBF,0x7F,0xFF,0xFF,0xFF,
    0xFF,0xFF,0xFF,0xFF,0xFF,0xBF,0xFF,0xFF,0xFF,0xFF,0xFF,0xFF,0xFF,0xFF,0x7F,0x9F,
    0xCF,0xEE,0xEF,0xF7,0xFB,0xF9,0xDE,0xCF,0xFF,0xFF,0xFF,0xFF,0xFF,0xF7,0xFF,0xF7,
    0xF7,0xE3,0xE3,0xE3,0xE7,0xE7,0xE7,0xE7,0xE3,0xE3,0xE3,0xF3,0xF7,0xF3,0xF3,0xF3,
    0xB3,0xB7,0xB3,0xB3,0xB6,0xB6,0xFD,0xF1,0x87,0x9F,0x9F,0xDF,0x96,0x9F,0x9F,0x9F,
    0x9F,0x8F,0xB7,0xB9,0xBC,0xBF,0xBF,0xBF,0xBF,0xFB,0xB3,0xF7,0xF3,0xF3,0xF3,0xF3,
    0xF3,0xF1,0xF3,0xF3,0xF0,0xF6,0xF0,0xF1,
  },
  {
    0x1F,0x1F,0x9F,0xCF,0xCF,0xCF,0xCF,0x8F,0xEF,0xFF,0xFF,0x7F,0xFF,0xFF,0xDF,0xDF,
    0xBF,0xBF,0xFF,0x7F,0x7F,0xFF,0xFF,0xFF,0xFF,0xFF,0xFF,0xFF,0xFF,0xFF,0xFF,0xFF,
    0xFF,0xFF,0xFF,0xFF,0xFF,0xFF,0xFF,0xFF,0xFF,0xFF,0xFF,0xFF,0xFF,0x07,0x86,0x07,
    0xCE,0xFC,0xFC,0xFE,0xFF,0xFF,0xFF,0xE6,0xE6,0xE7,0xE7,0xC7,0xC7,0xCF,0xCF,0xDF,
    0xFF,0xFC,0xF8,0xFF,0xFF,0xFF,0xFB,0xFB,0xD7,0x27,0x07,0xCF,0xCE,0xFE,0x7F,0x7D,
    0xFD,0xFF,0xFD,0xFD,0xFD,0x3D,0xBD,0x7B,0xFB,0xFF,0xDD,0xDD,0x9D,0xFF,0xFF,0x6F,
    0x26,0xE6,0xF6,0xB2,0xEF,0xF0,0xFE,0xBF,0x8F,0x0F,0x9F,0xDF,0xDF,0xFF,0x7F,0x7F,
    0x7F,0x1F,0x9F,0xBF,0xBF,0x3F,0x3F,0x3F,0x3F,0x3F,0xBF,0x3F,0x3F,0x3F,0x3F,0x3F,
    0x3F,0x3E,0x04,0xBF,0x60,0x73,0x73,0xFF,0x6F,0x6F,0x7F,0x78,0xF1,0xB3,0xF0,0x98,
    0xFF,0xFF,0x81,0x9D,0x3C,0x7E,0xFE,0xFF,0xFF,0xFF,0xFF,0xFF,0xFF,0xFF,0xFF,0xFF,
    0xFF,0xFF,0xFE,0xFF,0xFF,0xF8,0xFB,0xFF,0xFF,0xF7,0xF7,0xFF,0xFF,0x9F,0x9F,0x1F,
    0x1E,0x1F,0x9F,0xBE,0xBE,0x7E,0xFE,0x3E,0x1E,0xFE,0xFD,0xCF,0xFF,0xFF,0xFE,0xFE,
    0xFE,0xFF,0xFF,0xFF,0xFF,0xFF,0xFF,0xFF,0xFF,0xFF,0x7D,0x08,0x60,0xFF,0xFF,0xFF,
    0xFF,0xFF,0xFF,0xFF,0xFF,0xFF,0xFF,0xFF,0xFF,0xFF,0xFF,0xFF,0x1F,0x1F,0x0F,0x0F,
    0x1F,0x3F,0x3F,0x3F,0x3F,0x7F,0xFF,0x7F,0x7F,0x7F,0xFF,0xFF,0xFF,0xFF,0x00,0x80,
    0xF3,0xF8,0xF3,0xDF,0xBF,0xF0,0xFB,0xF7,0xF7,0xF8,0xF9,0xFB,0xFB,0xE1,0xD8,0xF9,
    0x7F,0x7F,0xBF,0xC0,0xFF,0xFF,0xFF,0xFF,0xFF,0xFF,0xFF,0xFF,0xFB,0xFB,0xFF,0xFF,
    0xEF,0xEF,0xEF,0xFC,0xFC,0xFC,0xFE,0xFF,0xFF,0xFE,0xFE,0xFE,0xFF,0xFE,0xFC,0xFC,
    0xFE,0xFF,0xFF,0x07,0xFB,0xFE,0xFF,0xFF,0xFF,0xFF,0xFF,0xFF,0xFF,0xFF,0xFF,0xFF,
    0xFF,0xFF,0xFF,0xFF,0xFF,0xFF,0xFF,0xFE,0xFC,0x86,0x1E,0xFD,0xFD,0xF3,0xE7,0x1F,
    0xFF,0x8F,0x8F,0x8F,0x9F,0x9F,0x9F,0xDF,0xBF,0xFF,0x87,0x97,0x9F,0x9F,0x9F,0x9F,
    0x9F,0x9F,0x9F,0x9F,0x9F,0x9F,0x9F,0xDF,0xFF,0xFC,0xC3,0xBF,0x7F,0xFF,0xFF,0xFF,
    0xFF,0xFF,0xFF,0xFF,0xFF,0xBF,0xFF,0xFF,0xFF,0xFF,0xFF,0xFF,0xFF,0xFF,0x7F,0x9F,
    0xCF,0xEE,0xEF,0xF7,0xFB,0xF9,0xDE,0xCF,0xFF,0xFF,0xFF,0xFF,0xFF,0xF7,0xFF,0xF7,
    0xF7,0xE3,0xE3,0xE3,0xE7,0xE7,0xE7,0xE7,0xE3,0xE3,0xE3,0xF3,0xF7,0xF3,0xF3,0xF3,
    0xB3,0xB7,0xB3,0xB3,0xB6,0xB6,0xFD,0xF1,0x87,0x9F,0x9F,0xDF,0x9B,0x9F,0x9F,0x9F,
    0x9F,0x8F,0xB7,0xB9,0xBC,0xBF,0xBF,0xBF,0xBF,0xFB,0xB3,0xF7,0xF3,0xF3,0xF3,0xF3,
    0xF3,0xF1,0xF3,0xF3,0xF0,0xF6,0xF0,0xF1,
  },
  {
    0x1F,0x1F,0x9F,0xCF,0xCF,0xCF,0xCF,0x8F,0xEF,0xFF,0xFF,0x3F,0x7F,0xFF,0xFF,0xFF,
    0xFF,0xFF,0x7F,0xF7,0xEF,0x9F,0x7F,0xFF,0xFF,0xFF,0xFF,0xFF,0xFF,0xFF,0xFF,0xFF,
    0xFF,0xFF,0xFF,0xFF,0xFF,0xFF,0xFF,0xFF,0xFF,0xFF,0xFF,0xFF,0x07,0x07,0x06,0x86,
    0xCE,0xDC,0xFC,0xFE,0xFF,0xFF,0xFF,0xE6,0xE6,0xE7,0xE7,0xC7,0xC7,0xC7,0xCF,0xDF,
    0xDF,0xEC,0xE8,0xF0,0xFF,0xFF,0xFF,0xFF,0xFF,0xF8,0x00,0x1F,0x3F,0xFF,0xFE,0xF9,
    0xF7,0xE7,0xE7,0xE7,0xEF,0xEF,0xDF,0xEF,0x7F,0x77,0x37,0xBB,0xDB,0xDB,0xDF,0x6D,
    0x8D,0xEE,0x7E,0x9E,0xF2,0xF1,0xBF,0x3F,0x0F,0x0F,0x9F,0xDF,0xDF,0xFF,0x7F,0x6F,
    0x7F,0x1F,0x9F,0x9F,0xBF,0x3F,0x3F,0x3F,0x3F,0x3F,0x3F,0x3F,0x3F,0x3F,0x3F,0x3F,
    0x3F,0x3E,0x48,0xC8,0xEF,0xEF,0x7F,0x3F,0x7F,0xFF,0xE7,0xE7,0xF7,0xE7,0xFF,0xFF,
    0xFE,0x7D,0x07,0x63,0xFB,0xF9,0xFF,0xFF,0xFE,0xFF,0xFF,0xFF,0xFF,0xFF,0xFF,0xFF,
    0xFF,0xFF,0xFE,0xFF,0xFD,0xF8,0xFB,0xF7,0xF3,0xF3,0xE7,0xFF,0xDF,0x9F,0x9F,0x1F,
    0x1E,0x1F,0x9F,0xBE,0xBE,0xFE,0xFE,0x7E,0x3E,0xFE,0x72,0xF9,0xFB,0xFB,0x0F,0x0F,
    0x9F,0xBD,0xBD,0x1D,0x1D,0x1D,0x7F,0xFE,0xFE,0xFF,0xF8,0xF0,0xE0,0x03,0xF7,0xFF,
    0xFF,0xFF,0xFF,0xFF,0xFF,0xFF,0xFF,0xFF,0xFF,0xFF,0xFF,0xFF,0x1F,0x1F,0x0F,0x0F,
    0x1F,0x3F,0x3F,0x3F,0x3F,0x7F,0xFF,0x7F,0x7F,0x7F,0xFF,0xF3,0xE9,0x5E,0xDE,0x96,
    0x90,0xA6,0xCF,0xBF,0xFF,0x3C,0xEA,0xFF,0x8F,0xDF,0xDF,0xEF,0xEC,0xF0,0xEF,0xEF,
    0xFF,0xE7,0xC9,0x7E,0xF7,0xF7,0xEF,0xEF,0xDF,0xBF,0x7F,0xFF,0xFF,0xFB,0xFF,0xFF,
    0xEF,0xEF,0xEF,0xFC,0xFC,0xFC,0xFC,0xFF,0xFF,0xFE,0xFE,0xEE,0xFF,0xFE,0xFC,0xFC,
    0xFE,0xE7,0x79,0xFE,0xFF,0xFF,0xFF,0xFF,0xFF,0xFF,0xBF,0xFF,0xFF,0xFF,0xBF,0xFF,
    0xFF,0xFF,0xFF,0xFF,0xFF,0xFF,0xFF,0xFF,0xFF,0xFF,0x00,0xFF,0xFF,0xFF,0xFF,0xFF,
    0xFF,0xFF,0xF8,0x07,0x9F,0x9F,0x9F,0xDF,0xBF,0xFF,0x87,0x87,0x9F,0x9B,0x9F,0x9F,
    0x9F,0x9F,0x9F,0x9F,0x8F,0x8F,0x9F,0xDF,0x9F,0xFE,0xDD,0xDF,0xFB,0xFB,0x07,0xF7,
    0xFF,0xFF,0x41,0x3E,0x7F,0xFF,0xFF,0xFF,0xFF,0xFF,0xFF,0xFF,0xFF,0xFF,0x7F,0xDF,
    0xE7,0xF8,0xF7,0xFF,0xFD,0xFD,0xDF,0xC7,0xE3,0xFD,0xEF,0xFF,0xFF,0xF7,0xF7,0xF7,
    0xF7,0xE3,0xE3,0xE3,0xE7,0xE7,0xE7,0xE3,0xE3,0xE3,0xE3,0xF3,0xF3,0xF3,0xF3,0xF3,
    0xB3,0xB3,0xB3,0xB3,0xB3,0xB2,0xB0,0xB2,0xB2,0xB7,0xBF,0xFF,0x86,0x90,0x8D,0xFF,
    0xBF,0x8F,0x8F,0xB7,0xB1,0xFC,0xBF,0xBF,0xBF,0xFB,0xB3,0xB7,0xF3,0xF3,0xF3,0xF3,
    0xF3,0xF1,0xF3,0xF3,0xF0,0xF2,0xF0,0xF1,
  },
  {
    0x1F,0x1F,0x9F,0xCF,0xCF,0xCF,0xCF,0x8F,0xEF,0xFF,0xFF,0x3F,0x7F,0xFF,0xFF,0xFF,
    0xFF,0xFF,0xFF,0xF7,0xEF,0x9F,0x7F,0xFF,0xFF,0xFF,0xFF,0xFF,0xFF,0xFF,0xFF,0xFF,
    0xFF,0xFF,0xFF,0xFF,0xFF,0xFF,0xFF,0xFF,0xFF,0xFF,0xFF,0xFF,0x07,0x07,0x06,0x86,
    0xCE,0xDC,0xFC,0xFE,0xFF,0xFF,0xFF,0xE6,0xE6,0xE7,0xE7,0xC7,0xC7,0xC7,0xCF,0xDF,
    0xDF,0xEC,0xE8,0xF0,0xFF,0xFF,0xFF,0xFF,0xFF,0xF8,0x00,0x1F,0x3F,0xFF,0xFE,0xF9,
    0xF7,0xE7,0xE7,0xE7,0xEF,0xEF,0xDF,0xEF,0x7F,0x77,0x37,0xBB,0xDB,0xDB,0xDF,0x6D,
    0x8D,0xEE,0x7E,0x9E,0xF2,0xF1,0xBF,0x3F,0x0F,0x0F,0x9F,0xDF,0xDF,0xFF,0x7F,0x6F,
    0x7F,0x1F,0x9F,0x9F,0xBF,0x3F,0x3F,0x3F,0x3F,0x3F,0x3F,0x3F,0x3F,0x3F,0x3F,0x3F,
    0x3F,0x3E,0x48,0xC8,0xEF,0xEF,0x7F,0x3F,0x7F,0xFF,0xE7,0xE7,0xF7,0xE7,0xFF,0xFF,
    0xFE,0x7D,0x07,0x63,0xFB,0xF9,0xFF,0xFF,0xFE,0xFF,0xFF,0xFF,0xFF,0xFF,0xFF,0xFF,
    0xFF,0xFF,0xFE,0xFF,0xFD,0xF8,0xFB,0xF7,0xF3,0xF3,0xE7,0xFF,0xDF,0x9F,0x9F,0x1F,
    0x1E,0x1F,0x9F,0xBE,0xFE,0xFE,0xFE,0x7E,0x3E,0xFE,0x72,0xF9,0xFB,0xFB,0x0F,0x0F,
    0x9F,0xBD,0xBD,0x1D,0x1D,0x1D,0x7F,0xFE,0xFE,0xFF,0xF8,0xF0,0xE0,0x03,0xF7,0xFF,
    0xFF,0xFF,0xFF,0xFF,0xFF,0xFF,0xFF,0xFF,0xFF,0xFF,0xFF,0xFF,0x1F,0x1F,0x0F,0x0F,
    0x1F,0x3F,0x3F,0x3F,0x3F,0x7F,0xFF,0x7F,0x7F,0x7F,0xFF,0xF3,0xE9,0x5E,0xDE,0x96,
    0x90,0xA6,0xCF,0xBF,0xFF,0x3C,0xEA,0xFF,0x8F,0xDF,0xDF,0xEF,0xEC,0xF0,0xEF,0xEF,
    0xFF,0xE7,0xC9,0x7E,0xF7,0xF7,0xEF,0xEF,0xDF,0x9F,0x7F,0xFF,0xFF,0xFB,0xFF,0xFF,
    0xEF,0xEF,0xEF,0xFC,0xFC,0xFC,0xFC,0xFF,0xFF,0xFE,0xFE,0xEE,0xFF,0xFE,0xFC,0xFC,
    0xFE,0xE7,0x79,0xFE,0xFF,0xFF,0xFF,0xFF,0xFF,0xFF,0xFF,0xFF,0xFF,0xFF,0xBF,0xFF,
    0xFF,0xFF,0xFF,0xFF,0xFF,0xFF,0xFF,0xFF,0xFF,0xFF,0x00,0xFF,0xFF,0xFF,0xFF,0xFF,
    0xFF,0xFF,0xF8,0x07,0x9F,0x9F,0x9F,0xDF,0xBF,0xFF,0x87,0x87,0x9F,0x9B,0x9F,0x9F,
    0x9F,0x9F,0x9F,0x9F,0x8F,0x8F,0x9F,0xDF,0xDF,0xFE,0xDD,0xDF,0xFB,0xFB,0x07,0xF7,
    0xFF,0xFF,0x41,0x3E,0x7F,0xFF,0xFF,0xFF,0xFF,0xFF,0xFF,0xFF,0xFF,0xFF,0x7F,0xDF,
    0xE7,0xF8,0xF7,0xFF,0xFD,0xFD,0xDF,0xC7,0xE3,0xFD,0xEF,0xFF,0xFF,0xF7,0xF7,0xF7,
    0xF7,0xE3,0xE3,0xE3,0xE7,0xE7,0xE7,0xE3,0xE3,0xE3,0xE3,0xF3,0xF3,0xF3,0xF3,0xF3,
    0xB3,0xB3,0xB3,0xB3,0xB3,0xB2,0xB0,0xB2,0xB2,0xB7,0xFF,0xFF,0x86,0x90,0x9D,0xBF,
    0xBF,0x8F,0x8F,0xB7,0xB1,0xFC,0xBF,0xBF,0xBF,0xFB,0xB3,0xB7,0xF3,0xF3,0xF3,0xF3,
    0xF3,0xF1,0xF3,0xF3,0xF0,0xF2,0xF0,0xF1,
  },
  {
    0x1F,0x1F,0x9F,0xCF,0xCF,0xCF,0xCF,0x8F,0xEF,0xFF,0xFF,0x3F,0xFF,0xFF,0xFF,0xFF,
    0xFF,0xFF,0xFF,0xFF,0xEF,0x9F,0x7F,0xFF,0xFF,0xFF,0xFF,0xFF,0xFF,0xFF,0xFF,0xFF,
    0xFF,0xFF,0xFF,0xFF,0xFF,0xFF,0xFF,0xFF,0xFF,0xFF,0xFF,0xFF,0x07,0x07,0x86,0x86,
    0xCE,0xDC,0xFC,0xFE,0xFF,0xFF,0xFF,0xE6,0xE6,0xE7,0xE7,0xC7,0xC7,0xCF,0xCF,0xDF,
    0xFF,0xFC,0xF8,0xF1,0xFF,0xFF,0xFF,0xFF,0xFF,0xD8,0x07,0x1F,0x7F,0xFF,0xFE,0xF9,
    0xE7,0xCF,0xEF,0xEF,0xDF,0xDF,0xDF,0xEF,0x7F,0x77,0x37,0xBB,0xDB,0xDB,0xDB,0x4D,
    0xCF,0x7E,0xBE,0xEF,0xF0,0xF7,0xBF,0x3F,0x0F,0x0F,0x9F,0xDF,0xDF,0xFF,0x7F,0x7F,
    0x7F,0x1F,0x9F,0xBF,0xBF,0x3F,0x3F,0x3F,0x3F,0x3F,0x3F,0x3F,0x3F,0x3F,0x3F,0x3F,
    0x3F,0x38,0xC0,0xD8,0xCF,0xFF,0x7F,0x7F,0x7F,0xFF,0xEF,0xE7,0xE7,0xEF,0xFF,0xFE,
    0xFC,0x7D,0x07,0x63,0xF9,0xFB,0xFF,0xFF,0xFF,0xFF,0xFF,0xFF,0xFF,0xFF,0xFF,0xFF,
    0xFF,0xFF,0xFE,0xFF,0xFD,0xF8,0xFB,0xFF,0xF3,0xF3,0xF7,0xFF,0xDF,0x9F,0x9F,0x1F,
    0x1E,0x1F,0x9F,0xBE,0xFE,0xFE,0x7E,0x3E,0x3E,0xFE,0xE5,0xE3,0xF3,0xFB,0x0B,0x2B,
    0xEF,0xDF,0x9F,0x3B,0x3B,0x3F,0xFF,0xFC,0xFE,0xFE,0xF2,0xE0,0x05,0xEF,0xFF,0xFF,
    0xFF,0xFF,0xFF,0xFF,0xFF,0xFF,0xFF,0xFF,0xFF,0xFF,0xFF,0xFF,0x1F,0x1F,0x0F,0x0F,
    0x1F,0x3F,0x3F,0x3F,0x3F,0x7F,0xFF,0xFF,0x7F,0x7F,0xFF,0xE3,0xFC,0x5E,0xCF,0xB0,
    0xB0,0xA5,0x9F,0xBF,0xFF,0x7E,0xD8,0xF7,0x6F,0xEF,0xEF,0xEE,0xE4,0xE0,0xFF,0xFF,
    0xDF,0xDF,0x87,0x70,0xFB,0xFB,0xFD,0xFD,0xFD,0xFD,0x9F,0x7B,0xFB,0xF9,0x77,0x87,
    0xCF,0xEF,0xEF,0xFC,0xFC,0xFC,0xFE,0xFF,0xFF,0xFE,0xFE,0xFE,0xFF,0xFE,0xFC,0xFC,
    0xFF,0x81,0xFD,0xFE,0xFF,0xFF,0xFF,0xFF,0xFF,0xFF,0xFF,0xFF,0xFE,0x7F,0xBF,0xFE,
    0xFF,0xFF,0xFF,0xFF,0xFF,0xFF,0xFF,0xFF,0xFF,0xFF,0xF0,0x8F,0xFF,0xFF,0xFF,0xFF,
    0xFF,0x7F,0x3C,0x83,0xDF,0xDF,0x9F,0xDF,0xBF,0xFF,0x87,0x87,0x9F,0x9B,0x9F,0x9F,
    0x9F,0x9F,0x9F,0x9F,0x9F,0x9F,0x9F,0xDF,0xDF,0xFE,0xDD,0xDD,0xFB,0x1B,0x63,0x7F,
    0x7F,0xFF,0x81,0x3E,0xFF,0xFF,0xFF,0xFF,0xFF,0xFF,0xFF,0xFF,0xFF,0xFF,0x7F,0x9F,
    0xE7,0xF8,0xFD,0xF9,0xF9,0xF9,0xDD,0xDC,0xEE,0xFF,0xEF,0xFF,0xFF,0xF7,0xFF,0xF7,
    0xF7,0xE3,0xE3,0xE3,0xE7,0xE7,0xE7,0xE7,0xE3,0xE3,0xE3,0xF3,0xF7,0xF3,0xF3,0xF3,
    0xB3,0xB3,0xB3,0xB3,0xB3,0xB2,0xB2,0xB3,0xB3,0xB7,0xFF,0xFE,0x86,0x91,0x8D,0xBF,
    0xBF,0x9F,0x8F,0xF7,0xB3,0xF8,0xBF,0xBF,0xBF,0xFB,0xB3,0xF7,0xF3,0xF3,0xF3,0xF3,
    0xF3,0xF1,0xF3,0xF3,0xF0,0xF6,0xF0,0xF1,
  },
  {
    0x1F,0x1F,0x9F,0xCF,0xCF,0xCF,0xCF,0x8F,0xEF,0xFF,0xFF,0x3F,0xFF,0xFF,0xFF,0xFF,
    0xFF,0xFF,0xFF,0xFF,0xEF,0x9F,0x7F,0xFF,0xFF,0xFF,0xFF,0xFF,0xFF,0xFF,0xFF,0xFF,
    0xFF,0xFF,0xFF,0xFF,0xFF,0xFF,0xFF,0xFF,0xFF,0xFF,0xFF,0xFF,0x07,0x07,0x86,0x86,
    0xCE,0xDC,0xFC,0xFE,0xFF,0xFF,0xFF,0xE6,0xE6,0xE7,0xE7,0xC7,0xC7,0xCF,0xCF,0xDF,
    0xFF,0xFC,0xF8,0xF1,0xFF,0xFF,0xFF,0xFF,0xFF,0xD8,0x07,0x1F,0x7F,0xFF,0xFE,0xF9,
    0xE7,0xCF,0xEF,0xEF,0xDF,0xDF,0xDF,0xEF,0x7F,0x77,0x37,0xBB,0xDB,0xDB,0xDB,0x4D,
    0xEF,0x7E,0xBE,0xEF,0xF0,0xF7,0xBF,0x3F,0x0F,0x0F,0x9F,0xDF,0xDF,0xFF,0x7F,0x7F,
    0x7F,0x1F,0x9F,0xBF,0xBF,0x3F,0x3F,0x3F,0x3F,0x3F,0x3F,0x3F,0x3F,0x3F,0x3F,0x3F,
    0x3F,0x38,0xC0,0xD8,0xCF,0xFF,0x7F,0x7F,0x7F,0xFF,0xEF,0xE7,0xE7,0xEF,0xFF,0xFE,
    0xFC,0x7D,0x07,0x63,0xF9,0xFB,0xFF,0xFF,0xFF,0xFF,0xFF,0xFF,0xFF,0xFF,0xFF,0xFF,
    0xFF,0xFF,0xFE,0xFF,0xFD,0xF8,0xFB,0xFF,0xF3,0xF3,0xF7,0xFF,0xDF,0x9F,0x9F,0x1F,
    0x1E,0x1F,0x9F,0xBE,0xFE,0xFE,0x7E,0x3E,0x3E,0xFE,0xE5,0xE3,0xF3,0xFB,0x0B,0x0B,
    0xEF,0xDF,0x9F,0x3B,0x3B,0x3F,0xFF,0xFC,0xFE,0xFE,0xF2,0xE0,0x05,0xFF,0xFF,0xFF,
    0xFF,0xFF,0xFF,0xFF,0xFF,0xFF,0xFF,0xFF,0xFF,0xFF,0xFF,0xFF,0x1F,0x1F,0x0F,0x0F,
    0x1F,0x3F,0x3F,0x3F,0x3F,0x7F,0xFF,0xFF,0x7F,0x7F,0xFF,0xE3,0xFC,0x5E,0xCF,0xB0,
    0xB0,0xA5,0x9F,0xBF,0xFF,0x7E,0xD8,0xF7,0x6F,0xEF,0xEF,0xEE,0xE4,0xE0,0xFF,0xFF,
    0xDF,0xDF,0x87,0x71,0xFB,0xFB,0xFD,0xFD,0xFD,0xFD,0x9F,0x7B,0xF9,0xF9,0x73,0x87,
    0xCF,0xEF,0xEF,0xFC,0xFC,0xFC,0xFE,0xFF,0xFF,0xFE,0xFE,0xFE,0xFF,0xFE,0xFC,0xFC,
    0xFF,0x81,0x7D,0xFE,0xFF,0xFF,0xFF,0xFF,0xFF,0xFF,0xFF,0xFF,0xFE,0x7F,0xBF,0xFE,
    0xFF,0xFF,0xFF,0xFF,0xFF,0xFF,0xFF,0xFF,0xFF,0xFF,0xF0,0x8F,0xFF,0xFF,0xFF,0xFF,
    0xFF,0x7F,0x3C,0x83,0xDF,0xDF,0x9F,0xDF,0xBF,0xFF,0x87,0x87,0x9F,0x9B,0x9F,0x9F,
    0x9F,0x9F,0x9F,0x9F,0x9F,0x9F,0x9F,0xDF,0xDF,0xFE,0xDD,0xDD,0xFB,0x1B,0x63,0x7F,
    0x7F,0xFF,0x81,0x3E,0xFF,0xFF,0xFF,0xFF,0xFF,0xFF,0xFF,0xFF,0xFF,0xFF,0x7F,0x9F,
    0xE7,0xF8,0xFD,0xF9,0xF9,0xF9,0xDD,0xDC,0xFE,0xFF,0xEF,0xFF,0xFF,0xF7,0xFF,0xF7,
    0xF7,0xE3,0xE3,0xE3,0xE7,0xE7,0xE7,0xE7,0xE3,0xE3,0xE3,0xF3,0xF7,0xF3,0xF3,0xF3,
    0xB3,0xB3,0xB3,0xB3,0xB3,0xB2,0xB2,0xB3,0xB3,0xB7,0xFF,0xFE,0x86,0x81,0x8D,0xBF,
    0xBF,0x9F,0x8F,0xF7,0xB3,0xF8,0xBF,0xBF,0xBF,0xFB,0xB3,0xF7,0xF3,0xF3,0xF3,0xF3,
    0xF3,0xF1,0xF3,0xF3,0xF0,0xF6,0xF0,0xF1,
  },
  {
    0x1F,0x1F,0x9F,0xCF,0xCF,0xCF,0xCF,0x8F,0xEF,0xFF,0xFF,0x3F,0xFF,0xFF,0xFF,0xFF,
    0xFF,0xFF,0xFF,0xFF,0xEF,0x9F,0x7F,0xFF,0xFF,0xFF,0xFF,0xFF,0xFF,0xFF,0xFF,0xFF,
    0xFF,0xFF,0xFF,0xFF,0xFF,0xFF,0xFF,0xFF,0xFF,0xFF,0xFF,0xFF,0x07,0x07,0x86,0x86,
    0xCE,0xDC,0xFC,0xFE,0xFF,0xFF,0xFF,0xE6,0xE6,0xE7,0xE7,0xC7,0xC7,0xCF,0xCF,0xDF,
    0xFF,0xEC,0xF8,0xF1,0xFF,0xFF,0xFF,0xFF,0xFF,0xF8,0x07,0x3F,0x7F,0xFF,0xFE,0xF9,
    0xE7,0xCF,0xEF,0xEF,0xDF,0xDF,0xDF,0xEF,0x7F,0x77,0x37,0xBB,0xDB,0xDB,0xDB,0x4D,
    0xCF,0x7E,0xBE,0xEF,0xF0,0xF7,0xBF,0x3F,0x0F,0x0F,0x9F,0xDF,0xDF,0xFF,0x7F,0x7F,
    0x7F,0x1F,0x9F,0xBF,0xBF,0x3F,0x3F,0x3F,0x3F,0x3F,0x3F,0x3F,0x3F,0x3F,0x3F,0x3F,
    0x3F,0x38,0xC0,0xD8,0xCF,0xFF,0x7F,0x7F,0x7F,0xFF,0xEF,0xE7,0xE7,0xEF,0xFF,0xFE,
    0xFC,0x7D,0x07,0x67,0xF9,0xFB,0xFF,0xFF,0xFE,0xFF,0xFF,0xFF,0xFF,0xFF,0xFF,0xFF,
    0xFF,0xFF,0xFE,0xFF,0xFD,0xF8,0xFB,0xFF,0xF3,0xF3,0xE7,0xFF,0xDF,0x9F,0x9F,0x1F,
    0x1E,0x1F,0x9F,0xBE,0xFE,0xFE,0x7E,0x3E,0x3E,0xFE,0xE5,0xE3,0xF3,0xFB,0x0B,0x2B,
    0xEF,0xDF,0x9F,0x3B,0x3B,0x3F,0xFF,0xFC,0xFE,0xFE,0xF2,0xE0,0x81,0xFF,0xFF,0xFF,
    0xFF,0xFF,0xFF,0xFF,0xFF,0xFF,0xFF,0xFF,0xFF,0xFF,0xFF,0xFF,0x1F,0x1F,0x0F,0x0F,
    0x1F,0x3F,0x3F,0x3F,0x3F,0x7F,0xFF,0xFF,0x7F,0x7F,0xFF,0xF3,0xFC,0x5E,0x8F,0x90,
    0xB0,0xA5,0x9F,0xBF,0xFF,0x7E,0xD8,0xF7,0x6F,0xEF,0xEF,0xEE,0xE4,0xE0,0xBF,0xFF,
    0xDF,0xDF,0x87,0x71,0xFB,0xFB,0xFD,0xFD,0xFD,0xED,0x9F,0x7B,0xFB,0xF9,0x77,0x8F,
    0xCF,0xEF,0xEF,0xFC,0xFC,0xFC,0xFE,0xFF,0xFF,0xFE,0xFE,0xFE,0xFF,0xFE,0xFC,0xFC,
    0xFF,0x81,0xFD,0xFE,0xFF,0xFF,0xFF,0xFF,0xFF,0xFF,0xFF,0xFF,0xFE,0x7F,0xBF,0xFE,
    0xFF,0xFF,0xFF,0xFF,0xFF,0xFF,0xFF,0xFF,0xFF,0xFF,0xF0,0x8F,0xFF,0xFF,0xFF,0xFF,
    0xFF,0x7F,0xB8,0x83,0xDF,0xDF,0x9F,0xDF,0xBF,0xFF,0x87,0x8F,0x9F,0x9B,0x9F,0x9F,
    0x9F,0x9F,0x9F,0x9F,0x8F,0x9F,0x9F,0xDF,0xFF,0xFE,0xDD,0xDD,0xFB,0x1B,0x63,0x7B,
    0x7F,0xFF,0x81,0x3E,0xFF,0xFF,0xFF,0xFF,0xFF,0xFF,0xFF,0xFF,0xFF,0xFF,0x7F,0x9F,
    0xE7,0xF8,0xFD,0xF9,0xF9,0xF9,0xDD,0xDC,0xEE,0xFF,0xFF,0xFF,0xFF,0xFF,0xF7,0xF7,
    0xFF,0xE3,0xE3,0xE3,0xE7,0xE7,0xE7,0xE7,0xE3,0xE3,0xE3,0xE3,0xF3,0xF3,0xF3,0xF3,
    0xB3,0xB3,0xB3,0xB3,0xB3,0xB2,0xB2,0xB3,0xB3,0xB7,0xFF,0xFE,0x86,0x91,0xAD,0xBF,
    0xBF,0x9F,0x8F,0xF7,0xB3,0xF8,0xBF,0xBF,0xBF,0xFB,0xB3,0xF7,0xF7,0xF3,0xF3,0xF3,
    0xF3,0xF1,0xF3,0xF3,0xF1,0xF6,0xF0,0xF1,
  },
  {
    0x1F,0x1F,0x9F,0xCF,0xCF,0xCF,0xCF,0x8F,0xEF,0xFF,0xFF,0x3F,0x7F,0xFF,0xFF,0xFF,
    0xFF,0x77,0xFF,0xDF,0xDF,0xBF,0x7F,0x7F,0xFF,0xFF,0xFF,0xFF,0xFF,0xFF,0xFF,0xFF,
    0xFF,0xFF,0xFF,0xFF,0xFF,0xFF,0xFF,0xFF,0xFF,0xFF,0xFF,0xFF,0x27,0x07,0x06,0x06,
    0xCE,0xDC,0xFC,0xFE,0xFF,0xFF,0xFF,0xE6,0xE6,0xE7,0xE7,0xC7,0xC7,0xCF,0xCF,0xDF,
    0xDF,0xEC,0xE8,0xF0,0xFF,0xFF,0xFF,0xFC,0xFC,0xFB,0x8F,0x1F,0x1F,0xDF,0xFF,0xFC,
    0xFD,0xFD,0xF9,0xFD,0xFB,0xFB,0xFF,0xFB,0xDB,0x9F,0x1D,0xDD,0xDD,0xEE,0xEC,0x6F,
    0x6E,0x6E,0xB7,0xDF,0xEF,0xF1,0xBF,0x3F,0x0F,0x0F,0x9F,0xDF,0xDF,0xFF,0x7F,0x6F,
    0x7F,0x1F,0x9F,0x9F,0xBF,0x3F,0x3F,0x3F,0x3F,0x3F,0x3F,0x3F,0x3F,0x3F,0x3F,0x7F,
    0x7F,0x77,0x19,0x38,0x79,0x7B,0x6F,0xEF,0xEF,0x7F,0x79,0x7D,0x7D,0x79,0x7F,0xFF,
    0xBF,0x9E,0x80,0x1D,0x3E,0x7E,0xFF,0xFF,0xFF,0xFF,0xFF,0xFF,0xFF,0xFF,0xFF,0xFF,
    0xFF,0xFF,0xFE,0xFF,0xFD,0xF8,0xFB,0xFF,0xF7,0xF3,0xE7,0xFF,0xDF,0x9F,0x9F,0x1F,
    0x1E,0x1F,0x9F,0xBE,0xBE,0xFE,0xFF,0x00,0xCC,0x3F,0xFC,0xFD,0xFB,0xE7,0xCF,0x1F,
    0x7F,0xFF,0xFF,0x7F,0xFF,0xFF,0xFF,0xFF,0xFF,0xFE,0xFC,0xF0,0x00,0xE3,0xFF,0xFF,
    0xFF,0xFF,0xFF,0xFF,0xFF,0xFF,0xFF,0xFF,0xFF,0xFF,0xFF,0xFF,0x1F,0x1F,0x0F,0x0F,
    0x1F,0x1F,0x3F,0x3F,0x3F,0x7F,0xFF,0x7F,0x7F,0x7F,0xFF,0xFF,0xFF,0xFF,0xFE,0xFD,
    0x0C,0xEE,0xED,0xFD,0xEB,0xFB,0xFB,0xFE,0xFD,0xF7,0xF6,0xE1,0xF3,0xF7,0xF7,0xEF,
    0xF1,0x83,0x7C,0xFF,0xFF,0xFF,0xFF,0xFF,0xFF,0xFF,0xFF,0xFF,0xFB,0xFB,0xFF,0xEF,
    0xEF,0xEF,0xEF,0xFC,0xFC,0xFC,0xFC,0xFF,0xFF,0xFE,0xFC,0xEE,0xFF,0xFE,0xFC,0xF8,
    0xF0,0xF1,0xE3,0xF3,0xF7,0xE7,0x03,0xFC,0xFF,0xFF,0xFF,0xFF,0xFF,0xFF,0xFF,0xFF,
    0xFF,0xFF,0xFF,0xFF,0xFF,0xFF,0xFF,0xFF,0xFF,0x00,0xFF,0xFE,0xFE,0xFC,0xFD,0xF9,
    0xF3,0xE7,0xCF,0xFD,0xFE,0x1F,0x9F,0x9F,0xBF,0xFF,0x87,0x8F,0x9B,0x9B,0x9F,0x9F,
    0x9F,0xBF,0x9F,0x9F,0x8F,0x8F,0x9F,0xCF,0xDF,0xDF,0x9F,0xDF,0xDF,0xFC,0xE7,0xDF,
    0xF7,0xAF,0x73,0xCF,0xBF,0xFF,0x7F,0xFF,0xFF,0xFF,0xFF,0xFF,0xFF,0xFF,0x7F,0xC7,
    0xF8,0xFF,0xFF,0xFF,0xFF,0xFF,0xFF,0xFF,0xFF,0xFF,0xBC,0xFF,0x3F,0xFF,0xF7,0xF7,
    0xFF,0xE3,0xE3,0xE3,0xE7,0xE7,0xE7,0xE7,0xE3,0xE3,0xE3,0xE3,0xF3,0xF3,0xF3,0xF3,
    0xB3,0xB3,0xB3,0xB3,0xB3,0xB3,0xB3,0xB3,0xF7,0xFF,0xC0,0xCF,0x8F,0x83,0xBC,0xBF,
    0xBF,0x9F,0x8F,0xB7,0xB9,0xBE,0xBE,0xBD,0xBB,0xF3,0xB3,0xF3,0xF3,0xF3,0xF3,0xF3,
    0xF3,0xF1,0xF0,0xF3,0xF1,0xF7,0xF0,0xF1,
  },
  {
    0x1F,0x1F,0x9F,0xCF,0xCF,0xCF,0xCF,0x8F,0xEF,0xFF,0xFF,0x3F,0x7F,0xFF,0xFF,0xFF,
    0xFF,0x77,0xFF,0xDF,0xDF,0xBF,0x7F,0x7F,0xFF,0xFF,0xFF,0xFF,0xFF,0xFF,0xFF,0xFF,
    0xFF,0xFF,0xFF,0xFF,0xFF,0xFF,0xFF,0xFF,0xFF,0xFF,0xFF,0xFF,0x27,0x07,0x06,0x06,
    0xCE,0xDC,0xFC,0xFE,0xFF,0xFF,0xFF,0xE6,0xE6,0xE7,0xE7,0xC7,0xC7,0xCF,0xCF,0xDF,
    0xDF,0xEC,0xE8,0xF0,0xFF,0xFF,0xFF,0xFD,0xFC,0xFB,0x8F,0x1F,0x1F,0xDF,0xFF,0xFC,
    0xFD,0xFD,0xF9,0xFD,0xFB,0xFB,0xFF,0xFB,0xDB,0x9F,0x1D,0x5D,0xDD,0xEE,0xEE,0x6F,
    0x6E,0x6E,0xB7,0xDF,0xEF,0xF1,0xBF,0x3F,0x0F,0x0F,0x9F,0xDF,0xDF,0xFF,0x7F,0x7F,
    0x7F,0x1F,0x9F,0x9F,0xBF,0x3F,0x3F,0x3F,0x3F,0x3F,0x3F,0x3F,0x3F,0x3F,0x3F,0x7F,
    0x7F,0x77,0x19,0x3A,0x79,0x7B,0x6F,0xEF,0xEF,0x7F,0x79,0x7D,0x7D,0x79,0x7F,0xFF,
    0xBF,0x9E,0x80,0x1D,0x3E,0x7E,0xFF,0xFF,0xFF,0xFF,0xFF,0xFF,0xFF,0xFF,0xFF,0xFF,
    0xFF,0xFF,0xFE,0xFF,0xFD,0xF8,0xFB,0xFF,0xF7,0xF3,0xE7,0xFF,0xDF,0x9F,0x9F,0x1F,
    0x1E,0x1F,0x9F,0xBE,0xBE,0xFE,0xFF,0x00,0xC8,0x3F,0xFC,0xFD,0xFB,0xE7,0xCF,0x1F,
    0x7F,0xFF,0xFF,0x7F,0xFF,0xFF,0xFF,0xFF,0xFF,0xFE,0xFC,0xF0,0x00,0xE3,0xFF,0xFF,
    0xFF,0xFF,0xFF,0xFF,0xFF,0xFF,0xFF,0xFF,0xFF,0xFF,0xFF,0xFF,0x1F,0x1F,0x0F,0x0F,
    0x1F,0x1F,0x3F,0x3F,0x3F,0x7F,0xFF,0x7F,0x7F,0x7F,0xFF,0xFF,0xFF,0xFF,0xFE,0xFD,
    0x0C,0xEE,0xED,0xFD,0xEB,0xFB,0xFB,0xFE,0xFD,0xF7,0xF6,0xE1,0xF3,0xF7,0xF7,0xEF,
    0xF1,0x83,0x7C,0xFF,0xFF,0xFF,0xFF,0xFF,0xFF,0xFF,0xFF,0xFF,0xFB,0xFB,0xFF,0xEF,
    0xEF,0xEF,0xEF,0xFC,0xFC,0xFC,0xFC,0xFF,0xFF,0xFE,0xFC,0xEE,0xFF,0xFE,0xFC,0xF8,
    0xF0,0xF1,0xE3,0xF3,0xF7,0xE7,0x03,0xFC,0xFF,0xFF,0xFF,0xFF,0xFF,0xFF,0xFF,0xFF,
    0xFF,0xFF,0xFF,0xFF,0xFF,0xFF,0xFF,0xFF,0xFF,0x00,0xFF,0xFE,0xFE,0xFC,0xFD,0xF9,
    0xF3,0xE7,0xCF,0xFD,0xFE,0x1F,0x9F,0xDF,0xBF,0xFF,0x87,0x8F,0x9F,0x9B,0x9F,0x9F,
    0x9F,0x9F,0x9F,0x9F,0x8F,0x8F,0x9F,0xCF,0xDF,0xDF,0x9F,0xDF,0xDF,0xFC,0xE7,0xDF,
    0xF7,0xAF,0x73,0xCF,0xBF,0xFF,0x7F,0xFF,0xFF,0xFF,0xFF,0xFF,0xFF,0xFF,0x7F,0x47,
    0xF8,0xFF,0xFF,0xFF,0xFF,0xFF,0xFF,0xFF,0xFF,0xFF,0xBC,0xFF,0x3F,0xFF,0xF7,0xF7,
    0xFF,0xE3,0xE3,0xE3,0xE7,0xE7,0xE7,0xE7,0xE3,0xE3,0xE3,0xE3,0xF3,0xF3,0xF3,0xF3,
    0xB3,0xB3,0xB3,0xB3,0xB3,0xB3,0xB3,0xB3,0xF7,0xFF,0xC0,0xCF,0x8F,0x83,0xBC,0xBF,
    0xBF,0x8F,0xCF,0xB7,0xB9,0xBE,0xBE,0xBD,0xBB,0xF3,0xB3,0xF3,0xF3,0xF7,0xF3,0xF3,
    0xF3,0xF1,0xF0,0xF3,0xF1,0xF6,0xF0,0xF1,
  },
  {
    0x1F,0x1F,0x9F,0xCF,0xCF,0xCF,0xCF,0x8F,0xEF,0xFF,0xFF,0x3F,0xFF,0xFF,0xFF,0xFF,
    0xFF,0x77,0xFF,0xDF,0xDF,0xBF,0x7F,0x7F,0xFF,0xFF,0xFF,0xFF,0xFF,0xFF,0xFF,0xFF,
    0xFF,0xFF,0xFF,0xFF,0xFF,0xFF,0xFF,0xFF,0xFF,0xFF,0xFF,0xFF,0x27,0x07,0x06,0x06,
    0xCE,0xDC,0xFC,0xFE,0xFF,0xFF,0xFF,0xE6,0xE6,0xE7,0xE7,0xC7,0xC7,0xCF,0xCF,0xDF,
    0xFF,0xEC,0xF8,0xF1,0xFF,0xFF,0xFF,0xFD,0xFC,0xFF,0x8F,0x1F,0x1F,0xDF,0xFF,0xFC,
    0xFD,0xFD,0xF9,0xFD,0xFB,0xFB,0xFF,0xFB,0xDB,0x9F,0x1D,0x5D,0xDD,0xEE,0xEE,0x6F,
    0x6E,0x6E,0xB7,0xDF,0xEF,0xF3,0xBF,0x3F,0x0F,0x0F,0x9F,0xDF,0xDF,0xFF,0x7F,0x7F,
    0x7F,0x1F,0x9F,0xBF,0xBF,0x3F,0x3F,0x3F,0x3F,0x3F,0x3F,0x3F,0x3F,0x3F,0x3F,0x7F,
    0x7F,0x77,0x19,0x3A,0x79,0x7B,0x6F,0xEF,0xEF,0x7F,0x79,0x7D,0x7D,0x79,0x7F,0xFF,
    0xBF,0x9E,0x80,0x1D,0x3E,0xFE,0xFF,0xFF,0xFF,0xFF,0xFF,0xFF,0xFF,0xFF,0xFF,0xFF,
    0xFF,0xFF,0xFE,0xFF,0xFD,0xF8,0xFB,0xFF,0xF7,0xF3,0xE7,0xFF,0xDF,0x9F,0x9F,0x1F,
    0x1E,0x1F,0x9F,0xBE,0xFE,0xFF,0xFF,0x00,0xCC,0x3F,0xFC,0xFD,0xFB,0xE7,0xCF,0x1F,
    0x7F,0xFF,0xFF,0x7F,0xFF,0xFF,0xFF,0xFF,0xFF,0xFE,0xFC,0xF0,0x00,0xE7,0xFF,0xFF,
    0xFF,0xFF,0xFF,0xFF,0xFF,0xFF,0xFF,0xFF,0xFF,0xFF,0xFF,0xFF,0x1F,0x1F,0x0F,0x0F,
    0x1F,0x1F,0x3F,0x3F,0x3F,0x7F,0xFF,0x7F,0x7F,0x7F,0xFF,0xFF,0xFF,0xFF,0xFE,0xFD,
    0x1C,0xEE,0xED,0xFD,0xFB,0xFB,0xFB,0xFE,0xFD,0xF7,0xF6,0xE1,0xF3,0xF7,0xF7,0xEF,
    0xF1,0x83,0x7E,0xFF,0xFF,0xFF,0xFF,0xFF,0xFF,0xFF,0xFF,0xFF,0xFB,0xFB,0xFF,0xFF,
    0xEF,0xEF,0xEF,0xFC,0xFC,0xFC,0xFC,0xFF,0xFF,0xFE,0xFC,0xFE,0xFF,0xFE,0xFC,0xF8,
    0xF0,0xF1,0xE3,0xF3,0xF7,0xEF,0x03,0xFE,0xFF,0xFF,0xFF,0xFF,0xFF,0xFF,0xFF,0xFF,
    0xFF,0xFF,0xFF,0xFF,0xFF,0xFF,0xFF,0xFF,0xFF,0x00,0xFF,0xFE,0xFE,0xFC,0xFD,0xF9,
    0xF3,0xE7,0xCF,0xFD,0xFE,0x1F,0x9F,0xDF,0xBF,0xFF,0x87,0x9F,0x9F,0x9B,0x9F,0x9F,
    0x9F,0xBF,0x9F,0x9F,0x8F,0x9F,0x9F,0xDF,0xDF,0xFF,0x9F,0xDF,0xDF,0xFC,0xE7,0xDF,
    0xF7,0xAF,0x73,0xCF,0xBF,0xFF,0x7F,0xFF,0xFF,0xFF,0xFF,0xFF,0xFF,0xFF,0x7F,0xC7,
    0xF8,0xFF,0xFF,0xFF,0xFF,0xFF,0xFF,0xFF,0xFF,0xFF,0xFC,0xFF,0x3F,0xFF,0xF7,0xF7,
    0xFF,0xE3,0xE3,0xE3,0xE7,0xE7,0xE7,0xE7,0xE3,0xF3,0xE3,0xE3,0xF7,0xF3,0xF3,0xF3,
    0xB3,0xB3,0xB3,0xB3,0xB3,0xB3,0xB3,0xB3,0xF7,0xFB,0xC0,0xCF,0x8F,0x83,0xBC,0xBF,
    0xBF,0x9F,0xCF,0xB7,0xB9,0xBE,0xBE,0xBD,0xBB,0xF3,0xF3,0xF3,0xF3,0xF3,0xF3,0xF3,
    0xF3,0xF1,0xF0,0xF3,0xF1,0xF6,0xF0,0xF1,
  },
  {
    0x1F,0x1F,0x9F,0xCF,0xCF,0xCF,0xCF,0x8F,0xEF,0xFF,0xFF,0x3F,0x7F,0xFF,0xFF,0xFF,
    0xFF,0x77,0xEF,0xDF,0xDF,0xBF,0xBF,0x7F,0xFF,0xFF,0xFF,0xFF,0xFF,0xFF,0xFF,0xFF,
    0xFF,0xFF,0xFF,0xFF,0xFF,0xFF,0xFF,0xFF,0xFF,0xFF,0xFF,0xFF,0x27,0x87,0x86,0x86,
    0xCE,0xDC,0xFC,0xFE,0xFF,0xFF,0xFF,0xE6,0xE6,0xE7,0xE7,0xC7,0xC7,0xCF,0xCF,0xDF,
    0xDF,0xEC,0xE8,0xF0,0xFF,0xFF,0xFF,0xFD,0xFC,0xFB,0x9F,0x1F,0x3F,0xCF,0xFF,0xFE,
    0xFC,0xFD,0xF9,0xFD,0xFD,0xFB,0xFB,0xFB,0xFB,0xDD,0x1D,0xDD,0xDD,0xED,0xED,0x6D,
    0x6D,0x6E,0xE6,0xBE,0xEE,0xE6,0xFC,0x3F,0x0F,0x0F,0x9F,0xDF,0xDF,0xFF,0x7F,0x7F,
    0x7F,0x1F,0x9F,0x9F,0xBF,0x3F,0x3F,0x3F,0x3F,0x3F,0x3F,0x3F,0x3F,0x3F,0x3F,0x7F,
    0x7F,0x77,0x09,0x3C,0xBD,0xFD,0x6F,0x6F,0xEF,0x7F,0x7D,0x7C,0x7C,0x7D,0x7F,0xFF,
    0xBF,0x9E,0x40,0x1D,0x3C,0x7E,0xFF,0xFF,0xFF,0xFF,0xFF,0xFF,0xFF,0xFF,0xFF,0xFF,
    0xFF,0xFF,0xFE,0xFF,0xFD,0xF8,0xFB,0xFF,0xF7,0xF3,0xE7,0xFF,0xDF,0x9F,0x9F,0x1F,
    0x1E,0x1F,0x9F,0xBE,0xBE,0xFE,0xBF,0x00,0x04,0x3F,0xFE,0xFD,0xFB,0xE7,0x0F,0x1F,
    0xFF,0xFF,0xFF,0x7F,0xFF,0xFF,0xFF,0xFF,0xFF,0xFE,0x7C,0x38,0xC0,0xE7,0xFF,0xFF,
    0xFF,0xFF,0xFF,0xFF,0xFF,0xFF,0xFF,0xFF,0xFF,0xFF,0xFF,0xFF,0x1F,0x1F,0x0F,0x0F,
    0x1F,0x3F,0x3F,0x3F,0x3F,0x7F,0xFF,0x7F,0x7F,0x7F,0xFF,0xFF,0xFF,0xFF,0xFE,0xFC,
    0x07,0xF3,0xCF,0xFD,0xFB,0xFB,0xF0,0xF7,0xFB,0xF9,0xF8,0xE3,0xE3,0xF7,0xF3,0xF8,
    0xF0,0x06,0x3F,0xFF,0xFF,0xFF,0xFF,0xFF,0xFF,0xFF,0xFF,0xFF,0xFB,0xFB,0xFF,0xEF,
    0xEF,0xEF,0xEF,0xFC,0xFC,0xFC,0xFC,0xFF,0xFF,0xFE,0xFC,0xEE,0xFF,0xFE,0xFC,0xF8,
    0xF0,0xF1,0xE3,0xF3,0xF7,0xC7,0x03,0xFE,0xFF,0xFF,0xFF,0xFF,0xFF,0xFF,0xFF,0xFF,
    0xFF,0xFF,0xFF,0xFF,0xFF,0xFF,0xFF,0xFF,0xFF,0x00,0xF7,0xE7,0xCF,0xDF,0xBF,0x7F,
    0xDF,0x8F,0x8F,0x8F,0x9F,0x9F,0x9F,0xDF,0xBF,0xFF,0x87,0x8F,0x9F,0x9B,0x9F,0x9F,
    0x9F,0xBF,0x9F,0x9F,0x8F,0x8F,0x8F,0xCF,0xDF,0xFF,0x9F,0xDF,0xDF,0xFC,0xE7,0xDF,
    0xD7,0xB7,0xF1,0xCF,0xBF,0xFF,0x7F,0xFF,0xFF,0xFF,0xFF,0xFF,0xFF,0xFF,0x3F,0xC7,
    0xFC,0xFF,0xFF,0xFF,0xFF,0xFF,0xFE,0x38,0x83,0xEF,0xEF,0xF7,0xEF,0xFF,0xF7,0xF7,
    0xFF,0xE3,0xE3,0xE3,0xE7,0xE7,0xE7,0xE7,0xE3,0xE3,0xE3,0xE3,0xF3,0xF3,0xF3,0xF3,
    0xB3,0xB3,0xB3,0xB3,0xB3,0xB3,0xB3,0xB3,0xF7,0xF3,0xC0,0xCF,0x8F,0x83,0xBE,0xFF,
    0xBF,0x9F,0xCF,0xB7,0xB9,0xB8,0xB3,0xB7,0xB7,0xF7,0xF3,0xF3,0xF3,0xF0,0xF6,0xF7,
    0xF7,0xF3,0xF3,0xF0,0xF0,0xF2,0xF0,0xF1,
  },
  {
    0x1F,0x1F,0x9F,0xCF,0xCF,0xCF,0xCF,0x8F,0xEF,0xFF,0xFF,0x3F,0x7F,0xFF,0xFF,0xFF,
    0xFF,0x77,0xEF,0xDF,0xDF,0xBF,0xBF,0x7F,0xFF,0xFF,0xFF,0xFF,0xFF,0xFF,0xFF,0xFF,
    0xFF,0xFF,0xFF,0xFF,0xFF,0xFF,0xFF,0xFF,0xFF,0xFF,0xFF,0xFF,0x27,0x87,0x86,0x86,
    0xCE,0xDC,0xFC,0xFE,0xFF,0xFF,0xFF,0xE6,0xE6,0xE7,0xE7,0xC7,0xC7,0xCF,0xCF,0xDF,
    0xDF,0xEC,0xE8,0xF0,0xFF,0xFF,0xFF,0xFD,0xFC,0xFB,0x9F,0x1F,0x3F,0xCF,0xFF,0xFE,
    0xFC,0xFD,0xF9,0xFD,0xFD,0xFB,0xFB,0xFB,0xFB,0xDD,0x1D,0xDD,0xDD,0xED,0xED,0x6D,
    0x6D,0x4E,0xE6,0xBE,0xEE,0xE6,0xFC,0xBF,0x0F,0x0F,0x9F,0xDF,0xDF,0xFF,0x7F,0x7F,
    0x7F,0x1F,0x9F,0x9F,0xBF,0x3F,0x3F,0x3F,0x3F,0x3F,0x3F,0x3F,0x3F,0x3F,0x3F,0x7F,
    0x7F,0x77,0x09,0x3C,0xBD,0xFD,0x6F,0x6F,0xEF,0x7F,0x7D,0x7C,0x7C,0x7D,0x7F,0xFF,
    0xBF,0x9F,0x40,0x1D,0x3C,0x7E,0xFF,0xFF,0xFF,0xFF,0xFF,0xFF,0xFF,0xFF,0xFF,0xFF,
    0xFF,0xFF,0xFE,0xFF,0xFD,0xF8,0xFB,0xFF,0xF7,0xF3,0xE7,0xFF,0xDF,0x9F,0x9F,0x1F,
    0x1E,0x1F,0x9F,0xBE,0xBE,0xFE,0xBF,0x00,0x04,0x3F,0xFE,0xFD,0xFB,0xE7,0x0F,0x1F,
    0xFF,0xFF,0xFF,0x7F,0xFF,0xFF,0xFF,0xFF,0xFF,0xFE,0x7C,0x38,0xC0,0xF7,0xFF,0xFF,
    0xFF,0xFF,0xFF,0xFF,0xFF,0xFF,0xFF,0xFF,0xFF,0xFF,0xFF,0xFF,0x1F,0x1F,0x0F,0x0F,
    0x1F,0x1F,0x3F,0x3F,0x3F,0x7F,0xFF,0x7F,0x7F,0x7F,0xFF,0xFF,0xFF,0xFF,0xFE,0xFE,
    0x07,0xE3,0xCF,0xFD,0xFB,0xFB,0xF0,0xF7,0xFB,0xF9,0xF8,0xE2,0xE3,0xF7,0xF3,0xF8,
    0xF8,0x06,0x3F,0xFF,0xFF,0xFF,0xFF,0xFF,0xFF,0xFF,0xFF,0xFF,0xFB,0xFB,0xFF,0xEF,
    0xEF,0xEF,0xEF,0xFC,0xFC,0xFC,0xFC,0xFF,0xFF,0xFE,0xFC,0xEE,0xFF,0xFE,0xFC,0xF8,
    0xF0,0xF1,0xE3,0xF3,0xF7,0xC7,0x01,0xFE,0xFF,0xFF,0xFF,0xFF,0xFF,0xFF,0xFF,0xFF,
    0xFF,0xFF,0xFF,0xFF,0xFF,0xFF,0xFF,0xFF,0xFF,0x00,0xF7,0xE7,0xCF,0xDF,0xBF,0x7F,
    0xDF,0x8F,0x8F,0x8F,0x9F,0x9F,0x9F,0xDF,0xBF,0xFF,0x87,0x8F,0x9F,0x9B,0x9F,0x9F,
    0x9F,0xBF,0x9F,0x9F,0x8F,0x8F,0x8F,0xCF,0xDF,0xDF,0x9F,0xDF,0xDF,0xF8,0xE7,0xDF,
    0xD7,0xB7,0x71,0xCF,0xBF,0xFF,0x7F,0xFF,0xFF,0xFF,0xFF,0xFF,0xFF,0xFF,0x3F,0xC7,
    0xFC,0xFF,0xFF,0xFF,0xFF,0xFF,0xFE,0x38,0x83,0xEF,0xEF,0xF7,0xEF,0xFF,0xF7,0xF7,
    0xF7,0xE3,0xE3,0xE3,0xE7,0xE7,0xE7,0xE7,0xE3,0xE3,0xE3,0xE3,0xF3,0xF3,0xF3,0xF3,
    0xB3,0xB3,0xB3,0xB3,0xB3,0xB3,0xB3,0xB3,0xB7,0xF3,0xC0,0xCF,0x8F,0x83,0xBE,0xFF,
    0xBF,0x9F,0x8F,0xB7,0xB9,0xB8,0xB3,0xB7,0xB7,0xF7,0xF3,0xF3,0xF3,0xF0,0xF6,0xF7,
    0xF7,0xF3,0xF3,0xF0,0xF0,0xF2,0xF0,0xF1,
  },
  {
    0x1F,0x1F,0x9F,0xCF,0xCF,0xCF,0xCF,0x8F,0xEF,0xFF,0xFF,0x3F,0x7F,0xFF,0xFF,0xFF,
    0xFF,0x37,0xEF,0xDF,0xDF,0xBF,0xBF,0x7F,0xFF,0xFF,0xFF,0xFF,0xFF,0xFF,0xFF,0xFF,
    0xFF,0xFF,0xFF,0xFF,0xFF,0xFF,0xFF,0xFF,0xFF,0xFF,0xFF,0xFF,0x27,0x87,0x86,0x86,
    0xCE,0xDC,0xFC,0xFE,0xFF,0xFF,0xFF,0xE6,0xE6,0xE7,0xE7,0xC7,0xC7,0xCF,0xCF,0xDF,
    0xDF,0xEC,0xE8,0xF0,0xFF,0xFF,0xFF,0xFD,0xFC,0xFB,0x9F,0x1F,0x3F,0xCF,0xFF,0xFE,
    0xFC,0xFD,0xF9,0xFD,0xFD,0xFB,0xFB,0xFB,0xFB,0xDD,0x1D,0x5D,0xDD,0xED,0xED,0x6D,
    0x6D,0x4E,0xE6,0xBE,0xEE,0xE6,0xFC,0xBF,0x0F,0x0F,0x9F,0xDF,0xDF,0xFF,0x7F,0x7F,
    0x7F,0x1F,0x9F,0x9F,0xBF,0x3F,0x3F,0x3F,0x3F,0x3F,0x3F,0x3F,0x3F,0x3F,0x3F,0x7F,
    0x7F,0x77,0x09,0x3C,0xBD,0xFD,0x6F,0x6F,0xEF,0x7F,0x7D,0x7C,0x7C,0x7D,0x7F,0xFF,
    0xBF,0x9E,0x40,0x1D,0x3C,0x7E,0xFF,0xFF,0xFF,0xFF,0xFF,0xFF,0xFF,0xFF,0xFF,0xFF,
    0xFF,0xFF,0xFE,0xFF,0xFD,0xF8,0xFB,0xFF,0xF7,0xF3,0xE7,0xFF,0xDF,0x9F,0x9F,0x1F,
    0x1E,0x1F,0x9F,0xBE,0xBE,0xFE,0xBF,0x00,0x04,0x3F,0xFE,0xFD,0xFB,0xE7,0x0F,0x1F,
    0xFF,0xFF,0xFF,0x7F,0xFF,0xFF,0xFF,0xFF,0xFF,0xFE,0x7C,0x38,0xC0,0xF7,0xFF,0xFF,
    0xFF,0xFF,0xFF,0xFF,0xFF,0xFF,0xFF,0xFF,0xFF,0xFF,0xFF,0xFF,0x1F,0x1F,0x0F,0x0F,
    0x1F,0x1F,0x3F,0x3F,0x3F,0x7F,0xFF,0x7F,0x7F,0x7F,0xFF,0xFF,0xFF,0xFF,0xFF,0xFE,
    0x07,0xE3,0xCF,0xFD,0xFB,0xFB,0xF0,0xF7,0xFB,0xF9,0xF8,0xE2,0xE3,0xF7,0xF3,0xF8,
    0xF8,0x06,0x3F,0xFF,0xFF,0xFF,0xFF,0xFF,0xFF,0xFF,0xFF,0xFF,0xFB,0xFB,0xFF,0xFF,
    0xEF,0xEF,0xEF,0xFC,0xFC,0xFC,0xFC,0xFF,0xFF,0xFE,0xFC,0xEE,0xFF,0xFE,0xFC,0xF8,
    0xF0,0xF1,0xE3,0xF3,0xF7,0xC7,0x03,0xFE,0xFF,0xFF,0xFF,0xFF,0xFF,0xFF,0xFF,0xFF,
    0xFF,0xFF,0xFF,0xFF,0xFF,0xFF,0xFF,0xFF,0xFF,0x00,0xF7,0xE7,0xCF,0xDF,0xBF,0x7F,
    0xDF,0x8F,0x8F,0x8F,0x9F,0x9F,0x9F,0xDF,0xBF,0xFF,0x87,0x8F,0x9F,0x9B,0x9F,0x9F,
    0x9F,0x9F,0x9F,0x9F,0x8F,0x8F,0x8F,0xCF,0xDF,0xDF,0x9F,0xDF,0xDF,0xF8,0xE7,0xDF,
    0xD7,0xB7,0xF1,0xCF,0xBF,0xFF,0x7F,0xFF,0xFF,0xFF,0xFF,0xFF,0xFF,0xFF,0x3F,0xC7,
    0xFC,0xFF,0xFF,0xFF,0xFF,0xFF,0xFE,0x38,0x83,0xEF,0xEF,0xF7,0xEF,0xFF,0xF7,0xF7,
    0xF7,0xE3,0xE3,0xE3,0xE7,0xE7,0xE7,0xE7,0xE3,0xE3,0xE3,0xE3,0xF3,0xF3,0xF3,0xF3,
    0xB3,0xB3,0xB3,0xB3,0xB3,0xB3,0xB3,0xB3,0xB7,0xF3,0xC0,0xCF,0x8F,0x83,0xBE,0xFF,
    0xBF,0x9F,0x8F,0xB7,0xB9,0xB8,0xB3,0xB7,0xB7,0xF7,0xF3,0xF3,0xF3,0xF0,0xF6,0xF7,
    0xF7,0xF3,0xF3,0xF0,0xF0,0xF2,0xF0,0xF1,
  },
  {
    0x1F,0x1F,0x9F,0xCF,0xCF,0xCF,0xCF,0x8F,0xEF,0xFF,0xFF,0x3F,0x7F,0xFF,0xFF,0xFF,
    0xFF,0xFF,0x7F,0xFF,0xDF,0x9F,0x3F,0xFF,0xFF,0xFF,0xFF,0xFF,0xFF,0xFF,0xFF,0xFF,
    0xFF,0xFF,0xFF,0xFF,0xFF,0xFF,0xFF,0xFF,0xFF,0xFF,0xFF,0x7F,0x07,0x07,0x86,0x86,
    0xCE,0xDC,0xFC,0xFE,0xFF,0xFF,0xFF,0xE6,0xE6,0xE7,0xE7,0xC7,0xC7,0xCF,0xCF,0xDF,
    0xDF,0xEC,0xE8,0xF0,0xFF,0xFF,0xFF,0xFF,0xFF,0xD8,0x01,0x1F,0x7F,0xFF,0xFC,0xE3,
    0xE7,0xCF,0xEF,0xCF,0xDF,0xDF,0xDF,0xEF,0x7F,0x77,0x37,0xBB,0xDB,0xDB,0x5D,0xAD,
    0xEE,0x76,0xBF,0xF5,0xF0,0xF7,0xBF,0x3F,0x0F,0x0F,0x9F,0xDF,0xDF,0xFF,0x7F,0x7F,
    0x7F,0x1F,0x9F,0x9F,0xBF,0x3F,0x3F,0x3F,0x3F,0x3F,0x3F,0x3F,0x3F,0x3F,0x3F,0x3F,
    0x3F,0x18,0xE0,0xDE,0xCF,0xDF,0xFF,0x7F,0x7F,0xFF,0xCF,0xCF,0xEF,0xCF,0xFF,0xFE,
    0xFC,0x1D,0x23,0x73,0xF8,0xFC,0xFF,0xFF,0xFF,0xFF,0xFF,0xFF,0xFF,0xFF,0xFF,0xFF,
    0xFF,0xFF,0xFE,0xFF,0xFD,0xF8,0xFB,0xFF,0xF7,0xF3,0xE7,0xFF,0xDF,0x9F,0x9F,0x1F,
    0x1E,0x1F,0x9F,0xBE,0xBE,0x7E,0xFE,0x3E,0x3E,0x3E,0x5D,0xEF,0xFB,0xFB,0xFB,0x9B,
    0x0D,0x1D,0x1D,0x3D,0x79,0xFD,0xFD,0xFC,0xFE,0xF9,0xEC,0xCC,0x81,0xF7,0xFF,0xFF,
    0xFF,0xFF,0xFF,0xFF,0xFF,0xFF,0xFF,0xFF,0xFF,0xFF,0xFF,0xFF,0x1F,0x1F,0x0F,0x0F,
    0x1F,0x3F,0x3F,0x3F,0x3F,0x7F,0xFF,0x7F,0x7F,0x7F,0xFF,0xFF,0xFF,0xFF,0xC1,0x5E,
    0xDE,0xDE,0x80,0xCC,0xBF,0xBF,0xFF,0x60,0xEC,0xBC,0xBC,0xAC,0x97,0xFF,0xF3,0xF9,
    0xF3,0xE7,0x8F,0x7B,0xF3,0xE7,0x9F,0xFF,0xFF,0xFF,0xFF,0xFF,0xFB,0xFB,0xFF,0xFF,
    0xEF,0xEF,0xEF,0xFC,0xFC,0xFC,0xFC,0xFF,0xFF,0xFE,0xFC,0xEE,0xFF,0xFE,0xFC,0xF8,
    0xF0,0xE1,0xE3,0xE3,0xE3,0xE7,0x77,0x8F,0xC7,0xF7,0xFF,0x87,0xF9,0xFE,0xCF,0x7F,
    0xF7,0xF7,0xEF,0xEF,0xDF,0xFF,0xFF,0xFF,0xFF,0xFF,0x00,0xFF,0xFF,0xFF,0x80,0xFF,
    0xDF,0x8F,0x8F,0x8F,0x9F,0x9F,0x9F,0xDF,0xBF,0xFF,0x87,0x8F,0x9F,0x9B,0x9F,0x9F,
    0x9F,0xBF,0x9F,0x9F,0x8F,0x8F,0x8F,0xCF,0xDF,0xFF,0xDF,0xDF,0xCF,0xDC,0xBF,0x7F,
    0x7F,0xFF,0xFF,0xFF,0xFF,0xFF,0xFE,0xF9,0xF7,0xEF,0x7F,0x1F,0xDF,0xEF,0xF7,0xE3,
    0xF9,0xD6,0xFF,0xFB,0xFF,0xFF,0x99,0xCF,0xCF,0xFF,0xFF,0xEF,0xFF,0xF7,0xF7,0xF7,
    0xF7,0xE3,0xE3,0xE3,0xE7,0xE7,0xE7,0xE7,0xE3,0xE3,0xE3,0xE3,0xF3,0xF3,0xF3,0xF3,
    0xB3,0xB3,0xB3,0xB3,0xB3,0xB3,0xB3,0xB2,0xF6,0xFE,0xC2,0x88,0x9F,0x9F,0xCF,0xEF,
    0xB3,0xB9,0xBE,0xBF,0xBF,0xBF,0xBF,0xBF,0xBB,0xFA,0xB3,0xF3,0xF7,0xF3,0xF3,0xF3,
    0xF3,0xF1,0xF3,0xF3,0xF0,0xF2,0xF0,0xF1,
  },
  {
    0x1F,0x1F,0x9F,0xCF,0xCF,0xCF,0xCF,0x8F,0xEF,0xFF,0xFF,0x3F,0x7F,0xFF,0xFF,0xFF,
    0xFF,0xFF,0x7F,0xFF,0xDF,0x9F,0x3F,0xFF,0xFF,0xFF,0xFF,0xFF,0xFF,0xFF,0xFF,0xFF,
    0xFF,0xFF,0xFF,0xFF,0xFF,0xFF,0xFF,0xFF,0xFF,0xFF,0xFF,0x7F,0x07,0x07,0x86,0x86,
    0xCE,0xDC,0xFC,0xFE,0xFF,0xFF,0xFF,0xE6,0xE6,0xE7,0xE7,0xC7,0xC7,0xCF,0xCF,0xDF,
    0xDF,0xEC,0xE8,0xF0,0xFF,0xFF,0xFF,0xFF,0xFF,0xD8,0x01,0x1F,0x7F,0xFF,0xFC,0xE3,
    0xEF,0xCF,0xEF,0xCF,0xDF,0xDF,0xDF,0xEF,0x7F,0x77,0x37,0xBB,0xDB,0xDB,0x7F,0x8D,
    0xCE,0x76,0xBF,0xF5,0xF0,0xF7,0xBF,0x3F,0x0F,0x0F,0x9F,0xDF,0xDF,0xFF,0x7F,0x7F,
    0x7F,0x1F,0x9F,0x9F,0xBF,0x3F,0x3F,0x3F,0x3F,0x3F,0x3F,0x3F,0x3F,0x3F,0x3F,0x3F,
    0x3F,0x18,0xE0,0xDE,0xCF,0xDF,0xFF,0x7F,0x7F,0xFF,0xCF,0xCF,0xEF,0xCF,0xFF,0xFE,
    0xFE,0x1F,0x27,0x73,0xF8,0xFC,0xFF,0xFF,0xFF,0xFF,0xFF,0xFF,0xFF,0xFF,0xFF,0xFF,
    0xFF,0xFF,0xFE,0xFF,0xFD,0xF8,0xFB,0xFF,0xF7,0xF3,0xE7,0xFF,0xDF,0x9F,0x9F,0x1F,
    0x1E,0x1F,0x9F,0xBE,0xBE,0x7E,0xFE,0x3E,0x3E,0x3E,0x5D,0xEF,0xFB,0xFB,0xFB,0x9B,
    0x0D,0x1D,0x1D,0x3D,0x79,0xFD,0xFD,0xFC,0xFE,0xF8,0xEC,0xCC,0x83,0xE7,0xFF,0xFF,
    0xFF,0xFF,0xFF,0xFF,0xFF,0xFF,0xFF,0xFF,0xFF,0xFF,0xFF,0xFF,0x1F,0x1F,0x0F,0x0F,
    0x1F,0x3F,0x3F,0x3F,0x3F,0x7F,0xFF,0x7F,0x7F,0x7F,0xFF,0xFF,0xFF,0xFF,0xC1,0x5F,
    0xDE,0xDE,0x80,0xCC,0xBF,0xBF,0xFF,0x60,0xEC,0xBC,0xBC,0xAC,0x97,0xFF,0xF3,0xF9,
    0xF3,0xE7,0x8F,0x7B,0xF3,0xE7,0x9F,0xFF,0xFF,0xFF,0xFF,0xFF,0xFB,0xFB,0xFF,0xFF,
    0xEF,0xEF,0xEF,0xFC,0xFC,0xFC,0xFC,0xFF,0xFF,0xFE,0xFC,0xEE,0xFF,0xFE,0xFC,0xF8,
    0xF0,0xE1,0xE3,0xE3,0xE3,0xE7,0x77,0x8F,0xC7,0xFF,0xFF,0x87,0xF9,0xFE,0xCF,0x7F,
    0xF7,0xF7,0xEF,0xEF,0xDF,0xFF,0xFF,0xFF,0xFF,0xFF,0x00,0xFF,0xFF,0xFF,0x80,0xFF,
    0xDF,0x8F,0x8F,0x8F,0x9F,0x9F,0x9F,0xDF,0xBF,0xFF,0x87,0x9F,0x9F,0x9B,0x9F,0x9F,
    0x9F,0xBF,0x9F,0x9F,0x8F,0x8F,0x8F,0xCF,0xDF,0xFF,0xDF,0xDF,0xC7,0xDC,0xBF,0x7F,
    0x7F,0xFF,0xFF,0xFF,0xFF,0xFF,0xFE,0xF9,0xF7,0xEF,0x7F,0x1F,0xDF,0xEF,0xF7,0xE3,
    0xF9,0xD6,0xFF,0xFF,0xFF,0xFF,0xD1,0xCF,0xCF,0xFF,0xFF,0xFF,0xFF,0xF7,0xF7,0xF7,
    0xF7,0xE3,0xE3,0xE3,0xE7,0xE7,0xE7,0xE7,0xE3,0xE3,0xE3,0xE3,0xF3,0xF3,0xF3,0xF3,
    0xB3,0xB3,0xB3,0xB3,0xB3,0xB3,0xBB,0xB2,0xF6,0xF6,0xC2,0x88,0x9F,0x9F,0x8F,0xEF,
    0xB3,0xB9,0xBE,0xBF,0xBF,0xB7,0xBF,0xBF,0xBB,0xFA,0xB3,0xF3,0xFF,0xF3,0xF3,0xF3,
    0xF3,0xF3,0xF3,0xF3,0xF0,0xF2,0xF0,0xF1,
  },
  {
    0x1F,0x1F,0x8F,0xCF,0xCF,0xCF,0xCF,0x8F,0xEF,0xFF,0xFF,0x3F,0x7F,0xFF,0xFF,0xFF,
    0xFF,0xFF,0xFF,0x3F,0xFF,0x9F,0x3F,0xFF,0xFF,0xFF,0xFF,0xFF,0xFF,0xFF,0xFF,0xFF,
    0xFF,0xFF,0xFF,0xFF,0xFF,0xFF,0xFF,0xFF,0xFF,0xFF,0x7F,0x7F,0x07,0x07,0x86,0x86,
    0xCE,0xDC,0xFC,0xFE,0xFF,0xFF,0xFF,0xE6,0xE6,0xC7,0xE7,0xC7,0xC7,0xCF,0xCF,0xDF,
    0xDF,0xCC,0xE8,0xF0,0xFF,0xFF,0xFF,0xFF,0xFF,0x99,0x00,0x1F,0xFF,0xFF,0xFC,0xF3,
    0xCF,0xCF,0xDF,0xDF,0xBF,0xBF,0xDF,0xFF,0xEF,0x77,0x37,0xBB,0xDB,0xDB,0x1D,0x8F,
    0xEE,0x7F,0x9F,0xF0,0xF0,0xF7,0xBF,0x3F,0x0F,0x0F,0x9F,0xDF,0xDF,0xFF,0x7F,0x7F,
    0x6F,0x1F,0x9F,0x9F,0x9F,0x1F,0x3F,0x3F,0x3F,0x3F,0x3F,0x3F,0x3F,0x3F,0x3F,0x3F,
    0x3F,0x18,0xC0,0xDE,0xDF,0xDF,0xFF,0xFF,0xFF,0xFF,0xDF,0xCF,0xCF,0xDF,0xFF,0xFE,
    0xFC,0x0F,0x67,0x73,0xF8,0xFD,0xFD,0xFE,0xFF,0xFF,0xFF,0xFF,0xFF,0xFF,0xFF,0xFF,
    0xFF,0xFF,0xFE,0xFF,0xFD,0xF8,0xFB,0xFF,0xF3,0xF3,0xE7,0xFF,0xDF,0x9F,0x9F,0x1F,
    0x1E,0x1F,0x9F,0xBE,0xBE,0x7E,0xFE,0x3E,0x3E,0x3D,0xDB,0xEB,0xFB,0xFF,0xF6,0xF2,
    0x1B,0x1F,0x1F,0x3B,0x7B,0xFB,0xFD,0xFD,0xFC,0xFA,0xF2,0xD0,0x07,0xFF,0xFF,0xFF,
    0xFF,0xFF,0xFF,0xFF,0xFF,0xFF,0xFF,0xFF,0xFF,0xFF,0xFF,0xFF,0x1F,0x1F,0x0F,0x0F,
    0x1F,0x1F,0x3F,0x3F,0x3F,0x7F,0xFF,0x7F,0x7F,0x7F,0xFF,0xFF,0xFF,0xF7,0xC0,0xC0,
    0x80,0x40,0x01,0xBF,0x7F,0xFF,0x3F,0x60,0xA8,0x9C,0x9C,0xAC,0xA3,0xEF,0xDF,0xEF,
    0xF3,0xE7,0xCF,0x30,0xEF,0xEF,0xFF,0xFF,0x7F,0xFF,0xFF,0xFF,0xFB,0xFB,0xFF,0xFF,
    0xEF,0xEF,0xEF,0xFC,0xFC,0xFC,0xFC,0xFF,0xFE,0xFE,0xFC,0xEE,0xFF,0xFE,0xFC,0xF8,
    0xF0,0xE1,0xE3,0xE3,0xE3,0xE7,0x77,0x8F,0xC6,0xF7,0xFF,0xC3,0xFC,0xFE,0x8B,0x6F,
    0xFB,0xFB,0xFB,0xF7,0xCF,0xFF,0xFF,0xFF,0xFF,0xFF,0x7E,0x03,0xFF,0xFF,0xFF,0xFF,
    0x7C,0x83,0x8F,0x8F,0x9F,0x9F,0x9F,0xDF,0xBF,0xFF,0x87,0x9F,0x9B,0x9B,0x9F,0x9F,
    0x9F,0x9F,0x9F,0x9F,0x8F,0x8F,0x8F,0x8F,0x9F,0xFF,0xDF,0xDF,0xC1,0x9E,0x7F,0x7F,
    0xFF,0xFF,0xFF,0xFF,0xFF,0xFF,0xFE,0xFB,0xFB,0xFF,0x7F,0x3F,0xDF,0xEF,0xF7,0xF3,
    0xF9,0xF8,0xFD,0xFD,0xF9,0xF9,0xDE,0xCE,0xEF,0xEF,0xEF,0xEF,0xFF,0xF7,0xF7,0xF7,
    0xF7,0xE3,0xE3,0xE3,0xE7,0xE7,0xE7,0xE3,0xE3,0xE3,0xE3,0xE3,0xF3,0xF3,0xF3,0xF3,
    0xB3,0xB3,0xB3,0xB3,0xB3,0xB3,0xBB,0xB2,0xF6,0xFE,0xC6,0x88,0x9F,0x9F,0x8F,0xEF,
    0xB7,0xB9,0xBC,0xBF,0xBF,0xB7,0xBF,0xBB,0xBA,0xFA,0xB3,0xF3,0xF3,0xF3,0xF3,0xF3,
    0xF3,0xF1,0xF3,0xF3,0xF0,0xF2,0xF0,0xF1,
  },
  {
    0x1F,0x1F,0x8F,0xCF,0xCF,0xCF,0xCF,0x8F,0xEF,0xFF,0xFF,0x3F,0x7F,0xFF,0xFF,0xFF,
    0xFF,0xFF,0xFF,0x3F,0xFF,0x9F,0x3F,0xFF,0xFF,0xFF,0xFF,0xFF,0xFF,0xFF,0xFF,0xFF,
    0xFF,0xFF,0xFF,0xFF,0xFF,0xFF,0xFF,0xFF,0xFF,0xFF,0x7F,0x7F,0x07,0x07,0x86,0x86,
    0xCE,0xDC,0xFC,0xFE,0xFF,0xFF,0xFF,0xE6,0xE6,0xC7,0xE7,0xC7,0xC7,0xCF,0xCF,0xDF,
    0xDF,0xCC,0xE8,0xF0,0xFF,0xFF,0xFF,0xFF,0xFF,0x99,0x01,0x1F,0xFF,0xFF,0xFC,0xF3,
    0xCF,0xCF,0xDF,0xDF,0xBF,0xBF,0xDF,0xFF,0xEF,0x77,0x37,0xBB,0xDB,0xDB,0x1D,0x8F,
    0xEE,0x7F,0x9F,0xF0,0xF0,0xF7,0x3F,0x3F,0x0F,0x0F,0x9F,0xDF,0xDF,0xFF,0x7F,0x7F,
    0x6F,0x1F,0x9F,0x9F,0x9F,0x1F,0x3F,0x3F,0x3F,0x3F,0x3F,0x3F,0x3F,0x3F,0x3F,0x3F,
    0x3F,0x18,0xC0,0xDE,0xDF,0xDF,0xFF,0xFF,0xFF,0xFF,0xDF,0xCF,0xCF,0xDF,0xFF,0xFE,
    0xFC,0x0F,0x67,0x73,0xF8,0xFD,0xFD,0xFE,0xFF,0xFF,0xFF,0xFF,0xFF,0xFF,0xFF,0xFF,
    0xFF,0xFF,0xFE,0xFF,0xFD,0xF8,0xFB,0xFF,0xF3,0xF3,0xE7,0xFF,0xDF,0x9F,0x9F,0x1F,
    0x1E,0x1F,0x9F,0xBE,0xBE,0x7E,0xFE,0x3E,0x3E,0x3D,0xD3,0xEB,0xFB,0xFF,0xF6,0xF2,
    0x1B,0x1F,0x1F,0x3B,0x7B,0xFB,0xFD,0xFD,0xFC,0xFA,0xFA,0xD0,0x07,0xFF,0xFF,0xFF,
    0xFF,0xFF,0xFF,0xFF,0xFF,0xFF,0xFF,0xFF,0xFF,0xFF,0xFF,0xFF,0x1F,0x1F,0x0F,0x0F,
    0x1F,0x1F,0x3F,0x3F,0x3F,0x7F,0xFF,0x7F,0x7F,0x7F,0xFF,0xFF,0xFF,0xF7,0xC0,0xC0,
    0x80,0xC0,0x01,0xBF,0x3F,0xFF,0x3F,0x60,0xA8,0x9C,0x9C,0xAC,0xA3,0xEF,0xDF,0xEF,
    0xF3,0xE7,0xCF,0x30,0xEF,0xEF,0xFF,0xFF,0x7F,0xFF,0xFF,0xFF,0xFB,0xFB,0xFF,0xFF,
    0xEF,0xEF,0xEF,0xFC,0xFC,0xFC,0xFC,0xFF,0xFE,0xFE,0xFC,0xEE,0xFF,0xFE,0xFC,0xF8,
    0xF0,0xE1,0xE3,0xE3,0xE3,0xE7,0x77,0x8F,0xC6,0xF7,0xFF,0xC3,0xFC,0xFE,0x8B,0x6F,
    0xFB,0xFB,0xFB,0xF7,0xCF,0xFF,0xFF,0xFF,0xFF,0xFF,0x7E,0x01,0xFF,0xFF,0xFF,0xFF,
    0x7C,0x83,0x8F,0x8F,0x9F,0x9F,0x9F,0xDF,0xBF,0xFF,0x87,0x9F,0x9B,0x9B,0x9F,0x9F,
    0x9F,0x9F,0x9F,0x9F,0x8F,0x8F,0x8F,0xCF,0x9F,0xFF,0xDF,0xDF,0xC1,0x9E,0x7F,0x7F,
    0xFF,0xFF,0xFF,0xFF,0xFF,0xFF,0xFE,0xF9,0xFB,0xFF,0x7F,0x3F,0xDF,0xEF,0xF7,0xF3,
    0xF9,0xFC,0xFD,0xFD,0xFD,0xFD,0xDC,0xCE,0xEF,0xEF,0xEF,0xEF,0xFF,0xF7,0xF7,0xF7,
    0xF7,0xE3,0xE3,0xE3,0xE7,0xE7,0xE7,0xE3,0xE3,0xE3,0xE3,0xE3,0xF3,0xF3,0xF3,0xF3,
    0xB3,0xB3,0xB3,0xB3,0xB3,0xB3,0xB3,0xB2,0xF6,0xFE,0xC6,0x88,0x9F,0x9F,0x8F,0xEF,
    0xB7,0xB9,0xBC,0xBF,0xBF,0xB7,0xBF,0xBF,0xBA,0xFA,0xB3,0xF3,0xF3,0xF3,0xF3,0xF3,
    0xF3,0xF1,0xF3,0xF3,0xF0,0xF2,0xF0,0xF1,
  },
  {
    0x1F,0x1F,0x9F,0xCF,0xCF,0xCF,0xCF,0x8F,0xEF,0xFF,0xFF,0x3F,0x7F,0xFF,0xFF,0xFF,
    0xFF,0xFF,0xFF,0x3F,0xFF,0x9F,0x3F,0xFF,0xFF,0xFF,0xFF,0xFF,0xFF,0xFF,0xFF,0xFF,
    0xFF,0xFF,0xFF,0xFF,0xFF,0xFF,0xFF,0xFF,0xFF,0xFF,0x7F,0x7F,0x07,0x07,0x86,0x86,
    0xCE,0xDC,0xFC,0xFE,0xFF,0xFF,0xFF,0xE6,0xE6,0xE7,0xE7,0xC7,0xC7,0xCF,0xCF,0xDF,
    0xDF,0xEC,0xE8,0xF0,0xFF,0xFF,0xFF,0xFF,0xFF,0x99,0x01,0x1F,0xFF,0xFF,0xFC,0xF3,
    0xCF,0xCF,0xDF,0xDF,0xBF,0xBF,0xDF,0xFF,0xEF,0x77,0x37,0xBB,0xDB,0xDB,0x1D,0x8F,
    0xEE,0x7F,0x9F,0xF0,0xF1,0xF7,0xBF,0x3F,0x0F,0x0F,0x9F,0xDF,0xDF,0xFF,0x7F,0x7F,
    0x7F,0x1F,0x9F,0x9F,0xBF,0x3F,0x3F,0x3F,0x3F,0x3F,0x3F,0x3F,0x3F,0x3F,0x3F,0x3F,
    0x3F,0x18,0xC0,0xDC,0xDF,0xDF,0xFF,0xFF,0xFF,0xFF,0xDF,0xCF,0xCF,0xDF,0xFF,0xFE,
    0xFC,0x0F,0x67,0xF3,0xF8,0xFD,0xFD,0xFE,0xFF,0xFF,0xFF,0xFF,0xFF,0xFF,0xFF,0xFF,
    0xFF,0xFF,0xFE,0xFF,0xFD,0xF8,0xFB,0xFF,0xF7,0xF3,0xE7,0xFF,0xDF,0x9F,0x9F,0x1F,
    0x1E,0x1F,0x9F,0xBE,0xBE,0x7E,0xFE,0x3E,0x3E,0x3D,0xDB,0xEB,0xFB,0xFF,0xF6,0xF2,
    0x1B,0x1F,0x1F,0x3B,0x7B,0xFB,0xFD,0xFD,0xFC,0xFA,0xFA,0xD0,0x07,0xFF,0xFF,0xFF,
    0xFF,0xFF,0xFF,0xFF,0xFF,0xFF,0xFF,0xFF,0xFF,0xFF,0xFF,0xFF,0x1F,0x1F,0x0F,0x0F,
    0x1F,0x1F,0x3F,0x3F,0x3F,0x7F,0xFF,0x7F,0x7F,0x7F,0xFF,0xFF,0xFF,0xF7,0xC0,0xD4,
    0x88,0xC0,0x01,0xBF,0x7F,0xFF,0x3F,0x60,0xA8,0xBC,0x9C,0xAC,0xA3,0xEF,0xDF,0xEF,
    0xF3,0xE7,0xCF,0x30,0xEF,0xEF,0xFF,0xFF,0x7F,0xFF,0xFF,0xFF,0xFB,0xFB,0xFF,0xFF,
    0xEF,0xEF,0xEF,0xFC,0xFC,0xFC,0xFC,0xFF,0xFF,0xFE,0xFC,0xEE,0xFF,0xFE,0xFC,0xF8,
    0xF0,0xE1,0xE3,0xE3,0xE3,0xF7,0x7F,0x8F,0xC6,0xF7,0xFF,0xC3,0xFC,0xFE,0x8B,0x6F,
    0xFB,0xFB,0xFB,0xF7,0xCF,0xFF,0xFF,0xFF,0xFF,0xFF,0x7E,0x01,0xFF,0xFF,0xFF,0xFF,
    0x7C,0x83,0x8F,0x8F,0x9F,0x9F,0x9F,0xDF,0xBF,0xFF,0x87,0x9F,0x9F,0x9B,0x9F,0x9F,
    0x9F,0xBF,0x9F,0x9F,0x8F,0x8F,0x8F,0xCF,0xDF,0xFF,0xDF,0xDF,0xC1,0x9E,0x7F,0x7F,
    0xFF,0xFF,0xFF,0xFF,0xFF,0xFF,0xFE,0xF9,0xFB,0xFF,0x7F,0x3F,0xDF,0xEF,0xF7,0xF3,
    0xF9,0xFC,0xFD,0xFD,0xFD,0xFD,0xDC,0xCE,0xEF,0xFF,0xFF,0xEF,0xFF,0xF7,0xF7,0xF7,
    0xF7,0xE3,0xE3,0xE3,0xE7,0xE7,0xE7,0xE7,0xE3,0xE3,0xE3,0xE3,0xF3,0xF3,0xF3,0xF3,
    0xB3,0xB3,0xB3,0xB3,0xB3,0xB3,0xBB,0xB2,0xF6,0xFE,0xC6,0x88,0x9F,0x9F,0x9F,0xEF,
    0xB7,0xB9,0xBC,0xBF,0xBF,0xB7,0xBF,0xBF,0xBA,0xFA,0xB3,0xF3,0xF3,0xF3,0xF3,0xF3,
    0xF3,0xF1,0xF3,0xF3,0xF0,0xF2,0xF0,0xF1,
  },
  {
    0x1F,0x1F,0x9F,0xCF,0xCF,0xCF,0xCF,0x8F,0xEF,0xFF,0xFF,0x3F,0x7F,0xFF,0xFF,0xFF,
    0xFF,0xFF,0x0B,0xF7,0xF7,0xCF,0xDF,0xBF,0x7F,0xFF,0xFF,0xFF,0xFF,0xFF,0xFF,0xFF,
    0xFF,0xFF,0xFF,0xFF,0xFF,0xFF,0xFF,0xFF,0xFF,0xFF,0xFF,0x7F,0x07,0x07,0x06,0x86,
    0xCE,0xDC,0xFC,0xFE,0xFF,0xFF,0xFF,0xE6,0xE6,0xE7,0xE7,0xC7,0xC7,0xCF,0xCF,0xDF,
    0xDF,0xEC,0xE8,0xF0,0xFF,0xFF,0xFF,0xFF,0xFF,0xFE,0xF0,0x83,0x0F,0x3F,0xFF,0xFE,
    0xFC,0xF9,0xFB,0xFB,0xFB,0xFB,0xF7,0xF7,0xFB,0xFB,0x9F,0xED,0xED,0xED,0x7E,0x36,
    0x46,0xE6,0xB7,0x9B,0xF7,0xF1,0xBF,0x3F,0x0F,0x0F,0x9F,0xDF,0xDF,0xFF,0x7F,0x7F,
    0x7F,0x1F,0x9F,0x9F,0xBF,0x3F,0x3F,0x3F,0x3F,0x3F,0x3F,0x3F,0x3F,0x3F,0x3F,0x3F,
    0x3F,0x1F,0x07,0x98,0xBB,0x79,0xF9,0xFB,0xEF,0xEF,0x4F,0xFF,0xF9,0x79,0x79,0x79,
    0x7F,0xBF,0x8C,0x80,0x1E,0x7E,0xFF,0xFF,0xFF,0xFF,0xFF,0xFF,0xFF,0xFF,0xFF,0xFF,
    0xFF,0xFF,0xFE,0xFF,0xFD,0xF8,0xFB,0xFF,0xF7,0xF3,0xE7,0xFF,0xDF,0x9F,0x9F,0x1F,
    0x1E,0x1F,0x9F,0xBE,0x3E,0x3E,0xFE,0xBE,0x1E,0x2F,0x3E,0xDF,0xEF,0xF9,0xC0,0x3C,
    0xFC,0xFB,0xF7,0xE7,0x8F,0x1F,0x3F,0xFF,0xFF,0xFF,0x7E,0xFA,0xF4,0x80,0xFF,0xFF,
    0xFF,0xFF,0xFF,0xFF,0xFF,0xFF,0xFF,0xFF,0xFF,0xFF,0xFF,0xFF,0x1F,0x1F,0x0F,0x0F,
    0x1F,0x1F,0x3F,0x3F,0x3F,0x7F,0xFF,0x7F,0x7F,0x7F,0xFF,0xFF,0xFF,0xFF,0xFF,0xFF,
    0x0F,0xF0,0xFB,0xE3,0xFF,0xBF,0xFF,0xF6,0xFD,0xFB,0xFB,0xFB,0xFD,0xFE,0xF5,0xFB,
    0xFD,0xF8,0x03,0xFF,0xFF,0xFF,0xFF,0xFF,0xFF,0xFF,0xFF,0xFF,0xFB,0xFB,0xFF,0xFF,
    0xEF,0xEF,0xEF,0xFC,0xFC,0xFC,0xFC,0xFF,0xFF,0xFE,0xFC,0xFE,0xFF,0xFE,0xFC,0xF8,
    0xF0,0xF1,0xE3,0xF3,0xF7,0xC7,0x81,0xFC,0xFF,0xFF,0xFF,0xFF,0xFF,0xFF,0xFF,0xFF,
    0xFF,0xFF,0xFF,0xFF,0xFF,0xFF,0xFF,0xFF,0xFF,0x70,0x41,0xFF,0x9F,0xFF,0x7F,0xFF,
    0x9F,0x8F,0x8F,0x8F,0x9F,0x9F,0x9F,0xDF,0xBF,0xFF,0x87,0x9F,0x9F,0x9B,0x9F,0x9F,
    0x9F,0xBF,0x9F,0x9F,0x8F,0x8F,0x8F,0xCF,0xDF,0xFF,0xDF,0xDF,0xDE,0xE0,0xCF,0xBF,
    0x7F,0xFF,0xFF,0xFF,0xFF,0xFF,0xFF,0x7F,0xFF,0xFF,0xFF,0xFF,0xFF,0xFF,0x7F,0x07,
    0xE0,0xFC,0xFF,0x7F,0xBF,0xF0,0xD9,0xCD,0xEF,0xEF,0xEF,0xEF,0xFF,0xF7,0xF7,0xF7,
    0xF7,0xE3,0xE3,0xE3,0xE7,0xE7,0xE7,0xE7,0xE3,0xF3,0xE3,0xE3,0xF3,0xF3,0xF3,0xF3,
    0xB3,0xB3,0xB3,0xB3,0xB3,0xB3,0xBB,0xB3,0xF7,0xD3,0xCF,0xDF,0xDF,0xDF,0xC7,0x9E,
    0x9F,0x9F,0xDF,0xCF,0xB3,0xB8,0xBB,0xBD,0xBD,0xFA,0xB2,0xF3,0xF3,0xF3,0xF3,0xF3,
    0xF3,0xF1,0xF3,0xF3,0xF0,0xF2,0xF0,0xF1,
  },
  {
    0x1F,0x1F,0x9F,0xCF,0xCF,0xCF,0xCF,0x8F,0xEF,0xFF,0xFF,0x3F,0xFF,0xFF,0xFF,0xFF,
    0xFF,0xFF,0x0B,0xF7,0xF7,0xCF,0xDF,0xBF,0x7F,0xFF,0xFF,0xFF,0xFF,0xFF,0xFF,0xFF,
    0xFF,0xFF,0xFF,0xFF,0xFF,0xFF,0xFF,0xFF,0xFF,0xFF,0xFF,0x7F,0x27,0x07,0x06,0x86,
    0xCE,0xDC,0xFC,0xFE,0xFF,0xFF,0xFF,0xE6,0xE6,0xE7,0xE7,0xC7,0xC7,0xCF,0xCF,0xDF,
    0xFF,0xEC,0xF8,0xF1,0xFF,0xFF,0xFF,0xFF,0xFF,0xFE,0xF0,0x83,0x0F,0xBF,0xFF,0xFE,
    0xFC,0xF9,0xFB,0xFB,0xFB,0xFB,0xF7,0xF7,0xFB,0xFB,0x9F,0xED,0xED,0xED,0x7E,0x76,
    0x46,0xE7,0xB7,0xDB,0xF7,0xF1,0xBF,0x3F,0x0F,0x0F,0x9F,0xDF,0xDF,0xFF,0x7F,0x7F,
    0x7F,0x1F,0x9F,0xBF,0xBF,0x3F,0x3F,0x3F,0x3F,0x3F,0x3F,0x3F,0x3F,0x3F,0x3F,0x3F,
    0x3F,0x1F,0x07,0x98,0xBB,0xF9,0xF9,0xFB,0xEF,0xEF,0x4F,0xFF,0xF9,0x79,0x79,0x7B,
    0x7F,0xBF,0x8C,0x80,0x3E,0x7E,0xFF,0xFF,0xFF,0xFF,0xFF,0xFF,0xFF,0xFF,0xFF,0xFF,
    0xFF,0xFF,0xFE,0xFF,0xFD,0xF8,0xFB,0xFF,0xF7,0xF3,0xE7,0xFF,0xDF,0x9F,0x9F,0x1F,
    0x1E,0x1F,0x9F,0xBE,0xBE,0x7E,0xFE,0xBE,0x1E,0x2F,0x3E,0xDF,0xEF,0xF9,0xC0,0x3C,
    0xFC,0xFB,0xF7,0xE7,0x8F,0x1F,0x3F,0xFF,0xFF,0xFF,0x7E,0xFA,0xF4,0x80,0xFF,0xFF,
    0xFF,0xFF,0xFF,0xFF,0xFF,0xFF,0xFF,0xFF,0xFF,0xFF,0xFF,0xFF,0x1F,0x1F,0x0F,0x0F,
    0x1F,0x1F,0x3F,0x3F,0x3F,0x7F,0xFF,0x7F,0x7F,0x7F,0xFF,0xFF,0xFF,0xFF,0xFF,0xFF,
    0x0F,0xF0,0xFB,0xE3,0xFF,0xBF,0xFF,0xF6,0xFD,0xFB,0xFB,0xFB,0xFD,0xFE,0xF5,0xFF,
    0xFD,0xF8,0x03,0xFF,0xFF,0xFF,0xFF,0xFF,0xFF,0xFF,0xFF,0xFF,0xFB,0xFB,0xFF,0xFF,
    0xEF,0xEF,0xEF,0xFC,0xFC,0xFC,0xFC,0xFF,0xFF,0xFE,0xFC,0xFE,0xFF,0xFE,0xFC,0xFC,
    0xF0,0xF1,0xE3,0xF3,0xFF,0xC7,0x83,0xFC,0xFF,0xFF,0xFF,0xFF,0xFF,0xFF,0xFF,0xFF,
    0xFF,0xFF,0xFF,0xFF,0xFF,0xFF,0xFF,0xFF,0xFF,0xF8,0x41,0xFF,0x9F,0xFF,0x7F,0xFF,
    0x9F,0x8F,0x8F,0x8F,0x9F,0x9F,0x9F,0xDF,0xBF,0xFF,0x87,0x9F,0x9F,0x9B,0x9F,0x9F,
    0x9F,0xBF,0x9F,0x9F,0x9F,0x8F,0x9F,0xDF,0xDF,0xFF,0xDF,0xDF,0xDE,0xE1,0xCF,0xBF,
    0x7F,0xFF,0xFF,0xFF,0xFF,0xFF,0xFF,0x7F,0xFF,0xFF,0xFF,0xFF,0xFF,0xFF,0x7F,0x07,
    0xE0,0xFC,0xFF,0x7F,0xBF,0xF0,0xD9,0xCF,0xEF,0xEF,0xEF,0xEF,0xFF,0xFF,0xF7,0xF7,
    0xF7,0xE3,0xE3,0xE3,0xE7,0xE7,0xE7,0xE7,0xE3,0xF3,0xE3,0xE3,0xF7,0xF3,0xF3,0xF3,
    0xB3,0xB3,0xB3,0xB3,0xB3,0xB3,0xBB,0xB3,0xF7,0xD3,0xCF,0xDF,0xDF,0x9F,0xC7,0x9F,
    0x9F,0x9F,0xDF,0xEF,0xB3,0xB8,0xBB,0xBD,0xBD,0xFA,0xB2,0xF7,0xF7,0xF3,0xF3,0xF3,
    0xF3,0xF3,0xF3,0xF3,0xF0,0xF6,0xF0,0xF1,
  },
  {
    0x1F,0x1F,0x9F,0xCF,0xCF,0xCF,0xCF,0x8F,0xEF,0xFF,0xFF,0x3F,0xFF,0xFF,0xFF,0xFF,
    0xFF,0xFF,0x0B,0xF7,0xF7,0xCF,0xDF,0xBF,0x7F,0xFF,0xFF,0xFF,0xFF,0xFF,0xFF,0xFF,
    0xFF,0xFF,0xFF,0xFF,0xFF,0xFF,0xFF,0xFF,0xFF,0xFF,0xFF,0x7F,0x27,0x07,0x06,0x86,
    0xCE,0xDC,0xFC,0xFE,0xFF,0xFF,0xFF,0xE6,0xE6,0xE7,0xE7,0xC7,0xC7,0xCF,0xCF,0xDF,
    0xFF,0xEC,0xF8,0xF1,0xFF,0xFF,0xFF,0xFF,0xFF,0xFE,0xF0,0x83,0x0F,0xBF,0xFF,0xFE,
    0xFC,0xF9,0xFB,0xFB,0xFB,0xFB,0xF7,0xF7,0xFB,0xFB,0x9F,0xED,0xED,0xED,0x7E,0x76,
    0x46,0xE7,0xB7,0xDB,0xF7,0xF1,0xBF,0x3F,0x0F,0x0F,0x9F,0xDF,0xDF,0xFF,0x7F,0x7F,
    0x7F,0x1F,0x9F,0xBF,0xBF,0x3F,0x3F,0x3F,0x3F,0x3F,0x3F,0x3F,0x3F,0x3F,0x3F,0x3F,
    0x3F,0x1F,0x07,0x98,0xBB,0xF9,0xF9,0xFB,0xEF,0xEF,0x4F,0xFF,0xF9,0x79,0x79,0x7B,
    0x7F,0xBF,0x8C,0x80,0x3E,0x7E,0xFF,0xFF,0xFF,0xFF,0xFF,0xFF,0xFF,0xFF,0xFF,0xFF,
    0xFF,0xFF,0xFE,0xFF,0xFD,0xF8,0xFB,0xFF,0xF7,0xF3,0xE7,0xFF,0xDF,0x9F,0x9F,0x1F,
    0x1E,0x1F,0x9F,0xBE,0xBE,0x7E,0xFE,0xBE,0x1E,0x2F,0x3E,0xDF,0xEF,0xF9,0xC0,0x3C,
    0xFC,0xFB,0xF7,0xE7,0x8F,0x9F,0x3F,0xFF,0xFF,0xFF,0x7E,0xFA,0xF4,0x80,0xFF,0xFF,
    0xFF,0xFF,0xFF,0xFF,0xFF,0xFF,0xFF,0xFF,0xFF,0xFF,0xFF,0xFF,0x1F,0x1F,0x0F,0x0F,
    0x1F,0x1F,0x3F,0x3F,0x3F,0x7F,0xFF,0x7F,0x7F,0x7F,0xFF,0xFF,0xFF,0xFF,0xFF,0xFF,
    0x0F,0xF0,0xFB,0xE3,0xFF,0xBF,0xFF,0xF6,0xFD,0xFB,0xFB,0xFB,0xFD,0xFE,0xF5,0xFF,
    0xFD,0xF8,0x03,0xFF,0xFF,0xFF,0xFF,0xFF,0xFF,0xFF,0xFF,0xFF,0xFB,0xFB,0xFF,0xFF,
    0xEF,0xEF,0xEF,0xFC,0xFC,0xFC,0xFC,0xFF,0xFF,0xFE,0xFC,0xFE,0xFF,0xFE,0xFC,0xFC,
    0xF0,0xF1,0xE3,0xF3,0xFF,0xC7,0x83,0xFC,0xFF,0xFF,0xFF,0xFF,0xFF,0xFF,0xFF,0xFF,
    0xFF,0xFF,0xFF,0xFF,0xFF,0xFF,0xFF,0xFF,0xFF,0xF8,0x41,0xFF,0x9F,0xFF,0x7F,0xFF,
    0x9F,0x8F,0x8F,0x8F,0x9F,0x9F,0x9F,0xDF,0xBF,0xFF,0x87,0x9F,0x9F,0x9B,0x9F,0x9F,
    0x9F,0xBF,0x9F,0x9F,0x9F,0x8F,0x9F,0xDF,0xDF,0xFF,0xDF,0xDF,0xDE,0xE1,0xCF,0xBF,
    0x7F,0xFF,0xFF,0xFF,0xFF,0xFF,0xFF,0x7F,0xFF,0xFF,0xFF,0xFF,0xFF,0xFF,0x7F,0x07,
    0xE1,0xFC,0xFF,0x7F,0xBF,0xF0,0xD9,0xCF,0xEF,0xEF,0xEF,0xEF,0xFF,0xFF,0xF7,0xF7,
    0xFF,0xE3,0xE3,0xE3,0xE7,0xE7,0xE7,0xE7,0xE3,0xF3,0xE3,0xE3,0xF7,0xF3,0xF3,0xF3,
    0xB3,0xB3,0xB3,0xB3,0xB3,0xB3,0xBB,0xB3,0xFF,0xD3,0xCF,0xDF,0xDF,0x9F,0xC7,0x9F,
    0x9F,0x9F,0xDF,0xEF,0xB3,0xB8,0xBB,0xBD,0xBD,0xFA,0xB2,0xF7,0xF7,0xF3,0xF3,0xF3,
    0xF3,0xF3,0xF3,0xF3,0xF0,0xF6,0xF0,0xF1,
  },
  {
    0x1F,0x1F,0x9F,0xCF,0xCF,0xCF,0xCF,0x8F,0xEF,0xFF,0xFF,0x3F,0x7F,0xFF,0xFF,0xFF,
    0xFF,0xFF,0x0B,0xF7,0xF7,0xCF,0xDF,0xBF,0x7F,0xFF,0xFF,0xFF,0xFF,0xFF,0xFF,0xFF,
    0xFF,0xFF,0xFF,0xFF,0xFF,0xFF,0xFF,0xFF,0xFF,0xFF,0xFF,0x7F,0x27,0x07,0x06,0x86,
    0xCE,0xDC,0xFC,0xFE,0xFF,0xFF,0xFF,0xE6,0xE6,0xE7,0xE7,0xC7,0xC7,0xCF,0xCF,0xDF,
    0xDF,0xEC,0xE8,0xF0,0xFF,0xFF,0xFF,0xFF,0xFF,0xFE,0xF0,0x83,0x0F,0x3F,0xFF,0xFE,
    0xFC,0xF9,0xFB,0xFB,0xFB,0xFB,0xF7,0xF7,0xFB,0xFB,0x9F,0xED,0xED,0xED,0x7E,0x36,
    0x46,0xE6,0xB7,0x9B,0xF7,0xF1,0xBF,0x3F,0x0F,0x0F,0x9F,0xDF,0xDF,0xFF,0x7F,0x7F,
    0x7F,0x1F,0x9F,0x9F,0xBF,0x3F,0x3F,0x3F,0x3F,0x3F,0x3F,0x3F,0x3F,0x3F,0x3F,0x3F,
    0x3F,0x1F,0x07,0x98,0xBB,0x79,0xF9,0xFB,0xEF,0xEF,0x4F,0xFF,0xF9,0x79,0x79,0x79,
    0x7F,0xBF,0x8C,0x80,0x1E,0x7E,0xFF,0xFF,0xFF,0xFF,0xFF,0xFF,0xFF,0xFF,0xFF,0xFF,
    0xFF,0xFF,0xFE,0xFF,0xFD,0xF8,0xFB,0xFF,0xF7,0xF3,0xE7,0xFF,0xDF,0x9F,0x9F,0x1F,
    0x1E,0x1F,0x9F,0xBE,0x3E,0x7E,0xFE,0xBE,0x1E,0x2F,0x3E,0xDF,0xEF,0xF9,0x40,0x3C,
    0xFC,0xFB,0xF7,0xE7,0x8F,0x1F,0x3F,0xFF,0xFF,0xFF,0x7E,0xFA,0xF4,0x00,0xFF,0xFF,
    0xFF,0xFF,0xFF,0xFF,0xFF,0xFF,0xFF,0xFF,0xFF,0xFF,0xFF,0xFF,0x1F,0x1F,0x0F,0x0F,
    0x1F,0x1F,0x3F,0x3F,0x3F,0x7F,0xFF,0x7F,0x7F,0x7F,0xFF,0xFF,0xFF,0xFF,0xFF,0xFF,
    0x0F,0xF0,0xFB,0xE3,0xFF,0xBF,0xFF,0xF6,0xFD,0xFB,0xFB,0xFB,0xFD,0xFE,0xF5,0xFB,
    0xFD,0xF8,0x03,0xFF,0xFF,0xFF,0xFF,0xFF,0xFF,0xFF,0xFF,0xFF,0xFB,0xFB,0xFF,0xEF,
    0xEF,0xEF,0xEF,0xFC,0xFC,0xFC,0xFC,0xFF,0xFF,0xFE,0xFC,0xFE,0xFF,0xFE,0xFC,0xF8,
    0xF0,0xF1,0xE3,0xF3,0xF7,0xC7,0x83,0xFC,0xFF,0xFF,0xFF,0xFF,0xFF,0xFF,0xFF,0xFF,
    0xFF,0xFF,0xFF,0xFF,0xFF,0xFF,0xFF,0xFF,0xFF,0x70,0x41,0xFF,0x9F,0xFF,0x7F,0xFF,
    0x9F,0x8F,0x8F,0x8F,0x9F,0x9F,0x9F,0xDF,0xBF,0xFF,0x87,0x9F,0x9F,0x9B,0x9F,0x9F,
    0x9F,0x9F,0x9F,0x9F,0x8F,0x8F,0x8F,0xCF,0xDF,0xFF,0xDF,0xDF,0xDE,0xE1,0xCF,0xBF,
    0x7F,0xFF,0xFF,0xFF,0xFF,0xFF,0xFF,0x7F,0xFF,0xFF,0xFF,0xFF,0xFF,0xFF,0x7F,0x07,
    0xE0,0xFC,0xFF,0x7F,0xBF,0xD0,0xD9,0xCF,0xEF,0xEF,0xEF,0xEF,0xFF,0xF7,0xF7,0xF7,
    0xF7,0xE3,0xE3,0xE3,0xE7,0xE7,0xE7,0xE7,0xE3,0xE3,0xE3,0xE3,0xF3,0xF3,0xF3,0xF3,
    0xB3,0xB3,0xB3,0xB3,0xB3,0xB3,0xBB,0xB3,0xFF,0xD3,0xCF,0xDF,0xDF,0x9F,0xC7,0x9E,
    0x9F,0x9F,0xDF,0xCF,0xB3,0xB8,0xBB,0xBD,0xBD,0xFA,0xB2,0xF3,0xF3,0xF3,0xF3,0xF3,
    0xF3,0xF1,0xF3,0xF3,0xF0,0xF2,0xF0,0xF1,
  },
  {
    0x1F,0x1F,0x9F,0xCF,0xCF,0xCF,0xCF,0x8F,0xEF,0xFF,0xFF,0x3F,0x7F,0xFF,0xFF,0xFF,
    0xFF,0xFF,0xFF,0x1F,0xEF,0xCF,0x9F,0xBF,0x7F,0xFF,0xFF,0xFF,0xFF,0xFF,0xFF,0xFF,
    0xFF,0xFF,0xFF,0xFF,0xFF,0xFF,0xFF,0xFF,0xFF,0xFF,0xFF,0x7F,0x07,0x07,0x06,0x06,
    0x8E,0xFC,0xFC,0xFE,0xFF,0xFF,0xFF,0xE6,0xE6,0xE7,0xE7,0xC7,0xC7,0xCF,0xCF,0xDF,
    0xDD,0xEC,0xF8,0xF0,0xFF,0xFF,0xFF,0xFF,0xFF,0xFF,0xFC,0xC1,0x07,0x1F,0x1F,0xFF,
    0xFC,0xF9,0xFB,0xFB,0xFB,0xF7,0xF7,0xF7,0xF7,0xF7,0xFB,0x9F,0x1F,0xED,0xED,0xEC,
    0x56,0x46,0x67,0xB7,0xFF,0xF1,0xFF,0xBF,0x0F,0x0F,0x9F,0xDF,0xDF,0xFF,0x7F,0x6F,
    0x7F,0x1F,0x9F,0x9F,0xBF,0x3F,0x3F,0x3F,0x3F,0x3F,0x3F,0x3F,0x3F,0x3F,0x3F,0x3F,
    0x3F,0x3F,0x1F,0x07,0xB8,0x7F,0x7B,0xF3,0xFF,0xDF,0xDF,0xDF,0xFF,0x7B,0x79,0xFB,
    0xF3,0x7F,0x7F,0x9C,0x01,0x3C,0x7E,0xFE,0xFF,0xFF,0xFF,0xFF,0xFF,0xFF,0xFF,0xFF,
    0xFF,0xFF,0xFE,0xFF,0xFD,0xF8,0xFB,0xFF,0xF3,0xF3,0xE7,0xFF,0xDF,0xDF,0x9F,0x1F,
    0x1E,0x1F,0x9F,0xBE,0xBE,0x3E,0xFE,0x3E,0x3E,0x1F,0x7E,0x9F,0xE7,0xF3,0x63,0xFE,
    0x7E,0xF2,0xF3,0xE7,0x8F,0x1F,0x3E,0xFE,0xFF,0xFF,0xFE,0xFE,0xFC,0x80,0x00,0xE7,
    0xFF,0xFF,0xFF,0xFF,0xFF,0xFF,0xFF,0xFF,0xFF,0xFF,0xFF,0xFF,0x1F,0x1F,0x0F,0x0F,
    0x1F,0x3F,0x3F,0x3F,0x3F,0x7F,0xFF,0xFF,0x7F,0x7F,0xFF,0xFF,0xFF,0xFF,0xFF,0xFF,
    0xFE,0x98,0xE7,0xE7,0xF7,0xEE,0x1F,0xFF,0xED,0xF7,0xEF,0xEF,0xEE,0xF4,0xF3,0xEF,
    0xCF,0xF7,0xC3,0x07,0xF9,0xFF,0xFF,0xFF,0xFF,0xFF,0xFF,0xFF,0xFB,0xFB,0xFF,0xFF,
    0xEF,0xEF,0xEF,0xFC,0xFC,0xFC,0xFC,0xFF,0xFF,0xFE,0xFC,0xFE,0xFF,0xFE,0xFC,0xFC,
    0xFC,0xF9,0xFB,0xC7,0xE3,0xFD,0xFE,0xFF,0xFF,0xFF,0xFF,0x7F,0xFF,0xFF,0xFF,0xFF,
    0xFF,0xFF,0xFF,0xFF,0xFF,0xFF,0xFF,0xFF,0xFF,0xEF,0x00,0xFF,0xFF,0xFF,0xFF,0xFF,
    0x9F,0x8F,0x8F,0x8F,0x9F,0x9F,0x9F,0x9F,0xBF,0xFF,0x87,0x8F,0x9B,0x9B,0x9F,0x9F,
    0x9F,0x9F,0x9F,0x9F,0x9F,0x9F,0x9F,0xDF,0xFF,0xFF,0xDE,0x19,0xC7,0xFF,0xFF,0xFF,
    0xFF,0xFF,0x7E,0xBF,0xBF,0xBF,0x7F,0xFF,0xFF,0xFF,0xFF,0xFF,0xFF,0xFF,0x7F,0x3F,
    0x9F,0xC0,0xBF,0xBF,0x79,0xF9,0xDB,0xDF,0xEF,0xFF,0xFF,0xEF,0xFF,0xFF,0xF7,0xF7,
    0xF7,0xE3,0xE3,0xE3,0xE7,0xE7,0xE7,0xE7,0xE3,0xE3,0xE3,0xE3,0xF3,0xF3,0xF3,0xF3,
    0xB3,0xB7,0xB0,0xB3,0xB1,0xB1,0xB4,0xB2,0xB3,0xB0,0xB9,0xBB,0xBB,0xF0,0xCF,0x8F,
    0x8F,0x8F,0x87,0xB3,0xBD,0xBC,0xBE,0xBF,0xBF,0xFF,0xB7,0xF3,0xF1,0xF2,0xF3,0xF3,
    0xF3,0xF3,0xF3,0xF3,0xF0,0xF6,0xF0,0xF1,
  },
  {
    0x1F,0x1F,0x9F,0xCF,0xCF,0xCF,0xCF,0x8F,0xEF,0xFF,0xFF,0x3F,0x7F,0xFF,0xFF,0xFF,
    0xFF,0xFF,0xFF,0x1F,0xEF,0xCF,0x9F,0xBF,0x7F,0xFF,0xFF,0xFF,0xFF,0xFF,0xFF,0xFF,
    0xFF,0xFF,0xFF,0xFF,0xFF,0xFF,0xFF,0xFF,0xFF,0xFF,0xFF,0x7F,0x6F,0x07,0x06,0x06,
    0xCE,0xFC,0xFC,0xFE,0xFF,0xFF,0xFF,0xE6,0xE6,0xE7,0xE7,0xC7,0xC7,0xCF,0xCF,0xDF,
    0xDF,0xEC,0xF8,0xF0,0xFF,0xFF,0xFF,0xFF,0xFF,0xFF,0xFC,0xC1,0x07,0x1F,0x1F,0xFF,
    0xFC,0xF9,0xFB,0xFB,0xFB,0xF7,0xF7,0xF7,0xF7,0xF7,0xFB,0x9F,0x1F,0xED,0xED,0x6C,
    0x56,0x56,0x67,0xB7,0xFF,0xF1,0xFF,0x3F,0x0F,0x0F,0x1F,0xDF,0xDF,0xFF,0x7F,0x6F,
    0x7F,0x1F,0x9F,0x9F,0xBF,0x3F,0x3F,0x3F,0x3F,0x3F,0x3F,0x3F,0x3F,0x3F,0x3F,0x3F,
    0x3F,0x3F,0x1F,0x07,0xB8,0x7F,0x7B,0xF3,0xFF,0xDF,0xDF,0xDF,0xFF,0x7B,0x79,0xFB,
    0xF3,0x7F,0x7F,0x9C,0x01,0x3C,0x7E,0xFE,0xFF,0xFF,0xFF,0xFF,0xFF,0xFF,0xFF,0xFF,
    0xFF,0xFF,0xFE,0xFF,0xFD,0xF8,0xFB,0xFF,0xF3,0xF3,0xE7,0xFF,0xDF,0x9F,0x9F,0x1F,
    0x1E,0x1F,0x9F,0xBE,0xBE,0x3E,0xFE,0x3E,0x3E,0x1F,0x7E,0x9F,0xE7,0xF3,0x63,0xFE,
    0x7E,0xF2,0xF3,0xE7,0x8F,0x1F,0x3E,0xFE,0xFF,0xFF,0xFE,0xFE,0xFC,0x80,0x00,0xE7,
    0xFF,0xFF,0xFF,0xFF,0xFF,0xFF,0xFF,0xFF,0xFF,0xFF,0xFF,0xFF,0x1F,0x1F,0x0F,0x0F,
    0x1F,0x3F,0x3F,0x3F,0x3F,0x7F,0xFF,0xFF,0x7F,0x7F,0xFF,0xFF,0xFF,0xFF,0xFF,0xFF,
    0xFE,0x98,0xE7,0xE7,0xF7,0xEE,0x1F,0xFF,0xED,0xF7,0xEF,0xEF,0xEE,0xF6,0xF3,0xEF,
    0xCF,0xF7,0xE3,0x07,0xF9,0xFF,0xFF,0xFF,0xFF,0xFF,0xFF,0xFB,0xFB,0xFB,0xFF,0xFF,
    0xEF,0xEF,0xEF,0xFC,0xFC,0xFC,0xFC,0xFF,0xFF,0xFE,0xFC,0xFE,0xFF,0xFE,0xFC,0xFC,
    0xF8,0xF9,0xFB,0xC7,0xE3,0xFD,0xFE,0xFF,0xFF,0xFF,0xFF,0x7F,0xFF,0xFF,0xFF,0xFF,
    0xFF,0xFF,0xFF,0xFF,0xFF,0xFF,0xFF,0xFF,0xFF,0xEF,0x00,0xFF,0xFF,0xFF,0xFF,0xFF,
    0x9F,0x8F,0x8F,0x8F,0x9F,0x9F,0x9F,0x9F,0xBF,0xFF,0x87,0x87,0x9B,0x9B,0x9F,0x9F,
    0x9F,0x9F,0x9F,0x9F,0x9F,0x9F,0x9F,0xDF,0xFF,0xFF,0xDC,0x19,0xC7,0xFF,0xFF,0xFF,
    0xFF,0xFF,0x7E,0xBF,0xBF,0xBF,0x7F,0xFF,0xFF,0xFF,0xFF,0xFF,0xFF,0xFF,0x7F,0x3F,
    0xBF,0xC0,0xBF,0xBF,0x79,0xF9,0xDF,0xCF,0xEF,0xFF,0xFF,0xEF,0xFF,0xF7,0xF7,0xF7,
    0xF7,0xE3,0xE3,0xE3,0xE7,0xE7,0xE7,0xE7,0xE3,0xE3,0xE3,0xE3,0xF3,0xF7,0xF3,0xF3,
    0xB3,0xB7,0xB0,0xB3,0xB1,0xB1,0xB0,0xB2,0xB3,0xB0,0xB9,0xBB,0xFB,0xB0,0x8F,0x8F,
    0x8F,0x8F,0x87,0xB3,0xBD,0xBC,0xBE,0xBF,0xBF,0xFF,0xB7,0xF3,0xF1,0xF2,0xF3,0xF3,
    0xF3,0xF3,0xF3,0xF3,0xF0,0xF6,0xF0,0xF1,
  },
  {
    0x1F,0x1F,0x9F,0xCF,0xCF,0xCF,0xCF,0x8F,0xEF,0xFF,0xFF,0x3F,0xFF,0xFF,0xFF,0xFF,
    0xFF,0xFF,0xFF,0x2F,0xCF,0x9F,0x3F,0x7F,0xFF,0xFF,0xFF,0xFF,0xFF,0xFF,0xFF,0xFF,
    0xFF,0xFF,0xFF,0xFF,0xFF,0xFF,0xFF,0xFF,0xFF,0xFF,0xFF,0x7F,0x8F,0x87,0x06,0x86,
    0xCE,0xDC,0xFC,0xFE,0xFF,0xFF,0xFF,0xE6,0xE6,0xE7,0xE7,0xC7,0xC7,0xCF,0xCF,0xDF,
    0xFF,0xFC,0xF8,0xF9,0xFF,0xFF,0xFF,0xFF,0xFF,0xFF,0xF8,0x83,0x0F,0x1F,0xBF,0xFE,
    0xF9,0xF7,0xF7,0xE7,0xE7,0xEF,0xEF,0xEF,0xCF,0xEF,0xF7,0x3F,0x3B,0xFD,0xDD,0xED,
    0x56,0xC7,0xB7,0xFF,0xF1,0xF7,0xFF,0x3F,0x0F,0x0F,0x9F,0xDF,0xDF,0xFF,0x7F,0x7F,
    0x7F,0x1F,0x9F,0xBF,0xBF,0x3F,0x3F,0x3F,0x3F,0x3F,0x3F,0x3F,0x3F,0x3F,0x3F,0x3F,
    0x3F,0x3F,0x3F,0x1C,0x60,0xFE,0xE7,0xE7,0xEF,0xFF,0xBF,0xBF,0xBF,0xEF,0xE7,0xF7,
    0xE7,0xEF,0xFF,0x3A,0x03,0x79,0xFD,0xFE,0xFF,0xFF,0xFF,0xFF,0xFF,0xFF,0xFF,0xFF,
    0xFF,0xFF,0xFE,0xFF,0xFD,0xF8,0xFB,0xFF,0xF3,0xF3,0xE7,0xFF,0xDF,0xDF,0x9F,0x9F,
    0x1E,0x1F,0x9F,0xBE,0xBE,0x3E,0xFE,0x3E,0x3E,0x3F,0xEE,0x7A,0x8E,0xC5,0xCD,0x7D,
    0xFD,0xFD,0x8F,0x85,0x05,0x1F,0x7F,0xFF,0xFE,0xFE,0xFD,0xFC,0xE8,0x00,0xDF,0xFF,
    0xFF,0xFF,0xFF,0xFF,0xFF,0xFF,0xFF,0xFF,0xFF,0xFF,0xFF,0xFF,0x1F,0x1F,0x0F,0x0F,
    0x1F,0x3F,0x3F,0x3F,0x3F,0x7F,0xFF,0xFF,0x7F,0x7F,0xFF,0xFF,0xFF,0x7F,0xBF,0xBF,
    0xBE,0xBC,0x8E,0xDF,0xFF,0xEF,0xCF,0xBF,0x7F,0xA2,0xCF,0xDF,0xFE,0xFE,0xD8,0xC1,
    0x8F,0xDF,0xCF,0x0F,0xF8,0xFF,0xFF,0xFF,0xFF,0xFF,0xFF,0xFF,0xFF,0xFB,0xFF,0xFF,
    0xEF,0xEF,0xEF,0xFC,0xFC,0xFC,0xFC,0xFF,0xFF,0xFE,0xFE,0xFE,0xFF,0xFE,0xFC,0xFC,
    0x8E,0x37,0x77,0xF0,0xEF,0xEF,0xDF,0xDF,0xBF,0xFF,0xFF,0xFF,0xFF,0xFF,0xFF,0xFF,
    0xFF,0xFF,0xFF,0xFF,0xFF,0xFF,0xFF,0xFF,0xFF,0xFF,0x00,0xFF,0xFF,0xFF,0xFF,0xFF,
    0x9F,0x8F,0x8F,0x8F,0x9F,0x9F,0x9F,0x9F,0xBF,0xFF,0x87,0x87,0x9B,0x9B,0x9F,0x9F,
    0x9F,0x9F,0x9F,0x9F,0x9F,0x9F,0x9F,0xDF,0xFE,0xFC,0xDB,0xDB,0xD7,0xF7,0xF7,0xF7,
    0xE7,0xC7,0xAF,0xAF,0x9F,0x3F,0xFF,0xFF,0xFF,0xFF,0xFF,0xFF,0xFF,0xFF,0xFF,0xFF,
    0xFF,0x1F,0xF0,0xFF,0xFB,0xF9,0xDF,0xDF,0xEF,0xFF,0xEF,0xEF,0xFF,0xF7,0xF7,0xF7,
    0xF7,0xE3,0xE3,0xE3,0xE7,0xE7,0xE7,0xE7,0xE3,0xE3,0xE3,0xE3,0xF3,0xF7,0xF3,0xF3,
    0xB3,0xB3,0xB3,0xB3,0xB3,0xB3,0xB3,0xB3,0xB3,0xB3,0xB7,0xBF,0xF0,0xA7,0x8F,0x8F,
    0x9F,0x8F,0x83,0xBB,0xBB,0xF9,0xBD,0xBC,0xBF,0xFF,0xBB,0xF7,0xF7,0xF3,0xF3,0xF3,
    0xF3,0xF3,0xF3,0xF3,0xF3,0xF6,0xF0,0xF1,
  },
  {
    0x1F,0x1F,0x9F,0xCF,0xCF,0xCF,0xCF,0x8F,0xEF,0xFF,0xFF,0x3F,0xFF,0xFF,0xFF,0xFF,
    0xFF,0xFF,0xFF,0x2F,0xCF,0x9F,0x3F,0x7F,0xFF,0xFF,0xFF,0xFF,0xFF,0xFF,0xFF,0xFF,
    0xFF,0xFF,0xFF,0xFF,0xFF,0xFF,0xFF,0xFF,0xFF,0xFF,0xFF,0x7F,0x8F,0x87,0x06,0x86,
    0xCE,0xDC,0xFC,0xFE,0xFF,0xFF,0xFF,0xE6,0xE6,0xE7,0xE7,0xC7,0xC7,0xCF,0xCF,0xDF,
    0xFF,0xFC,0xF8,0xF9,0xFF,0xFF,0xFF,0xFF,0xFF,0xFF,0xF8,0x83,0x0F,0x1F,0xBF,0xFE,
    0xF9,0xF7,0xF7,0xE7,0xE7,0xEF,0xEF,0xEF,0xCF,0xEF,0xF7,0x3F,0x3B,0xDD,0xDD,0xED,
    0x56,0xC7,0xB7,0xFF,0xF1,0xF7,0xFF,0x3F,0x0F,0x0F,0x9F,0xDF,0xDF,0xFF,0x7F,0x7F,
    0x7F,0x1F,0x9F,0xBF,0xBF,0x3F,0x3F,0x3F,0x3F,0x3F,0x3F,0x3F,0x3F,0x3F,0x3F,0x3F,
    0x3F,0x3F,0x3F,0x1C,0x60,0xFE,0xE7,0xE7,0xEF,0xFF,0xBF,0xBF,0xBF,0xEF,0xE7,0xF7,
    0xE7,0xEF,0xFF,0x3A,0x03,0x79,0xFD,0xFE,0xFF,0xFF,0xFF,0xFF,0xFF,0xFF,0xFF,0xFF,
    0xFF,0xFF,0xFE,0xFF,0xFD,0xF8,0xFB,0xFF,0xF3,0xF3,0xF7,0xFF,0xDF,0xDF,0x9F,0x9F,
    0x1E,0x1F,0x9F,0xBE,0xBE,0x3E,0xFE,0x3E,0x3E,0x3F,0xEE,0x7A,0x8E,0xC5,0x8D,0x7D,
    0xFD,0xFD,0x8F,0x85,0x05,0x1F,0x7F,0xFF,0xFE,0xFE,0xFD,0xFC,0xE8,0x00,0xDF,0xFF,
    0xFF,0xFF,0xFF,0xFF,0xFF,0xFF,0xFF,0xFF,0xFF,0xFF,0xFF,0xFF,0x1F,0x1F,0x0F,0x0F,
    0x1F,0x3F,0x3F,0x3F,0x3F,0x7F,0xFF,0xFF,0x7F,0x7F,0xFF,0xFF,0xFF,0x7F,0xBF,0xBF,
    0xBE,0xBC,0x8E,0xDF,0xFF,0xEF,0xCF,0xBF,0x7F,0xA2,0xCF,0xDF,0xFE,0xFE,0xD8,0xC1,
    0x8F,0xDF,0xCF,0x0F,0xF8,0xFF,0xFF,0xFF,0xFF,0xFF,0xFF,0xFF,0xFF,0xFB,0xFF,0xFF,
    0xEF,0xEF,0xEF,0xFC,0xFC,0xFC,0xFC,0xFF,0xFF,0xFE,0xFE,0xFE,0xFF,0xFE,0xFC,0xFC,
    0x8E,0x37,0x77,0xF0,0xEF,0xEF,0xDF,0xDF,0xBF,0xFF,0xFF,0xFF,0xFF,0xFF,0xFF,0xFF,
    0xFF,0xFF,0xFF,0xFF,0xFF,0xFF,0xFF,0xFF,0xFF,0xFF,0x00,0xFF,0xFF,0xFF,0xFF,0xFF,
    0x9F,0x8F,0x8F,0x8F,0x9F,0x9F,0x9F,0x9F,0xBF,0xFF,0x87,0x87,0x9B,0x9B,0x9F,0x9F,
    0x9F,0x9F,0x9F,0x9F,0x9F,0x9F,0x9F,0xDF,0xFE,0xFC,0xDB,0xDB,0xD7,0xF7,0xF7,0xF7,
    0xE7,0xC7,0xAF,0xAF,0x9F,0x3F,0xFF,0xFF,0xFF,0xFF,0xFF,0xFF,0xFF,0xFF,0xFF,0xFF,
    0xFF,0x1F,0xF0,0xFF,0xFB,0xF9,0xDF,0xCF,0xEF,0xFF,0xEF,0xEF,0xFF,0xF7,0xF7,0xF7,
    0xF7,0xE3,0xE3,0xE3,0xE7,0xE7,0xE7,0xE7,0xE3,0xF3,0xF3,0xE3,0xF3,0xF7,0xF3,0xF3,
    0xB3,0xB3,0xB3,0xB3,0xB3,0xB3,0xB3,0xB3,0xB3,0xB3,0xB7,0xBF,0xF0,0xE7,0x8F,0x8F,
    0x9F,0x8F,0x83,0xBB,0xBB,0xF9,0xBD,0xBC,0xBF,0xFF,0xBB,0xF7,0xF7,0xF3,0xF3,0xF3,
    0xF3,0xF3,0xF3,0xF3,0xF3,0xF6,0xF0,0xF1,
  },
  {
    0x1F,0x1F,0x9F,0xCF,0xCF,0xCF,0xCF,0x8F,0xEF,0xFF,0xFF,0x3F,0xFF,0xFF,0xFF,0xFF,
    0xFF,0xFF,0xFF,0x2F,0xCF,0x9F,0x3F,0x7F,0xFF,0xFF,0xFF,0xFF,0xFF,0xFF,0xFF,0xFF,
    0xFF,0xFF,0xFF,0xFF,0xFF,0xFF,0xFF,0xFF,0xFF,0xFF,0xFF,0x7F,0x8F,0x87,0x06,0x86,
    0xCE,0xDC,0xFC,0xFE,0xFF,0xFF,0xFF,0xE6,0xE6,0xE7,0xE7,0xC7,0xC7,0xCF,0xCF,0xDF,
    0xFF,0xFC,0xF8,0xF9,0xFF,0xFF,0xFF,0xFF,0xFF,0xFF,0xF8,0x83,0x0F,0x1F,0xBF,0xFE,
    0xF9,0xF7,0xF7,0xE7,0xE7,0xEF,0xEF,0xEF,0xCF,0xEF,0xF7,0x3F,0x3B,0xDD,0xDD,0xED,
    0x56,0xC6,0xB7,0xBF,0xF1,0xF7,0xBF,0x3F,0x0F,0x0F,0x9F,0xDF,0xDF,0xFF,0x7F,0x7F,
    0x7F,0x1F,0x9F,0xBF,0xBF,0x3F,0x3F,0x3F,0x3F,0x3F,0x3F,0x3F,0x3F,0x3F,0x3F,0x3F,
    0x3F,0x3F,0x3F,0x1C,0x60,0xFE,0xE7,0xE7,0xEF,0xFF,0xBF,0xBF,0xBF,0xEF,0xE7,0xF7,
    0xE7,0xEF,0xFF,0x3A,0x03,0x79,0xFD,0xFE,0xFF,0xFF,0xFF,0xFF,0xFF,0xFF,0xFF,0xFF,
    0xFF,0xFF,0xFE,0xFF,0xFD,0xF8,0xFB,0xFF,0xF3,0xF3,0xF7,0xFF,0xDF,0xDF,0x9F,0x9F,
    0x1E,0x1F,0x9F,0xBE,0xBE,0x3E,0xFE,0x3E,0x3E,0x3F,0xEE,0x7A,0x8E,0xC5,0xCD,0xFD,
    0xFD,0x7D,0x8F,0x85,0x05,0x1F,0x7F,0xFF,0xFE,0xFE,0xFD,0xFC,0xE8,0x00,0xDF,0xFF,
    0xFF,0xFF,0xFF,0xFF,0xFF,0xFF,0xFF,0xFF,0xFF,0xFF,0xFF,0xFF,0x1F,0x1F,0x0F,0x0F,
    0x1F,0x3F,0x3F,0x3F,0x3F,0x7F,0xFF,0xFF,0x7F,0x7F,0xFF,0xFF,0xFF,0x7F,0xBF,0xBF,
    0xBE,0xBC,0x8E,0xDF,0xEF,0xEF,0xCF,0xBF,0x7F,0xA2,0xCF,0xDF,0xFE,0xFE,0xD8,0xC1,
    0x8F,0xDF,0xCF,0x0F,0xF8,0xFF,0xFF,0xFF,0xFF,0xFF,0xFF,0xFF,0xFF,0xFB,0xFF,0xFF,
    0xEF,0xEF,0xEF,0xFC,0xFC,0xFC,0xFE,0xFF,0xFF,0xFE,0xFE,0xFE,0xFF,0xFE,0xFC,0xFC,
    0x8E,0x37,0x77,0xF0,0xEF,0xEF,0xDF,0xDF,0xBF,0xFF,0xFF,0xFF,0xFF,0xFF,0xFF,0xFF,
    0xFF,0xFF,0xFF,0xFF,0xFF,0xFF,0xFF,0xFF,0xFF,0xFF,0x00,0xFF,0xFF,0xFF,0xFF,0xFF,
    0x9F,0x8F,0x8F,0x8F,0x9F,0x9F,0x9F,0x9F,0xBF,0xFF,0x87,0x87,0x9B,0x9B,0x9F,0x9F,
    0x9F,0x9F,0x9F,0x9F,0x9F,0x9F,0x9F,0xDF,0xFE,0xFD,0xDB,0xDB,0xD7,0xF7,0xF7,0xF7,
    0xE7,0xC7,0xAF,0xAF,0x9F,0x3F,0xFF,0xFF,0xFF,0xFF,0xFF,0xFF,0xFF,0xFF,0xFF,0xFF,
    0xFF,0x1F,0xF0,0xFF,0xFB,0xF9,0xDF,0xCF,0xEF,0xFF,0xEF,0xEF,0xFF,0xF7,0xF7,0xF7,
    0xF7,0xE3,0xE3,0xE3,0xE7,0xE7,0xE7,0xE7,0xE7,0xE3,0xE3,0xF3,0xF3,0xF3,0xF3,0xF3,
    0xB3,0xB3,0xB3,0xB3,0xB3,0xB3,0xB3,0xB3,0xB3,0xB3,0xB7,0xBF,0xF0,0xE7,0x8F,0x8F,
    0x9F,0x8F,0x83,0xBB,0xBB,0xF9,0xBD,0xBC,0xBF,0xFF,0xBB,0xF7,0xF7,0xF3,0xF3,0xF3,
    0xF3,0xF3,0xF3,0xF3,0xF3,0xF6,0xF0,0xF1,
  },
  {
    0x1F,0x1F,0x9F,0xCF,0xCF,0xCF,0xCF,0x8F,0xEF,0xFF,0xFF,0x3F,0xFF,0xFF,0xFF,0xFF,
    0xFF,0xFF,0xFF,0x2F,0xCF,0x9F,0x3F,0x7F,0xFF,0xFF,0xFF,0xFF,0xFF,0xFF,0xFF,0xFF,
    0xFF,0xFF,0xFF,0xFF,0xFF,0xFF,0xFF,0xFF,0xFF,0xFF,0xFF,0x7F,0x8F,0x87,0x06,0x86,
    0xCE,0xDC,0xFC,0xFE,0xFF,0xFF,0xFF,0xE6,0xE6,0xE7,0xE7,0xC7,0xC7,0xCF,0xCF,0xDF,
    0xFF,0xFC,0xF8,0xF9,0xFF,0xFF,0xFF,0xFF,0xFF,0xFF,0xF8,0x83,0x0F,0x1F,0xBF,0xFE,
    0xF9,0xF7,0xF7,0xE7,0xE7,0xEF,0xEF,0xEF,0xCF,0xEF,0xF7,0x3F,0x3B,0xDD,0xDD,0xED,
    0x56,0xC6,0xB7,0xBF,0xF1,0xF7,0xBF,0x3F,0x0F,0x0F,0x9F,0xDF,0xDF,0xFF,0x7F,0x7F,
    0x7F,0x1F,0x9F,0xBF,0xBF,0x3F,0x3F,0x3F,0x3F,0x3F,0x3F,0x3F,0x3F,0x3F,0x3F,0x3F,
    0x3F,0x3F,0x3F,0x1C,0x60,0xFE,0xE7,0xE7,0xEF,0xFF,0xBF,0xBF,0xBF,0xEF,0xE7,0xF7,
    0xE7,0xEF,0xFF,0x3A,0x03,0x79,0xFD,0xFE,0xFF,0xFF,0xFF,0xFF,0xFF,0xFF,0xFF,0xFF,
    0xFF,0xFF,0xFE,0xFF,0xFD,0xF8,0xFB,0xFF,0xF3,0xF3,0xF7,0xFF,0xDF,0xDF,0x9F,0x9F,
    0x1E,0x1F,0x9F,0xBE,0xBE,0x3E,0xFE,0x3E,0x3E,0x3F,0xEE,0x7A,0x8E,0xC5,0xCD,0xFD,
    0xFD,0x7D,0x0F,0x85,0x05,0x1F,0x7F,0xFF,0xFE,0xFE,0xFD,0xFC,0xE8,0x00,0xDF,0xFF,
    0xFF,0xFF,0xFF,0xFF,0xFF,0xFF,0xFF,0xFF,0xFF,0xFF,0xFF,0xFF,0x1F,0x1F,0x0F,0x0F,
    0x1F,0x3F,0x3F,0x3F,0x3F,0x7F,0xFF,0xFF,0x7F,0x7F,0xFF,0xFF,0xFF,0x7F,0xBF,0xBF,
    0xBE,0xBC,0x8E,0xDF,0xEF,0xEF,0xCF,0xBF,0x7F,0xA2,0xCF,0xDF,0xFE,0xFE,0xD8,0xC1,
    0x8F,0xDF,0xCF,0x0F,0xF8,0xFF,0xFF,0xFF,0xFF,0xFF,0xFF,0xFF,0xFF,0xFB,0xFF,0xFF,
    0xEF,0xEF,0xEF,0xFC,0xFC,0xFC,0xFE,0xFF,0xFF,0xFE,0xFE,0xFE,0xFF,0xFE,0xFC,0xFC,
    0x8E,0x37,0x77,0xF0,0xEF,0xEF,0xDF,0xDF,0xBF,0xFF,0xFF,0xFF,0xFF,0xFF,0xFF,0xFF,
    0xFF,0xFF,0xFF,0xFF,0xFF,0xFF,0xFF,0xFF,0xFF,0xFF,0x00,0xFF,0xFF,0xFF,0xFF,0xFF,
    0x9F,0x8F,0x8F,0x8F,0x9F,0x9F,0x9F,0x9F,0xBF,0xFF,0x87,0x87,0x9B,0x9B,0x9F,0x9F,
    0x9F,0x9F,0x9F,0x9F,0x9F,0x9F,0x9F,0xDF,0xFE,0xFD,0xDB,0xDB,0xF7,0xF7,0xF7,0xF7,
    0xE7,0xC7,0xAF,0xAF,0x9F,0x3F,0xFF,0xFF,0xFF,0xFF,0xFF,0xFF,0xFF,0xFF,0xFF,0xFF,
    0xFF,0x1F,0xF0,0xFF,0xFB,0xF9,0xDF,0xCF,0xEF,0xFF,0xFF,0xFF,0xFF,0xF7,0xF7,0xF7,
    0xF7,0xE3,0xE3,0xE3,0xE7,0xE7,0xE7,0xE7,0xE7,0xE3,0xE3,0xF3,0xF3,0xF3,0xF3,0xF3,
    0xB3,0xB3,0xB3,0xB3,0xB3,0xB3,0xB3,0xB3,0xB3,0xB3,0xB7,0xBF,0xF0,0xE7,0x8F,0x8F,
    0x9F,0x8F,0x83,0xBB,0xBB,0xB9,0xBD,0xBC,0xBF,0xFF,0xBB,0xF7,0xF7,0xF3,0xF3,0xF3,
    0xF3,0xF1,0xF3,0xF3,0xF1,0xF6,0xF0,0xF1,
  },
  {
    0x1F,0x1F,0x9F,0xCF,0xCF,0xCF,0xCF,0x8F,0xEF,0xFF,0xFF,0x3F,0xFF,0xFF,0xFF,0xFF,
    0xFF,0xFF,0xFF,0x2F,0xCF,0x9F,0x3F,0x7F,0xFF,0xFF,0xFF,0xFF,0xFF,0xFF,0xFF,0xFF,
    0xFF,0xFF,0xFF,0xFF,0xFF,0xFF,0xFF,0xFF,0xFF,0xFF,0xFF,0x7F,0x8F,0x87,0x06,0x86,
    0xCE,0xDC,0xFC,0xFE,0xFF,0xFF,0xFF,0xE6,0xE6,0xE7,0xE7,0xC7,0xC7,0xCF,0xCF,0xDF,
    0xFF,0xFC,0xF8,0xF9,0xFF,0xFF,0xFF,0xFF,0xFF,0xFF,0xF8,0x83,0x0F,0x1F,0xBF,0xFE,
    0xF9,0xF7,0xF7,0xE7,0xE7,0xEF,0xEF,0xEF,0xCF,0xEF,0xF7,0x3F,0x3B,0xDD,0xDD,0xED,
    0x56,0xC6,0xB7,0xBF,0xF1,0xF7,0xBF,0x3F,0x0F,0x0F,0x9F,0xDF,0xDF,0xFF,0x7F,0x7F,
    0x7F,0x1F,0x9F,0xBF,0xBF,0x3F,0x3F,0x3F,0x3F,0x3F,0x3F,0x3F,0x3F,0x3F,0x3F,0x3F,
    0x3F,0x3F,0x3F,0x1C,0x60,0xFE,0xE7,0xE7,0xEF,0xFF,0xBF,0xBF,0xBF,0xEF,0xE7,0xF7,
    0xE7,0xEF,0xFF,0x3A,0x03,0x79,0xFD,0xFE,0xFF,0xFF,0xFF,0xFF,0xFF,0xFF,0xFF,0xFF,
    0xFF,0xFF,0xFE,0xFF,0xFD,0xF8,0xFB,0xFF,0xF3,0xF3,0xF7,0xFF,0xDF,0xDF,0x9F,0x9F,
    0x1E,0x1F,0x9F,0xBE,0xBE,0x3E,0xFE,0x3E,0x3E,0x3F,0xEE,0x7A,0x8E,0xC5,0xCD,0xFD,
    0xFD,0x7D,0x0F,0x85,0x05,0x1F,0x7F,0xFF,0xFE,0xFE,0xFD,0xFC,0xE8,0x00,0xDF,0xFF,
    0xFF,0xFF,0xFF,0xFF,0xFF,0xFF,0xFF,0xFF,0xFF,0xFF,0xFF,0xFF,0x1F,0x1F,0x0F,0x0F,
    0x1F,0x3F,0x3F,0x3F,0x3F,0x7F,0xFF,0xFF,0x7F,0x7F,0xFF,0xFF,0xFF,0x7F,0xBF,0xBF,
    0xBE,0xBC,0x8E,0xDF,0xEF,0xEF,0xCF,0xBF,0x7F,0xA2,0xCF,0xDF,0xFE,0xFE,0xD8,0xC1,
    0x8F,0xDF,0xCF,0x0F,0xF8,0xFF,0xFF,0xFF,0xFF,0xFF,0xFF,0xFF,0xFF,0xFB,0xFF,0xFF,
    0xEF,0xEF,0xEF,0xFC,0xFC,0xFC,0xFE,0xFF,0xFF,0xFE,0xFE,0xFE,0xFF,0xFE,0xFC,0xFC,
    0x8E,0x37,0x77,0xF0,0xEF,0xEF,0xDF,0xDF,0xBF,0xFF,0xFF,0xFF,0xFF,0xFF,0xFF,0xFF,
    0xFF,0xFF,0xFF,0xFF,0xFF,0xFF,0xFF,0xFF,0xFF,0xFF,0x00,0xFF,0xFF,0xFF,0xFF,0xFF,
    0x9F,0x8F,0x8F,0x8F,0x9F,0x9F,0x9F,0x9F,0xBF,0xFF,0x87,0x87,0x9B,0x9B,0x9F,0x9F,
    0x9F,0x9F,0x9F,0x9F,0x9F,0x9F,0x9F,0xDF,0xFE,0xFD,0xDB,0xDB,0xD7,0xF7,0xF7,0xF7,
    0xE7,0xC7,0xAF,0xAF,0x9F,0x3F,0xFF,0xFF,0xFF,0xFF,0xFF,0xFF,0xFF,0xFF,0xFF,0xFF,
    0xFF,0x1F,0xF0,0xFF,0xFB,0xF9,0xDF,0xCF,0xEF,0xFF,0xFF,0xFF,0xFF,0xF7,0xF7,0xF7,
    0xF7,0xE3,0xE3,0xE3,0xE7,0xE7,0xE7,0xE7,0xE7,0xE3,0xE3,0xF3,0xF3,0xF3,0xF3,0xF3,
    0xB3,0xB3,0xB3,0xB3,0xB3,0xB3,0xB3,0xB3,0xB3,0xB3,0xB7,0xBF,0xF0,0xE7,0x8F,0x8F,
    0x9F,0x8F,0x83,0xBB,0xBB,0xB9,0xBD,0xBC,0xBF,0xFF,0xBB,0xF7,0xF7,0xF3,0xF3,0xF3,
    0xF3,0xF1,0xF3,0xF3,0xF1,0xF6,0xF0,0xF1,
  },
  {
    0x1F,0x1F,0x9F,0xCF,0xCF,0xCF,0xCF,0x8F,0xEF,0xFF,0xFF,0x3F,0xFF,0xFF,0xFF,0xFF,
    0xFF,0x3F,0xEF,0xEF,0xDF,0xDF,0xBF,0x7F,0xFF,0xFF,0xFF,0xFF,0xFF,0xFF,0xFF,0xFF,
    0xFF,0xFF,0xFF,0xFF,0xFF,0xFF,0xFF,0xFF,0xFF,0xFF,0xFF,0x7F,0x6F,0x07,0x06,0x07,
    0xCE,0xFC,0xFC,0xFE,0xFF,0xFF,0xFF,0xE6,0xE6,0xE7,0xE7,0xC7,0xC7,0xCF,0xCF,0xDF,
    0xFF,0xFC,0xF8,0xFF,0xFF,0xFF,0xFF,0xFF,0xFF,0xF8,0xF1,0x83,0x27,0x0F,0xFF,0xFE,
    0xFD,0xF9,0xFD,0xFD,0xF9,0xFB,0xFB,0xFB,0xFB,0xFB,0xCD,0x8F,0xEE,0xFE,0x76,0x36,
    0x46,0xA6,0xBF,0xFF,0xF3,0xF5,0xBF,0x3F,0x0F,0x0F,0x9F,0xDF,0xDF,0xFF,0x7F,0x7F,
    0x7F,0x1F,0x9F,0xBF,0xBF,0x3F,0x3F,0x3F,0x3F,0x3F,0x3F,0x3F,0x3F,0x3F,0x3F,0x3F,
    0x3F,0x3F,0x17,0x88,0xBF,0xF9,0xFD,0xFB,0x7F,0xEF,0xEF,0x6F,0x7F,0x79,0xFD,0xF9,
    0xFB,0x3F,0x9F,0x00,0x3E,0x7F,0xFF,0xFF,0xFF,0xFF,0xFF,0xFF,0xFF,0xFF,0xFF,0xFF,
    0xFF,0xFF,0xFF,0xFF,0xFF,0xF8,0xFB,0xFF,0xFB,0xF3,0xF7,0xFF,0xFF,0xDF,0x9F,0x9F,
    0x1E,0x1F,0x9F,0xBE,0xBE,0xFE,0xFE,0x7E,0x2E,0xFE,0xFF,0xDF,0xF1,0x81,0x7D,0xFD,
    0xFB,0xF7,0xEF,0x9F,0x1F,0x3F,0xFF,0xFF,0xFF,0xFF,0xFE,0xFC,0x00,0xC0,0xFF,0xFF,
    0xFF,0xFF,0xFF,0xFF,0xFF,0xFF,0xFF,0xFF,0xFF,0xFF,0xFF,0xFF,0x1F,0x1F,0x0F,0x0F,
    0x1F,0x3F,0x3F,0x3F,0x3F,0x7F,0xFF,0xFF,0x7F,0x7F,0xFF,0xFF,0xF7,0x9D,0x7F,0x1F,
    0xF0,0xF7,0xF7,0xF7,0xFB,0xFE,0xFF,0xDF,0xFF,0xF7,0xF7,0xF3,0xF8,0xFF,0xFF,0xF3,
    0xE7,0xE3,0x07,0xFC,0xFF,0xFF,0xFF,0xFF,0xFF,0xFF,0xFF,0xFF,0xFF,0xFB,0xFF,0xFF,
    0xEF,0xEF,0xFF,0xFC,0xFC,0xFC,0xFE,0xFF,0xFF,0xFE,0xFE,0xFE,0xFF,0xFE,0xFC,0xFC,
    0xFC,0xFF,0xFF,0xFF,0xC7,0xF9,0xFF,0xFF,0xFF,0xFF,0xFF,0xFF,0xFF,0xFF,0xFF,0xFF,
    0xFF,0xFF,0xFF,0xFF,0xFF,0xFF,0xFF,0xFF,0xFF,0xF0,0x01,0xFF,0xFF,0xFF,0xFF,0xFF,
    0x9F,0x8F,0x8F,0x8F,0x9F,0x9F,0x9F,0x9F,0xBF,0xFF,0x87,0x9F,0x9B,0x9F,0x9F,0x9F,
    0x9F,0x9F,0x9F,0x9F,0x9F,0x9F,0x9F,0xDF,0xDF,0xFF,0xDF,0xDE,0xD0,0xC7,0x9F,0x3F,
    0x7F,0xFD,0xFF,0xFF,0xDF,0x3F,0xFF,0xFF,0xFF,0xFF,0xFF,0xFF,0xFF,0x7F,0x3F,0xDF,
    0xE7,0xF8,0xFF,0xFF,0xF9,0xF9,0xDB,0xCF,0xEF,0xFF,0xFF,0xFF,0xFF,0xF7,0xF7,0xF7,
    0xF7,0xE3,0xE3,0xE3,0xE7,0xE7,0xE7,0xE7,0xE7,0xE3,0xE3,0xF3,0xF3,0xF7,0xF3,0xF3,
    0xF3,0xB3,0xB3,0xB3,0xB7,0xB7,0xFF,0xC0,0x9F,0x9F,0xBF,0xDF,0xE0,0xC3,0xBF,0x9F,
    0xBF,0x9F,0x83,0xF0,0xBF,0xFF,0xBF,0xBF,0xBF,0xFB,0xBB,0xF7,0xF7,0xF3,0xF3,0xF3,
    0xF3,0xF3,0xF3,0xF3,0xF1,0xF6,0xF0,0xF1,
  },
  {
    0x1F,0x1F,0x9F,0xCF,0xCF,0xCF,0xCF,0x8F,0xEF,0xFF,0xFF,0x3F,0xFF,0xFF,0xFF,0xFF,
    0xFF,0x3F,0xEF,0xEF,0xDF,0xDF,0xBF,0x7F,0xFF,0xFF,0xFF,0xFF,0xFF,0xFF,0xFF,0xFF,
    0xFF,0xFF,0xFF,0xFF,0xFF,0xFF,0xFF,0xFF,0xFF,0xFF,0xFF,0x7F,0x6F,0x07,0x06,0x06,
    0xCE,0xFC,0xFC,0xFE,0xFF,0xFF,0xFF,0xE6,0xE6,0xE7,0xE7,0xC7,0xC7,0xCF,0xCF,0xDF,
    0xFF,0xFC,0xF8,0xF9,0xFF,0xFF,0xFF,0xFF,0xFF,0xFC,0xE1,0x83,0x27,0x0F,0xFF,0xFE,
    0xFD,0xF9,0xFD,0xFD,0xF9,0xF9,0xFB,0xFB,0xFB,0xFB,0xCD,0x8D,0xCE,0xEE,0x76,0x36,
    0x46,0xA6,0xBF,0xFF,0xF3,0xF5,0xBF,0x3F,0x0F,0x0F,0x9F,0xDF,0xDF,0xFF,0x7F,0x7F,
    0x7F,0x1F,0x9F,0xBF,0xBF,0x3F,0x3F,0x3F,0x3F,0x3F,0x3F,0x3F,0x3F,0x3F,0x3F,0x3F,
    0x3F,0x3F,0x17,0x88,0xBF,0xF9,0xFD,0xFB,0x7F,0x6F,0xEF,0x6F,0x7F,0x79,0xFD,0xF9,
    0xFB,0x3F,0x9F,0x00,0x3E,0x7F,0xFF,0xFF,0xFF,0xFF,0xFF,0xFF,0xFF,0xFF,0xFF,0xFF,
    0xFF,0xFF,0xFE,0xFF,0xFD,0xF8,0xFB,0xFF,0xF3,0xF3,0xF7,0xFF,0xDF,0xDF,0x9F,0x9F,
    0x1E,0x1F,0x9F,0xBE,0xBE,0xFE,0xFE,0x7E,0x2E,0xFE,0xFF,0xCF,0xF1,0x81,0x79,0xFD,
    0xFB,0xF7,0xEF,0x9F,0x1F,0x3F,0xFF,0xFF,0xFF,0xFF,0xFE,0xFC,0x00,0xC0,0xFF,0xFF,
    0xFF,0xFF,0xFF,0xFF,0xFF,0xFF,0xFF,0xFF,0xFF,0xFF,0xFF,0xFF,0x1F,0x1F,0x0F,0x0F,
    0x1F,0x3F,0x3F,0x3F,0x3F,0x7F,0xFF,0xFF,0x7F,0x7F,0xFF,0xFF,0xF7,0x9D,0x7F,0x1F,
    0xF0,0xF7,0xF7,0xF7,0xFB,0xFE,0xFF,0xDF,0xFF,0xE7,0xF7,0xF2,0xF8,0xFF,0xFF,0xF3,
    0xE7,0xE3,0x07,0xFC,0xFF,0xFF,0xFF,0xFF,0xFF,0xFF,0xFF,0xFF,0xFF,0xFB,0xFF,0xFF,
    0xEF,0xEF,0xEF,0xFC,0xFC,0xFC,0xFE,0xFF,0xFE,0xFE,0xFE,0xFE,0xFF,0xFE,0xFC,0xFC,
    0xFC,0xFD,0xFF,0xFF,0xC7,0xF9,0xFF,0xFF,0xFF,0xFF,0xFF,0xFF,0xFF,0xFF,0xFF,0xFF,
    0xFF,0xFF,0xFF,0xFF,0xFF,0xFF,0xFF,0xFF,0xFF,0xF4,0x01,0xFF,0xFF,0xFF,0xFF,0xFF,
    0x9F,0x8F,0x8F,0x8F,0x9F,0x9F,0x9F,0x9F,0xBF,0xFF,0x87,0x97,0x9B,0x9B,0x9F,0x9F,
    0x9F,0x9F,0x9F,0x9F,0x9F,0x9F,0x9F,0xDF,0xDF,0xFF,0xDF,0xDE,0xD0,0xC7,0xDF,0x3F,
    0x7F,0xFD,0xFF,0xFF,0xDF,0x3F,0xFF,0xFF,0xFF,0xFF,0xFF,0xFF,0xFF,0x7F,0x3F,0xDF,
    0xE7,0xF8,0xFF,0xFF,0xF9,0xF9,0xDB,0xCF,0xEF,0xFF,0xFF,0xFF,0xFF,0xF7,0xF7,0xF7,
    0xF7,0xE3,0xE3,0xE3,0xE7,0xE7,0xE7,0xE7,0xE7,0xE3,0xE3,0xF3,0xF3,0xF3,0xF3,0xF3,
    0xB3,0xB3,0xB3,0xB3,0xB7,0xB7,0xFF,0xC0,0x9F,0x9F,0x9F,0xDF,0xE0,0xC3,0x9F,0x9F,
    0xBF,0x9F,0x83,0xF0,0xBF,0xBF,0xBF,0xBF,0xBF,0xFB,0xBB,0xF7,0xF7,0xF3,0xF3,0xF3,
    0xF3,0xF1,0xF3,0xF3,0xF1,0xF6,0xF0,0xF1,
  },
  {
    0x1F,0x1F,0x9F,0xCF,0xCF,0xCF,0xCF,0x8F,0xEF,0xFF,0xFF,0x3F,0xFF,0xFF,0xFF,0xFF,
    0xFF,0x3F,0xEF,0xEF,0xDF,0xDF,0xBF,0x7F,0xFF,0xFF,0xFF,0xFF,0xFF,0xFF,0xFF,0xFF,
    0xFF,0xFF,0xFF,0xFF,0xFF,0xFF,0xFF,0xFF,0xFF,0xFF,0xFF,0x7F,0x6F,0x07,0x06,0x07,
    0xCE,0xFC,0xFC,0xFE,0xFF,0xFF,0xFF,0xE6,0xE6,0xE7,0xE7,0xC7,0xC7,0xCF,0xCF,0xDF,
    0xFF,0xFC,0xF8,0xFF,0xFF,0xFF,0xFF,0xFF,0xFF,0xFC,0xE1,0x83,0x27,0x0F,0xFF,0xFE,
    0xFD,0xF9,0xFD,0xFD,0xF9,0xF9,0xFB,0xFB,0xFB,0xFB,0xCD,0x8D,0xCE,0xEE,0x76,0x36,
    0x46,0xE6,0xBF,0xFF,0xF3,0xF5,0xBF,0xBF,0x8F,0x0F,0x9F,0xDF,0xDF,0xFF,0x7F,0x7F,
    0x7F,0x1F,0x9F,0xBF,0xBF,0x3F,0x3F,0x3F,0x3F,0x3F,0x3F,0x3F,0x3F,0x3F,0x3F,0x3F,
    0x3F,0x3F,0x17,0x88,0xBF,0xF9,0xFD,0xFB,0x7F,0x6F,0xEF,0x6F,0x7F,0x79,0xFD,0xF9,
    0xFB,0x3F,0x9F,0x00,0x3E,0x7F,0xFF,0xFF,0xFF,0xFF,0xFF,0xFF,0xFF,0xFF,0xFF,0xFF,
    0xFF,0xFF,0xFF,0xFF,0xFF,0xF8,0xFB,0xFF,0xFB,0xF3,0xF7,0xFF,0xFF,0xDF,0xDF,0x9F,
    0x1E,0x1F,0x9F,0xBE,0xBE,0xFE,0xFE,0x7E,0x2E,0xFE,0xFF,0xDF,0xF1,0x81,0x7D,0xFD,
    0xFB,0xF7,0xEF,0x9F,0x1F,0x3F,0xFF,0xFF,0xFF,0xFF,0xFE,0xFC,0x00,0xC0,0xFF,0xFF,
    0xFF,0xFF,0xFF,0xFF,0xFF,0xFF,0xFF,0xFF,0xFF,0xFF,0xFF,0xFF,0x1F,0x1F,0x0F,0x0F,
    0x1F,0x3F,0x3F,0x3F,0x3F,0x7F,0xFF,0xFF,0x7F,0x7F,0xFF,0xFF,0xF7,0x9D,0x7F,0x1F,
    0xF0,0xF7,0xF7,0xF7,0xFB,0xFE,0xFF,0xDF,0xFF,0xE7,0xF7,0xF3,0xF8,0xFF,0xFF,0xF3,
    0xF7,0xE3,0x07,0xFC,0xFF,0xFF,0xFF,0xFF,0xFF,0xFF,0xFF,0xFF,0xFF,0xFB,0xFF,0xFF,
    0xEF,0xEF,0xFF,0xFC,0xFC,0xFC,0xFE,0xFF,0xFF,0xFE,0xFE,0xFE,0xFF,0xFE,0xFC,0xFC,
    0xFC,0xFF,0xFF,0xFF,0xC7,0xF9,0xFF,0xFF,0xFF,0xFF,0xFF,0xFF,0xFF,0xFF,0xFF,0xFF,
    0xFF,0xFF,0xFF,0xFF,0xFF,0xFF,0xFF,0xFF,0xFF,0xFC,0x01,0xFF,0xFF,0xFF,0xFF,0xFF,
    0x9F,0x8F,0x8F,0x8F,0x9F,0x9F,0x9F,0x9F,0xBF,0xFF,0x87,0x9F,0x9B,0x9F,0x9F,0x9F,
    0x9F,0x9F,0x9F,0x9F,0x9F,0x9F,0x9F,0xDF,0xDF,0xFF,0xDF,0xDE,0xD0,0xC7,0xDF,0x3F,
    0x7F,0xFD,0xFF,0xFF,0xDF,0x3F,0xFF,0xFF,0xFF,0xFF,0xFF,0xFF,0xFF,0x7F,0x3F,0xDF,
    0xE7,0xF8,0xFF,0xFF,0xF9,0xF9,0xDF,0xDF,0xEF,0xFF,0xFF,0xFF,0xFF,0xF7,0xF7,0xF7,
    0xF7,0xE3,0xE3,0xE3,0xE7,0xE7,0xE7,0xE7,0xE7,0xE3,0xE3,0xF3,0xF3,0xF3,0xF3,0xF3,
    0xF3,0xB3,0xB3,0xB3,0xB7,0xB7,0xFF,0xC0,0x9F,0x9F,0xBF,0xDF,0xE0,0xC3,0x9F,0x9F,
    0xBF,0x9F,0x83,0xF0,0xBF,0xFF,0xBF,0xBF,0xBF,0xFB,0xBB,0xF7,0xF7,0xF3,0xF3,0xF3,
    0xF3,0xF3,0xF3,0xF3,0xF1,0xF6,0xF0,0xF1,
  },
  {
    0x1F,0x1F,0x9F,0xCF,0xCF,0xCF,0xCF,0x8F,0xEF,0xFF,0xFF,0x3F,0x7F,0xFF,0xFF,0xFF,
    0x9F,0xFF,0xDF,0xDF,0xBF,0x7F,0xFF,0xFF,0xFF,0xFF,0xFF,0xFF,0xFF,0xFF,0xFF,0xFF,
    0xFF,0xFF,0xFF,0xFF,0xFF,0xFF,0xFF,0xFF,0xFF,0xFF,0x7F,0x7F,0x87,0x87,0x06,0x86,
    0xCE,0xDC,0xFC,0xFE,0xFF,0xFF,0xFF,0xE6,0xE6,0xE7,0xE7,0xC7,0xC7,0xCF,0xCF,0xDF,
    0xFD,0xEC,0xF8,0xF0,0xFF,0xFF,0xFF,0xFF,0xFC,0xD3,0x87,0x0F,0x1F,0xFE,0xFC,0xFB,
    0xF3,0xFB,0xF3,0xF3,0xFF,0xF7,0xF7,0xF7,0xFB,0xDB,0x9D,0xDD,0xED,0xEE,0x76,0x66,
    0xE6,0xBB,0xDF,0xF3,0xF0,0xF7,0xBF,0x3F,0x0F,0x0F,0x9F,0xDF,0xDF,0xFF,0x7F,0x6F,
    0x7F,0x1F,0x9F,0x9F,0xBF,0x3F,0x3F,0x3F,0x3F,0x3F,0x3F,0x3F,0x3F,0x3F,0x3F,0x3F,
    0x3F,0x3F,0x06,0x7C,0xF7,0xF3,0xF7,0xFF,0x9F,0xDF,0x9F,0xFF,0xF3,0xF3,0xF3,0xF7,
    0x7F,0x7F,0x83,0x38,0x3E,0x7E,0xFF,0xFF,0xFF,0xFF,0xFF,0xFF,0xFF,0xFF,0xFF,0xFF,
    0xFF,0xFF,0xFE,0xFF,0xFD,0xF8,0xFB,0xFF,0xF3,0xF3,0xE7,0xFF,0xDF,0x9F,0x9F,0x1F,
    0x1E,0x1F,0x9F,0xBE,0xFE,0xFE,0x0F,0x96,0xFE,0xBE,0xEF,0xFE,0xC2,0xC3,0xFF,0xD6,
    0xFB,0xE7,0x8F,0x0E,0x3E,0xFE,0xFE,0xFE,0xFF,0xFF,0xFC,0xFC,0x30,0x00,0xEF,0xFF,
    0xFF,0xFF,0xFF,0xFF,0xFF,0xFF,0xFF,0xFF,0xFF,0xFF,0xFF,0xFF,0x1F,0x1F,0x0F,0x0F,
    0x1F,0x3F,0x3F,0x3F,0x3F,0x7F,0xFF,0x7F,0x7F,0x7F,0xFF,0xFF,0xDF,0xE3,0xCF,0x38,
    0x87,0xEF,0xFF,0xF7,0xF7,0xEF,0xFF,0xF7,0xCF,0xEF,0xEF,0xE6,0xC0,0xFF,0xEF,0xF7,
    0xF1,0xE7,0x1B,0xFC,0xFF,0xFF,0xFF,0xFF,0xFF,0xFF,0xFF,0xFF,0xFF,0xFB,0xFF,0xFF,
    0xEF,0xEF,0xEF,0xFC,0xFC,0xFC,0xFC,0xFF,0xFE,0xFE,0xFC,0xFE,0xFF,0xFE,0xFC,0xF8,
    0xF8,0xF1,0xF3,0xFF,0x47,0xE7,0xFB,0xFF,0xFF,0xFF,0xFF,0xFF,0xFF,0xFF,0xFF,0xFF,
    0xFF,0xFF,0xFF,0xFF,0xFF,0xFF,0xFF,0xFF,0xFF,0xFE,0xE8,0x03,0x7F,0xFF,0xFF,0xFF,
    0x9F,0x8F,0x8F,0x8F,0x9F,0x9F,0x9F,0x9F,0xBF,0xFF,0x87,0x87,0x9B,0x9F,0x9F,0x9F,
    0x9F,0x9F,0x9F,0x9F,0x9F,0x9F,0x9F,0xDF,0xCF,0xFF,0xDF,0xC0,0xDF,0xBF,0x7F,0x7F,
    0xFF,0xFF,0xFF,0xFF,0xFF,0xFF,0xFF,0x7F,0x3F,0x7F,0xFF,0xF7,0xFB,0xFB,0x7B,0x1B,
    0xB7,0x87,0xF8,0xFF,0xFB,0xFB,0xDF,0xDF,0xEF,0xFF,0xFF,0xEF,0xFF,0xF7,0xF7,0xF7,
    0xF7,0xE3,0xE3,0xE3,0xE7,0xE7,0xE7,0xE7,0xE3,0xE3,0xE3,0xE3,0xF3,0xF3,0xF3,0xF3,
    0xB3,0xB3,0xB3,0xB3,0xB3,0xB7,0xFF,0xC2,0x8E,0x8E,0x8F,0xDF,0xCF,0xB3,0xB8,0xBF,
    0xBF,0xBE,0xBE,0xBE,0xBE,0xBE,0xBF,0xBF,0xBF,0xFB,0xB3,0xF7,0xF7,0xF3,0xF3,0xF3,
    0xF3,0xF1,0xF3,0xF3,0xF1,0xF6,0xF0,0xF1,
  },
  {
    0x1F,0x1F,0x9F,0xCF,0xCF,0xCF,0xCF,0x8F,0xEF,0xFF,0xFF,0x3F,0x7F,0xFF,0xFF,0xFF,
    0x9F,0xFF,0xDF,0xDF,0xBF,0x7F,0xFF,0xFF,0xFF,0xFF,0xFF,0xFF,0xFF,0xFF,0xFF,0xFF,
    0xFF,0xFF,0xFF,0xFF,0xFF,0xFF,0xFF,0xFF,0xFF,0xFF,0x7F,0x7F,0x87,0x87,0x06,0x86,
    0xCE,0xDC,0xFC,0xFE,0xFF,0xFF,0xFF,0xE6,0xE6,0xE7,0xE7,0xC7,0xC7,0xCF,0xCF,0xDF,
    0xFD,0xEC,0xF8,0xF0,0xFF,0xFF,0xFF,0xFF,0xFC,0xD3,0x87,0x0F,0x1F,0xFE,0xFC,0xFB,
    0xF3,0xFB,0xF3,0xF3,0xFF,0xF7,0xF7,0xF7,0xFB,0xDB,0x9D,0xDD,0xED,0xEE,0x76,0x66,
    0xE6,0xBB,0xDF,0xF3,0xF0,0xF7,0xBF,0x3F,0x0F,0x0F,0x9F,0xDF,0xDF,0xFF,0x7F,0x6F,
    0x7F,0x1F,0x9F,0x9F,0xBF,0x3F,0x3F,0x3F,0x3F,0x3F,0x3F,0x3F,0x3F,0x3F,0x3F,0x3F,
    0x3F,0x3F,0x06,0x7C,0xF7,0xF3,0xF7,0xFF,0x9F,0xDF,0x9F,0xFF,0xF3,0xF3,0xF3,0xF7,
    0x7F,0x7F,0x83,0x38,0x3E,0x7E,0xFF,0xFF,0xFF,0xFF,0xFF,0xFF,0xFF,0xFF,0xFF,0xFF,
    0xFF,0xFF,0xFE,0xFF,0xFD,0xF8,0xFB,0xFF,0xF3,0xF3,0xE7,0xFF,0xDF,0x9F,0x9F,0x1F,
    0x1E,0x1F,0x9F,0xBE,0xFE,0xFE,0x0F,0x96,0xFE,0xBE,0xEF,0xFE,0xC2,0xC3,0xFF,0xD6,
    0xFB,0xA7,0x8F,0x0E,0x3E,0xFE,0xFE,0xFE,0xFF,0xFF,0xFC,0xFC,0x30,0x00,0xEF,0xFF,
    0xFF,0xFF,0xFF,0xFF,0xFF,0xFF,0xFF,0xFF,0xFF,0xFF,0xFF,0xFF,0x1F,0x1F,0x0F,0x0F,
    0x1F,0x3F,0x3F,0x3F,0x3F,0x7F,0xFF,0x7F,0x7F,0x7F,0xFF,0xFF,0xDF,0xE7,0xCF,0x38,
    0x87,0xEF,0xFF,0xF7,0xF7,0xEF,0xDF,0xF7,0xCF,0xEF,0xEF,0xE6,0xC0,0xFF,0xEF,0xF7,
    0xF1,0xE7,0x1B,0xFC,0xFF,0xFF,0xFF,0xFF,0xFF,0xFF,0xFF,0xFF,0xFF,0xFB,0xFF,0xFF,
    0xEF,0xEF,0xEF,0xFC,0xFC,0xFC,0xFC,0xFF,0xFE,0xFE,0xFC,0xFE,0xFF,0xFE,0xFC,0xF8,
    0xF8,0xF1,0xF3,0xFF,0x47,0xE7,0xFB,0xFF,0xFF,0xFF,0xFF,0xFF,0xFF,0xFF,0xFF,0xFF,
    0xFF,0xFF,0xFF,0xFF,0xFF,0xFF,0xFF,0xFF,0xFF,0xFE,0xF8,0x03,0x7F,0xFF,0xFF,0xFF,
    0x9F,0x8F,0x8F,0x8F,0x9F,0x9F,0x9F,0x9F,0xBF,0xFF,0x87,0x97,0x9B,0x9F,0x9F,0x9F,
    0x9F,0x9F,0x9F,0x9F,0x9F,0x9F,0x9F,0xDF,0xCF,0xFF,0xDF,0xC0,0xDF,0xBF,0x7F,0x7F,
    0xFD,0xFF,0xFF,0xFF,0xFF,0xFF,0xFF,0x7F,0x3F,0x7F,0xFF,0xF7,0xFB,0xFB,0x7B,0x1B,
    0xB7,0x87,0xF8,0xFF,0xFB,0xF9,0xDF,0xCF,0xEF,0xFF,0xFF,0xEF,0xFF,0xF7,0xF7,0xF7,
    0xF7,0xE3,0xE3,0xE3,0xE7,0xE7,0xE7,0xE7,0xE3,0xE3,0xE3,0xE3,0xF3,0xF3,0xF3,0xF3,
    0xB3,0xB3,0xB3,0xB3,0xB3,0xB7,0xFF,0xC2,0x8E,0x8E,0x8F,0xDF,0xCF,0xB3,0xB8,0xBF,
    0xBF,0xBE,0xBE,0xBE,0xBE,0xBE,0xBF,0xBF,0xBF,0xFB,0xB3,0xF7,0xF7,0xF3,0xF3,0xF3,
    0xF3,0xF1,0xF3,0xF3,0xF1,0xF6,0xF0,0xF1,
  },
  {
    0x1F,0x1F,0x9F,0xCF,0xCF,0xCF,0xCF,0x8F,0xEF,0xFF,0xFF,0x3F,0xFF,0xFF,0xFF,0xFF,
    0xFF,0x7F,0xDF,0xBF,0x7F,0xFF,0xFF,0xFF,0xFF,0xFF,0xFF,0xFF,0xFF,0xFF,0xFF,0xFF,
    0xFF,0xFF,0xFF,0xFF,0xFF,0xFF,0xFF,0xFF,0xFF,0x7F,0xFF,0xBF,0x0F,0x07,0x86,0x86,
    0xCE,0xDC,0xFC,0xFE,0xFF,0xFF,0xFF,0xE6,0xE6,0xE7,0xE7,0xC7,0xC7,0xCF,0xCF,0xDF,
    0xFF,0xFC,0xF8,0xFF,0xFF,0xFF,0xFF,0xFF,0xF8,0x87,0x0F,0x9F,0x7E,0x9C,0xFB,0xF7,
    0xE7,0xEF,0xE7,0xEF,0xEF,0xEF,0xDF,0xEF,0xFF,0x77,0x3B,0xBB,0xDD,0xED,0x6F,0xD6,
    0x7F,0x9F,0xE3,0xF0,0xF1,0xF7,0xBF,0x3F,0x0F,0x0F,0x9F,0xDF,0xDF,0xFF,0x7F,0x7F,
    0x7F,0x1F,0x9F,0xBF,0xBF,0x3F,0x3F,0x3F,0x3F,0x3F,0x3F,0x3F,0x3F,0x3F,0x3F,0x3F,
    0x3F,0x3C,0x40,0xFC,0xEF,0xE7,0xEF,0xFF,0x7F,0x3F,0x3F,0xFF,0xEF,0xE7,0xEF,0xEF,
    0xFF,0x7F,0x07,0xF1,0xFD,0xFE,0xFF,0xFF,0xFF,0xFF,0xFF,0xFF,0xFF,0xFF,0xFF,0xFF,
    0xFF,0xFF,0xFF,0xFF,0xFF,0xF8,0xFB,0xFF,0xFB,0xF3,0xF7,0xFF,0xFF,0xDF,0xDF,0x9F,
    0x1E,0x1F,0x9F,0xBE,0xBE,0x3E,0x3F,0x3E,0xBE,0xFE,0xF6,0x9D,0xCD,0x0F,0xEF,0xCF,
    0x9B,0x3F,0xFD,0xFD,0xFD,0xFD,0xFD,0xFD,0xFE,0xFA,0xF8,0xE1,0x87,0xFF,0xFF,0xFF,
    0xFF,0xFF,0xFF,0xFF,0xFF,0xFF,0xFF,0xFF,0xFF,0xFF,0xFF,0xFF,0x1F,0x1F,0x0F,0x0F,
    0x1F,0x3F,0x3F,0x3F,0x3F,0x7F,0xFF,0xFF,0x7F,0x7F,0xFF,0xFF,0xFF,0xFF,0xF3,0x83,
    0x07,0x1E,0xDF,0xDF,0xFC,0xF7,0xFF,0xFF,0xDF,0xFE,0xDD,0xD9,0xC3,0xEF,0xFF,0xF7,
    0xF3,0xC1,0x8F,0xBB,0x7F,0xFF,0xFF,0xFF,0xFF,0xFF,0xFF,0xFF,0xFF,0xFB,0xFF,0xFF,
    0xEF,0xEF,0xFF,0xFC,0xFC,0xFD,0xFE,0xFF,0xFF,0xFE,0xFE,0xFE,0xFF,0xFE,0xFC,0xF8,
    0xFC,0xF1,0xF3,0xF3,0xF3,0x17,0xE7,0xF7,0xFF,0xFF,0xFF,0xFF,0xFF,0xFF,0xFD,0xFF,
    0xFF,0xFF,0xFF,0xFF,0x7F,0x9F,0xEF,0xFB,0xED,0xE9,0xF9,0x02,0x00,0xFF,0xFF,0xFF,
    0xDF,0x8F,0x8F,0x8F,0x9F,0x9F,0x9F,0x9F,0xBF,0xFF,0x87,0x9F,0x9B,0x9F,0x9F,0x9F,
    0x9F,0x9F,0x9F,0x9F,0x9F,0x9F,0x9F,0xDF,0xFF,0xFF,0xDF,0xC0,0x9F,0x3F,0x7F,0xFF,
    0xFF,0xFB,0xFF,0xFF,0xFF,0xFF,0xFF,0xFF,0xFF,0x3F,0xDF,0xDC,0xFF,0xEF,0xEF,0xF7,
    0xF3,0xF9,0xFE,0xFF,0xFB,0xFB,0xDF,0xDF,0xEF,0xFF,0xFF,0xFF,0xFF,0xF7,0xF7,0xF7,
    0xF7,0xE3,0xE3,0xE3,0xE7,0xE7,0xE7,0xE7,0xE7,0xE3,0xE3,0xF3,0xF3,0xF7,0xF3,0xF3,
    0xF3,0xB3,0xB7,0xB3,0xB7,0xBF,0xFE,0xC6,0x80,0x9E,0x9E,0xBE,0xDF,0xEF,0xB3,0xB8,
    0xBF,0xBF,0xBF,0xBF,0xBF,0xB7,0xBF,0xBF,0xBF,0xFB,0xB3,0xF7,0xF7,0xF3,0xF3,0xF3,
    0xF3,0xF3,0xF3,0xF3,0xF1,0xF6,0xF0,0xF1,
  },
  {
    0x1F,0x1F,0x9F,0xCF,0xCF,0xCF,0xCF,0x8F,0xEF,0xFF,0xFF,0x3F,0xFF,0xFF,0xFF,0xFF,
    0xFF,0x7F,0xDF,0xBF,0x7F,0xFF,0xFF,0xFF,0xFF,0xFF,0xFF,0xFF,0xFF,0xFF,0xFF,0xFF,
    0xFF,0xFF,0xFF,0xFF,0xFF,0xFF,0xFF,0xFF,0xFF,0x7F,0xFF,0xBF,0x0F,0x07,0x86,0x86,
    0xCE,0xDC,0xFC,0xFE,0xFF,0xFF,0xFF,0xE6,0xE6,0xE7,0xE7,0xC7,0xC7,0xCF,0xCF,0xDF,
    0xFF,0xFC,0xF8,0xFD,0xFF,0xFF,0xFF,0xFF,0xF8,0x87,0x0F,0x9F,0x7E,0x9C,0xFB,0xF7,
    0xE7,0xEF,0xE7,0xEF,0xEF,0xEF,0xDF,0xEF,0xFF,0x77,0x3B,0xBB,0xDD,0xED,0x6F,0xD6,
    0x7F,0x9F,0xE3,0xF0,0xF1,0xF7,0xBF,0x3F,0x0F,0x0F,0x9F,0xDF,0xDF,0xFF,0x7F,0x7F,
    0x7F,0x1F,0x9F,0xBF,0xBF,0x3F,0x3F,0x3F,0x3F,0x3F,0x3F,0x3F,0x3F,0x3F,0x3F,0x3F,
    0x3F,0x3C,0x00,0xFC,0xEF,0xE7,0xEF,0xFF,0x7F,0x3F,0x3F,0xFF,0xEF,0xE7,0xEF,0xEF,
    0xFF,0x7F,0x07,0xF1,0xFD,0xFE,0xFF,0xFF,0xFF,0xFF,0xFF,0xFF,0xFF,0xFF,0xFF,0xFF,
    0xFF,0xFF,0xFE,0xFF,0xFD,0xF8,0xFB,0xFF,0xF3,0xF3,0xF7,0xFF,0xDF,0xDF,0x9F,0x9F,
    0x1E,0x1F,0x9F,0xBE,0xBE,0x3E,0x3F,0x3E,0xBE,0xFE,0xF6,0x9D,0xCD,0x0F,0xEF,0xCF,
    0x9B,0x3F,0xFD,0xFD,0xFD,0xFD,0xFD,0xFD,0xFE,0xFA,0xF8,0xE1,0x87,0xFF,0xFF,0xFF,
    0xFF,0xFF,0xFF,0xFF,0xFF,0xFF,0xFF,0xFF,0xFF,0xFF,0xFF,0xFF,0x1F,0x1F,0x0F,0x0F,
    0x1F,0x3F,0x3F,0x3F,0x3F,0x7F,0xFF,0xFF,0x7F,0x7F,0xFF,0xFF,0xFF,0xFF,0xF3,0x83,
    0x03,0x1E,0xDF,0xDF,0xF4,0xF7,0xFF,0xFF,0xDF,0xFE,0xDD,0xD9,0xC3,0xEF,0xEF,0xF7,
    0xF3,0xC1,0x8F,0xBB,0x7F,0xFF,0xFF,0xFF,0xFF,0xFF,0xFF,0xFF,0xFF,0xFB,0xFF,0xFF,
    0xEF,0xEF,0xEF,0xFC,0xFC,0xFD,0xFE,0xFF,0xFF,0xFE,0xFE,0xFE,0xFF,0xFE,0xFC,0xF8,
    0xF8,0xF1,0xE3,0xE3,0xF3,0x17,0xE7,0xF7,0xFF,0xFF,0xFF,0xFF,0xFF,0xFF,0xFD,0xFF,
    0xFF,0xFF,0xFF,0xFF,0x7F,0x9F,0xEF,0xFB,0xED,0xE9,0xF9,0x02,0x00,0xFF,0xFF,0xFF,
    0xDF,0x8F,0x8F,0x8F,0x9F,0x9F,0x9F,0x9F,0xBF,0xFF,0x87,0x97,0x9B,0x9B,0x9F,0x9F,
    0x9F,0x9F,0x9F,0x9F,0x9F,0x9F,0x9F,0xDF,0xFF,0xFF,0xDF,0xC0,0x9F,0x3F,0x7F,0xFF,
    0xFF,0xFB,0xFF,0xFF,0xFF,0xFF,0xFF,0xFF,0xFF,0x3F,0xDF,0xDC,0xFF,0xEF,0xEF,0xF7,
    0xF3,0xF9,0xFE,0xFF,0xFB,0xF9,0xDF,0xCF,0xCF,0xFF,0xFF,0xFF,0xFF,0xF7,0xF7,0xF7,
    0xF7,0xE3,0xE3,0xE3,0xE7,0xE7,0xE7,0xE7,0xE7,0xE3,0xE3,0xF3,0xF3,0xF3,0xF3,0xF3,
    0xF3,0xB3,0xB7,0xB3,0xB7,0xBF,0xFE,0xC6,0x80,0x9E,0x9E,0xBE,0xDF,0xEF,0xB3,0xB8,
    0xBF,0xBF,0xBF,0xBF,0xBF,0xB7,0xB7,0xBB,0xBB,0xFB,0xB3,0xF7,0xF7,0xF3,0xF3,0xF3,
    0xF3,0xF1,0xF3,0xF3,0xF1,0xF6,0xF0,0xF1,
  },
  {
    0x1F,0x1F,0x9F,0xCF,0xCF,0xCF,0xCF,0x8F,0xEF,0xFF,0xFF,0x3F,0xFF,0xFF,0xFF,0xFF,
    0xFF,0x7F,0xDF,0xBF,0x7F,0xFF,0xFF,0xFF,0xFF,0xFF,0xFF,0xFF,0xFF,0xFF,0xFF,0xFF,
    0xFF,0xFF,0xFF,0xFF,0xFF,0xFF,0xFF,0xFF,0xFF,0x7F,0xFF,0xBF,0x0F,0x07,0x86,0x86,
    0xCE,0xDC,0xFC,0xFE,0xFF,0xFF,0xFF,0xE6,0xE6,0xE7,0xE7,0xC7,0xC7,0xCF,0xCF,0xDF,
    0xFF,0xFC,0xF8,0xFF,0xFF,0xFF,0xFF,0xFF,0xF8,0x83,0x0F,0x9F,0x7E,0x9C,0xFB,0xF7,
    0xE7,0xEF,0xE7,0xEF,0xEF,0xEF,0xDF,0xEF,0xFF,0x77,0x3B,0xBB,0xDD,0xED,0x6F,0xD6,
    0x7F,0x9F,0xE3,0xF0,0xF1,0xF7,0xBF,0x3F,0x0F,0x0F,0x9F,0xDF,0xDF,0xFF,0x7F,0x7F,
    0x7F,0x1F,0x9F,0xBF,0xBF,0x3F,0x3F,0x3F,0x3F,0x3F,0x3F,0x3F,0x3F,0x3F,0x3F,0x3F,
    0x3F,0x3C,0x40,0xFC,0xEF,0xE7,0xEF,0xFF,0x7F,0x3F,0x3F,0xFF,0xEF,0xE7,0xEF,0xEF,
    0xFF,0x7F,0x07,0xF1,0xFD,0xFE,0xFF,0xFF,0xFF,0xFF,0xFF,0xFF,0xFF,0xFF,0xFF,0xFF,
    0xFF,0xFF,0xFF,0xFF,0xFF,0xF8,0xFB,0xFF,0xFB,0xF3,0xF7,0xFF,0xFF,0xDF,0xDF,0x9F,
    0x1E,0x1F,0x9F,0xBE,0xBE,0x3E,0x3F,0x3E,0xBE,0xFE,0xF6,0x9D,0xCD,0x0F,0xEF,0xCF,
    0x9B,0x3F,0xFD,0xFD,0xFD,0xFD,0xFD,0xFD,0xFE,0xFA,0xF8,0xE1,0x87,0xFF,0xFF,0xFF,
    0xFF,0xFF,0xFF,0xFF,0xFF,0xFF,0xFF,0xFF,0xFF,0xFF,0xFF,0xFF,0x1F,0x1F,0x0F,0x0F,
    0x1F,0x3F,0x3F,0x3F,0x3F,0x7F,0xFF,0xFF,0x7F,0x7F,0xFF,0xFF,0xFF,0xFF,0xF3,0x83,
    0x07,0x1E,0xFF,0xDF,0xF4,0xFF,0xFF,0xFF,0xDF,0xFE,0xDD,0xD9,0xC3,0xEF,0xFF,0xF7,
    0xF3,0xC1,0x8F,0xBB,0x7F,0xFF,0xFF,0xFF,0xFF,0xFF,0xFF,0xFF,0xFF,0xFB,0xFF,0xFF,
    0xEF,0xEF,0xFF,0xFC,0xFC,0xFD,0xFE,0xFF,0xFF,0xFE,0xFE,0xFE,0xFF,0xFE,0xFC,0xF8,
    0xFC,0xF1,0xE3,0xF3,0xF3,0x1F,0xE7,0xF7,0xFF,0xFF,0xFF,0xFF,0xFF,0xFF,0xFF,0xFF,
    0xFF,0xFF,0xFF,0xFF,0x7F,0x9F,0xEF,0xFB,0xED,0xED,0xF9,0x02,0x00,0xFF,0xFF,0xFF,
    0xDF,0x8F,0x8F,0x8F,0x9F,0x9F,0x9F,0x9F,0xBF,0xFF,0x87,0x9F,0x9B,0x9F,0x9F,0x9F,
    0x9F,0x9F,0x9F,0x9F,0x9F,0x9F,0x9F,0xDF,0xFF,0xFF,0xDF,0xC0,0x9F,0x3F,0x7F,0xFF,
    0xFF,0xFB,0xFF,0xFF,0xFF,0xFF,0xFF,0xFF,0xFF,0x3F,0xDF,0xDC,0xFF,0xEF,0xEF,0xF7,
    0xF3,0xF9,0xFE,0xFF,0xFB,0xFB,0xDF,0xDF,0xEF,0xFF,0xFF,0xFF,0xFF,0xF7,0xF7,0xF7,
    0xF7,0xE3,0xE3,0xE3,0xE7,0xE7,0xE7,0xE7,0xE7,0xE3,0xE3,0xF3,0xF3,0xF7,0xF3,0xF3,
    0xF3,0xB3,0xB7,0xB3,0xB7,0xBF,0xFE,0xC6,0x80,0x9E,0x9E,0xBE,0xDF,0xFF,0xB3,0xB8,
    0xBF,0xBF,0xBF,0xBF,0xBF,0xBF,0xBF,0xBF,0xBF,0xFB,0xB3,0xF7,0xF7,0xF3,0xF3,0xF3,
    0xF3,0xF3,0xF3,0xF3,0xF1,0xF6,0xF0,0xF1,
  },
  {
    0x1F,0x1F,0x9F,0xCF,0xCF,0xCF,0xCF,0x8F,0xEF,0xFF,0xFF,0x3F,0xFF,0xFF,0xFF,0xFF,
    0xFF,0x7F,0xDF,0x3F,0x7F,0xFF,0xFF,0xFF,0xFF,0xFF,0xFF,0xFF,0xFF,0xFF,0xFF,0xFF,
    0xFF,0xFF,0xFF,0xFF,0xFF,0xFF,0xFF,0xFF,0xFF,0x7F,0xFF,0xFF,0x07,0x07,0x86,0x86,
    0xCE,0xDC,0xFC,0xFE,0xFF,0xFF,0xFF,0xE6,0xE6,0xE7,0xE7,0xC7,0xC7,0xCF,0xCF,0xDF,
    0xFF,0xFC,0xF8,0xFD,0xFF,0xFF,0xFF,0xFF,0xF8,0x87,0x0F,0xBF,0x7E,0xFD,0xFB,0xE7,
    0xCF,0xEF,0xEF,0xEF,0xDF,0xDF,0xDF,0xEF,0xFF,0x77,0x3B,0xBB,0xDD,0xED,0x6E,0xD6,
    0x7F,0x9F,0xE1,0xF0,0xF1,0xF7,0xBF,0x3F,0x0F,0x0F,0x9F,0xDF,0xDF,0xFF,0x7F,0x7F,
    0x7F,0x1F,0x9F,0xBF,0xBF,0x3F,0x3F,0x3F,0x3F,0x3F,0x3F,0x3F,0x3F,0x3F,0x3F,0x3F,
    0x3F,0x38,0x00,0xFD,0xEF,0xEF,0xEF,0xFF,0x7F,0x7F,0x7F,0xFF,0xCF,0xEF,0xCF,0xDF,
    0xFE,0xFD,0x07,0xF1,0xFD,0xFE,0xFE,0xFF,0xFF,0xFF,0xFF,0xFF,0xFF,0xFF,0xFF,0xFF,
    0xFF,0xFF,0xFE,0xFF,0xFD,0xF8,0xFB,0xFF,0xF3,0xF3,0xF7,0xFF,0xDF,0xDF,0x9F,0x9F,
    0x1E,0x1F,0x9F,0xBE,0x9E,0x6E,0xBF,0x3E,0xBE,0xFE,0xBF,0xED,0x8F,0x8F,0x2B,0xFF,
    0xEF,0xDE,0x1F,0x3F,0x7B,0xFF,0xFB,0xFD,0xFC,0xFC,0xF2,0xC1,0x17,0xFF,0xFF,0xFF,
    0xFF,0xFF,0xFF,0xFF,0xFF,0xFF,0xFF,0xFF,0xFF,0xFF,0xFF,0xFF,0x1F,0x1F,0x0F,0x0F,
    0x1F,0x3F,0x3F,0x3F,0x3F,0x7F,0xFF,0xFF,0x7F,0x7F,0xFF,0xFF,0xFF,0xFF,0xFF,0x81,
    0x0E,0x3F,0xBF,0x9F,0xFE,0xFF,0xF3,0x8F,0x9F,0xBF,0xBE,0xD8,0xE1,0xBF,0xFF,0xFF,
    0xE7,0x47,0x5F,0x98,0x3F,0xFF,0xFF,0xFF,0xFF,0xFF,0xFF,0xFF,0xFB,0xFB,0xFF,0xFF,
    0xEF,0xEF,0xEF,0xFC,0xFC,0xFD,0xFE,0xFF,0xFE,0xFE,0xFE,0xFE,0xFF,0xFE,0xFC,0xF8,
    0xF8,0xF1,0xE3,0xE3,0xF3,0x77,0xCF,0xE6,0xFE,0xFF,0xFF,0xFF,0xFF,0xFD,0xFF,0xFF,
    0xFF,0xFF,0xFF,0xFF,0xBF,0xE7,0xFD,0xFE,0xFA,0xFB,0x78,0x01,0x80,0xFF,0xFF,0xFF,
    0xDF,0x8F,0x8F,0x8F,0x9F,0x9F,0x9F,0x9F,0xBF,0xFF,0x87,0x97,0x9B,0x9B,0x9F,0x9F,
    0x9F,0x9F,0x9F,0x9F,0x9F,0x9F,0x9F,0xDF,0xDF,0xFF,0xDF,0xC1,0x9E,0x3F,0xFF,0xFF,
    0xFF,0xFF,0xFF,0xFF,0xFF,0xFF,0xFF,0xFF,0xFF,0x3F,0xDF,0xEF,0xEF,0xFF,0xF7,0xF3,
    0xF9,0xFC,0xFE,0xFF,0xFB,0xF9,0xDF,0xCF,0xEF,0xFF,0xFF,0xFF,0xFF,0xF7,0xF7,0xF7,
    0xF7,0xE3,0xE3,0xE3,0xE7,0xE7,0xE7,0xE7,0xE7,0xE3,0xE3,0xF3,0xF3,0xF3,0xF3,0xF3,
    0xF3,0xB3,0xB7,0xB3,0xB7,0xBE,0xFE,0xC6,0x81,0x9D,0x9D,0xBF,0xDF,0xCF,0xB7,0xB1,
    0xBC,0xBF,0xBF,0xBF,0xB7,0xB7,0xB7,0xBB,0xBA,0xFB,0xB3,0xF7,0xF7,0xF3,0xF3,0xF3,
    0xF3,0xF1,0xF3,0xF3,0xF1,0xF6,0xF0,0xF1,
  },
  {
    0x1F,0x1F,0x9F,0xCF,0xCF,0xCF,0xCF,0x8F,0xEF,0xFF,0xFF,0x3F,0xFF,0xFF,0xFF,0xFF,
    0xFF,0x7F,0xDF,0x3F,0x7F,0xFF,0xFF,0xFF,0xFF,0xFF,0xFF,0xFF,0xFF,0xFF,0xFF,0xFF,
    0xFF,0xFF,0xFF,0xFF,0xFF,0xFF,0xFF,0xFF,0xFF,0x7F,0xFF,0xBF,0x07,0x07,0x86,0x86,
    0xCE,0xDC,0xFC,0xFE,0xFF,0xFF,0xFF,0xE6,0xE6,0xE7,0xE7,0xC7,0xC7,0xCF,0xCF,0xDF,
    0xFF,0xFC,0xF8,0xFD,0xFF,0xFF,0xFF,0xFF,0xF8,0x87,0x0F,0xBF,0x7E,0xFD,0xFB,0xE7,
    0xCF,0xEF,0xEF,0xEF,0xDF,0xDF,0xDF,0xFF,0xFF,0x77,0x3B,0xBB,0xDD,0xED,0x6E,0xD6,
    0xFF,0x9F,0xE1,0xF0,0xF1,0xF7,0xBF,0x3F,0x0F,0x0F,0x9F,0xDF,0xDF,0xFF,0x7F,0x7F,
    0x7F,0x1F,0x9F,0xBF,0xBF,0x3F,0x3F,0x3F,0x3F,0x3F,0x3F,0x3F,0x3F,0x3F,0x3F,0x3F,
    0x3F,0x38,0x00,0xFD,0xEF,0xEF,0xEF,0xFF,0x7F,0x7F,0x7F,0xFF,0xCF,0xEF,0xCF,0xDF,
    0xFE,0xFD,0x07,0xF3,0xFD,0xFE,0xFF,0xFF,0xFF,0xFF,0xFF,0xFF,0xFF,0xFF,0xFF,0xFF,
    0xFF,0xFF,0xFE,0xFF,0xFD,0xF8,0xFB,0xFF,0xF3,0xF3,0xF7,0xFF,0xDF,0xDF,0x9F,0x9F,
    0x1E,0x1F,0x9F,0xBE,0x9E,0x6E,0xBF,0x3E,0xBE,0xFE,0xBF,0xED,0xBF,0x0F,0x2B,0xFF,
    0xEF,0xDE,0x1F,0x3F,0x7B,0xFF,0xFB,0xFD,0xFC,0xFC,0xF2,0xC1,0x1F,0xFF,0xFF,0xFF,
    0xFF,0xFF,0xFF,0xFF,0xFF,0xFF,0xFF,0xFF,0xFF,0xFF,0xFF,0xFF,0x1F,0x1F,0x0F,0x0F,
    0x1F,0x3F,0x3F,0x3F,0x3F,0x7F,0xFF,0xFF,0x7F,0x7F,0xFF,0xFF,0xFF,0xFF,0xFF,0x81,
    0x0E,0x3F,0xBF,0x9F,0xFE,0xFF,0xF3,0xCF,0x9F,0xBF,0xBE,0xD8,0xE1,0xBF,0xFF,0xFF,
    0xE7,0x47,0x5F,0x98,0x3F,0xFF,0xFF,0xFF,0xFF,0xFF,0xFF,0xFF,0xFB,0xFB,0xFF,0xFF,
    0xEF,0xEF,0xEF,0xFC,0xFC,0xFD,0xFE,0xFF,0xFE,0xFE,0xFE,0xFE,0xFF,0xFE,0xFC,0xF8,
    0xF0,0xE1,0xE3,0xE3,0xF3,0x77,0xCF,0xE6,0xFE,0xFF,0xFF,0xFF,0xFF,0xFD,0xFF,0xFF,
    0xFF,0xFF,0xFF,0xFF,0xBF,0xE7,0xFD,0xFE,0xFB,0xFB,0x78,0x03,0x80,0xFF,0xFF,0xFF,
    0xDF,0x8F,0x8F,0x8F,0x9F,0x9F,0x9F,0x9F,0xBF,0xFF,0x87,0x97,0x9B,0x9B,0x9F,0x9F,
    0x9F,0x9F,0x9F,0x9F,0x9F,0x9F,0x9F,0xDF,0xDF,0xFF,0xDF,0xC1,0x9E,0x3F,0xFF,0xFF,
    0xFF,0xFF,0xFF,0xFF,0xFF,0xFF,0xFF,0xFF,0xFF,0x3F,0xDF,0xEF,0xEF,0xEF,0xF7,0xF3,
    0xF9,0xFC,0xFE,0xFF,0xFB,0xF9,0xDB,0xCF,0xCF,0xFF,0xFF,0xFF,0xFF,0xF7,0xF7,0xF7,
    0xF7,0xE3,0xE3,0xE3,0xE7,0xE7,0xE7,0xE7,0xE7,0xE3,0xE3,0xF3,0xF3,0xF3,0xF3,0xF3,
    0xF3,0xB3,0xB7,0xB3,0xB7,0xBE,0xFE,0xC6,0x81,0x9D,0x9D,0x9F,0xDF,0xCF,0xB7,0xB9,
    0xBC,0xBF,0xBF,0xBF,0xB7,0xB7,0xB7,0xBB,0xBA,0xFB,0xB3,0xF7,0xF7,0xF3,0xF3,0xF3,
    0xF3,0xF1,0xF3,0xF3,0xF1,0xF6,0xF0,0xF1,
  },
  {
    0x1F,0x1F,0x9F,0xCF,0xCF,0xCF,0xCF,0x8F,0xEF,0xFF,0xFF,0x3F,0x7F,0xFF,0xFF,0x5F,
    0xDF,0xDF,0xBF,0xBF,0xBF,0x7F,0x7F,0xFF,0xFF,0xFF,0xFF,0xFF,0xFF,0xFF,0xFF,0xFF,
    0xFF,0xFF,0xFF,0xFF,0xFF,0xFF,0xFF,0xFF,0xFF,0xFF,0xFF,0xFF,0x07,0x87,0x86,0x86,
    0xCE,0xDC,0xFC,0xFE,0xFF,0xFF,0xFF,0xE6,0xE6,0xE7,0xE7,0xC7,0xC7,0xCF,0xCF,0xDF,
    0xFD,0xEC,0xF8,0xF0,0xFF,0xFF,0xFE,0xFD,0xFB,0xD7,0x87,0x0F,0x0F,0xFF,0xFE,0xFC,
    0xFC,0xFD,0xFD,0xFD,0xFD,0xF9,0xFB,0xFB,0xFF,0xED,0xCD,0xCD,0xCD,0x6F,0x6E,0x96,
    0x4F,0x6E,0xB6,0xFE,0xF6,0xF3,0xBF,0x3F,0x0F,0x0F,0x9F,0xDF,0xDF,0xFF,0x7F,0x6F,
    0x7F,0x1F,0x9F,0x9F,0xBF,0x3F,0x3F,0x3F,0x3F,0x3F,0x3F,0x3F,0x3F,0x3F,0x3F,0x3F,
    0x3F,0x1F,0x01,0x1F,0x3D,0x7C,0xFD,0xFD,0xEF,0xEF,0x6F,0x6F,0xFD,0xFC,0xFD,0xFD,
    0x3F,0x3F,0x0E,0x3C,0x7E,0xFE,0xFF,0xFF,0xFF,0xFF,0xFF,0xFF,0xFF,0xFF,0xFF,0xFF,
    0xFF,0xFF,0xFE,0xFF,0xFD,0xF8,0xFB,0xFF,0xF3,0xF3,0xE7,0xFF,0xDF,0x9F,0x9F,0x1F,
    0x1E,0x1F,0x9F,0xBE,0xBE,0x7E,0xBF,0x1E,0xFE,0x7E,0xDF,0xF3,0xE1,0x1D,0xFD,0xF9,
    0xF7,0xEF,0x8F,0x1F,0x3F,0xFF,0xFF,0xFF,0xFF,0xFD,0xF8,0x20,0x80,0xF7,0xFF,0xFF,
    0xFF,0xFF,0xFF,0xFF,0xFF,0xFF,0xFF,0xFF,0xFF,0xFF,0xFF,0xFF,0x1F,0x1F,0x0F,0x0F,
    0x1F,0x3F,0x3F,0x3F,0x3F,0x7F,0xFF,0x7F,0x7F,0x7F,0xFF,0xFF,0xFF,0xFF,0xFF,0x1B,
    0xE1,0xF7,0xF7,0xFB,0xFB,0xBF,0xBF,0xDF,0xFB,0xF3,0xF3,0xD8,0xDD,0xEF,0xF7,0xF3,
    0xF3,0xE3,0x04,0xFF,0xFF,0xFF,0xFF,0xFF,0xFF,0xFF,0xFF,0xFF,0xFB,0xFB,0xFF,0xFF,
    0xEF,0xEF,0xEF,0xFC,0xFC,0xFD,0xFC,0xFF,0xFE,0xFE,0xFC,0xFE,0xFF,0xFE,0xFC,0xF8,
    0xF8,0xF1,0xFB,0xFF,0xC3,0xFB,0xFF,0xFF,0xBF,0xFF,0xFF,0xFF,0xFF,0xFF,0xFF,0xFF,
    0xFF,0xFF,0xFF,0xFF,0xFF,0xFF,0xFF,0xFF,0xFF,0xFC,0x03,0x8F,0x3F,0x7F,0xFF,0xFF,
    0x9F,0x8F,0x8F,0x8F,0x9F,0x9F,0x9F,0x9F,0xBF,0xFF,0x87,0x97,0x9B,0x9F,0x9F,0x9F,
    0x9F,0x9F,0x9F,0x9F,0x9F,0x9F,0x9F,0x9F,0xCF,0xFF,0xDF,0xDE,0xD0,0xC7,0x9F,0x7F,
    0x7F,0xFD,0xFF,0xFF,0x9F,0x3F,0xFF,0xFF,0xFF,0xFF,0xFF,0xFF,0xFF,0x7F,0x3F,0x1F,
    0xA7,0xB8,0xDF,0xE3,0xF8,0xFB,0xDF,0xCF,0xCF,0xFF,0xFF,0xEF,0xFF,0xF7,0xF7,0xF7,
    0xF7,0xE3,0xE3,0xE3,0xE7,0xE7,0xE7,0xE7,0xE3,0xE3,0xE3,0xE3,0xF3,0xF3,0xF3,0xF3,
    0xB3,0xB3,0xB3,0xB3,0xB3,0xB7,0xFF,0xC0,0x8F,0x9F,0x9F,0xFF,0xC7,0xE0,0xDF,0x9F,
    0x9F,0xBF,0x8F,0x90,0xBF,0xFF,0xBF,0xBF,0xBF,0xFB,0xB3,0xF7,0xF7,0xF3,0xF3,0xF3,
    0xF3,0xF1,0xF3,0xF3,0xF0,0xF6,0xF0,0xF1,
  },
  {
    0x1F,0x1F,0x9F,0xCF,0xCF,0xCF,0xCF,0x8F,0xEF,0xFF,0xFF,0x3F,0x7F,0xFF,0xFF,0x5F,
    0xDF,0xDF,0xBF,0xBF,0xBF,0x7F,0x7F,0xFF,0xFF,0xFF,0xFF,0xFF,0xFF,0xFF,0xFF,0xFF,
    0xFF,0xFF,0xFF,0xFF,0xFF,0xFF,0xFF,0xFF,0xFF,0xFF,0xFF,0xFF,0x07,0x87,0x86,0x86,
    0xCE,0xDC,0xFC,0xFE,0xFF,0xFF,0xFF,0xE6,0xE6,0xE7,0xE7,0xC7,0xC7,0xCF,0xCF,0xDF,
    0xFD,0xEC,0xF8,0xF0,0xFF,0xFF,0xFE,0xFD,0xFB,0xD7,0x87,0x0F,0x0F,0xFF,0xFE,0xFC,
    0xFC,0xFD,0xFD,0xFD,0xFD,0xF9,0xFB,0xFB,0xFF,0xED,0xCD,0xCF,0xCD,0x6F,0x6E,0x96,
    0x47,0x6E,0xB6,0xFE,0xF6,0xF3,0xBF,0x3F,0x0F,0x0F,0x9F,0xDF,0xDF,0xFF,0x7F,0x6F,
    0x7F,0x1F,0x9F,0x9F,0xBF,0x3F,0x3F,0x3F,0x3F,0x3F,0x3F,0x3F,0x3F,0x3F,0x3F,0x3F,
    0x3F,0x1F,0x01,0x1F,0x3D,0x7C,0xFD,0xFD,0xEF,0xEF,0x6F,0x6F,0xFD,0xFC,0xFD,0xFD,
    0x3F,0x3F,0x0E,0x3C,0x7E,0xFE,0xFF,0xFF,0xFF,0xFF,0xFF,0xFF,0xFF,0xFF,0xFF,0xFF,
    0xFF,0xFF,0xFE,0xFF,0xFD,0xF8,0xFB,0xFF,0xF3,0xF3,0xE7,0xFF,0xDF,0x9F,0x9F,0x1F,
    0x1E,0x1F,0x9F,0xBE,0xBE,0x7E,0xBF,0x1E,0xFE,0x7E,0xDF,0xF3,0xE1,0x1D,0xFD,0xF9,
    0xF7,0xEF,0x8F,0x1F,0x3F,0xFF,0xFF,0xFF,0xFF,0xFD,0xF8,0x20,0x80,0xF7,0xFF,0xFF,
    0xFF,0xFF,0xFF,0xFF,0xFF,0xFF,0xFF,0xFF,0xFF,0xFF,0xFF,0xFF,0x1F,0x1F,0x0F,0x0F,
    0x1F,0x3F,0x3F,0x3F,0x3F,0x7F,0xFF,0x7F,0x7F,0x7F,0xFF,0xFF,0xFF,0xFF,0xFF,0x19,
    0xE1,0xF7,0xF7,0xFB,0xFB,0xBF,0xBF,0xDF,0xEB,0xF3,0xF3,0xD8,0xDD,0xEF,0xF7,0xF3,
    0xF3,0xE3,0x04,0xFF,0xFF,0xFF,0xFF,0xFF,0xFF,0xFF,0xFF,0xFF,0xFB,0xFB,0xFF,0xFF,
    0xEF,0xEF,0xEF,0xFC,0xFC,0xFD,0xFC,0xFF,0xFE,0xFE,0xFC,0xFE,0xFF,0xFE,0xFC,0xF8,
    0xF8,0xF1,0xFB,0xFF,0xC3,0xFB,0xFF,0xFF,0xBF,0xFF,0xFF,0xFF,0xFF,0xFF,0xFF,0xFF,
    0xFF,0xFF,0xFF,0xFF,0xFF,0xFF,0xFF,0xFF,0xFF,0xFC,0x03,0x8F,0x3F,0x7F,0xFF,0xFF,
    0x9F,0x8F,0x8F,0x8F,0x9F,0x9F,0x9F,0x9F,0xBF,0xFF,0x87,0x97,0x9B,0x9F,0x9F,0x9F,
    0x9F,0x9F,0x9F,0x9F,0x9F,0x9F,0x9F,0x9F,0xCF,0xFF,0xDF,0xDE,0xD0,0xC7,0x9F,0x7F,
    0x7F,0xFD,0xFF,0xFF,0x9F,0x3F,0xFF,0xFF,0xFF,0xFF,0xFF,0xFF,0xFF,0x7F,0x3F,0x1F,
    0xA7,0xB8,0xDF,0xE3,0xF8,0xFB,0xDF,0xDF,0xCF,0xFF,0xFF,0xEF,0xFF,0xF7,0xF7,0xF7,
    0xF7,0xE3,0xE3,0xE3,0xE7,0xE7,0xE7,0xE7,0xE3,0xE3,0xE3,0xE3,0xF3,0xF3,0xF3,0xF3,
    0xB3,0xB3,0xB3,0xB3,0xB3,0xB7,0xFF,0xC0,0x8F,0x9F,0x9F,0xFF,0xC7,0xE0,0xDF,0x9F,
    0x9F,0xBF,0x8F,0x90,0xBF,0xFF,0xBF,0xBF,0xBF,0xFB,0xB3,0xF7,0xF7,0xF3,0xF3,0xF3,
    0xF3,0xF1,0xF3,0xF3,0xF0,0xF6,0xF0,0xF1,
  },
  {
    0x1F,0x1F,0x9F,0xCF,0xCF,0xCF,0xCF,0x8F,0xEF,0xFF,0xFF,0x3F,0xFF,0xFF,0x9F,0xFF,
    0x9F,0xBF,0xBF,0xBF,0xFF,0x7F,0x7F,0xFF,0xFF,0xFF,0xFF,0xFF,0xFF,0xFF,0xFF,0xFF,
    0xFF,0xFF,0xFF,0xFF,0xFF,0xFF,0xFF,0xFF,0xFF,0xFF,0xFF,0xFF,0x6F,0x87,0x86,0x86,
    0xCE,0xFC,0xFC,0xFE,0xFF,0xFF,0xFF,0xE6,0xE6,0xE7,0xE7,0xC7,0xC7,0xCF,0xCF,0xDF,
    0xFF,0xFC,0xF8,0xF9,0xFF,0xFF,0xFE,0xFD,0xFB,0xF7,0xC7,0x0F,0x0F,0xFF,0xF6,0xFC,
    0xFC,0xFE,0xFD,0xFD,0xFD,0xFD,0xFB,0xFB,0xFF,0xFD,0xCD,0xCD,0xCD,0xED,0x6D,0x8D,
    0xCD,0x4D,0xED,0xFC,0xFD,0xF5,0xF9,0x3F,0x0F,0x0F,0x9F,0xDF,0xDF,0xFF,0x7F,0x7F,
    0x7F,0x1F,0x9F,0xBF,0xBF,0x3F,0x3F,0x3F,0x3F,0x3F,0x3F,0x3F,0x3F,0x3F,0x3F,0x3F,
    0x3F,0x1F,0x01,0x9E,0xBD,0xFC,0xFC,0xFD,0xFF,0xF7,0xF7,0xFF,0xBD,0xBC,0xBC,0xBD,
    0xBF,0x9F,0x0C,0x1C,0x3E,0x7E,0xFE,0xFF,0xFF,0xFF,0xFF,0xFF,0xFF,0xFF,0xFF,0xFF,
    0xFF,0xFF,0xFE,0xFF,0xFD,0xF8,0xFB,0xFF,0xF3,0xF3,0xF7,0xFF,0xDF,0xDF,0x9F,0x9F,
    0x1E,0x1F,0x9F,0xBE,0xBE,0x7E,0xFF,0xBE,0x7E,0xBF,0xEF,0xFB,0xF2,0x00,0xFE,0xFD,
    0xFB,0xF7,0xEF,0x8F,0x1F,0x7F,0xFF,0xFF,0xFF,0xFF,0xFE,0xF0,0x80,0xE3,0xFF,0xFF,
    0xFF,0xFF,0xFF,0xFF,0xFF,0xFF,0xFF,0xFF,0xFF,0xFF,0xFF,0xFF,0x1F,0x1F,0x0F,0x0F,
    0x1F,0x3F,0x3F,0x3F,0x3F,0x7F,0xFF,0xFF,0x7F,0x7F,0xFF,0xFF,0xFF,0xFF,0xFF,0x0F,
    0xF1,0xF3,0xFB,0xFB,0xFD,0xFF,0xFD,0xFF,0xF7,0xF7,0xFB,0xFB,0xFA,0xFB,0xF1,0xFF,
    0xFB,0xC1,0x1C,0xFF,0xFF,0xFF,0xFF,0xFF,0xFF,0xFF,0xFF,0xFF,0xFB,0xFB,0xFF,0xFF,
    0xEF,0xEF,0xEF,0xFC,0xFC,0xFD,0xFE,0xFF,0xFE,0xFE,0xFE,0xFE,0xFF,0xFE,0xFC,0xFC,
    0xFC,0xF9,0xFB,0xFF,0x43,0xFD,0xFF,0xFF,0xFF,0xFF,0xFF,0xFF,0xFF,0xFF,0xFF,0xFF,
    0xFF,0xFF,0xFF,0xFF,0xFF,0xFF,0xFF,0xFF,0xFF,0xF0,0x03,0x3F,0x7F,0xFF,0xFF,0xFF,
    0x9F,0x8F,0x8F,0x8F,0x9F,0x9F,0x9F,0x9F,0xBF,0xFF,0x87,0x97,0x9B,0x9F,0x9F,0x9F,
    0x9F,0x9F,0x9F,0x9F,0x9F,0x9F,0x9F,0xDF,0xDF,0xFF,0xDF,0xDC,0xE1,0xCF,0xBF,0x7F,
    0xFE,0xFF,0xFF,0xFF,0x9F,0x7F,0xFF,0xFF,0xFF,0xFF,0xFF,0xFF,0xFF,0x7F,0x3F,0xDF,
    0xE7,0xFC,0xFF,0xFE,0xF1,0x1F,0xFF,0xDF,0xFF,0xFF,0xFF,0xFF,0xFF,0xF7,0xF7,0xF7,
    0xF7,0xE3,0xE3,0xE3,0xE7,0xE7,0xE7,0xE7,0xE7,0xE3,0xE3,0xF3,0xF3,0xF3,0xF3,0xF3,
    0xF3,0xB3,0xB7,0xB3,0xB7,0xB7,0xFF,0xC0,0x9F,0x9F,0x9F,0xFF,0xC7,0xF1,0x9F,0x9F,
    0x9F,0xBF,0x8F,0xD1,0xB7,0xF7,0xB7,0xB3,0xB3,0xF3,0xBB,0xFC,0xFF,0xF3,0xF3,0xF3,
    0xF3,0xF3,0xF3,0xF3,0xF0,0xF6,0xF0,0xF1,
  },
  {
    0x1F,0x1F,0x9F,0xCF,0xCF,0xCF,0xCF,0x8F,0xEF,0xFF,0xFF,0x3F,0xFF,0xFF,0x9F,0xFF,
    0x9F,0xBF,0xBF,0xBF,0xFF,0x7F,0x7F,0xFF,0xFF,0xFF,0xFF,0xFF,0xFF,0xFF,0xFF,0xFF,
    0xFF,0xFF,0xFF,0xFF,0xFF,0xFF,0xFF,0xFF,0xFF,0xFF,0xFF,0xFF,0x2F,0x87,0x86,0x86,
    0xCE,0xFC,0xFC,0xFE,0xFF,0xFF,0xFF,0xE6,0xE6,0xE7,0xE7,0xC7,0xC7,0xCF,0xCF,0xDF,
    0xFF,0xFC,0xF8,0xF9,0xFF,0xFF,0xFE,0xFD,0xFB,0xF7,0x87,0x0F,0x0F,0xFF,0xF6,0xFC,
    0xFC,0xFF,0xFD,0xFD,0xFD,0xFD,0xFB,0xFB,0xFF,0xFD,0xCD,0xCD,0xED,0xED,0x6D,0x8D,
    0xCD,0x4D,0xED,0xFC,0xFD,0xF5,0xF9,0x3F,0x0F,0x0F,0x9F,0xDF,0xDF,0xFF,0x7F,0x7F,
    0x7F,0x1F,0x9F,0xBF,0xBF,0x3F,0x3F,0x3F,0x3F,0x3F,0x3F,0x3F,0x3F,0x3F,0x3F,0x3F,
    0x3F,0x1F,0x01,0x9E,0xBD,0xFC,0xFC,0xFD,0xFF,0xF7,0xF7,0xFF,0xBD,0xBC,0xBC,0xBD,
    0xBF,0x9F,0x0C,0x1C,0x3E,0x7E,0xFE,0xFF,0xFF,0xFF,0xFF,0xFF,0xFF,0xFF,0xFF,0xFF,
    0xFF,0xFF,0xFE,0xFF,0xFD,0xF8,0xFB,0xFF,0xF3,0xF3,0xF7,0xFF,0xDF,0xDF,0x9F,0x9F,
    0x1E,0x1F,0x9F,0xBE,0xBE,0x7E,0xFF,0xBE,0x7E,0xBF,0xEF,0xFB,0xF2,0x00,0xFE,0xFD,
    0xFB,0xF7,0xCF,0x8F,0x1F,0x7F,0xFF,0xFF,0xFF,0xFF,0xFE,0xF0,0x80,0xE1,0xFF,0xFF,
    0xFF,0xFF,0xFF,0xFF,0xFF,0xFF,0xFF,0xFF,0xFF,0xFF,0xFF,0xFF,0x1F,0x1F,0x0F,0x0F,
    0x1F,0x3F,0x3F,0x3F,0x3F,0x7F,0xFF,0xFF,0x7F,0x7F,0xFF,0xFF,0xFF,0xFF,0xFF,0x0F,
    0xF1,0xF3,0xFB,0xFB,0xFD,0xFF,0xFD,0xFF,0xF7,0xFF,0xFF,0xFB,0xFA,0xFB,0xF1,0xFF,
    0xFB,0xC1,0x1C,0xFF,0xFF,0xFF,0xFF,0xFF,0xFF,0xFF,0xFF,0xFF,0xFB,0xFB,0xFF,0xFF,
    0xEF,0xEF,0xEF,0xFC,0xFC,0xFD,0xFE,0xFF,0xFE,0xFE,0xFE,0xFE,0xFF,0xFE,0xFC,0xFC,
    0xFC,0xF9,0xFB,0xFF,0x43,0xFD,0xFF,0xFF,0xDF,0xFF,0xFF,0xFF,0xFF,0xFF,0xFF,0xFF,
    0xFF,0xFF,0xFF,0xFF,0xFF,0xFF,0xFF,0xFF,0xFF,0xF0,0x03,0x3F,0x7F,0xFF,0xFF,0xFF,
    0x9F,0x8F,0x8F,0x8F,0x9F,0x9F,0x9F,0x9F,0xBF,0xFF,0x87,0x97,0x9B,0x9F,0x9F,0x9F,
    0x9F,0x9F,0x9F,0x9F,0x9F,0x9F,0x9F,0xDF,0xDF,0xFF,0xDF,0xDC,0xE1,0xCF,0xBF,0x7F,
    0xFE,0xFF,0xFF,0xFF,0x9F,0x7F,0xFF,0xFF,0xFF,0xFF,0xFF,0xFF,0xFF,0x7F,0x3F,0xDF,
    0xE7,0xFC,0xFF,0xFE,0xF1,0x1F,0xFF,0xFF,0xFF,0xFF,0xFF,0xFF,0xFF,0xF7,0xF7,0xF7,
    0xF7,0xE3,0xE3,0xE3,0xE7,0xE7,0xE7,0xE7,0xE7,0xE3,0xE3,0xF3,0xF3,0xF3,0xF3,0xF3,
    0xF3,0xB3,0xB7,0xB3,0xB7,0xB7,0xFF,0xC0,0x8F,0x9F,0x9F,0xBF,0xC7,0xF1,0x9F,0x9F,
    0x9F,0xBF,0x9F,0xD1,0xB7,0xF7,0xB7,0xB3,0xB3,0xF3,0xBB,0xFC,0xFF,0xF7,0xF3,0xF3,
    0xF3,0xF3,0xF3,0xF3,0xF0,0xF6,0xF0,0xF1,
  },
  {
    0x1F,0x1F,0x9F,0xCF,0xCF,0xCF,0xCF,0x8F,0xEF,0xFF,0xFF,0x3F,0xFF,0xFF,0x9F,0xFF,
    0x9F,0xBF,0xBF,0xBF,0xFF,0x7F,0x7F,0xFF,0xFF,0xFF,0xFF,0xFF,0xFF,0xFF,0xFF,0xFF,
    0xFF,0xFF,0xFF,0xFF,0xFF,0xFF,0xFF,0xFF,0xFF,0xFF,0xFF,0xFF,0x0F,0x87,0x86,0x86,
    0xCE,0xFC,0xFC,0xFE,0xFF,0xFF,0xFF,0xE6,0xE6,0xE7,0xE7,0xC7,0xC7,0xCF,0xCF,0xDF,
    0xFF,0xFC,0xF8,0xF9,0xFF,0xFF,0xFE,0xFD,0xFB,0xF7,0x87,0x0F,0x0F,0xFF,0xF6,0xFC,
    0xFC,0xFE,0xFD,0xFD,0xFD,0xFD,0xFB,0xFB,0xFF,0xFD,0xCD,0xCD,0xCD,0xED,0x6D,0x8D,
    0xCD,0x4D,0xED,0xFC,0xFD,0xF5,0xB9,0x3F,0x0F,0x0F,0x9F,0xDF,0xDF,0xFF,0x7F,0x7F,
    0x7F,0x1F,0x9F,0xBF,0xBF,0x3F,0x3F,0x3F,0x3F,0x3F,0x3F,0x3F,0x3F,0x3F,0x3F,0x3F,
    0x3F,0x1F,0x01,0x9E,0xBD,0xFC,0xFC,0xFD,0xFF,0xF7,0xF7,0xFF,0xBD,0xBC,0xBC,0xBD,
    0xBF,0x9F,0x0C,0x1C,0x3E,0x7E,0xFE,0xFF,0xFF,0xFF,0xFF,0xFF,0xFF,0xFF,0xFF,0xFF,
    0xFF,0xFF,0xFE,0xFF,0xFD,0xF8,0xFB,0xFF,0xF3,0xF3,0xF7,0xFF,0xDF,0xDF,0x9F,0x9F,
    0x1E,0x1F,0x9F,0xBE,0xBE,0x7E,0xFF,0xBE,0x7E,0x9F,0xEF,0xFB,0xF2,0x00,0xFE,0xFD,
    0xFB,0xF7,0xCF,0x8F,0x1F,0x7F,0xFF,0xFF,0xFF,0xFF,0xFE,0xF0,0x80,0xE0,0xFF,0xFF,
    0xFF,0xFF,0xFF,0xFF,0xFF,0xFF,0xFF,0xFF,0xFF,0xFF,0xFF,0xFF,0x1F,0x1F,0x0F,0x0F,
    0x1F,0x3F,0x3F,0x3F,0x3F,0x7F,0xFF,0xFF,0x7F,0x7F,0xFF,0xFF,0xFF,0xFF,0xFF,0x0F,
    0xF1,0xF3,0xFB,0xFB,0xFD,0xFF,0xFD,0xFF,0xF7,0xF7,0xFB,0xFB,0xFA,0xFB,0xF1,0xFF,
    0xFB,0xC1,0x1C,0xFF,0xFF,0xFF,0xFF,0xFF,0xFF,0xFF,0xFF,0xFF,0xFB,0xFB,0xFF,0xFF,
    0xEF,0xEF,0xEF,0xFC,0xFC,0xFD,0xFE,0xFF,0xFE,0xFE,0xFE,0xFE,0xFF,0xFE,0xFC,0xFC,
    0xFC,0xF9,0xFB,0xFF,0x43,0xFD,0xFF,0xFF,0xDF,0xFF,0xFF,0xFF,0xFF,0xFF,0xFF,0xFF,
    0xFF,0xFF,0xFF,0xFF,0xFF,0xFF,0xFF,0xFF,0xFF,0xF0,0x03,0x3F,0x7F,0xFF,0xFF,0xFF,
    0x9F,0x8F,0x8F,0x8F,0x9F,0x9F,0x9F,0x9F,0xBF,0xFF,0x87,0x97,0x9B,0x9F,0x9F,0x9F,
    0x9F,0x9F,0x9F,0x9F,0x9F,0x9F,0x9F,0xDF,0xDF,0xFF,0xDF,0xDC,0xE1,0xCF,0xBF,0x7F,
    0xFF,0xFF,0xFF,0xFF,0x9F,0x7F,0xFF,0xFF,0xFF,0xFF,0xFF,0xFF,0xFF,0x7F,0x3F,0xDF,
    0xE7,0xFC,0xFF,0xFE,0xF1,0x1F,0xFF,0xFF,0xFF,0xFF,0xFF,0xFF,0xFF,0xF7,0xF7,0xF7,
    0xF7,0xE3,0xE3,0xE3,0xE7,0xE7,0xE7,0xE7,0xE7,0xE3,0xE3,0xF3,0xF3,0xF3,0xF3,0xF3,
    0xF3,0xB3,0xB7,0xB3,0xB7,0xB7,0xFF,0xC0,0x9F,0x9F,0x9F,0x9F,0xC7,0xF1,0x9F,0x9F,
    0x9F,0xBF,0x9F,0xD1,0xB7,0xF7,0xB7,0xB3,0xB3,0xF3,0xBB,0xF8,0xFF,0xF7,0xF3,0xF3,
    0xF3,0xF3,0xF3,0xF3,0xF1,0xF6,0xF0,0xF1,
  },
  {
    0x1F,0x1F,0x9F,0xCF,0xCF,0xCF,0xCF,0x8F,0xEF,0xFF,0xFF,0x3F,0xFF,0x3F,0xBF,0x7F,
    0xFF,0xFF,0xFF,0xFF,0xFF,0xFF,0xFF,0xFF,0xFF,0xFF,0xFF,0xFF,0xFF,0xFF,0xFF,0xFF,
    0xFF,0xFF,0x7F,0x9F,0xFF,0x2F,0xFF,0xFF,0xFF,0xFF,0xFF,0xFF,0x07,0x87,0x86,0x86,
    0xCE,0xDC,0xFC,0xFE,0xFF,0xFF,0xFF,0xE6,0xE6,0xE7,0xE7,0xC7,0xC7,0xCF,0xCF,0xDF,
    0xFF,0xFC,0xFC,0xFF,0xF8,0x87,0x07,0x7F,0xBF,0xFF,0x77,0xEF,0xEF,0xDF,0x9F,0xDF,
    0xDF,0xDF,0xDF,0xCF,0xCF,0xC7,0xFB,0x7E,0x3E,0x9F,0xE7,0x03,0xC0,0xFF,0xFF,0xFF,
    0xFF,0xFF,0xFF,0xF0,0xF1,0xF7,0xBF,0x3F,0x0F,0x0F,0x9F,0xDF,0xDF,0xFF,0x7F,0x7F,
    0x7F,0x1F,0x9F,0xBF,0xBF,0x3F,0x3F,0x3F,0x3F,0x3F,0x3F,0x3F,0x3F,0x3F,0x3E,0x39,
    0x03,0xFE,0xFF,0x87,0x83,0x9F,0xC3,0xEF,0xFF,0x7F,0xFF,0xFF,0x97,0x1F,0x0F,0xFE,
    0x01,0xFD,0xFF,0xFF,0xFF,0xFF,0xFF,0xFF,0xFF,0xFF,0xFF,0xFF,0xFF,0xFF,0xFF,0xFF,
    0xFF,0xFF,0xFE,0xFF,0xFD,0xF8,0xFB,0xFF,0xF3,0xF3,0xF7,0xFF,0xDF,0xDF,0x9F,0x9F,
    0x1E,0x1F,0x9F,0xBE,0xBE,0x7E,0xEE,0xFE,0x7C,0x3D,0x3F,0x3B,0xFB,0xFB,0xFB,0xF3,
    0xF7,0xFF,0xFF,0xFF,0x1F,0x1B,0x11,0xF0,0xF7,0xBF,0x7F,0xBF,0xFF,0xFF,0xFF,0xFF,
    0xFF,0xFF,0xFF,0xFF,0xFF,0xFF,0xFF,0xFF,0xFF,0xFF,0xFF,0xFF,0x1F,0x1F,0x0F,0x0F,
    0x1F,0x3F,0x3F,0x3F,0x3F,0x7F,0xFF,0xFF,0x7F,0x7F,0xFF,0xFF,0xDF,0xE3,0xDC,0x3E,
    0xBE,0xBC,0xBC,0xC3,0xF7,0xE7,0xEF,0xDF,0xDF,0x87,0xEF,0xFE,0xD3,0xFB,0xF7,0xC7,
    0x9F,0xBB,0xB8,0x7F,0xFF,0xFF,0xFF,0xFF,0xFF,0xFF,0xFF,0xFF,0xFB,0xFB,0xFF,0xFF,
    0xEF,0xEF,0xEF,0xFC,0xFC,0xFD,0xFE,0xFF,0xFE,0xFE,0xFE,0xFE,0xFF,0xFE,0xFC,0xFC,
    0xFC,0xF9,0xFB,0xFF,0x7F,0x83,0xF0,0xFF,0xFF,0xFF,0xFF,0xFF,0xFF,0xFF,0xFF,0xFF,
    0xFF,0xFD,0xFF,0xFF,0xFF,0xFF,0xFF,0xFF,0xFF,0xBF,0xDF,0xEC,0xF3,0xF7,0xB7,0x87,
    0xCF,0xCF,0x8F,0x8F,0x9F,0x9F,0x9F,0x9F,0xBF,0xFF,0x87,0x97,0x9B,0x9F,0x9F,0x9F,
    0x9F,0x9F,0x9F,0x9F,0x9F,0x9F,0x9F,0xDF,0xFF,0xFF,0xC1,0xBE,0x7F,0xFF,0xFF,0xFF,
    0xF7,0xFF,0xFF,0xFF,0xFF,0xFF,0xFF,0xFF,0x7F,0x3F,0xBF,0xDF,0x5F,0x5F,0xEF,0xEC,
    0xEF,0xEF,0xEF,0xF7,0xF3,0xD9,0xDA,0x27,0xEF,0xFF,0xFF,0xFF,0xFF,0xF7,0xF7,0xF7,
    0xF7,0xE3,0xE3,0xE3,0xE7,0xE7,0xE7,0xE7,0xE7,0xE3,0xE3,0xF3,0xF3,0xF3,0xF3,0xF3,
    0xF3,0xB3,0xB7,0xB6,0xB6,0xBD,0xFD,0xD9,0x83,0x9F,0x9F,0xBF,0xBF,0x9F,0xC7,0xD8,
    0xDF,0x8F,0x81,0xC7,0x9F,0xDF,0x9F,0x9F,0xAF,0xEF,0xB7,0xF7,0xF3,0xF1,0xF3,0xF3,
    0xF3,0xF1,0xF3,0xF3,0xF0,0xF6,0xF0,0xF1,
  },
  {
    0x1F,0x1F,0x9F,0xCF,0xCF,0xCF,0xCF,0x8F,0xEF,0xFF,0xFF,0x3F,0xFF,0x3F,0xBF,0x7F,
    0xFF,0xFF,0xFF,0xFF,0xFF,0xFF,0xFF,0xFF,0xFF,0xFF,0xFF,0xFF,0xFF,0xFF,0xFF,0xFF,
    0xFF,0xFF,0x7F,0x9F,0xFF,0x2F,0xFF,0xFF,0xFF,0xFF,0xFF,0xFF,0x07,0x87,0x86,0x86,
    0xCE,0xDC,0xFC,0xFE,0xFF,0xFF,0xFF,0xE6,0xE6,0xE7,0xE7,0xC7,0xC7,0xCF,0xCF,0xDF,
    0xFF,0xFC,0xFC,0xFF,0xF8,0x87,0x07,0x7F,0xBF,0xFF,0x77,0xEF,0xEF,0xDF,0x9F,0xDF,
    0xDF,0xDF,0xDF,0xCF,0xCF,0xC7,0xFB,0x7F,0x3E,0x9F,0xE7,0x03,0xC0,0xFF,0xFF,0xFF,
    0xFF,0xFF,0xFF,0xF0,0xF1,0xF7,0xBF,0x3F,0x0F,0x0F,0x9F,0xDF,0xDF,0xFF,0x7F,0x7F,
    0x7F,0x1F,0x9F,0xBF,0xBF,0x3F,0x3F,0x3F,0x3F,0x3F,0x3F,0x3F,0x3F,0x3F,0x3E,0x39,
    0x03,0xFE,0xFF,0x87,0x83,0x9F,0xC3,0xEF,0xFF,0x7F,0xFF,0xFF,0x97,0x1F,0x0F,0xFE,
    0x01,0xFD,0xFF,0xFF,0xFF,0xFF,0xFF,0xFF,0xFF,0xFF,0xFF,0xFF,0xFF,0xFF,0xFF,0xFF,
    0xFF,0xFF,0xFE,0xFF,0xFD,0xF8,0xFB,0xFF,0xF3,0xF3,0xF7,0xFF,0xDF,0xDF,0x9F,0x9F,
    0x1E,0x1F,0x9F,0xBE,0xBE,0x7E,0xEE,0xFE,0x7C,0x3D,0x3F,0x3B,0xFB,0xFB,0xFB,0xF3,
    0xF7,0xFF,0xFF,0xFF,0x1F,0x1B,0x19,0xF0,0xF7,0xBF,0x7F,0xBF,0xFF,0xFF,0xFF,0xFF,
    0xFF,0xFF,0xFF,0xFF,0xFF,0xFF,0xFF,0xFF,0xFF,0xFF,0xFF,0xFF,0x1F,0x1F,0x0F,0x0F,
    0x1F,0x3F,0x3F,0x3F,0x3F,0x7F,0xFF,0xFF,0x7F,0x7F,0xFF,0xFF,0xDF,0xE3,0xDC,0x3E,
    0xBE,0xBC,0xBC,0xC3,0xF7,0xE7,0xEF,0xDF,0xDF,0x87,0xEF,0xFE,0xD3,0xFB,0xF7,0xC7,
    0x9F,0xBB,0xB8,0x7F,0xFF,0xFF,0xFF,0xFF,0xFF,0xFF,0xFF,0xFF,0xFB,0xFB,0xFF,0xFF,
    0xEF,0xEF,0xEF,0xFC,0xFC,0xFD,0xFE,0xFF,0xFE,0xFE,0xFE,0xFE,0xFF,0xFE,0xFC,0xF8,
    0xFC,0xF9,0xFB,0xFF,0x7F,0x83,0xF0,0xFF,0xFF,0xFF,0xFF,0xFF,0xFF,0xFF,0xFF,0xFF,
    0xFF,0xFD,0xFF,0xFF,0xFF,0xFF,0xFF,0xFF,0xFF,0xBF,0xDF,0xEC,0xF3,0xF7,0xB7,0x87,
    0xCF,0xCF,0x8F,0x8F,0x9F,0xDF,0x9F,0x9F,0xBF,0xFF,0x87,0x97,0x9B,0x9F,0x9F,0x9F,
    0x9F,0x9F,0x9F,0x9F,0x9F,0x9F,0x9F,0xDF,0xFF,0xFF,0xC1,0xBE,0x7F,0xFF,0xFF,0xFF,
    0xF7,0xFF,0xFF,0xFF,0xFF,0xFF,0xFF,0xFF,0x7F,0x3F,0x9F,0xDF,0x5F,0x5F,0xEF,0xEC,
    0xEF,0xEF,0xEF,0xF7,0xF3,0xD9,0xDA,0x27,0xEF,0xFF,0xFF,0xFF,0xFF,0xF7,0xF7,0xF7,
    0xF7,0xE3,0xE3,0xE3,0xE7,0xE7,0xE7,0xE7,0xE7,0xE3,0xE3,0xF3,0xF3,0xF3,0xF3,0xF3,
    0xF3,0xB7,0xB7,0xB6,0xB6,0xBD,0xFD,0xD9,0x83,0x9F,0x9F,0xBF,0xBF,0x9F,0xC7,0xD8,
    0xDF,0x8F,0x81,0xC7,0x9F,0xDF,0x9F,0x9F,0xAF,0xEF,0xB7,0xF7,0xF3,0xF1,0xF3,0xF3,
    0xF3,0xF1,0xF3,0xF3,0xF1,0xF6,0xF0,0xF1,
  },
};
#endif /* IMG2C_EEVEE1 */

#endif /* EEVEE1_H */
